Crash Number,City/Town Name,Crash Date,Crash Time,Crash Severity,Number of Vehicles,Total Nonfatal Injuries,Total Fatal Injuries,Manner of Collision,Vehicle Action Prior to Crash,Vehicle Travel Directions,Most Harmful Events,Vehicle Configuration,Road Surface Condition,Ambient Light,Weather Condition,At Roadway Intersection,Distance from Nearest Roadway Intersection,Distance from Nearest Milemarker,Distance from Nearest Exit,Distance from Nearest Landmark,Non Motorist Type,X Coordinate,Y Coordinate
3345393,BOSTON,13-Jan-2013,7:52 AM,Property damage only (none injured),1,0,0,Single vehicle crash,V1: Travelling straight ahead,V1:Northbound ,V1: Collision with guardrail ,V1: Passenger car,"Sand, mud, dirt, oil, gravel",Other,Clear,,Rte 93 N,,Exit 23 on Rte 93 N,,,236957.4837,900943.9828
3341828,BOSTON,13-Jan-2013,1:54 PM,Property damage only (none injured),2,0,0,Rear-end,V1: Travelling straight ahead / V2:Travelling straight ahead,V1:Southbound / V2:Southbound ,V1: Collision with motor vehicle in traffic / V2: Collision with motor vehicle in traffic ,V1: Passenger car / V2:Passenger car,Dry,Daylight,Clear,,Rte 93 S,,Exit 24 on Rte 93 S,,,236397.1933,901565.6511
3384518,BOSTON,13-Jan-2013,2:35 PM,Property damage only (none injured),3,0,0,Rear-end,V1: Slowing or stopped in traffic / V2:Slowing or stopped in traffic / V3:Slowing or stopped in traffic,V1:Southbound / V2:Southbound / V3:Southbound ,V1: Collision with motor vehicle in traffic / V2: Collision with motor vehicle in traffic / V3: Collision with motor vehicle in traffic ,"V1: Passenger car / V2:Passenger car / V3:Light truck(van, mini-van, panel, pickup, sport utility) with only four tires",Dry,Daylight,Clear,,JOHN F FITZGERALD EXPRESSWAY Rte 93 S,,,ZAKIM BRIDGE,,235987.4935,902088.8412
3379132,BOSTON,13-Jan-2013,5:20 PM,Not Reported,2,0,0,Not reported,V1: Not reported / V2:Not reported,V1:Not reported / V2:Not reported ,V1: Not reported / V2: Not reported ,V1: Passenger car / V2:Passenger car,Not reported,Not reported,Not Reported,HYDE PARK AVENUE / CANTERBURY STREET,,,,,,231408.7142,892088.8379
3347541,BOSTON,14-Jan-2013,1:58 AM,Not Reported,1,0,0,Single vehicle crash,V1: Travelling straight ahead,V1:Eastbound ,V1: Collision with median barrier ,V1: Passenger car,Dry,Dark - lighted roadway,Clear,,Rte 90 E,,,,,238696.3206,900148.5785
3371665,BOSTON (ROXBURY),14-Jan-2013,8:02 AM,Not Reported,2,0,0,Head-on,V1: Not reported / V2:Not reported,V1:Not reported / V2:Not reported ,V1: Not reported / V2: Not reported ,V1: Passenger car / V2:Passenger car,Wet,Dark - lighted roadway,Clear/Unknown,WASHINGTON STREET / SAINT JAMES STREET,,,,,,234018.6562,897490.0626
3376549,BOSTON (WEST ROXBURY),14-Jan-2013,8:56 AM,Property damage only (none injured),2,0,0,Angle,V1: Turning left / V2:Travelling straight ahead,V1:Not reported / V2:Not reported ,V1: Collision with motor vehicle in traffic / V2: Collision with motor vehicle in traffic ,"V1: Light truck(van, mini-van, panel, pickup, sport utility) with only four tires / V2:Passenger car",Wet,Daylight,Cloudy,INDEPENDENCE DRIVE / VETERANS OF FOREIGN WARS PARKWAY,,,,,,228228.9064,893974.2502
3343258,BOSTON,14-Jan-2013,11:39 AM,Property damage only (none injured),1,0,0,Single vehicle crash,V1: Travelling straight ahead,V1:Westbound ,V1: Collision with guardrail ,V1: Passenger car,Dry,Daylight,Not Reported,,Rte 90 W,,,,,226547.4435,900869.9716
3344407,BOSTON,14-Jan-2013,2:10 PM,Property damage only (none injured),2,0,0,"Sideswipe, same direction",V1: Travelling straight ahead / V2:Changing lanes,V1:Eastbound / V2:Eastbound ,V1: Collision with motor vehicle in traffic / V2: Collision with motor vehicle in traffic ,V1: Passenger car / V2:Truck/trailer,Dry,Daylight,Clear,,Rte 90 E,,Exit 24 on Rte 90 E,,,236020.7529,899669.4659
3341686,BOSTON,14-Jan-2013,2:24 PM,Non-fatal injury,2,1,0,Rear-end,V1: Other / V2:Slowing or stopped in traffic,V1:Northbound / V2:Northbound ,V1: Collision with motor vehicle in traffic / V2: Collision with motor vehicle in traffic ,V1: Passenger car / V2:Passenger car,Dry,Daylight,Not Reported,,Rte 93 N,,,,,237000.642,900793.2505
3346903,BOSTON,14-Jan-2013,5:40 PM,Property damage only (none injured),2,0,0,Angle,V1: Travelling straight ahead / V2:Changing lanes,V1:Northbound / V2:Northbound ,V1: Collision with motor vehicle in traffic / V2: Collision with motor vehicle in traffic ,"V1: Light truck(van, mini-van, panel, pickup, sport utility) with only four tires / V2:Passenger car",Dry,Dark - lighted roadway,Clear,,Rte 93 N,,Exit 27 on Rte 93 N,,,235655.07,902467.5364
3369472,BOSTON (ALLSTON),15-Jan-2013,6:55 PM,Property damage only (none injured),3,0,0,Angle,V1: Travelling straight ahead / V2:Travelling straight ahead / V3:Not reported,V1:Northbound / V2:Westbound / V3:Not reported ,V1: Collision with motor vehicle in traffic / V2: Collision with motor vehicle in traffic / V3: Not reported ,V1: Passenger car / V2:Passenger car / V3:Passenger car,Dry,Dark - lighted roadway,Clear/Clear,,1200 COMMONWEALTH AVENUE,,,,,230501.1443,900054.1872
3370639,BOSTON (DORCHESTER),16-Jan-2013,5:10 AM,Property damage only (none injured),1,0,0,Single vehicle crash,V1: Turning left,V1:Not reported ,V1: Collision with motor vehicle in traffic ,V1: Passenger car,Snow,Dark - lighted roadway,"Snow/Blowing sand, snow",HANCOCK STREET / BOWDOIN STREET,,,,,P2:Pedestrian,236093.0636,895684.6221
3340471,BOSTON,16-Jan-2013,7:27 AM,Non-fatal injury,2,1,0,Rear-end,V1: Slowing or stopped in traffic / V2:Slowing or stopped in traffic,V1:Northbound / V2:Northbound ,V1: Collision with motor vehicle in traffic / V2: Collision with motor vehicle in traffic ,"V1: Light truck(van, mini-van, panel, pickup, sport utility) with only four tires / V2:Passenger car",Snow,Daylight,Snow,,Rte 93 N,,Exit 14 on Rte 93 N,,,237258.9796,894483.3974
3367799,BOSTON,16-Jan-2013,7:55 AM,Non-fatal injury,2,2,0,Angle,V1: Travelling straight ahead / V2:Travelling straight ahead,V1:Westbound / V2:Eastbound ,V1: Collision with motor vehicle in traffic / V2: Collision with motor vehicle in traffic ,"V1: Bus (seats for 7-15 people, including driver) / V2:Light truck(van, mini-van, panel, pickup, sport utility) with only four tires",Snow,Daylight,Snow/Snow,WALDECK STREET / LINDSEY STREET,,,,,,235765.1092,894282.6247
3346810,BOSTON,16-Jan-2013,8:41 AM,Property damage only (none injured),1,0,0,Single vehicle crash,V1: Travelling straight ahead,V1:Northbound ,V1: Collision with median barrier ,V1: Passenger car,Slush,Daylight,Snow,,RAMP - LEVERETT CONNECTOR TO RT 1 NB,,,STB RAMP .01MM,,235430.2013,902489.288
3367812,BOSTON,16-Jan-2013,9:00 AM,Non-fatal injury,2,1,0,Rear-end,V1: Slowing or stopped in traffic / V2:Not reported,V1:Not reported / V2:Not reported ,V1: Collision with motor vehicle in traffic / V2: Not reported ,V1: Passenger car / V2:Not reported,Snow,Daylight,Snow/Snow,QUINCY STREET / BELLEVUE STREET,,,,,,235628.7344,895625.6873
3340848,BOSTON,16-Jan-2013,9:00 AM,Property damage only (none injured),2,0,0,Rear-end,V1: Slowing or stopped in traffic / V2:Backing,V1:Southbound / V2:Southbound ,V1: Collision with motor vehicle in traffic / V2: Collision with motor vehicle in traffic ,V1: Passenger car / V2:Passenger car,Wet,Daylight,Snow,LEVERETT CIRCLE / STORROW DRIVE Rte 28 S / CHARLES RIVER DAM ROAD Rte 28 S,,,,,,235559.0702,901887.0095
3343269,BOSTON,16-Jan-2013,9:55 AM,Property damage only (none injured),2,0,0,Rear-end,V1: Slowing or stopped in traffic / V2:Travelling straight ahead,V1:Southbound / V2:Southbound ,V1: Collision with motor vehicle in traffic / V2: Collision with motor vehicle in traffic ,"V1: Passenger car / V2:Light truck(van, mini-van, panel, pickup, sport utility) with only four tires",Snow,Daylight,Snow,RAMP - RT 1 SB TO RUTHERFORD AVENUE / RAMP - RT 1 SB FROM TOBIN BRIDGE Rte 1 S / MAURICE TOBIN BRIDGE Rte 1 S,,,,SB BEFORE CANA,,236392.5847,902724.2544
3480731,BOSTON,16-Jan-2013,12:00 PM,Non-fatal injury,2,1,0,Rear-end,V1: Parked / V2:Travelling straight ahead,V1:Not reported / V2:Not reported ,V1: Collision with parked motor vehicle / V2: Not reported ,V1: Passenger car / V2:Passenger car,Wet,Dark - lighted roadway,Rain/Cloudy,,1 JFK DRIVE,,,,,,
3390692,BOSTON,16-Jan-2013,5:13 PM,Property damage only (none injured),2,0,0,Rear-end,V1: Travelling straight ahead / V2:Slowing or stopped in traffic,V1:Southbound / V2:Southbound ,V1: Collision with motor vehicle in traffic / V2: Collision with motor vehicle in traffic ,"V1: Passenger car / V2:Light truck(van, mini-van, panel, pickup, sport utility) with only four tires",Wet,Dark - lighted roadway,Rain,,Rte 93 S,,,O&AMP;APOS;NEIL TUNNEL,,,
3344645,BOSTON,16-Jan-2013,7:40 PM,Property damage only (none injured),2,0,0,Rear-end,V1: Slowing or stopped in traffic / V2:Travelling straight ahead,V1:Southbound / V2:Southbound ,V1: Collision with motor vehicle in traffic / V2: Collision with motor vehicle in traffic ,"V1: Light truck(van, mini-van, panel, pickup, sport utility) with only four tires / V2:Passenger car",Wet,Dark - lighted roadway,Cloudy,TRUMAN HIGHWAY / WAKEFIELD AVENUE,,,,STOP &AMP;AMP; SHOP,,230847.7655,888090.3749
3370636,BOSTON (DORCHESTER),16-Jan-2013,10:07 PM,Not Reported,2,0,0,Not reported,V1: Not reported / V2:Not reported,V1:Not reported / V2:Not reported ,V1: Not reported / V2: Not reported ,V1: Passenger car / V2:Passenger car,Not reported,Not reported,Not Reported,EAST COTTAGE STREET / DORCHESTER AVENUE,,,,,,236540.4682,896539.7645
3369466,BOSTON (BRIGHTON),17-Jan-2013,9:08 AM,Not Reported,1,0,0,"Sideswipe, opposite direction",V1: Turning left,V1:Not reported ,"V1: Collision with cyclist (bicycle, tricycle, unicycle, pedal car) ",V1: Passenger car,Dry,Daylight,Clear/Other,WARREN STREET / CAMBRIDGE STREET,,,,,"P2:Pedalcyclist (bicycle, tricycle, unicycle, pedal car)",229132.3033,900055.5814
3346352,BOSTON,17-Jan-2013,10:00 AM,Property damage only (none injured),2,0,0,"Sideswipe, same direction",V1: Travelling straight ahead / V2:Travelling straight ahead,V1:Westbound / V2:Westbound ,V1: Collision with highway traffic sign post / V2: Collision with other movable object ,"V1: Light truck(van, mini-van, panel, pickup, sport utility) with only four tires / V2:Light truck(van, mini-van, panel, pickup, sport utility) with only four tires",Dry,Daylight,Clear,,STORROW DRIVE / RAMP - STORROW DR TO RT 2A WB,,,FAIRFIELD ST FOOTBRIDGE,,234230.9804,900362.6257
3346860,BOSTON,17-Jan-2013,10:23 AM,Non-fatal injury,2,2,0,Rear-end,V1: Slowing or stopped in traffic / V2:Travelling straight ahead,V1:Not reported / V2:Not reported ,V1: Collision with motor vehicle in traffic / V2: Collision with motor vehicle in traffic ,"V1: Passenger car / V2:Single-unit truck (2-axle, 6-tire)",Dry,Daylight,Clear,,88 TREMONT STREET,,,,,236174.1539,900875.084
3346301,BOSTON,17-Jan-2013,10:35 AM,Non-fatal injury,1,1,0,Single vehicle crash,V1: Turning right,V1:Westbound ,"V1: Collision with cyclist (bicycle, tricycle, unicycle, pedal car) ",V1: Passenger car,Dry,Daylight,Clear,RAMP - STORROW DR TO RT 2A WB / MASSACHUSETTS AVENUE Rte 2A W,,,Exit MASS A on Rte 28,TOP OF RAMP TO MASS AVE,"P2:Pedalcyclist (bicycle, tricycle, unicycle, pedal car)",233784.834,900223.7079
3344641,BOSTON,17-Jan-2013,12:41 PM,Non-fatal injury,3,2,0,Angle,V1: Other / V2:Travelling straight ahead / V3:Travelling straight ahead,V1:Northbound / V2:Northbound / V3:Northbound ,V1: Collision with motor vehicle in traffic / V2: Collision with motor vehicle in traffic / V3: Collision with motor vehicle in traffic ,"V1: Light truck(van, mini-van, panel, pickup, sport utility) with only four tires / V2:Passenger car / V3:Truck/trailer",Dry,Daylight,Clear,,Rte 93 N,,Exit 13 on Rte 93 N,,,237420.1414,894076.5227
3343940,BOSTON,17-Jan-2013,1:38 PM,Property damage only (none injured),2,0,0,"Sideswipe, same direction",V1: Changing lanes / V2:Travelling straight ahead,V1:Eastbound / V2:Eastbound ,V1: Collision with motor vehicle in traffic / V2: Collision with motor vehicle in traffic ,"V1: Single-unit truck (2-axle, 6-tire) / V2:Passenger car",Dry,Daylight,Clear,,Rte 90 E / Rte 90,,Exit 26 on Rte 90 E,,,239052.4325,900927.5132
3347529,BOSTON,17-Jan-2013,5:07 PM,Property damage only (none injured),3,0,0,"Sideswipe, same direction",V1: Travelling straight ahead / V2:Travelling straight ahead / V3:Travelling straight ahead,V1:Westbound / V2:Westbound / V3:Westbound ,V1: Collision with motor vehicle in traffic / V2: Collision with motor vehicle in traffic / V3: Collision with motor vehicle in traffic ,V1: Passenger car / V2:Passenger car / V3:Passenger car,Dry,Dusk,Clear,,MASSACHUSETTS TURNPIKE Rte 90 W / MASSACHUSETTS TURNPIKE Rte 90 W,,Exit 19 on Rte 90 W,,,232067.0506,900087.1007
3343369,BOSTON,17-Jan-2013,6:26 PM,Property damage only (none injured),2,0,0,Rear-end,V1: Slowing or stopped in traffic / V2:Slowing or stopped in traffic,V1:Westbound / V2:Westbound ,V1: Collision with motor vehicle in traffic / V2: Collision with motor vehicle in traffic ,"V1: Passenger car / V2:Light truck(van, mini-van, panel, pickup, sport utility) with only four tires",Dry,Dark - lighted roadway,Cloudy,,Rte 90 W,,,,,228955.8379,900930.8658
3369464,BOSTON (BRIGHTON),18-Jan-2013,4:25 AM,Not Reported,2,0,0,Head-on,V1: Parked / V2:Travelling straight ahead,V1:Not reported / V2:Not reported ,V1: Not reported / V2: Collision with light pole or other post/support ,V1: Passenger car / V2:Not reported,Dry,Dark - lighted roadway,Clear,,618 WASHINGTON STREET,,,,,236037.7424,900306.6491
3355455,BOSTON (DORCHESTER),18-Jan-2013,6:01 AM,Property damage only (none injured),2,0,0,Rear-end,V1: Travelling straight ahead / V2:Turning left,V1:Southbound / V2:Southbound ,V1: Collision with motor vehicle in traffic / V2: Collision with motor vehicle in traffic ,"V1: Bus (seats for more than 15 people, including driver) / V2:Passenger car",Dry,Daylight,Cloudy/Cloudy,HANCOCK STREET / TRULL STREET,,,,,,235882.1406,895907.9375
3355420,BOSTON,18-Jan-2013,7:36 AM,Non-fatal injury,3,1,0,"Sideswipe, same direction",V1: Changing lanes / V2:Travelling straight ahead / V3:Travelling straight ahead,V1:Eastbound / V2:Eastbound / V3:Eastbound ,V1: Collision with motor vehicle in traffic / V2: Collision with motor vehicle in traffic / V3: Collision with motor vehicle in traffic ,V1: Passenger car / V2:Passenger car / V3:Passenger car,Dry,Daylight,Clear,,Rte 90 E,Rte 90  E Milemarker 130.0,,,,229761.5309,900823.963
3344286,BOSTON,18-Jan-2013,2:00 PM,Property damage only (none injured),2,0,0,"Sideswipe, same direction",V1: Travelling straight ahead / V2:Travelling straight ahead,V1:Westbound / V2:Westbound ,V1: Collision with motor vehicle in traffic / V2: Collision with motor vehicle in traffic ,V1: Passenger car / V2:Passenger car,Dry,Daylight,Clear,,FOREST HILLS AVENUE,,,,,232628.9046,894492.3481
3384745,BOSTON,18-Jan-2013,2:17 PM,Non-fatal injury,3,1,0,Rear-end,V1: Slowing or stopped in traffic / V2:Slowing or stopped in traffic / V3:Travelling straight ahead,V1:Southbound / V2:Southbound / V3:Southbound ,V1: Collision with motor vehicle in traffic / V2: Collision with motor vehicle in traffic / V3: Collision with motor vehicle in traffic ,"V1: Light truck(van, mini-van, panel, pickup, sport utility) with only four tires / V2:Passenger car / V3:Light truck(van, mini-van, panel, pickup, sport utility) with only four tires",Dry,Daylight,Clear,JOHN F FITZGERALD EXPRESSWAY Rte 93 S / RAMP - COLUMBIA RD TO RT 93 SB,,,,RAMP FROM COLUMBIA ROAD,,236956.3473,896468.511
3384653,BOSTON,18-Jan-2013,2:50 PM,Property damage only (none injured),1,0,0,Single vehicle crash,V1: Changing lanes,V1:Westbound ,V1: Collision with light pole or other post/support ,V1: Passenger car,Dry,Daylight,Clear,STORROW DRIVE / RAMP - STORROW DR TO RT 2A WB,,,,STORROW DR AT KENMORE SQ RAMP.,,233929.9107,900269.172
3341829,BOSTON,18-Jan-2013,3:35 PM,Property damage only (none injured),2,0,0,Rear-end,V1: Travelling straight ahead / V2:Changing lanes,V1:Southbound / V2:Southbound ,V1: Collision with motor vehicle in traffic / V2: Collision with motor vehicle in traffic ,"V1: Light truck(van, mini-van, panel, pickup, sport utility) with only four tires / V2:Light truck(van, mini-van, panel, pickup, sport utility) with only four tires",Dry,Daylight,Clear,,Rte 93 S,,Exit 18 on Rte 93 S,,,236013.2783,899092.9981
3344633,BOSTON,18-Jan-2013,4:45 PM,Property damage only (none injured),2,0,0,Rear-end,V1: Slowing or stopped in traffic / V2:Changing lanes,V1:Westbound / V2:Westbound ,V1: Collision with motor vehicle in traffic / V2: Collision with motor vehicle in traffic ,V1: Passenger car / V2:Passenger car,Dry,Dark - lighted roadway,Clear,,JAMAICAWAY / PERKINS STREET,,,JWAY @ PERKINS,,231606.1562,896796.9999
3390693,BOSTON,18-Jan-2013,4:59 PM,Property damage only (none injured),2,0,0,Rear-end,V1: Slowing or stopped in traffic / V2:Travelling straight ahead,V1:Southbound / V2:Southbound ,V1: Collision with motor vehicle in traffic / V2: Collision with motor vehicle in traffic ,V1: Passenger car / V2:Passenger car,Dry,Daylight,Clear,,STORROW DRO Rte 3A S / MARTHA ROAD,,,STORROW RAMP,,235598.5308,901854.7539
3348853,BOSTON,18-Jan-2013,9:21 PM,Non-fatal injury,2,1,0,Single vehicle crash,V1: Travelling straight ahead / V2:Travelling straight ahead,V1:Southbound / V2:Southbound ,V1: Collision with median barrier / V2: Collision with other movable object ,"V1: Light truck(van, mini-van, panel, pickup, sport utility) with only four tires / V2:Passenger car",Dry,Dark - lighted roadway,Cloudy,,Rte 93 S,,Exit 15 on Rte 93,NORTH HOV BUILDING,,236629.6253,897168.5001
3391084,BOSTON,18-Jan-2013,10:41 PM,Property damage only (none injured),2,0,0,Rear-end,V1: Slowing or stopped in traffic / V2:Slowing or stopped in traffic,V1:Westbound / V2:Westbound ,V1: Collision with motor vehicle in traffic / V2: Collision with motor vehicle in traffic ,"V1: Passenger car / V2:Light truck(van, mini-van, panel, pickup, sport utility) with only four tires",Dry,Dark - roadway not lighted,Clear,STORROW DRIVE / CHARLESGATE WEST,,,,STORROW DR AT KENMORE SQ,,233331.5159,900085.8125
3376545,BOSTON (ROSLINDALE),19-Jan-2013,00:00 AM,Not Reported,2,0,0,Angle,V1: Travelling straight ahead / V2:Parked,V1:Southbound / V2:Not reported ,V1: Not reported / V2: Not reported ,V1: Passenger car / V2:Passenger car,Dry,Dark - lighted roadway,Clear/Clear,,64 FAWNDALE ROAD,,,,,231133.0073,893381.0997
3348080,BOSTON,19-Jan-2013,00:00 AM,Property damage only (none injured),1,0,0,Single vehicle crash,V1: Travelling straight ahead,V1:Westbound ,V1: Collision with median barrier ,V1: Passenger car,Dry,Dark - lighted roadway,Clear,,Rte 90 W,,,,,234170.1927,899773.2896
3384615,BOSTON,19-Jan-2013,1:20 AM,Property damage only (none injured),1,0,0,Single vehicle crash,V1: Travelling straight ahead,V1:Westbound ,V1: Collision with median barrier ,V1: Passenger car,Dry,Dark - lighted roadway,Not Reported,RAMP - RT 90 TO RT 93 SB Rte 1A S / JOHN F FITZGERALD EXPRESSWAY Rte 3A S,,,,RAMP D,,236144.0102,899460.1331
3384519,BOSTON,19-Jan-2013,2:53 AM,Property damage only (none injured),1,0,0,"Sideswipe, same direction",V1: Travelling straight ahead,V1:Westbound ,V1: Collision with guardrail ,V1: Passenger car,Dry,Dark - lighted roadway,Clear,,MASSACHUSETTS TURNPIKE Rte 90 W / RAMP - DARTMOUTH STREET TO RT 90 WB,,,PRU TUNNEL,,234687.0963,899789.0761
3369463,BOSTON (BRIGHTON),19-Jan-2013,3:30 AM,Property damage only (none injured),3,0,0,"Sideswipe, same direction",V1: Not reported / V2:Not reported / V3:Not reported,V1:Eastbound / V2:Not reported / V3:Not reported ,V1: Not reported / V2: Not reported / V3: Not reported ,V1: Passenger car / V2:Passenger car / V3:Passenger car,"Sand, mud, dirt, oil, gravel",Dark - lighted roadway,Cloudy,,387 FANEUIL STREET,,,,,227458.5625,900167.5625
3345394,BOSTON,19-Jan-2013,4:10 AM,Property damage only (none injured),1,0,0,Single vehicle crash,V1: Travelling straight ahead,V1:Northbound ,V1: Collision with median barrier ,V1: Passenger car,Dry,Dark - lighted roadway,Clear,,Rte 93 N,,Exit 23 on Rte 93 N,,,236957.4837,900943.9828
3384657,BOSTON,19-Jan-2013,8:36 AM,Property damage only (none injured),1,0,0,Single vehicle crash,V1: Changing lanes,V1:Southbound ,V1: Collision with median barrier ,V1: Passenger car,Dry,Daylight,Clear,,Rte 93 S,,,93S DORCHESTER,,,
3345395,BOSTON,19-Jan-2013,10:16 AM,Property damage only (none injured),2,0,0,Rear-end,V1: Slowing or stopped in traffic / V2:Changing lanes,V1:Southbound / V2:Southbound ,V1: Collision with motor vehicle in traffic / V2: Collision with motor vehicle in traffic ,V1: Passenger car / V2:Passenger car,Dry,Daylight,Clear,,Rte 93 S,,,,,236729.8046,901281.485
3369636,BOSTON,19-Jan-2013,12:09 PM,Not Reported,2,0,0,"Sideswipe, opposite direction",V1: Travelling straight ahead / V2:Turning left,V1:Northbound / V2:Southbound ,V1: Collision with motor vehicle in traffic / V2: Collision with motor vehicle in traffic ,V1: Passenger car / V2:Unknown vehicle configuration,Dry,Dark - lighted roadway,Clear,CAUSEWAY STREET / LOMASNEY WAY,,,,,,235962.1048,901646.6716
3344647,BOSTON,19-Jan-2013,2:55 PM,Property damage only (none injured),2,0,0,Angle,V1: Travelling straight ahead / V2:Turning right,V1:Westbound / V2:Southbound ,V1: Collision with motor vehicle in traffic / V2: Collision with motor vehicle in traffic ,"V1: Light truck(van, mini-van, panel, pickup, sport utility) with only four tires / V2:Light truck(van, mini-van, panel, pickup, sport utility) with only four tires",Dry,Daylight,Clear,,MORTON STREET / JAMES SHEA CIRCLE,,,,,232426.4151,894490.4999
3346359,BOSTON,19-Jan-2013,3:15 PM,Property damage only (none injured),2,0,0,"Sideswipe, same direction",V1: Slowing or stopped in traffic / V2:Leaving traffic lane,V1:Northbound / V2:Northbound ,V1: Collision with motor vehicle in traffic / V2: Collision with motor vehicle in traffic ,V1: Passenger car / V2:Passenger car,Dry,Daylight,Cloudy,,WILLIAM T MORRISSEY BOULEVARD / FREEPORT STREET,,,PRIOR TO FREEPORT ST,,237159.3253,894510.3498
3344287,BOSTON,19-Jan-2013,3:46 PM,Non-fatal injury,1,1,0,"Sideswipe, same direction",V1: Travelling straight ahead,V1:Eastbound ,V1: Collision with motor vehicle in traffic ,"V1: Light truck(van, mini-van, panel, pickup, sport utility) with only four tires",Dry,Daylight,Not Reported,,ARBORWAY / CENTRE STREET,,,,P2:Pedestrian,231269.4377,895461.1869
3384616,BOSTON,19-Jan-2013,5:55 PM,Property damage only (none injured),2,0,0,"Sideswipe, same direction",V1: Travelling straight ahead / V2:Travelling straight ahead,V1:Westbound / V2:Westbound ,V1: Collision with motor vehicle in traffic / V2: Collision with motor vehicle in traffic ,"V1: Light truck(van, mini-van, panel, pickup, sport utility) with only four tires / V2:Passenger car",Dry,Dark - lighted roadway,Clear,,MASSACHUSETTS TURNPIKE Rte 90 W / ALLSTON TOLL PLAZA,,,EAST OF IC 19,,230937.2922,900864.8417
3352445,BOSTON,19-Jan-2013,6:20 PM,Non-fatal injury,2,1,0,Angle,V1: Turning left / V2:Travelling straight ahead,V1:Northbound / V2:Westbound ,V1: Collision with motor vehicle in traffic / V2: Collision with motor vehicle in traffic ,"V1: Passenger car / V2:Light truck(van, mini-van, panel, pickup, sport utility) with only four tires",Dry,Dark - lighted roadway,Not Reported,,CAMBRIDGE STREET / MASSACHUSETTS TURNPIKE,,,,,230416.0205,900716.7499
3370640,BOSTON (DORCHESTER),20-Jan-2013,2:19 AM,Non-fatal injury,2,1,0,"Sideswipe, same direction",V1: Travelling straight ahead / V2:Parked,V1:Southbound / V2:Not reported ,V1: Collision with pedestrian / V2: Collision with motor vehicle in traffic ,"V1: Light truck(van, mini-van, panel, pickup, sport utility) with only four tires / V2:Passenger car",Dry,Dark - lighted roadway,Clear,EAST COTTAGE STREET / CHASE STREET,,,,,,236303.703,896580.6251
3384520,BOSTON,20-Jan-2013,7:40 AM,Property damage only (none injured),2,0,0,Angle,V1: Travelling straight ahead / V2:Travelling straight ahead,V1:Southbound / V2:Southbound ,V1: Collision with motor vehicle in traffic / V2: Collision with motor vehicle in traffic ,"V1: Passenger car / V2:Light truck(van, mini-van, panel, pickup, sport utility) with only four tires",Dry,Daylight,Clear,,LEVERETT CONNECTOR SOUTH / RAMP - LEVERETT CONNECTOR TO NASHUA STRE,,,LCS RAMP,,235884.1404,901845.1954
3345396,BOSTON,20-Jan-2013,11:46 AM,Property damage only (none injured),2,0,0,Rear-end,V1: Slowing or stopped in traffic / V2:Travelling straight ahead,V1:Southbound / V2:Southbound ,V1: Collision with motor vehicle in traffic / V2: Collision with motor vehicle in traffic ,V1: Passenger car / V2:Passenger car,Dry,Daylight,Clear/Cloudy,,Rte 93 S,,Exit 20 on Rte 93 S,,,236954.209,900826.9442
3385675,BOSTON,20-Jan-2013,1:27 PM,Non-fatal injury,1,1,0,Angle,V1: Turning left,V1:Northbound ,"V1: Collision with cyclist (bicycle, tricycle, unicycle, pedal car) ",V1: Passenger car,Dry,Daylight,Clear,MELNEA CASS BOULEVARD / MASSACHUSETTS AVENUE,,,,,"P2:Pedalcyclist (bicycle, tricycle, unicycle, pedal car)",235266.4401,898096.4559
3386025,BOSTON (MATTAPAN),20-Jan-2013,4:00 PM,Not Reported,2,0,0,Rear-end,V1: Not reported / V2:Not reported,V1:Not reported / V2:Not reported ,V1: Not reported / V2: Not reported ,"V1: Light truck(van, mini-van, panel, pickup, sport utility) with only four tires / V2:Light truck(van, mini-van, panel, pickup, sport utility) with only four tires",Dry,Daylight,Clear/Clear,CUMMINS HIGHWAY / MOUNT CALVARY ROAD,,,,,,231728.9221,892023.1877
3341838,BOSTON,20-Jan-2013,5:45 PM,Non-fatal injury,4,1,0,Rear-end,V1: Slowing or stopped in traffic / V2:Slowing or stopped in traffic / V3:Slowing or stopped in traffic / V4:Travelling straight ahead,V1:Eastbound / V2:Eastbound / V3:Eastbound / V4:Eastbound ,V1: Collision with motor vehicle in traffic / V2: Collision with motor vehicle in traffic / V3: Collision with motor vehicle in traffic / V4: Collision with motor vehicle in traffic ,"V1: Passenger car / V2:Passenger car / V3:Passenger car / V4:Light truck(van, mini-van, panel, pickup, sport utility) with only four tires",Dry,Dark - lighted roadway,Not Reported,,NORTH BEACON STREET / SOLDIERS FIELD ROAD,,,,,228076.4974,901010.8434
3346309,BOSTON,20-Jan-2013,7:30 PM,Non-fatal injury,2,1,0,Rear-end,V1: Slowing or stopped in traffic / V2:Travelling straight ahead,V1:Westbound / V2:Westbound ,V1: Collision with motor vehicle in traffic / V2: Collision with motor vehicle in traffic ,V1: Passenger car / V2:Passenger car,Dry,Dark - lighted roadway,Cloudy,,GALLIVAN BOULEVARD / MORTON STREET,,,,,234631.4265,892127.267