Crash Number,City/Town Name,Crash Date,Crash Time,Crash Severity,Number of Vehicles,Total Nonfatal Injuries,Total Fatal Injuries,Manner of Collision,Vehicle Action Prior to Crash,Vehicle Travel Directions,Most Harmful Events,Vehicle Configuration,Road Surface Condition,Ambient Light,Weather Condition,At Roadway Intersection,Distance from Nearest Roadway Intersection,Distance from Nearest Milemarker,Distance from Nearest Exit,Distance from Nearest Landmark,Non Motorist Type,X Coordinate,Y Coordinate
3380167,BOSTON (DORCHESTER),21-Jan-2013,4:14 PM,Non-fatal injury,2,1,0,Not reported,V1: Entering traffic lane / V2:Turning left,V1:Not reported / V2:Not reported ,V1: Not reported / V2: Not reported ,V1: Passenger car / V2:Passenger car,Not reported,Not reported,Not Reported,JEROME STREET / HANCOCK STREET,,,,,,235789.8127,896129.6873
3347542,BOSTON,21-Jan-2013,9:02 PM,Non-fatal injury,1,4,0,Single vehicle crash,V1: Leaving traffic lane,V1:Northbound ,V1: Collision with median barrier ,V1: Passenger car,Wet,Dark - lighted roadway,Cloudy/Snow,,Rte 93 N,,Exit 23 on Rte 93 N,,,236957.4837,900943.9828
3376711,BOSTON (WEST ROXBURY),21-Jan-2013,9:20 PM,Not Reported,2,0,0,Not reported,V1: Parked / V2:Not reported,V1:Not reported / V2:Not reported ,V1: Not reported / V2: Not reported ,V1: Passenger car / V2:Not reported,Not reported,Not reported,Not Reported,,93 BELLE AVENUE,,,,,227551.35,891194.6674
3346811,BOSTON,22-Jan-2013,8:19 AM,Property damage only (none injured),2,0,0,"Sideswipe, same direction",V1: Changing lanes / V2:Travelling straight ahead,V1:Northbound / V2:Northbound ,V1: Collision with motor vehicle in traffic / V2: Collision with motor vehicle in traffic ,V1: Passenger car / V2:Passenger car,Dry,Daylight,Clear,,Rte 93 N,,Exit 18 on Rte 93 N,,,236146.0342,897892.2406
3376552,BOSTON (WEST ROXBURY),22-Jan-2013,8:30 AM,Property damage only (none injured),2,0,0,Not reported,V1: Not reported / V2:Travelling straight ahead,V1:Not reported / V2:Southbound ,V1: Not reported / V2: Not reported ,"V1: Not reported / V2:Light truck(van, mini-van, panel, pickup, sport utility) with only four tires",Not reported,Not reported,Not Reported,WILLERS STREET / DE SOTO ROAD,,,,,,228789.3437,889932.6876
3346353,BOSTON,22-Jan-2013,9:02 AM,Non-fatal injury,1,2,0,Single vehicle crash,V1: Travelling straight ahead,V1:Westbound ,V1: Collision with median barrier ,"V1: Light truck(van, mini-van, panel, pickup, sport utility) with only four tires",Ice,Daylight,Clear,STORROW DRIVE / CHARLESGATE OVERPASS,,,,,,233424.3123,900100.6251
3369428,BOSTON,22-Jan-2013,4:22 PM,Not Reported,2,0,0,Rear-end,V1: Not reported / V2:Not reported,V1:Not reported / V2:Not reported ,V1: Not reported / V2: Not reported ,V1: Unknown vehicle configuration / V2:Unknown vehicle configuration,Not reported,Dark - lighted roadway,Cloudy,WEST FOURTH STREET / A STREET,,,,,,236559.0784,899052.2498
3390694,BOSTON,22-Jan-2013,5:47 PM,Non-fatal injury,3,1,0,Rear-end,V1: Travelling straight ahead / V2:Slowing or stopped in traffic / V3:Slowing or stopped in traffic,V1:Westbound / V2:Westbound / V3:Westbound ,V1: Not reported / V2: Not reported / V3: Not reported ,"V1: Light truck(van, mini-van, panel, pickup, sport utility) with only four tires / V2:Passenger car / V3:Passenger car",Dry,Dark - lighted roadway,Not Reported,,RAMP - LEVERETT CONNECTOR TO STORROW DRI Rte 3A N / STORROW DRIVE Rte 3 N,,,STATION TUNNEL,,235536.984,901840.0256
3384521,BOSTON,22-Jan-2013,7:35 PM,Property damage only (none injured),2,0,0,Rear-end,V1: Travelling straight ahead / V2:Slowing or stopped in traffic,V1:Eastbound / V2:Eastbound ,V1: Collision with motor vehicle in traffic / V2: Collision with motor vehicle in traffic ,"V1: Light truck(van, mini-van, panel, pickup, sport utility) with only four tires / V2:Light truck(van, mini-van, panel, pickup, sport utility) with only four tires",Dry,Dark - lighted roadway,Clear,,CALLAHAN TUNNEL / RAMP - NORTH STREET TO CALLAHAN TUNNEL,,,CALLAHAN TUNNEL,,237364.6057,902010.6661
3348955,BOSTON (DORCHESTER),22-Jan-2013,9:58 PM,Property damage only (none injured),2,0,0,Angle,V1: Travelling straight ahead / V2:Turning left,V1:Not reported / V2:Not reported ,V1: Collision with motor vehicle in traffic / V2: Collision with motor vehicle in traffic ,"V1: Bus (seats for more than 15 people, including driver) / V2:Passenger car",Dry,Dark - lighted roadway,Clear/Clear,DORCHESTER AVENUE / ASHMONT STREET,,,,,,235981.2121,892919.3766
3351560,BOSTON,23-Jan-2013,7:18 AM,Non-fatal injury,3,1,0,"Sideswipe, same direction",V1: Travelling straight ahead / V2:Changing lanes / V3:Travelling straight ahead,V1:Westbound / V2:Westbound / V3:Westbound ,V1: Not reported / V2: Collision with motor vehicle in traffic / V3: Collision with motor vehicle in traffic ,"V1: Light truck(van, mini-van, panel, pickup, sport utility) with only four tires / V2:Passenger car / V3:Passenger car",Dry,Daylight,Not Reported,JAMAICAWAY / BYNNER STREET,,,,,,231761.922,897172.3748
3369631,BOSTON,23-Jan-2013,9:55 AM,Non-fatal injury,2,1,0,Rear-end,V1: Slowing or stopped in traffic / V2:Turning right,V1:Northbound / V2:Northbound ,V1: Collision with motor vehicle in traffic / V2: Collision with motor vehicle in traffic ,V1: Passenger car / V2:Passenger car,Dry,Daylight,Clear,MARGINAL ROAD / TREMONT STREET,,,,,,235649.2656,899855.5
3349163,BOSTON,23-Jan-2013,12:58 PM,Property damage only (none injured),2,0,0,Rear-end,V1: Travelling straight ahead / V2:Travelling straight ahead,V1:Northbound / V2:Northbound ,V1: Collision with motor vehicle in traffic / V2: Collision with motor vehicle in traffic ,"V1: Light truck(van, mini-van, panel, pickup, sport utility) with only four tires / V2:Light truck(van, mini-van, panel, pickup, sport utility) with only four tires",Dry,Daylight,Clear,,Rte 93 N,,Exit 12 on Rte 93 N,,,237641.3431,892708.5028
3349164,BOSTON,23-Jan-2013,6:11 PM,Property damage only (none injured),3,0,0,Rear-end,V1: Travelling straight ahead / V2:Slowing or stopped in traffic / V3:Slowing or stopped in traffic,V1:Southbound / V2:Southbound / V3:Southbound ,V1: Collision with motor vehicle in traffic / V2: Collision with motor vehicle in traffic / V3: Collision with motor vehicle in traffic ,"V1: Passenger car / V2:Passenger car / V3:Light truck(van, mini-van, panel, pickup, sport utility) with only four tires",Dry,Daylight,Clear,,Rte 93 S,,Exit 12 on Rte 93 S,,,237620.5493,892713.0989
3370425,BOSTON (DORCHESTER),23-Jan-2013,6:29 PM,Property damage only (none injured),2,0,0,Angle,V1: Travelling straight ahead / V2:Turning left,V1:Northbound / V2:Southbound ,V1: Collision with motor vehicle in traffic / V2: Collision with motor vehicle in traffic ,V1: Passenger car / V2:Passenger car,Dry,Dark - lighted roadway,Clear,,2100 DORCHESTER AVENUE,,,,,235772.7853,892099.0688
3369427,BOSTON,23-Jan-2013,7:20 PM,Property damage only (none injured),2,0,0,Rear-end,V1: Slowing or stopped in traffic / V2:Travelling straight ahead,V1:Not reported / V2:Not reported ,V1: Not reported / V2: Not reported ,V1: Passenger car / V2:Passenger car,Not reported,Dark - lighted roadway,Cloudy,,1000 MASSACHUSETTS AVENUE,,,,,235613.0647,897594.7
3348854,BOSTON,23-Jan-2013,7:51 PM,Property damage only (none injured),2,0,0,Rear-end,V1: Travelling straight ahead / V2:Travelling straight ahead,V1:Southbound / V2:Southbound ,V1: Collision with motor vehicle in traffic / V2: Collision with motor vehicle in traffic ,"V1: Passenger car / V2:Light truck(van, mini-van, panel, pickup, sport utility) with only four tires",Dry,Dark - lighted roadway,Cloudy,,Rte 93 S,,Exit 15 on Rte 93,,,236629.6253,897168.5001
3346812,BOSTON,23-Jan-2013,9:02 PM,Non-fatal injury,2,2,0,Angle,V1: Travelling straight ahead / V2:Travelling straight ahead,V1:Northbound / V2:Westbound ,V1: Not reported / V2: Not reported ,"V1: Passenger car / V2:Light truck(van, mini-van, panel, pickup, sport utility) with only four tires",Dry,Dark - lighted roadway,Clear,,Rte 93 N,,Exit 20 on Rte 93 N,INTERSECTION OF RAMP K AND  SOUT,,235935.6734,898219.8317
3390695,BOSTON,24-Jan-2013,00:00 AM,Property damage only (none injured),2,0,0,Single vehicle crash,V1: Travelling straight ahead / V2:Slowing or stopped in traffic,V1:Westbound / V2:Not reported ,V1: Collision with work zone maintenance equipment / V2: Collision with motor vehicle in traffic ,V1: Passenger car / V2:Other,Dry,Dark - lighted roadway,Clear,RAMP - RT 90 WB TO RT 93/ CONGRESS STREE Rte 1A S / MASSACHUSETTS TURNPIKE Rte 90 W,,,,RAMP FD,,238090.4391,899691.5694
3353375,BOSTON,24-Jan-2013,5:05 AM,Non-fatal injury,2,1,0,Head-on,V1: Turning left / V2:Travelling straight ahead,V1:Not reported / V2:Not reported ,V1: Not reported / V2: Not reported ,"V1: Passenger car / V2:Unknown heavy truck, cannot classify",Dry,Dark - lighted roadway,Clear,BOYLSTON STREET / CHARLES STREET,,,,,,235673.496,900314.1783
3370651,BOSTON (DORCHESTER),24-Jan-2013,7:25 AM,Property damage only (none injured),2,0,0,Head-on,V1: Travelling straight ahead / V2:Slowing or stopped in traffic,V1:Southbound / V2:Eastbound ,V1: Collision with motor vehicle in traffic / V2: Collision with motor vehicle in traffic ,V1: Passenger car / V2:Passenger car,Dry,Daylight,Clear/Clear,FLORIDA STREET / SHEPTON STREET,,,,,,236334.4532,893407.1877
3345397,BOSTON,24-Jan-2013,8:02 AM,Property damage only (none injured),2,0,0,Rear-end,V1: Travelling straight ahead / V2:Travelling straight ahead,V1:Southbound / V2:Southbound ,V1: Collision with motor vehicle in traffic / V2: Collision with motor vehicle in traffic ,"V1: Light truck(van, mini-van, panel, pickup, sport utility) with only four tires / V2:Passenger car",Dry,Daylight,Clear,,Rte 93 S,,Exit 20 on Rte 93 S,,,236954.209,900826.9442
3346819,BOSTON,24-Jan-2013,8:05 AM,Property damage only (none injured),2,0,0,Rear-end,V1: Slowing or stopped in traffic / V2:Slowing or stopped in traffic,V1:Northbound / V2:Northbound ,V1: Collision with motor vehicle in traffic / V2: Collision with motor vehicle in traffic ,V1: Passenger car / V2:Passenger car,Dry,Daylight,Clear,,Rte 93 N,,Exit 13 on Rte 93 N,,,237420.1414,894076.5227
3347745,BOSTON,24-Jan-2013,8:13 AM,Property damage only (none injured),2,0,0,Rear-end,V1: Travelling straight ahead / V2:Slowing or stopped in traffic,V1:Southbound / V2:Southbound ,V1: Collision with motor vehicle in traffic / V2: Collision with motor vehicle in traffic ,"V1: Passenger car / V2:Light truck(van, mini-van, panel, pickup, sport utility) with only four tires",Dry,Daylight,Clear,,MORTON STREET / WILDWOOD STREET,,,,,233901.0974,892582.753
3345398,BOSTON,24-Jan-2013,8:32 AM,Property damage only (none injured),3,0,0,Rear-end,V1: Slowing or stopped in traffic / V2:Slowing or stopped in traffic / V3:Travelling straight ahead,V1:Southbound / V2:Southbound / V3:Southbound ,V1: Collision with motor vehicle in traffic / V2: Collision with motor vehicle in traffic / V3: Collision with motor vehicle in traffic ,"V1: Light truck(van, mini-van, panel, pickup, sport utility) with only four tires / V2:Passenger car / V3:Passenger car",Dry,Daylight,Clear,,Rte 93 S,,,,,235973.6096,902105.2145
3382534,BOSTON (CHARLESTOWN),24-Jan-2013,10:15 AM,Not Reported,3,0,0,Rear-end,V1: Travelling straight ahead / V2:Travelling straight ahead / V3:Parked,V1:Not reported / V2:Not reported / V3:Not reported ,V1: Not reported / V2: Collision with parked motor vehicle / V3: Not reported ,V1: Unknown vehicle configuration / V2:Unknown vehicle configuration / V3:Unknown vehicle configuration,Dry,Daylight,Clear,MAIN STREET / MONUMENT AVENUE,,,,,,236022.5367,902663.882
3346588,BOSTON,24-Jan-2013,10:48 AM,Non-fatal injury,2,1,0,"Sideswipe, same direction",V1: Travelling straight ahead / V2:Travelling straight ahead,V1:Eastbound / V2:Eastbound ,V1: Collision with motor vehicle in traffic / V2: Collision with motor vehicle in traffic ,V1: Truck/trailer / V2:Passenger car,Dry,Daylight,Clear,,SOLDIERS FIELD ROAD / NORTH HARVARD STREET,,,,,230992.3482,902048.2872
3345399,BOSTON,24-Jan-2013,11:50 AM,Property damage only (none injured),2,0,0,Angle,V1: Travelling straight ahead / V2:Travelling straight ahead,V1:Eastbound / V2:Eastbound ,V1: Collision with motor vehicle in traffic / V2: Collision with motor vehicle in traffic ,"V1: Light truck(van, mini-van, panel, pickup, sport utility) with only four tires / V2:Passenger car",Dry,Daylight,Clear,,MASSACHUSETTS TURNPIKE Rte 90 E,,,I/C19,,231080.2599,900815.9718
3346302,BOSTON,24-Jan-2013,1:15 PM,Non-fatal injury,2,1,0,Rear-end,V1: Travelling straight ahead / V2:Slowing or stopped in traffic,V1:Eastbound / V2:Eastbound ,V1: Collision with motor vehicle in traffic / V2: Collision with motor vehicle in traffic ,V1: Passenger car / V2:Passenger car,Dry,Daylight,Clear,,STORROW DRIVE / RAMP - STORROW DRIVE TO BEACON STREET,,,STORROW TUNNEL,,234812.3134,900575.5123
3369469,BOSTON (BRIGHTON),24-Jan-2013,1:27 PM,Not Reported,2,0,0,"Sideswipe, opposite direction",V1: Turning left / V2:Turning left,V1:Not reported / V2:Not reported ,V1: Collision with motor vehicle in traffic / V2: Collision with motor vehicle in traffic ,V1: Passenger car / V2:Passenger car,Dry,Daylight,Clear/Other,BEACON STREET / CHESTNUT HILL DRIVEWAY,,,,,,227831.0937,898218.8127
3348636,BOSTON,24-Jan-2013,2:10 PM,Property damage only (none injured),2,0,0,Angle,V1: Turning left / V2:Travelling straight ahead,V1:Westbound / V2:Westbound ,V1: Collision with motor vehicle in traffic / V2: Collision with motor vehicle in traffic ,"V1: Light truck(van, mini-van, panel, pickup, sport utility) with only four tires / V2:Passenger car",Dry,Daylight,Clear,,COLUMBIA ROAD / BUTTONWOOD STREET,,,,,236609.5872,896844.6625
3398445,BOSTON,24-Jan-2013,2:18 PM,Property damage only (none injured),1,0,0,Not reported,V1: Turning left,V1:Not reported ,V1: Not reported ,V1: Passenger car,Not reported,Not reported,Not Reported,TREMONT STREET / AVERY STREET,,,,,,235901.7031,900413.5626
3375079,BOSTON,24-Jan-2013,3:30 PM,Not Reported,1,0,0,Not reported,V1: Turning left,V1:Not reported ,V1: Collision with pedestrian ,"V1: Light truck(van, mini-van, panel, pickup, sport utility) with only four tires",Not reported,Not reported,Not Reported,PEARL STREET / MILK STREET,,,,,P3:Pedestrian,236597.9842,900807.9373
3349356,BOSTON,24-Jan-2013,4:02 PM,Non-fatal injury,2,1,0,"Sideswipe, same direction",V1: Changing lanes / V2:Travelling straight ahead,V1:Eastbound / V2:Eastbound ,V1: Collision with motor vehicle in traffic / V2: Collision with motor vehicle in traffic ,"V1: Bus (seats for more than 15 people, including driver) / V2:Passenger car",Dry,Daylight,Not Reported,,MORTON STREET,,,,,,
3384522,BOSTON,24-Jan-2013,4:40 PM,Non-fatal injury,2,1,0,Rear-end,V1: Backing / V2:Travelling straight ahead,V1:Northbound / V2:Southbound ,V1: Collision with motor vehicle in traffic / V2: Collision with motor vehicle in traffic ,V1: Passenger car / V2:Passenger car,Dry,Dusk,Clear,RAMP - RT 93 SB TO RT 90 WB / RAMP - PURCHASE STREET TO RT 93 SB,,,,AT KNEELAND ST,,236251.4744,899967.6505
3374743,BOSTON,24-Jan-2013,5:26 PM,Non-fatal injury,4,1,0,"Sideswipe, opposite direction",V1: Travelling straight ahead / V2:Changing lanes / V3:Travelling straight ahead / V4:Travelling straight ahead,V1:Southbound / V2:Southbound / V3:Southbound / V4:Northbound ,V1: Collision with motor vehicle in traffic / V2: Collision with motor vehicle in traffic / V3: Collision with motor vehicle in traffic / V4: Collision with motor vehicle in traffic ,V1: Passenger car / V2:Passenger car / V3:Passenger car / V4:Passenger car,Dry,Dusk,Clear,JAMAICAWAY / RIVERWAY,,,,0 feet S from RT 9,,231890.0572,897992.5148
3375076,BOSTON (CHARLESTOWN),24-Jan-2013,5:30 PM,Non-fatal injury,1,1,0,Single vehicle crash,V1: Travelling straight ahead,V1:Northbound ,V1: Not reported ,V1: Passenger car,Dry,Dark - lighted roadway,Clear/Clear,CHELSEA STREET / WARREN STREET,,,,,,236204.7544,902495.7325
3349357,BOSTON,24-Jan-2013,5:50 PM,Property damage only (none injured),2,0,0,Rear-end,V1: Slowing or stopped in traffic / V2:Travelling straight ahead,V1:Northbound / V2:Northbound ,V1: Collision with motor vehicle in traffic / V2: Collision with motor vehicle in traffic ,"V1: Passenger car / V2:Light truck(van, mini-van, panel, pickup, sport utility) with only four tires",Dry,Dark - lighted roadway,Not Reported,CENTRE STREET / LOUDERS LANE,,,,,,230988.8593,895168.1876
3375148,BOSTON,24-Jan-2013,6:21 PM,Not Reported,1,0,0,Single vehicle crash,V1: Not reported,V1:Not reported ,V1: Not reported ,V1: Passenger car,Dry,Dark - lighted roadway,Cloudy/Cloudy,CAUSEWAY STREET / FRIEND STREET,,,,,,236097.5938,901715.852
3369467,BOSTON (BRIGHTON),24-Jan-2013,8:28 PM,Non-fatal injury,1,1,0,Single vehicle crash,V1: Travelling straight ahead,V1:Northbound ,V1: Collision with pedestrian ,V1: Passenger car,Dry,Dark - lighted roadway,Clear/Clear,,2050 COMMONWEALTH AVENUE,,,,P2:Pedestrian,227927.2106,898886.1886
3348400,BOSTON,24-Jan-2013,11:01 PM,Non-fatal injury,2,1,0,"Sideswipe, same direction",V1: Travelling straight ahead / V2:Changing lanes,V1:Westbound / V2:Westbound ,V1: Collision with motor vehicle in traffic / V2: Collision with motor vehicle in traffic ,V1: Passenger car / V2:Passenger car,Dry,Dark - lighted roadway,Clear,,ARBORWAY / CENTRE STREET,,,AT CENTRE ST,,231269.4377,895461.1869
3384658,BOSTON,24-Jan-2013,11:10 PM,Not Reported,2,0,0,Rear-end,V1: Travelling straight ahead / V2:Slowing or stopped in traffic,V1:Southbound / V2:Southbound ,V1: Collision with motor vehicle in traffic / V2: Collision with motor vehicle in traffic ,V1: Passenger car / V2:Passenger car,Dry,Dark - roadway not lighted,Clear,,JOHN F FITZGERALD EXPRESSWAY Rte 93 S,,,DYC CUTOUT,,236779.0107,895174.491
3348848,BOSTON,25-Jan-2013,1:58 AM,Property damage only (none injured),2,0,0,Rear-end,V1: Backing / V2:Travelling straight ahead,V1:Southbound / V2:Northbound ,V1: Collision with motor vehicle in traffic / V2: Collision with motor vehicle in traffic ,V1: Passenger car / V2:Passenger car,Dry,Dark - lighted roadway,Not Reported,,Rte 93 N,,Exit 27 on Rte 93 N,,,235655.07,902467.5364
3376560,BOSTON (ROSLINDALE),25-Jan-2013,6:30 AM,Property damage only (none injured),2,0,0,Rear-end,V1: Slowing or stopped in traffic / V2:Turning right,V1:Not reported / V2:Not reported ,V1: Collision with motor vehicle in traffic / V2: Collision with motor vehicle in traffic ,V1: Passenger car / V2:Passenger car,Dry,Daylight,Cloudy/Other,WALTER STREET / CENTRE STREET,,,,,,230516.1093,894243.8126
3349165,BOSTON,25-Jan-2013,7:25 AM,Property damage only (none injured),2,0,0,Rear-end,V1: Slowing or stopped in traffic / V2:Travelling straight ahead,V1:Northbound / V2:Northbound ,V1: Collision with motor vehicle in traffic / V2: Collision with moped ,"V1: Light truck(van, mini-van, panel, pickup, sport utility) with only four tires / V2:Passenger car",Dry,Daylight,Clear,,Rte 93 S,,Exit 15 on Rte 93 S,,,236629.6253,897168.5001
3370429,BOSTON (DORCHESTER),25-Jan-2013,7:30 AM,Non-fatal injury,1,1,0,Single vehicle crash,V1: Travelling straight ahead,V1:Southbound ,V1: Collision with pedestrian ,V1: Passenger car,Dry,Daylight,Clear/Other,,415 GENEVA AVENUE,,,SOBRINO MARKET,P2:Pedestrian,235715.8166,894559.4493
3346354,BOSTON,25-Jan-2013,8:20 AM,Property damage only (none injured),3,0,0,Rear-end,V1: Travelling straight ahead / V2:Travelling straight ahead / V3:Travelling straight ahead,V1:Eastbound / V2:Eastbound / V3:Eastbound ,V1: Collision with median barrier / V2: Collision with motor vehicle in traffic / V3: Collision with motor vehicle in traffic ,V1: Passenger car / V2:Passenger car / V3:Passenger car,Dry,Daylight,Clear,,STORROW DRIVE / RAMP - STORROW DRIVE TO CLARENDON STREET,,,PRIOR TO STORROW TUNNELL,,234802.519,900570.1775
3346813,BOSTON,25-Jan-2013,9:07 AM,Property damage only (none injured),2,0,0,Rear-end,V1: Changing lanes / V2:Slowing or stopped in traffic,V1:Southbound / V2:Southbound ,V1: Collision with motor vehicle in traffic / V2: Collision with motor vehicle in traffic ,V1: Passenger car / V2:Passenger car,Dry,Daylight,Clear,,Rte 93 S,,Exit 24 on Rte 93 S,,,236397.1933,901565.6511
3348616,BOSTON,25-Jan-2013,12:15 PM,Property damage only (none injured),2,0,0,"Sideswipe, same direction",V1: Travelling straight ahead / V2:Travelling straight ahead,V1:Eastbound / V2:Eastbound ,V1: Collision with motor vehicle in traffic / V2: Collision with median barrier ,V1: Passenger car / V2:Passenger car,Dry,Daylight,Clear,,Rte 90 E,,,,,228164.3301,900848.8102
3391737,BOSTON,25-Jan-2013,9:00 PM,Non-fatal injury,1,1,0,Single vehicle crash,V1: Turning left,V1:Eastbound ,V1: Not reported ,V1: Passenger car,Dry,Dark - lighted roadway,Cloudy/Snow,MASSACHUSETTS AVENUE / THEODORE GLYNN WAY,,,,,P2:Pedestrian,235453.8439,897848.8752
3348623,BOSTON,25-Jan-2013,10:07 PM,Property damage only (none injured),2,0,0,Rear-end,V1: Travelling straight ahead / V2:Slowing or stopped in traffic,V1:Southbound / V2:Southbound ,V1: Collision with motor vehicle in traffic / V2: Collision with motor vehicle in traffic ,"V1: Passenger car / V2:Light truck(van, mini-van, panel, pickup, sport utility) with only four tires",Snow,Dark - lighted roadway,Snow,,Rte 93 S,,,,,235808.9872,898440.2212
3348624,BOSTON,25-Jan-2013,10:57 PM,Non-fatal injury,2,4,0,Rear-end,V1: Travelling straight ahead / V2:Slowing or stopped in traffic,V1:Southbound / V2:Southbound ,V1: Collision with motor vehicle in traffic / V2: Collision with motor vehicle in traffic ,V1: Passenger car / V2:Passenger car,Snow,Dark - lighted roadway,Snow,,Rte 93 S,,Exit 18 on Rte 93 S,,,236013.2783,899092.9981
3384626,BOSTON,25-Jan-2013,11:05 PM,Property damage only (none injured),1,0,0,Single vehicle crash,V1: Travelling straight ahead,V1:Eastbound ,V1: Other ,V1: Passenger car,Snow,Dark - lighted roadway,Not Reported,,HARBORSIDE DRIVE,,,,,239520.484,900797.1196
3349847,BOSTON,25-Jan-2013,11:09 PM,Property damage only (none injured),2,0,0,"Sideswipe, opposite direction",V1: Travelling straight ahead / V2:Travelling straight ahead,V1:Southbound / V2:Northbound ,V1: Collision with motor vehicle in traffic / V2: Collision with motor vehicle in traffic ,V1: Passenger car / V2:Passenger car,Wet,Dark - lighted roadway,Not Reported,JAMAICAWAY / BYNNER STREET,,,,,,231761.922,897172.3748
3378671,BOSTON,25-Jan-2013,11:43 PM,Property damage only (none injured),1,0,0,Single vehicle crash,V1: Making U-turn,V1:Eastbound ,V1: Collision with other movable object ,"V1: Light truck(van, mini-van, panel, pickup, sport utility) with only four tires",Snow,Dark - lighted roadway,Cloudy/Snow,,HARBORSIDE DRIVE,,,,,239309.6743,900941.6067
3346582,BOSTON,26-Jan-2013,00:00 AM,Non-fatal injury,2,1,0,"Sideswipe, opposite direction",V1: Travelling straight ahead / V2:Travelling straight ahead,V1:Southbound / V2:Westbound ,V1: Collision with motor vehicle in traffic / V2: Collision with motor vehicle in traffic ,V1: Passenger car / V2:Passenger car,Snow,Dark - lighted roadway,Snow,,CHARLESGATE WEST / COMMONWEALTH AVENUE,,,,,233546.2737,899931.2545
3378229,BOSTON (HYDE PARK),26-Jan-2013,00:00 AM,Non-fatal injury,1,1,0,Single vehicle crash,V1: Travelling straight ahead,V1:Southbound ,V1: Collision with tree ,V1: Passenger car,Snow,Dark - lighted roadway,Snow,,50 feet N from Intersection POPLAR STREET / DEFOREST STREET,,,,,230365.7779,891263.0912
3370649,BOSTON (DORCHESTER),26-Jan-2013,1:22 AM,Non-fatal injury,2,1,0,Rear-end,V1: Other / V2:Travelling straight ahead,V1:Northbound / V2:Northbound ,V1: Unknown / V2: Collision with motor vehicle in traffic ,V1: Passenger car / V2:Passenger car,Snow,Dark - lighted roadway,Snow,,1220 DORCHESTER AVENUE,,,,,236430.1259,895471.8754
3346586,BOSTON,26-Jan-2013,1:50 AM,Property damage only (none injured),2,0,0,Rear-end,V1: Travelling straight ahead / V2:Slowing or stopped in traffic,V1:Eastbound / V2:Eastbound ,V1: Collision with motor vehicle in traffic / V2: Collision with motor vehicle in traffic ,"V1: Light truck(van, mini-van, panel, pickup, sport utility) with only four tires / V2:Passenger car",Snow,Dark - lighted roadway,Snow,,STORROW DRIVE / REVERE STREET,,,REVERE STREET,,235248.1945,901083.0334
3346599,BOSTON,26-Jan-2013,3:25 AM,Non-fatal injury,1,1,0,Single vehicle crash,V1: Travelling straight ahead,V1:Southbound ,V1: Collision with curb ,V1: Passenger car,Wet,Dark - lighted roadway,Cloudy,,COLUMBIA ROAD / RAMP - RT 93 SB TO COLUMBIA RD,,,,,236745.2344,896875.3748
3392221,BOSTON,26-Jan-2013,4:40 AM,Property damage only (none injured),3,0,0,"Sideswipe, same direction",V1: Travelling straight ahead / V2:Travelling straight ahead / V3:Travelling straight ahead,V1:Northbound / V2:Northbound / V3:Northbound ,V1: Collision with motor vehicle in traffic / V2: Collision with motor vehicle in traffic / V3: Collision with motor vehicle in traffic ,"V1: Passenger car / V2:Light truck(van, mini-van, panel, pickup, sport utility) with only four tires / V3:Single-unit truck (3-or-more axles)",Wet,Dark - lighted roadway,Cloudy,,Rte 93,,Exit 11 on Rte 93,JUST NORTH OF EXIT 11,,237094.7253,891674.8051
3349166,BOSTON,26-Jan-2013,8:46 AM,Property damage only (none injured),2,0,0,Rear-end,V1: Travelling straight ahead / V2:Slowing or stopped in traffic,V1:Northbound / V2:Northbound ,V1: Collision with motor vehicle in traffic / V2: Collision with motor vehicle in traffic ,"V1: Passenger car / V2:Light truck(van, mini-van, panel, pickup, sport utility) with only four tires",Dry,Dawn,Clear,,Rte 93 N,,Exit 13 on Rte 93 N,,,237420.1414,894076.5227
3351337,BOSTON,26-Jan-2013,10:05 AM,Property damage only (none injured),2,0,0,Rear-end,V1: Travelling straight ahead / V2:Travelling straight ahead,V1:Westbound / V2:Southbound ,V1: Collision with motor vehicle in traffic / V2: Collision with motor vehicle in traffic ,V1: Passenger car / V2:Passenger car,Wet,Daylight,Clear,MORTON STREET / JAMES SHEA CIRCLE,,,,,,232426.4151,894490.4999
3359680,BOSTON,26-Jan-2013,10:21 AM,Property damage only (none injured),1,0,0,Single vehicle crash,V1: Travelling straight ahead,V1:Northbound ,V1: Collision with motor vehicle in traffic ,V1: Passenger car,Dry,Daylight,Clear,,Rte 93 N,,Exit 16 on Rte 93 N,,,236403.9842,897524.312
3349160,BOSTON,26-Jan-2013,11:28 AM,Property damage only (none injured),1,0,0,Single vehicle crash,V1: Travelling straight ahead,V1:Eastbound ,V1: Collision with light pole or other post/support ,V1: Passenger car,Dry,Daylight,Clear,,0 feet W from Intersection SOLDIERS FIELD ROAD / NORTH HARVARD STREET,,,,,230992.3482,902048.2872
3351338,BOSTON,26-Jan-2013,12:00 PM,Property damage only (none injured),2,0,0,Rear-end,V1: Slowing or stopped in traffic / V2:Travelling straight ahead,V1:Southbound / V2:Southbound ,V1: Collision with motor vehicle in traffic / V2: Collision with motor vehicle in traffic ,V1: Passenger car / V2:Passenger car,Wet,Daylight,Clear,,0 feet N from Intersection VETERANS OF FOREIGN WARS PARKWAY / SPRING STREET,,,,,227008.6251,891284.9375