Crash Number,City/Town Name,Crash Date,Crash Time,Crash Severity,Number of Vehicles,Total Nonfatal Injuries,Total Fatal Injuries,Manner of Collision,Vehicle Action Prior to Crash,Vehicle Travel Directions,Most Harmful Events,Vehicle Configuration,Road Surface Condition,Ambient Light,Weather Condition,At Roadway Intersection,Distance from Nearest Roadway Intersection,Distance from Nearest Milemarker,Distance from Nearest Exit,Distance from Nearest Landmark,Non Motorist Type,X Coordinate,Y Coordinate
3392796,BOSTON (ROXBURY),26-Jan-2013,12:21 PM,Unknown,2,0,0,Not reported,V1: Travelling straight ahead / V2:Parked,V1:Northbound / V2:Not reported ,V1: Collision with parked motor vehicle / V2: Collision with motor vehicle in traffic ,V1: Passenger car / V2:Passenger car,Not reported,Not reported,Not Reported,,550 PARKER STREET,,,,,233412.0488,898411.2178
3346814,BOSTON,26-Jan-2013,12:35 PM,Property damage only (none injured),5,0,0,Rear-end,V1: Travelling straight ahead / V2:Travelling straight ahead / V3:Travelling straight ahead / V4:Travelling straight ahead / V5:Travelling straight ahead,V1:Northbound / V2:Northbound / V3:Northbound / V4:Northbound / V5:Northbound ,V1: Collision with motor vehicle in traffic / V2: Collision with motor vehicle in traffic / V3: Collision with motor vehicle in traffic / V4: Collision with motor vehicle in traffic / V5: Collision with motor vehicle in traffic ,V1: Passenger car / V2:Passenger car / V3:Passenger car / V4:Passenger car / V5:Passenger car,Dry,Daylight,Clear,,Rte 93 N,,,,,235022.7904,903052.5691
3370645,BOSTON,26-Jan-2013,12:53 PM,Non-fatal injury,2,1,0,Angle,V1: Travelling straight ahead / V2:Not reported,V1:Westbound / V2:Eastbound ,V1: Not reported / V2: Not reported ,"V1: Passenger car / V2:Light truck(van, mini-van, panel, pickup, sport utility) with only four tires",Dry,Daylight,Clear,NEPONSET AVENUE / ASHMONT STREET / FREEPORT STREET,,,,,,237242.0623,893385.3125
3370654,BOSTON (DORCHESTER),26-Jan-2013,1:13 PM,Non-fatal injury,2,1,0,Angle,V1: Travelling straight ahead / V2:Travelling straight ahead,V1:Not reported / V2:Not reported ,V1: Collision with motor vehicle in traffic / V2: Collision with motor vehicle in traffic ,V1: Passenger car / V2:Passenger car,Wet,Daylight,Clear,FULLER STREET / WASHINGTON STREET,,,,,,235362.4688,892481.5623
3390696,BOSTON,26-Jan-2013,1:40 PM,Property damage only (none injured),1,0,0,Single vehicle crash,V1: Entering traffic lane,V1:Westbound ,V1: Collision with curb ,V1: Passenger car,Dry,Dark - lighted roadway,Not Reported,MASSACHUSETTS TURNPIKE Rte 90 W / RAMP - DARTMOUTH STREET TO RT 90 WB,,,,PRU TUNNEL,,234604.7815,899786.0114
3355451,BOSTON (ROXBURY),26-Jan-2013,4:05 PM,Unknown,1,0,0,Unknown,V1: Turning left,V1:Not reported ,V1: Collision with pedestrian ,"V1: Bus (seats for more than 15 people, including driver)",Dry,Dusk,Clear,WARREN STREET / DUDLEY STREET,,,,,P4:Pedestrian,234332.2501,897657.1251
3347134,BOSTON,26-Jan-2013,7:09 PM,Non-fatal injury,2,1,0,Angle,V1: Travelling straight ahead / V2:Turning left,V1:Westbound / V2:Eastbound ,V1: Collision with motor vehicle in traffic / V2: Collision with motor vehicle in traffic ,V1: Passenger car / V2:Passenger car,Dry,Dark - lighted roadway,Clear,,MORTON STREET Rte 203 / HARVARD STREET,,,,,233493.5311,893100.9999
3376580,BOSTON,26-Jan-2013,8:30 PM,Non-fatal injury,1,1,0,Single vehicle crash,V1: Leaving traffic lane,V1:Southbound ,V1: Collision with light pole or other post/support ,V1: Passenger car,"Sand, mud, dirt, oil, gravel",Dark - lighted roadway,Cloudy,,WEST BOUNDARY ROAD / WASHINGTON STREET,,,,,228867.7969,890848.8123
3352325,BOSTON,27-Jan-2013,00:00 AM,Non-fatal injury,1,2,0,Single vehicle crash,V1: Travelling straight ahead,V1:Westbound ,V1: Collision with pedestrian ,"V1: Light truck(van, mini-van, panel, pickup, sport utility) with only four tires",Dry,Dark - lighted roadway,Not Reported,MORTON STREET / BLUE HILL AVENUE,,,,,P3:Pedestrian,233701.9842,892720.8123
3348625,BOSTON,27-Jan-2013,1:09 AM,Property damage only (none injured),1,0,0,Single vehicle crash,V1: Travelling straight ahead,V1:Westbound ,V1: Collision with median barrier ,V1: Passenger car,Dry,Dark - lighted roadway,Not Reported,,Rte 90 W,,,,,233849.5805,899785.5734
3348626,BOSTON,27-Jan-2013,7:50 AM,Property damage only (none injured),2,0,0,Rear-end,V1: Changing lanes / V2:Travelling straight ahead,V1:Westbound / V2:Westbound ,V1: Collision with motor vehicle in traffic / V2: Collision with motor vehicle in traffic ,V1: Passenger car / V2:Passenger car,Dry,Daylight,Clear,,ALLSTON TOLL PLAZA / TOLL PLAZA Rte 90 W,,Exit 19 on Rte 90 W,,,231336.7614,900792.2855
3370653,BOSTON (DORCHESTER),27-Jan-2013,10:48 AM,Not Reported,2,0,0,Angle,V1: Entering traffic lane / V2:Travelling straight ahead,V1:Northbound / V2:Eastbound ,V1: Collision with motor vehicle in traffic / V2: Collision with motor vehicle in traffic ,"V1: Light truck(van, mini-van, panel, pickup, sport utility) with only four tires / V2:Passenger car",Dry,Not reported,Clear/Rain,DORCHESTER AVENUE / FREEPORT STREET / EAST STREET,,,,,,236407.2345,895327.0623
3348644,BOSTON,27-Jan-2013,12:05 PM,Non-fatal injury,2,1,0,Angle,V1: Turning left / V2:Turning left,V1:Southbound / V2:Northbound ,V1: Collision with motor vehicle in traffic / V2: Collision with motor vehicle in traffic ,"V1: Passenger car / V2:Light truck(van, mini-van, panel, pickup, sport utility) with only four tires",Dry,Daylight,Clear,,MORTON STREET / SELDEN STREET,,,,,234424.4024,892301.6634
3352317,BOSTON,27-Jan-2013,12:48 PM,Property damage only (none injured),2,0,0,Rear-end,V1: Slowing or stopped in traffic / V2:Travelling straight ahead,V1:Northbound / V2:Northbound ,V1: Collision with motor vehicle in traffic / V2: Collision with motor vehicle in traffic ,"V1: Light truck(van, mini-van, panel, pickup, sport utility) with only four tires / V2:Passenger car",Dry,Daylight,Clear,,Rte 93 N,,Exit 26 on Rte 93 N,,,236402.7433,901600.0342
3347544,BOSTON,27-Jan-2013,4:25 PM,Property damage only (none injured),2,0,0,Rear-end,V1: Travelling straight ahead / V2:Slowing or stopped in traffic,V1:Northbound / V2:Northbound ,V1: Collision with motor vehicle in traffic / V2: Collision with motor vehicle in traffic ,"V1: Light truck(van, mini-van, panel, pickup, sport utility) with only four tires / V2:Passenger car",Wet,Dark - lighted roadway,Cloudy,,Rte 93 N,,Exit 23 on Rte 93 N,,,236957.4837,900943.9828
3348631,BOSTON,27-Jan-2013,4:49 PM,Property damage only (none injured),2,0,0,Angle,V1: Travelling straight ahead / V2:Travelling straight ahead,V1:Eastbound / V2:Southbound ,V1: Collision with motor vehicle in traffic / V2: Collision with motor vehicle in traffic ,V1: Passenger car / V2:Passenger car,Dry,Dusk,Clear,,BIRMINGHAM PARKWAY / LOTHROP STREET,,,,,229121.9947,901159.5246
3354861,BOSTON,27-Jan-2013,5:45 PM,Property damage only (none injured),2,0,0,"Sideswipe, same direction",V1: Parked / V2:Leaving traffic lane,V1:Westbound / V2:Westbound ,V1: Collision with motor vehicle in traffic / V2: Collision with parked motor vehicle ,"V1: Passenger car / V2:Light truck(van, mini-van, panel, pickup, sport utility) with only four tires",Dry,Dark - lighted roadway,Clear,,BOYLSTON STREET / 1105,,,,,233795.2719,899662.3028
3349169,BOSTON,27-Jan-2013,6:00 PM,Property damage only (none injured),1,0,0,Single vehicle crash,V1: Travelling straight ahead,V1:Eastbound ,V1: Collision with curb ,V1: Passenger car,Dry,Dark - lighted roadway,Clear,VETERANS OF FOREIGN WARS PARKWAY / WEST ROXBURY VFW PARKWAY ROTARY,,,,,,229244.3438,894033.7502
3347630,BOSTON,27-Jan-2013,8:35 PM,Non-fatal injury,3,4,0,Rear-end,V1: Slowing or stopped in traffic / V2:Slowing or stopped in traffic / V3:Changing lanes,V1:Southbound / V2:Southbound / V3:Southbound ,V1: Collision with motor vehicle in traffic / V2: Collision with motor vehicle in traffic / V3: Collision with motor vehicle in traffic ,V1: Passenger car / V2:Passenger car / V3:Passenger car,Dry,Dark - lighted roadway,Clear,,SOUTHBOUND FRONTAGE ROAD,,,SOUTH BAY MALL,,236168.9607,897802.0749
3349161,BOSTON,27-Jan-2013,9:03 PM,Property damage only (none injured),2,0,0,Rear-end,V1: Slowing or stopped in traffic / V2:Travelling straight ahead,V1:Southbound / V2:Southbound ,V1: Collision with motor vehicle in traffic / V2: Collision with motor vehicle in traffic ,"V1: Light truck(van, mini-van, panel, pickup, sport utility) with only four tires / V2:Passenger car",Dry,Dark - lighted roadway,Clear,,CAMBRIDGE STREET,,,DOUBLE TREE,,230488.497,900754.1555
3348081,BOSTON,28-Jan-2013,1:06 AM,Property damage only (none injured),1,0,0,Single vehicle crash,V1: Leaving traffic lane,V1:Southbound ,V1: Collision with median barrier ,V1: Passenger car,Wet,Dark - lighted roadway,Cloudy,,Rte 93 S,,Exit 26 on Rte 93 S,,,234851.4113,903728.5151
3348099,BOSTON,28-Jan-2013,1:51 AM,Property damage only (none injured),1,0,0,Single vehicle crash,V1: Travelling straight ahead,V1:Westbound ,V1: Collision with curb ,V1: Passenger car,Dry,Dark - unknown roadway lighting,Clear,,MORTON STREET / JAMES SHEA CIRCLE,,,,,232426.4151,894490.4999
3346820,BOSTON,28-Jan-2013,5:37 AM,Non-fatal injury,2,1,0,Rear-end,V1: Slowing or stopped in traffic / V2:Slowing or stopped in traffic,V1:Northbound / V2:Northbound ,V1: Collision with motor vehicle in traffic / V2: Collision with motor vehicle in traffic ,"V1: Light truck(van, mini-van, panel, pickup, sport utility) with only four tires / V2:Passenger car",Dry,Dark - lighted roadway,Clear,,Rte 93 N,,Exit 11 on Rte 93 N,,,237094.7253,891674.8051
3347545,BOSTON,28-Jan-2013,8:18 AM,Property damage only (none injured),2,0,0,Rear-end,V1: Slowing or stopped in traffic / V2:Slowing or stopped in traffic,V1:Southbound / V2:Southbound ,V1: Collision with motor vehicle in traffic / V2: Collision with motor vehicle in traffic ,V1: Passenger car / V2:Passenger car,Dry,Daylight,Clear,,Rte 93 S,,Exit 24 on Rte 93 S,,,236397.1933,901565.6511
3384659,BOSTON,28-Jan-2013,8:54 AM,Property damage only (none injured),2,0,0,Rear-end,V1: Slowing or stopped in traffic / V2:Travelling straight ahead,V1:Northbound / V2:Northbound ,V1: Collision with motor vehicle in traffic / V2: Collision with motor vehicle in traffic ,"V1: Light truck(van, mini-van, panel, pickup, sport utility) with only four tires / V2:Light truck(van, mini-van, panel, pickup, sport utility) with only four tires",Dry,Daylight,Clear,,RAMP - RT 93 NB TO MORRISSEY BLVD / WILLIAM T MORRISSEY BOULEVARD,,,"93N, EXIT 14 RAMP",,237246.7723,894751.5793
3384523,BOSTON,28-Jan-2013,9:05 AM,Property damage only (none injured),2,0,0,Rear-end,V1: Changing lanes / V2:Slowing or stopped in traffic,V1:Southbound / V2:Southbound ,V1: Collision with motor vehicle in traffic / V2: Collision with motor vehicle in traffic ,V1: Passenger car / V2:Passenger car,Dry,Daylight,Clear,,Rte 93 S / UNKNOWN,,,O'NEIL TUNNEL,,,
3370648,BOSTON (DORCHESTER),28-Jan-2013,9:27 AM,Non-fatal injury,2,2,0,"Sideswipe, opposite direction",V1: Changing lanes / V2:Travelling straight ahead,V1:Northbound / V2:Southbound ,V1: Collision with motor vehicle in traffic / V2: Collision with motor vehicle in traffic ,V1: Passenger car / V2:Passenger car,Dry,Daylight,Cloudy,COLUMBIA ROAD / COLUMBIA TERRACE / RICHFIELD STREET,,,,,,235197.122,895537.2664
3375080,BOSTON,28-Jan-2013,1:00 PM,Non-fatal injury,2,1,0,Not reported,V1: Travelling straight ahead / V2:Turning left,V1:Not reported / V2:Not reported ,V1: Collision with motor vehicle in traffic / V2: Collision with motor vehicle in traffic ,V1: Passenger car / V2:Passenger car,Not reported,Not reported,Not Reported,CAMBRIDGE STREET / NORTH GROVE STREET,,,,,,235529.2999,901278.2907
3346815,BOSTON,28-Jan-2013,3:11 PM,Property damage only (none injured),2,0,0,Rear-end,V1: Travelling straight ahead / V2:Slowing or stopped in traffic,V1:Northbound / V2:Northbound ,V1: Collision with motor vehicle in traffic / V2: Collision with motor vehicle in traffic ,"V1: Passenger car / V2:Light truck(van, mini-van, panel, pickup, sport utility) with only four tires",Wet,Daylight,Snow,BACK STREET / BERKELEY STREET,,,,,,235009.6998,900623.457
3352318,BOSTON,28-Jan-2013,3:45 PM,Non-fatal injury,3,1,0,Rear-end,V1: Slowing or stopped in traffic / V2:Travelling straight ahead / V3:Travelling straight ahead,V1:Northbound / V2:Northbound / V3:Northbound ,V1: Collision with motor vehicle in traffic / V2: Collision with motor vehicle in traffic / V3: Collision with motor vehicle in traffic ,V1: Passenger car / V2:Passenger car / V3:Passenger car,Wet,Daylight,Rain,,Rte 93 N,,Exit 26 on Rte 93 N,PRIOR  TO  EXIT #26,,236402.7433,901600.0342
3370647,BOSTON (DORCHESTER),28-Jan-2013,5:15 PM,Property damage only (none injured),2,0,0,Rear-end,V1: Parked / V2:Travelling straight ahead,V1:Not reported / V2:Not reported ,V1: Not reported / V2: Collision with parked motor vehicle ,V1: Passenger car / V2:Passenger car,Wet,Dark - lighted roadway,Snow,,45 BOWDOIN STREET,,,,,236010.8003,901167.3312
3370427,BOSTON (DORCHESTER),28-Jan-2013,5:30 PM,Property damage only (none injured),2,0,0,Rear-end,V1: Travelling straight ahead / V2:Travelling straight ahead,V1:Not reported / V2:Not reported ,V1: Not reported / V2: Not reported ,"V1: Light truck(van, mini-van, panel, pickup, sport utility) with only four tires / V2:Passenger car",Snow,Dark - lighted roadway,Cloudy/Snow,,1063 DORCHESTER AVENUE,,,,,236528.4764,896076.5171
3372085,BOSTON,28-Jan-2013,9:12 PM,Property damage only (none injured),1,0,0,Single vehicle crash,V1: Travelling straight ahead,V1:Northbound ,V1: Collision with light pole or other post/support ,"V1: Light truck(van, mini-van, panel, pickup, sport utility) with only four tires",Snow,Dark - lighted roadway,"Snow/Sleet, hail (freezing rain or drizzle)",,152 LAKE STREET,,,,,227788.8427,899505.9598
3349068,BOSTON,28-Jan-2013,10:09 PM,Non-fatal injury,1,2,0,Single vehicle crash,V1: Travelling straight ahead,V1:Southbound ,V1: Collision with utility pole ,V1: Passenger car,Snow,Dark - lighted roadway,"Snow/Sleet, hail (freezing rain or drizzle)",,JAMAICAWAY / RAMP - RT 9 TO JAMAICAWAY,,,SOUTH OF ROUTE 9,,231934.5961,897810.3188
3375074,BOSTON,29-Jan-2013,1:04 AM,Non-fatal injury,1,1,0,"Sideswipe, opposite direction",V1: Travelling straight ahead,V1:Eastbound ,V1: Collision with pedestrian ,V1: Passenger car,Wet,Daylight,Cloudy/Cloudy,WASHINGTON STREET / ESSEX STREET,,,,,P2:Pedestrian,236037.3847,900303.7872
3351335,BOSTON,29-Jan-2013,7:42 AM,Property damage only (none injured),2,0,0,Rear-end,V1: Entering traffic lane / V2:Slowing or stopped in traffic,V1:Westbound / V2:Westbound ,V1: Collision with motor vehicle in traffic / V2: Collision with motor vehicle in traffic ,"V1: Passenger car / V2:Light truck(van, mini-van, panel, pickup, sport utility) with only four tires",Dry,Daylight,Not Reported,STORROW DRIVE / CHARLESGATE OVERPASS,,,,RAMP FROM BOWKER,,233287.6718,900098.5623
3384747,BOSTON,29-Jan-2013,8:20 AM,Property damage only (none injured),2,0,0,Rear-end,V1: Slowing or stopped in traffic / V2:Travelling straight ahead,V1:Southbound / V2:Southbound ,V1: Collision with motor vehicle in traffic / V2: Collision with motor vehicle in traffic ,"V1: Light truck(van, mini-van, panel, pickup, sport utility) with only four tires / V2:Passenger car",Wet,Daylight,Cloudy,,JOHN F FITZGERALD EXPRESSWAY Rte 93 S,,,RTE 93S SAVIN HILL,,236856.4047,895743.476
3415441,BOSTON (DORCHESTER),29-Jan-2013,9:27 AM,Not Reported,2,0,0,"Sideswipe, same direction",V1: Not reported / V2:Not reported,V1:Not reported / V2:Not reported ,V1: Not reported / V2: Not reported ,"V1: Unknown vehicle configuration / V2:Bus (seats for more than 15 people, including driver)",Not reported,Daylight,Clear,,ALLSTATE ROAD,,,PUBLIC STORAGE,,236018.703,897891.3746
3378940,BOSTON (HYDE PARK),29-Jan-2013,4:08 PM,Non-fatal injury,2,1,0,Not reported,V1: Slowing or stopped in traffic / V2:Travelling straight ahead,V1:Northbound / V2:Northbound ,V1: Collision with motor vehicle in traffic / V2: Collision with motor vehicle in traffic ,V1: Passenger car / V2:Passenger car,Not reported,Not reported,Not Reported,,1049 HYDE PARK AVENUE,,,,,231230.3162,890399.346
3350487,BOSTON,29-Jan-2013,5:13 PM,Property damage only (none injured),2,0,0,Rear-end,V1: Slowing or stopped in traffic / V2:Travelling straight ahead,V1:Westbound / V2:Westbound ,V1: Collision with motor vehicle in traffic / V2: Collision with motor vehicle in traffic ,"V1: Light truck(van, mini-van, panel, pickup, sport utility) with only four tires / V2:Passenger car",Dry,Dark - lighted roadway,Clear,,STORROW DRIVE / DAVID G MUGAR WAY,,,,,235214.6816,900915.4701
3390697,BOSTON,29-Jan-2013,5:31 PM,Property damage only (none injured),3,0,0,Rear-end,V1: Slowing or stopped in traffic / V2:Travelling straight ahead / V3:Slowing or stopped in traffic,V1:Eastbound / V2:Eastbound / V3:Eastbound ,V1: Collision with motor vehicle in traffic / V2: Collision with motor vehicle in traffic / V3: Collision with motor vehicle in traffic ,V1: Passenger car / V2:Passenger car / V3:Passenger car,Dry,Dark - lighted roadway,Clear,,MASSACHUSETTS TURNPIKE Rte 90 E / RAMP - RT 90 EB TO STUART STREET & HUNTI,,,OUTSIDE PRUDENTIAL TUNNEL,,234123.5058,899758.0565
3348637,BOSTON,29-Jan-2013,6:51 PM,Property damage only (none injured),2,0,0,Rear-end,V1: Travelling straight ahead / V2:Slowing or stopped in traffic,V1:Northbound / V2:Northbound ,V1: Collision with motor vehicle in traffic / V2: Collision with motor vehicle in traffic ,V1: Passenger car / V2:Passenger car,Dry,Dark - lighted roadway,Cloudy,,Rte 93 N,,Exit 15 on Rte 93 N,,,236972.2496,896473.4282
3348627,BOSTON,29-Jan-2013,6:55 PM,Non-fatal injury,2,1,0,Rear-end,V1: Travelling straight ahead / V2:Travelling straight ahead,V1:Southbound / V2:Southbound ,V1: Collision with motor vehicle in traffic / V2: Collision with motor vehicle in traffic ,V1: Passenger car / V2:Passenger car,Dry,Dark - lighted roadway,Clear,,Rte 93 S,,Exit 18 on Rte 93 S,,,236013.2783,899092.9981
3371668,BOSTON,30-Jan-2013,5:36 AM,Not Reported,1,0,0,Single vehicle crash,V1: Turning left,V1:Not reported ,V1: Collision with pedestrian ,V1: Passenger car,Wet,Dark - lighted roadway,Clear/Unknown,WASHINGTON STREET / COLUMBIA ROAD,,,,,,234582.7189,895080.2501
3396752,BOSTON,30-Jan-2013,6:00 AM,Non-fatal injury,2,1,0,Angle,V1: Travelling straight ahead / V2:Travelling straight ahead,V1:Eastbound / V2:Not reported ,V1: Collision with motor vehicle in traffic / V2: Collision with motor vehicle in traffic ,V1: Passenger car / V2:Passenger car,Wet,Dark - lighted roadway,Rain,BOYLSTON STREET / MASSACHUSETTS AVENUE,,,,,,233967.0154,899726.9373
3348628,BOSTON,30-Jan-2013,8:53 AM,Non-fatal injury,1,1,0,Single vehicle crash,V1: Turning left,V1:Eastbound ,V1: Collision with curb ,V1: Passenger car,Dry,Daylight,Cloudy,,CONGRESS STREET / EAST SERVICE ROAD,,,,,237482.2174,899996.5662
3386422,BOSTON,30-Jan-2013,9:15 AM,Property damage only (none injured),2,0,0,Angle,V1: Making U-turn / V2:Slowing or stopped in traffic,V1:Northbound / V2:Southbound ,V1: Collision with motor vehicle in traffic / V2: Collision with motor vehicle in traffic ,"V1: Passenger car / V2:Light truck(van, mini-van, panel, pickup, sport utility) with only four tires",Wet,Daylight,Cloudy/Rain,,PARK DRIVE,,,,,232579.981,899533.4639
3372086,BOSTON (ALLSTON),30-Jan-2013,9:30 AM,Property damage only (none injured),1,0,0,Single vehicle crash,V1: Travelling straight ahead,V1:Westbound ,"V1: Collision with cyclist (bicycle, tricycle, unicycle, pedal car) ",V1: Passenger car,Wet,Daylight,Clear/Clear,NORTH HARVARD STREET / WESTERN AVENUE,,,,,"P2:Pedalcyclist (bicycle, tricycle, unicycle, pedal car)",230498.9685,901476.9375
3377381,BOSTON,30-Jan-2013,2:15 PM,Property damage only (none injured),2,0,0,Rear-end,V1: Slowing or stopped in traffic / V2:Travelling straight ahead,V1:Not reported / V2:Not reported ,V1: Collision with motor vehicle in traffic / V2: Collision with motor vehicle in traffic ,V1: Passenger car / V2:Passenger car,Wet,Daylight,Cloudy,COREY STREET / VETERANS OF FOREIGN WARS PARKWAY,,,,,,227821.0467,893720.8752
4027006,BOSTON,30-Jan-2013,5:56 PM,Fatal injury,1,0,1,Not reported,V1: Backing,V1:Not reported ,V1: Collision with pedestrian ,V1: Passenger car,Not reported,Dark - lighted roadway,Clear,,9 PALMER STREET,,,,,234372.3243,897873.943
3349354,BOSTON,30-Jan-2013,6:02 PM,Property damage only (none injured),2,0,0,Angle,V1: Changing lanes / V2:Travelling straight ahead,V1:Northbound / V2:Northbound ,V1: Collision with motor vehicle in traffic / V2: Collision with motor vehicle in traffic ,V1: Passenger car / V2:Passenger car,Dry,Dark - lighted roadway,Cloudy,,Rte 93 N,,Exit 11 on Rte 93,,,237094.7253,891674.8051
3387537,BOSTON (DORCHESTER),30-Jan-2013,8:30 PM,Non-fatal injury,2,1,0,Rear-end,V1: Slowing or stopped in traffic / V2:Travelling straight ahead,V1:Not reported / V2:Not reported ,V1: Not reported / V2: Not reported ,"V1: Passenger car / V2:Light truck(van, mini-van, panel, pickup, sport utility) with only four tires",Dry,Dark - lighted roadway,Cloudy,PLEASANT STREET / SAVIN HILL AVENUE,,,,,,236366.1875,895903.5625
3372084,BOSTON,30-Jan-2013,8:53 PM,Property damage only (none injured),2,0,0,"Sideswipe, same direction",V1: Making U-turn / V2:Parked,V1:Northbound / V2:Not reported ,V1: Not reported / V2: Not reported ,V1: Passenger car / V2:Passenger car,Wet,Dark - lighted roadway,Rain,,206 HARVARD AVENUE,,,,,230422.4132,900009.3402
3359867,BOSTON,30-Jan-2013,9:11 PM,Property damage only (none injured),2,0,0,Angle,V1: Changing lanes / V2:Travelling straight ahead,V1:Southbound / V2:Southbound ,V1: Collision with motor vehicle in traffic / V2: Collision with motor vehicle in traffic ,V1: Passenger car / V2:Tractor/semi-trailer,Wet,Dark - lighted roadway,Rain,,Rte 93 S,,Exit 12 on Rte 93 S,,,237620.5493,892713.0989
3352649,BOSTON,31-Jan-2013,3:11 AM,Property damage only (none injured),2,0,0,Angle,V1: Travelling straight ahead / V2:Travelling straight ahead,V1:Westbound / V2:Northbound ,V1: Collision with motor vehicle in traffic / V2: Collision with median barrier ,"V1: Passenger car / V2:Light truck(van, mini-van, panel, pickup, sport utility) with only four tires",Dry,Dark - lighted roadway,Severe crosswinds,FRONTAGE ROAD / HAUL ROAD,,,,SOUTH BOSTON BY PASS RD.,,235950.9524,898250.4215
3375105,BOSTON,31-Jan-2013,4:10 AM,Property damage only (none injured),2,0,0,"Sideswipe, same direction",V1: Travelling straight ahead / V2:Not reported,V1:Not reported / V2:Not reported ,V1: Not reported / V2: Not reported ,V1: Passenger car / V2:Not reported,Wet,Dark - lighted roadway,Rain/Severe crosswinds,,655 ATLANTIC AVENUE,,,,,236593.8164,900245.6979
3387540,BOSTON (DORCHESTER),31-Jan-2013,6:30 AM,Non-fatal injury,2,2,0,Not reported,V1: Travelling straight ahead / V2:Travelling straight ahead,V1:Southbound / V2:Southbound ,V1: Not reported / V2: Not reported ,V1: Passenger car / V2:Passenger car,Not reported,Not reported,Not Reported,GENEVA AVENUE / VINSON STREET,,,,,,235966.2566,894364.1643
3375950,BOSTON,31-Jan-2013,6:40 AM,Non-fatal injury,1,1,0,Not reported,V1: Not reported,V1:Not reported ,V1: Not reported ,"V1: Bus (seats for more than 15 people, including driver)",Wet,Daylight,Rain/Severe crosswinds,COLUMBUS AVENUE / BERKELEY STREET,,,,,P2:Pedestrian,235282.7002,899882.0257
3348638,BOSTON,31-Jan-2013,10:40 AM,Non-fatal injury,3,1,0,Rear-end,V1: Slowing or stopped in traffic / V2:Slowing or stopped in traffic / V3:Travelling straight ahead,V1:Southbound / V2:Northbound / V3:Southbound ,V1: Collision with motor vehicle in traffic / V2: Collision with motor vehicle in traffic / V3: Collision with motor vehicle in traffic ,"V1: Light truck(van, mini-van, panel, pickup, sport utility) with only four tires / V2:Light truck(van, mini-van, panel, pickup, sport utility) with only four tires / V3:Light truck(van, mini-van, panel, pickup, sport utility) with only four tires",Wet,Daylight,Cloudy,,Rte 93 S,,Exit 12 on Rte 93 S,EXPRESSWAY MOTORS.,,237620.5493,892713.0989
3352160,BOSTON,31-Jan-2013,10:55 AM,Property damage only (none injured),6,0,0,Rear-end,V1: Slowing or stopped in traffic / V2:Slowing or stopped in traffic / V3:Slowing or stopped in traffic / V4:Slowing or stopped in traffic / V5:Slowing or stopped in traffic / V6:Travelling straight ahead,V1:Southbound / V2:Southbound / V3:Southbound / V4:Southbound / V5:Southbound / V6:Southbound ,V1: Collision with motor vehicle in traffic / V2: Collision with motor vehicle in traffic / V3: Collision with motor vehicle in traffic / V4: Collision with motor vehicle in traffic / V5: Collision with motor vehicle in traffic / V6: Collision with motor vehicle in traffic ,V1: Passenger car / V2:Passenger car / V3:Passenger car / V4:Passenger car / V5:Passenger car / V6:Passenger car,Dry,Daylight,Clear,,Rte 93 S,,Exit 15 on Rte 93 S,BOSTON ST OVERPASS,,236629.6253,897168.5001
3454059,BOSTON,31-Jan-2013,11:17 AM,Property damage only (none injured),3,0,0,Angle,V1: Travelling straight ahead / V2:Travelling straight ahead / V3:Travelling straight ahead,V1:Northbound / V2:Eastbound / V3:Eastbound ,V1: Collision with motor vehicle in traffic / V2: Collision with motor vehicle in traffic / V3: Collision with motor vehicle in traffic ,"V1: Passenger car / V2:Light truck(van, mini-van, panel, pickup, sport utility) with only four tires / V3:Single-unit truck (2-axle, 6-tire)",Dry,Daylight,Clear,,FRONTAGE ROAD / BROADWAY,,,,,236165.6755,899351.7012
3388314,BOSTON (DORCHESTER),31-Jan-2013,5:10 PM,Property damage only (none injured),1,0,0,Rear-end,V1: Slowing or stopped in traffic,V1:Not reported ,V1: Collision with motor vehicle in traffic ,V1: Passenger car,Dry,Dark - lighted roadway,Clear,DORCHESTER AVENUE / CHRISTOPHER STREET,,,,,,236219.094,894283.5627
3354241,BOSTON,31-Jan-2013,6:30 PM,Property damage only (none injured),2,0,0,Rear-end,V1: Slowing or stopped in traffic / V2:Slowing or stopped in traffic,V1:Eastbound / V2:Eastbound ,V1: Collision with motor vehicle in traffic / V2: Collision with motor vehicle in traffic ,"V1: Passenger car / V2:Light truck(van, mini-van, panel, pickup, sport utility) with only four tires",Dry,Dark - lighted roadway,Clear,,STORROW DRIVE / DAVID G MUGAR WAY,,,,,235214.6816,900915.4701
3384636,BOSTON,31-Jan-2013,7:03 PM,Property damage only (none injured),1,0,0,"Sideswipe, opposite direction",V1: Turning left,V1:Westbound ,V1: Collision with pedestrian ,V1: Passenger car,Dry,Dark - lighted roadway,Cloudy,,LOVELL STREET / FRANKFORT STREET,,,,P2:Pedestrian,239160.745,903180.3324