Crash Number,City/Town Name,Crash Date,Crash Time,Crash Severity,Number of Vehicles,Total Nonfatal Injuries,Total Fatal Injuries,Manner of Collision,Vehicle Action Prior to Crash,Vehicle Travel Directions,Most Harmful Events,Vehicle Configuration,Road Surface Condition,Ambient Light,Weather Condition,At Roadway Intersection,Distance from Nearest Roadway Intersection,Distance from Nearest Milemarker,Distance from Nearest Exit,Distance from Nearest Landmark,Non Motorist Type,X Coordinate,Y Coordinate
3391739,BOSTON (SOUTH BOSTON),31-Jan-2013,7:35 PM,Not Reported,2,0,0,Angle,V1: Travelling straight ahead / V2:Travelling straight ahead,V1:Eastbound / V2:Northbound ,V1: Not reported / V2: Collision with motor vehicle in traffic ,V1: Passenger car / V2:Passenger car,Dry,Dark - lighted roadway,Cloudy,A STREET / WEST FOURTH STREET,,,,,,236559.0784,899052.2498
3716562,BOSTON,31-Jan-2013,10:00 PM,Property damage only (none injured),2,0,0,"Sideswipe, same direction",V1: Travelling straight ahead / V2:Changing lanes,V1:Westbound / V2:Westbound ,V1: Collision with motor vehicle in traffic / V2: Collision with motor vehicle in traffic ,"V1: Light truck(van, mini-van, panel, pickup, sport utility) with only four tires / V2:Passenger car",Dry,Dark - lighted roadway,Clear,,RAMP - STORROW DR TO RT 2A WB,,,,,233932.3733,900269.5514
3349507,BOSTON,01-Feb-2013,1:53 AM,Non-fatal injury,2,2,0,Head-on,V1: Travelling straight ahead / V2:Travelling straight ahead,V1:Eastbound / V2:Westbound ,V1: Collision with motor vehicle in traffic / V2: Collision with motor vehicle in traffic ,V1: Passenger car / V2:Passenger car,Dry,Dark - lighted roadway,Not Reported,RAMP - RT 3 TO RT 28 SB / STORROW DRIVE Rte 28 S,,,,CHARLES CIRCLE RAMP TO STORROW W,,235200.8678,901325.5785
3387533,BOSTON (DORCHESTER),01-Feb-2013,6:45 AM,Not Reported,2,0,0,Not reported,V1: Slowing or stopped in traffic / V2:Travelling straight ahead,V1:Northbound / V2:Northbound ,V1: Collision with motor vehicle in traffic / V2: Collision with motor vehicle in traffic ,"V1: Light truck(van, mini-van, panel, pickup, sport utility) with only four tires / V2:Light truck(van, mini-van, panel, pickup, sport utility) with only four tires",Not reported,Not reported,Not Reported,DORCHESTER AVENUE / BAY STREET,,,,,,236473.8283,895746.8751
3388317,BOSTON (DORCHESTER),01-Feb-2013,7:10 AM,Property damage only (none injured),1,0,0,Single vehicle crash,V1: Travelling straight ahead,V1:Not reported ,V1: Collision with pedestrian ,V1: Passenger car,Dry,Daylight,Clear,BELFORT STREET / DORCHESTER AVENUE,,,,1035 DORCHESTER AVENUE,P2:Pedestrian,236547.3751,896198.8124
3354883,BOSTON,01-Feb-2013,8:20 AM,Non-fatal injury,2,1,0,Rear-end,V1: Slowing or stopped in traffic / V2:Travelling straight ahead,V1:Northbound / V2:Northbound ,V1: Collision with motor vehicle in traffic / V2: Collision with motor vehicle in traffic ,"V1: Light truck(van, mini-van, panel, pickup, sport utility) with only four tires / V2:Passenger car",Dry,Daylight,Clear,,0 feet N from Intersection CENTRE STREET / 1143 ALLANDALE STREET,,,,,230680.2344,894475.3124
3352161,BOSTON,01-Feb-2013,10:11 AM,Property damage only (none injured),2,0,0,Rear-end,V1: Travelling straight ahead / V2:Slowing or stopped in traffic,V1:Northbound / V2:Northbound ,V1: Collision with motor vehicle in traffic / V2: Collision with motor vehicle in traffic ,"V1: Passenger car / V2:Light truck(van, mini-van, panel, pickup, sport utility) with only four tires",Dry,Daylight,Clear,,Rte 93 N,,Exit 13 on Rte 93 N,,,237420.1414,894076.5227
3371686,BOSTON (ROXBURY),01-Feb-2013,1:59 PM,Non-fatal injury,2,1,0,Not reported,V1: Travelling straight ahead / V2:Turning left,V1:Not reported / V2:Not reported ,V1: Collision with motor vehicle in traffic / V2: Collision with motor vehicle in traffic ,V1: Passenger car / V2:Passenger car,Not reported,Not reported,Not Reported,MELNEA CASS BOULEVARD / WASHINGTON STREET,,,,,,234535.2381,898131.509
3352446,BOSTON,01-Feb-2013,6:00 PM,Property damage only (none injured),2,0,0,Rear-end,V1: Slowing or stopped in traffic / V2:Travelling straight ahead,V1:Southbound / V2:Southbound ,V1: Collision with motor vehicle in traffic / V2: Collision with motor vehicle in traffic ,"V1: Light truck(van, mini-van, panel, pickup, sport utility) with only four tires / V2:Light truck(van, mini-van, panel, pickup, sport utility) with only four tires","Sand, mud, dirt, oil, gravel",Dark - lighted roadway,Cloudy,,Rte 93 S,,Exit 15 on Rte 93,,,236629.6253,897168.5001
3350120,BOSTON,01-Feb-2013,6:31 PM,Non-fatal injury,2,1,0,"Sideswipe, same direction",V1: Changing lanes / V2:Travelling straight ahead,V1:Northbound / V2:Southbound ,V1: Collision with motor vehicle in traffic / V2: Collision with motor vehicle in traffic ,V1: Passenger car / V2:Passenger car,Dry,Dark - lighted roadway,Clear,,Rte 93 S,,Exit 23 on Rte 93 S,,,236856.2793,901152.8251
3364734,BOSTON,01-Feb-2013,8:17 PM,Non-fatal injury,2,2,0,"Sideswipe, opposite direction",V1: Slowing or stopped in traffic / V2:Travelling straight ahead,V1:Westbound / V2:Eastbound ,V1: Collision with motor vehicle in traffic / V2: Not reported ,V1: Truck/trailer / V2:Passenger car,Dry,Dark - lighted roadway,Clear/Clear,PARK STREET / GREENBRIER STREET,,,,,,235438.3749,894035.4998
3352319,BOSTON,01-Feb-2013,10:15 PM,Property damage only (none injured),2,0,0,"Sideswipe, same direction",V1: Changing lanes / V2:Changing lanes,V1:Southbound / V2:Southbound ,V1: Collision with motor vehicle in traffic / V2: Collision with motor vehicle in traffic ,"V1: Passenger car / V2:Light truck(van, mini-van, panel, pickup, sport utility) with only four tires",Dry,Daylight,Clear,,Rte 93 S,,Exit 20 on Rte 93 S,,,236954.209,900826.9442
3351892,BOSTON,02-Feb-2013,2:28 AM,Property damage only (none injured),1,0,0,Single vehicle crash,V1: Turning left,V1:Eastbound ,V1: Collision with guardrail ,V1: Passenger car,Dry,Dark - lighted roadway,Clear,,DAVID G MUGAR WAY / STORROW DRIVE,,,,,235214.6816,900915.47
3371677,BOSTON,02-Feb-2013,2:30 AM,Non-fatal injury,2,1,0,Not reported,V1: Overtaking/passing / V2:Parked,V1:Westbound / V2:Not reported ,V1: Collision with parked motor vehicle / V2: Collision with motor vehicle in traffic ,V1: Passenger car / V2:Passenger car,Not reported,Not reported,Not Reported,,364 WARREN STREET,,,,,234481.916,896525.6433
3378196,BOSTON (WEST ROXBURY),02-Feb-2013,3:00 AM,Property damage only (none injured),2,0,0,Not reported,V1: Travelling straight ahead / V2:Parked,V1:Westbound / V2:Not reported ,V1: Not reported / V2: Not reported ,V1: Passenger car / V2:Passenger car,Dry,Dark - lighted roadway,Clear/Clear,,4 COREY STREET,,,,,236538.1145,903043.1792
3354829,BOSTON,02-Feb-2013,3:05 AM,Property damage only (none injured),1,0,0,Single vehicle crash,V1: Travelling straight ahead,V1:Southbound ,V1: Collision with median barrier ,"V1: Light truck(van, mini-van, panel, pickup, sport utility) with only four tires",Dry,Dark - lighted roadway,Clear,,Rte 93 S,,,,,236665.5292,900402.2801
3350121,BOSTON,02-Feb-2013,4:20 AM,Non-fatal injury,2,1,0,Angle,V1: Travelling straight ahead / V2:Travelling straight ahead,V1:Eastbound / V2:Southbound ,V1: Collision with motor vehicle in traffic / V2: Collision with motor vehicle in traffic ,V1: Passenger car / V2:Passenger car,Dry,Dark - lighted roadway,Not Reported,,COLUMBIA ROAD / DORCHESTER AVENUE,,,,,236535.6564,896787.6252
3351897,BOSTON,02-Feb-2013,8:53 AM,Property damage only (none injured),2,0,0,"Sideswipe, same direction",V1: Changing lanes / V2:Travelling straight ahead,V1:Northbound / V2:Northbound ,V1: Collision with motor vehicle in traffic / V2: Collision with motor vehicle in traffic ,V1: Passenger car / V2:Passenger car,Dry,Daylight,Clear,,Rte 93 N,,Exit 15 on Rte 93 N,,,236972.2496,896473.4282
3354830,BOSTON,02-Feb-2013,1:01 PM,Non-fatal injury,8,2,0,Rear-end,V1: Travelling straight ahead / V2:Travelling straight ahead / V3:Travelling straight ahead / V4:Travelling straight ahead / V5:Travelling straight ahead / V6:Travelling straight ahead / V7:Travelling straight ahead / V8:Travelling straight ahead,V1:Northbound / V2:Northbound / V3:Northbound / V4:Northbound / V5:Northbound / V6:Northbound / V7:Northbound / V8:Northbound ,V1: Collision with motor vehicle in traffic / V2: Collision with motor vehicle in traffic / V3: Collision with motor vehicle in traffic / V4: Collision with motor vehicle in traffic / V5: Collision with motor vehicle in traffic / V6: Collision with motor vehicle in traffic / V7: Collision with motor vehicle in traffic / V8: Collision with motor vehicle in traffic ,"V1: Passenger car / V2:Passenger car / V3:Passenger car / V4:Light truck(van, mini-van, panel, pickup, sport utility) with only four tires / V5:Light truck(van, mini-van, panel, pickup, sport utility) with only four tires / V6:Light truck(van, mini-van, panel, pickup, sport utility) with only four tires / V7:Light truck(van, mini-van, panel, pickup, sport utility) with only four tires / V8:Light truck(van, mini-van, panel, pickup, sport utility) with only four tires",Dry,Daylight,Clear,,Rte 93,,,,,236873.3679,900520.4569
3354831,BOSTON,02-Feb-2013,2:16 PM,Property damage only (none injured),3,0,0,Rear-end,V1: Travelling straight ahead / V2:Slowing or stopped in traffic / V3:Slowing or stopped in traffic,V1:Northbound / V2:Northbound / V3:Northbound ,V1: Collision with motor vehicle in traffic / V2: Collision with motor vehicle in traffic / V3: Collision with motor vehicle in traffic ,"V1: Light truck(van, mini-van, panel, pickup, sport utility) with only four tires / V2:Passenger car / V3:Passenger car",Dry,Daylight,Clear,,Rte 93 N,,Exit 18 on Rte 93 N,,,236146.0342,897892.2406
3352447,BOSTON,02-Feb-2013,4:45 PM,Property damage only (none injured),2,0,0,Rear-end,V1: Travelling straight ahead / V2:Slowing or stopped in traffic,V1:Eastbound / V2:Eastbound ,V1: Collision with motor vehicle in traffic / V2: Collision with moped ,"V1: Passenger car / V2:Light truck(van, mini-van, panel, pickup, sport utility) with only four tires",Dry,Daylight,Cloudy,,MORTON STREET / NORFOLK STREET,,,,,234066.8436,892435.125
3352162,BOSTON,02-Feb-2013,5:15 PM,Property damage only (none injured),3,0,0,Rear-end,V1: Slowing or stopped in traffic / V2:Slowing or stopped in traffic / V3:Travelling straight ahead,V1:Southbound / V2:Southbound / V3:Southbound ,V1: Collision with motor vehicle in traffic / V2: Collision with motor vehicle in traffic / V3: Collision with motor vehicle in traffic ,V1: Passenger car / V2:Passenger car / V3:Passenger car,Dry,Daylight,Clear,,Rte 93 S,,Exit 15 on Rte 93 S,,,236629.6253,897168.5001
3354832,BOSTON,02-Feb-2013,5:35 PM,Property damage only (none injured),2,0,0,Rear-end,V1: Travelling straight ahead / V2:Slowing or stopped in traffic,V1:Westbound / V2:Westbound ,V1: Collision with motor vehicle in traffic / V2: Collision with motor vehicle in traffic ,V1: Passenger car / V2:Passenger car,Dry,Dark - lighted roadway,Clear,,RAMP - LEVERETT CONNECTOR TO STORROW DRI Rte 3A N / RAMP-RT 93 NB TO STORROW DRIVE Rte 3 N,,,,,235580.3093,901875.0402
3384627,BOSTON,02-Feb-2013,6:04 PM,Non-fatal injury,1,2,0,Single vehicle crash,V1: Backing,V1:Eastbound ,V1: Collision with pedestrian ,V1: Passenger car,Dry,Dark - lighted roadway,Clear,,,,,RENTAL CAR PARKING LOT???,P2:Pedestrian / P3:Pedestrian,,
3355473,BOSTON,02-Feb-2013,7:44 PM,Non-fatal injury,1,34,0,Single vehicle crash,V1: Travelling straight ahead,V1:Southbound ,V1: Collision with overhead sign support ,"V1: Bus (seats for more than 15 people, including driver)",Dry,Dark - lighted roadway,Clear,,SOLDIERS FIELD ROAD / WESTERN AVENUE,,,WESTERN AVE BRIDGE OVERPASS,,231463.2281,901589.1256
3384524,BOSTON,02-Feb-2013,10:35 PM,Property damage only (none injured),2,0,0,Rear-end,V1: Travelling straight ahead / V2:Not reported,V1:Westbound / V2:Westbound ,V1: Collision with motor vehicle in traffic / V2: Not reported ,V1: Passenger car / V2:Not reported,Dry,Dark - lighted roadway,Cloudy,,MASSACHUSETTS TURNPIKE Rte 90 W / RAMP - CLARENDON STREET TO I90 WB,,,PRU TUNNEL,,234824.0345,899794.7858
3362663,BOSTON,03-Feb-2013,3:35 AM,Non-fatal injury,1,1,0,Single vehicle crash,V1: Travelling straight ahead,V1:Eastbound ,V1: Collision with motor vehicle in traffic ,V1: Passenger car,Ice,Dark - lighted roadway,"Sleet, hail (freezing rain or drizzle)",STORROW DRIVE / RAMP - BERKELEY ST TO RT 28 NB / EMBANKMENT ROAD,,,,STORROW TUNNEL,,235195.3786,900841.4738
3387531,BOSTON (DORCHESTER),03-Feb-2013,6:40 AM,Non-fatal injury,2,2,0,Angle,V1: Travelling straight ahead / V2:Turning left,V1:Northbound / V2:Not reported ,V1: Collision with motor vehicle in traffic / V2: Collision with motor vehicle in traffic ,"V1: Passenger car / V2:Light truck(van, mini-van, panel, pickup, sport utility) with only four tires",Snow,Daylight,"Snow/Blowing sand, snow",FREEPORT STREET / RAMP - FREEPORT ST TO RT 93 SB,,,,,,236997.2188,894708.3123
3350412,BOSTON,03-Feb-2013,8:53 AM,Property damage only (none injured),1,0,0,Single vehicle crash,V1: Travelling straight ahead,V1:Westbound ,V1: Collision with guardrail ,V1: Passenger car,Wet,Daylight,Cloudy/Snow,,STORROW DRIVE Rte 28 S / RAMP - RT 3 TO RT 28 SB,,,PRIOR TO HATCH SHELL,,235238.9813,901144.1628
3351898,BOSTON,03-Feb-2013,3:09 PM,Property damage only (none injured),2,0,0,Rear-end,V1: Parked / V2:Travelling straight ahead,V1:Southbound / V2:Southbound ,V1: Collision with motor vehicle in traffic / V2: Collision with motor vehicle in traffic ,"V1: Light truck(van, mini-van, panel, pickup, sport utility) with only four tires / V2:Passenger car",Snow,Daylight,Snow,,Rte 93 S,,Exit 15 on Rte 93 S,,,236629.6253,897168.5001
3354833,BOSTON,03-Feb-2013,7:19 PM,Property damage only (none injured),1,0,0,Angle,V1: Leaving traffic lane,V1:Eastbound ,V1: Collision with median barrier ,V1: Passenger car,Wet,Dark - lighted roadway,Cloudy/Snow,,Rte 90 E,,Exit 22 on Rte 90 E,,,234741.7413,899775.696
3378199,BOSTON (ROSLINDALE),03-Feb-2013,7:57 PM,Not Reported,2,0,0,Not reported,V1: Travelling straight ahead / V2:Turning left,V1:Not reported / V2:Not reported ,V1: Collision with motor vehicle in traffic / V2: Collision with motor vehicle in traffic ,V1: Passenger car / V2:Passenger car,Not reported,Not reported,Not Reported,BELGRADE AVENUE / WALWORTH STREET,,,,,,229903.5781,892927.3751
3350488,BOSTON,03-Feb-2013,10:02 PM,Property damage only (none injured),2,0,0,Angle,V1: Changing lanes / V2:Travelling straight ahead,V1:Westbound / V2:Westbound ,V1: Collision with curb / V2: Collision with motor vehicle in traffic ,V1: Passenger car / V2:Passenger car,Snow,Dark - lighted roadway,Cloudy/Snow,,STORROW DRIVE / DAVID G MUGAR WAY Rte 28 S,,,BY THE ESPLANADE,,235161.0845,900779.2026
3349846,BOSTON,04-Feb-2013,6:25 AM,Non-fatal injury,1,1,0,Single vehicle crash,V1: Turning right,V1:Westbound ,V1: Other ,V1: Passenger car,Dry,Dawn,Cloudy,,Rte 93 N,,Exit 20 on Rte 93 N,,,235935.6734,898219.8317
3354834,BOSTON,04-Feb-2013,7:49 AM,Property damage only (none injured),1,0,0,Single vehicle crash,V1: Travelling straight ahead,V1:Southbound ,V1: Collision with motor vehicle in traffic ,V1: Passenger car,Dry,Daylight,Clear,,Rte 93 S,,,,,236179.1261,901857.597
3390698,BOSTON,04-Feb-2013,8:10 AM,Property damage only (none injured),2,0,0,Angle,V1: Travelling straight ahead / V2:Travelling straight ahead,V1:Southbound / V2:Southbound ,V1: Collision with motor vehicle in traffic / V2: Collision with motor vehicle in traffic ,V1: Passenger car / V2:Tractor/semi-trailer,Dry,Daylight,Clear,,RAMP - RT 1 SB TO RUTHERFORD AVENUE / RAMP - RT 1 SB TO RUTHERFORD AVENUE,,,RAMP FROM CANA TO RUTHERFORD AV,,235799.6454,902457.2383
3350413,BOSTON,04-Feb-2013,3:52 PM,Non-fatal injury,3,1,0,Angle,V1: Travelling straight ahead / V2:Travelling straight ahead / V3:Travelling straight ahead,V1:Westbound / V2:Westbound / V3:Northbound ,V1: Collision with motor vehicle in traffic / V2: Collision with motor vehicle in traffic / V3: Collision with motor vehicle in traffic ,"V1: Light truck(van, mini-van, panel, pickup, sport utility) with only four tires / V2:Passenger car / V3:Light truck(van, mini-van, panel, pickup, sport utility) with only four tires",Dry,Daylight,Clear,RIVERWAY / BROOKLINE AVENUE,,,,,,232136.0747,898499.2837
3386830,BOSTON,04-Feb-2013,4:11 PM,Non-fatal injury,2,1,0,Angle,V1: Turning right / V2:Travelling straight ahead,V1:Northbound / V2:Northbound ,V1: Collision with motor vehicle in traffic / V2: Collision with motor vehicle in traffic ,"V1: Light truck(van, mini-van, panel, pickup, sport utility) with only four tires / V2:Light truck(van, mini-van, panel, pickup, sport utility) with only four tires",Dry,Daylight,Clear,DORCHESTER AVENUE / ASHMONT STREET,,,,,,235981.2121,892919.3766
3372088,BOSTON (BRIGHTON),04-Feb-2013,4:45 PM,Property damage only (none injured),2,0,0,Rear-end,V1: Travelling straight ahead / V2:Travelling straight ahead,V1:Not reported / V2:Not reported ,V1: Collision with motor vehicle in traffic / V2: Collision with motor vehicle in traffic ,V1: Passenger car / V2:Passenger car,Dry,Dark - lighted roadway,Clear/Clear,,COMMONWEALTH AVENUE / ALCORN STREET,,,,,231044.4846,900247.7499
3352163,BOSTON,04-Feb-2013,5:10 PM,Property damage only (none injured),3,0,0,Rear-end,V1: Slowing or stopped in traffic / V2:Travelling straight ahead / V3:Not reported,V1:Eastbound / V2:Eastbound / V3:Not reported ,V1: Collision with motor vehicle in traffic / V2: Collision with motor vehicle in traffic / V3: Not reported ,V1: Passenger car / V2:Passenger car / V3:Not reported,Dry,Dusk,Clear,,GALLIVAN BOULEVARD,,,NEPONSET CIRCLE,,237731.8737,892907.403
3384661,BOSTON,04-Feb-2013,7:13 PM,Property damage only (none injured),3,0,0,Rear-end,V1: Slowing or stopped in traffic / V2:Slowing or stopped in traffic / V3:Travelling straight ahead,V1:Southbound / V2:Southbound / V3:Southbound ,V1: Collision with motor vehicle in traffic / V2: Collision with motor vehicle in traffic / V3: Collision with motor vehicle in traffic ,V1: Passenger car / V2:Passenger car / V3:Passenger car,Dry,Dark - lighted roadway,Clear,,JOHN F FITZGERALD EXPRESSWAY Rte 93 S / RAMP - FREEPORT ST TO RT 93 SB,,,RAMADA CUT OUT,,237414.3321,894036.8266
3378189,BOSTON,04-Feb-2013,9:25 PM,Property damage only (none injured),2,0,0,"Sideswipe, same direction",V1: Parked / V2:Unknown,V1:Not reported / V2:Southbound ,V1: Collision with motor vehicle in traffic / V2: Collision with parked motor vehicle ,V1: Passenger car / V2:Passenger car,Dry,Dark - lighted roadway,Clear,,50 CONGRESS STREET,,,,,236537.0197,900916.8858
3385673,BOSTON,04-Feb-2013,11:20 PM,Non-fatal injury,2,2,0,Rear-end,V1: Slowing or stopped in traffic / V2:Travelling straight ahead,V1:Eastbound / V2:Eastbound ,V1: Collision with motor vehicle in traffic / V2: Collision with motor vehicle in traffic ,"V1: Passenger car / V2:Light truck(van, mini-van, panel, pickup, sport utility) with only four tires",Dry,Dark - lighted roadway,Clear,,270 COMMONWEALTH AVENUE,,,,,234283.579,900044.7201
3364218,BOSTON,05-Feb-2013,3:53 AM,Property damage only (none injured),1,0,0,Single vehicle crash,V1: Travelling straight ahead,V1:Eastbound ,V1: Other ,V1: Passenger car,Dry,Dark - lighted roadway,Clear,,Rte 90 E,,Exit 24 on Rte 90 E,,,236020.7529,899669.4659
3362174,BOSTON,05-Feb-2013,6:23 AM,Non-fatal injury,4,1,0,Rear-end,V1: Slowing or stopped in traffic / V2:Slowing or stopped in traffic / V3:Slowing or stopped in traffic / V4:Travelling straight ahead,V1:Northbound / V2:Northbound / V3:Northbound / V4:Northbound ,V1: Collision with motor vehicle in traffic / V2: Collision with motor vehicle in traffic / V3: Collision with motor vehicle in traffic / V4: Collision with motor vehicle in traffic ,"V1: Light truck(van, mini-van, panel, pickup, sport utility) with only four tires / V2:Passenger car / V3:Light truck(van, mini-van, panel, pickup, sport utility) with only four tires / V4:Passenger car",Dry,Daylight,Not Reported,,Rte 93 N,,Exit 14 on Rte 93 N,,,237258.9796,894483.3974
3354835,BOSTON,05-Feb-2013,11:03 AM,Property damage only (none injured),1,0,0,Single vehicle crash,V1: Changing lanes,V1:Southbound ,V1: Collision with median barrier ,V1: Passenger car,Dry,Daylight,Clear,,Rte 93 S,,Exit 20 on Rte 93 S,,,236954.209,900826.9442
3388322,BOSTON,05-Feb-2013,5:16 PM,Non-fatal injury,2,1,0,Angle,V1: Travelling straight ahead / V2:Travelling straight ahead,V1:Eastbound / V2:Southbound ,V1: Collision with motor vehicle in traffic / V2: Collision with motor vehicle in traffic ,V1: Passenger car / V2:Passenger car,Snow,Dark - lighted roadway,Clear,PARK STREET / ALPHA ROAD,,,,,,235438.3749,894035.4998
3378187,BOSTON,05-Feb-2013,9:05 PM,Not Reported,2,0,0,Not reported,V1: Travelling straight ahead / V2:Travelling straight ahead,V1:Not reported / V2:Westbound ,V1: Collision with motor vehicle in traffic / V2: Collision with motor vehicle in traffic ,"V1: Not reported / V2:Light truck(van, mini-van, panel, pickup, sport utility) with only four tires",Not reported,Not reported,Not Reported,,116 SPRING STREET,,,,,227601.2943,891871.5172
3354836,BOSTON,05-Feb-2013,10:39 PM,Property damage only (none injured),2,0,0,"Sideswipe, same direction",V1: Turning right / V2:Travelling straight ahead,V1:Westbound / V2:Westbound ,V1: Other / V2: Collision with motor vehicle in traffic ,"V1: Light truck(van, mini-van, panel, pickup, sport utility) with only four tires / V2:Light truck(van, mini-van, panel, pickup, sport utility) with only four tires",Wet,Dark - lighted roadway,Snow,RAMP - RT 90 WB TO RT 93 NB / RAMP - RT 90 WB TO RT 93 SB Rte 1A S / RAMP - RT 90 WB/CONGRESS STREET TO RT 93 Rte 1A S,,,,RAMP D/RT 93 SPLIT,,236475.7222,899745.5214
3354837,BOSTON,05-Feb-2013,11:10 PM,Property damage only (none injured),1,0,0,Single vehicle crash,V1: Travelling straight ahead,V1:Westbound ,V1: Collision with median barrier ,V1: Passenger car,Wet,Dark - lighted roadway,Snow,RAMP - RT 90 WB/CONGRESS STREET TO RT 93 Rte 1A S / RAMP - RT 90 WB TO RT 93 SB Rte 1A S / RAMP - RT 90 WB TO RT 93 NB,,,,RAMP D/RT 93 SPLIT,,236475.7222,899745.5214
3354838,BOSTON,06-Feb-2013,00:00 AM,Property damage only (none injured),2,0,0,Angle,V1: Backing / V2:Travelling straight ahead,V1:Westbound / V2:Westbound ,V1: Collision with motor vehicle in traffic / V2: Collision with motor vehicle in traffic ,V1: Passenger car / V2:Passenger car,Wet,Dark - lighted roadway,Snow,,Rte 90 W,,Exit 20 on Rte 90 W,,,231452.5043,900558.3731
3354871,BOSTON,06-Feb-2013,7:35 AM,Property damage only (none injured),3,0,0,Rear-end,V1: Slowing or stopped in traffic / V2:Slowing or stopped in traffic / V3:Travelling straight ahead,V1:Southbound / V2:Southbound / V3:Southbound ,V1: Collision with motor vehicle in traffic / V2: Collision with motor vehicle in traffic / V3: Collision with motor vehicle in traffic ,"V1: Light truck(van, mini-van, panel, pickup, sport utility) with only four tires / V2:Light truck(van, mini-van, panel, pickup, sport utility) with only four tires / V3:Passenger car",Wet,Daylight,Cloudy,,Rte 93 S,,Exit 15 on Rte 93 S,,,236629.6253,897168.5001
3388316,BOSTON (DORCHESTER),06-Feb-2013,8:07 AM,Property damage only (none injured),3,0,0,Rear-end,V1: Travelling straight ahead / V2:Travelling straight ahead / V3:Not reported,V1:Not reported / V2:Not reported / V3:Not reported ,V1: Collision with motor vehicle in traffic / V2: Collision with motor vehicle in traffic / V3: Not reported ,"V1: Passenger car / V2:Passenger car / V3:Light truck(van, mini-van, panel, pickup, sport utility) with only four tires",Wet,Daylight,Clear,,161 GRANITE AVENUE,,,,,236792.7088,892086.7066
3354864,BOSTON,06-Feb-2013,8:12 AM,Property damage only (none injured),2,0,0,Rear-end,V1: Travelling straight ahead / V2:Travelling straight ahead,V1:Eastbound / V2:Eastbound ,V1: Collision with motor vehicle in traffic / V2: Collision with motor vehicle in traffic ,"V1: Light truck(van, mini-van, panel, pickup, sport utility) with only four tires / V2:Light truck(van, mini-van, panel, pickup, sport utility) with only four tires","Sand, mud, dirt, oil, gravel",Daylight,Not Reported,UNIVERSITY ROAD / STORROW DRIVE,,,,,,232286.1875,900193.4999
3353372,BOSTON,06-Feb-2013,11:01 AM,Non-fatal injury,2,2,0,Head-on,V1: Backing / V2:Slowing or stopped in traffic,V1:Northbound / V2:Northbound ,V1: Collision with pedestrian / V2: Not reported ,V1: Passenger car / V2:Truck/trailer,Dry,Daylight,Clear/Clear,,50 BEACH STREET,,,,,236189.0358,900197.1247
3372089,BOSTON,06-Feb-2013,12:15 PM,Not Reported,1,0,0,"Sideswipe, same direction",V1: Travelling straight ahead,V1:Not reported ,"V1: Collision with cyclist (bicycle, tricycle, unicycle, pedal car) ",V1: Not reported,Dry,Daylight,Clear/Clear,FANEUIL STREET / ARLINGTON STREET,,,,,,227997.547,900299
3384654,BOSTON,06-Feb-2013,12:42 PM,Property damage only (none injured),2,0,0,Rear-end,V1: Parked / V2:Entering traffic lane,V1:Westbound / V2:Westbound ,V1: Collision with motor vehicle in traffic / V2: Collision with motor vehicle in traffic ,"V1: Light truck(van, mini-van, panel, pickup, sport utility) with only four tires / V2:Passenger car",Wet,Daylight,Clear,AUSTIN STREET / NEW RUTHERFORD AVENUE,,,,GILMORE BRIDGE,,235618.5466,902724.7501
3385672,BOSTON,06-Feb-2013,1:30 PM,Non-fatal injury,2,2,0,"Sideswipe, same direction",V1: Travelling straight ahead / V2:Not reported,V1:Northbound / V2:Not reported ,V1: Collision with motor vehicle in traffic / V2: Not reported ,V1: Passenger car / V2:Not reported,Snow,Dark - lighted roadway,Snow,THORNDIKE STREET / WASHINGTON STREET,,,,,,234626.1785,898266.1563
3359855,BOSTON,06-Feb-2013,2:53 PM,Property damage only (none injured),4,0,0,Rear-end,V1: Slowing or stopped in traffic / V2:Slowing or stopped in traffic / V3:Slowing or stopped in traffic / V4:Travelling straight ahead,V1:Northbound / V2:Northbound / V3:Northbound / V4:Northbound ,V1: Collision with motor vehicle in traffic / V2: Collision with motor vehicle in traffic / V3: Collision with motor vehicle in traffic / V4: Collision with motor vehicle in traffic ,"V1: Passenger car / V2:Passenger car / V3:Light truck(van, mini-van, panel, pickup, sport utility) with only four tires / V4:Single-unit truck (2-axle, 6-tire)",Dry,Dark - lighted roadway,Clear,,Rte 93 N,,Exit 23 on Rte 93,,,236957.4837,900943.9828
3353239,BOSTON,06-Feb-2013,5:00 PM,Property damage only (none injured),2,0,0,"Sideswipe, same direction",V1: Turning right / V2:Travelling straight ahead,V1:Southbound / V2:Southbound ,V1: Collision with motor vehicle in traffic / V2: Collision with motor vehicle in traffic ,"V1: Light truck(van, mini-van, panel, pickup, sport utility) with only four tires / V2:Passenger car",Dry,Dusk,Cloudy,,JAMAICAWAY / PERKINS STREET,,,,,231606.1562,896796.9999