Crash Number,City/Town Name,Crash Date,Crash Time,Crash Severity,Number of Vehicles,Total Nonfatal Injuries,Total Fatal Injuries,Manner of Collision,Vehicle Action Prior to Crash,Vehicle Travel Directions,Most Harmful Events,Vehicle Configuration,Road Surface Condition,Ambient Light,Weather Condition,At Roadway Intersection,Distance from Nearest Roadway Intersection,Distance from Nearest Milemarker,Distance from Nearest Exit,Distance from Nearest Landmark,Non Motorist Type,X Coordinate,Y Coordinate
3354154,BOSTON,06-Feb-2013,6:44 PM,Property damage only (none injured),2,0,0,Rear-end,V1: Slowing or stopped in traffic / V2:Slowing or stopped in traffic,V1:Southbound / V2:Southbound ,V1: Collision with motor vehicle in traffic / V2: Collision with motor vehicle in traffic ,V1: Motorcycle / V2:Passenger car,Wet,Dark - lighted roadway,Clear/Cloudy,RAMP TO CHARLES CIRCLE / STORROW DRIVE Rte 28 N,,,,OFF RAMP TO CHARLES CIRCLE,,235254.3907,901130.5454
3384662,BOSTON,06-Feb-2013,11:50 PM,Property damage only (none injured),1,0,0,Single vehicle crash,V1: Travelling straight ahead,V1:Northbound ,V1: Reported but invalid ,"V1: Light truck(van, mini-van, panel, pickup, sport utility) with only four tires",Dry,Dark - lighted roadway,Clear,,JOHN F FITZGERALD EXPRESSWAY Rte 93 N / RAMP - RT 93 NB TO SOUTHAMPTON ST,,,PRIOR TO EXIT 16,,236447.6194,897458.306
3388275,BOSTON,07-Feb-2013,4:45 AM,Property damage only (none injured),2,0,0,"Sideswipe, same direction",V1: Travelling straight ahead / V2:Changing lanes,V1:Southbound / V2:Southbound ,V1: Collision with motor vehicle in traffic / V2: Collision with motor vehicle in traffic ,V1: Passenger car / V2:Passenger car,Dry,Dark - lighted roadway,Clear,,GENERAL CASIMIR PULASKI SKYWAY Rte 93 S,,,NORTH HOV BUILDING,,236763.239,895370.7466
3363094,BOSTON,07-Feb-2013,7:20 AM,Property damage only (none injured),3,0,0,"Sideswipe, same direction",V1: Travelling straight ahead / V2:Travelling straight ahead / V3:Changing lanes,V1:Westbound / V2:Westbound / V3:Westbound ,V1: Collision with motor vehicle in traffic / V2: Collision with motor vehicle in traffic / V3: Collision with motor vehicle in traffic ,"V1: Passenger car / V2:Single-unit truck (2-axle, 6-tire) / V3:Passenger car",Wet,Daylight,Cloudy,,Rte 90 W,,Exit 25 on Rte 90,,,238090.4393,899691.5691
3379028,BOSTON,07-Feb-2013,8:20 AM,Property damage only (none injured),2,0,0,Rear-end,V1: Parked / V2:Backing,V1:Not reported / V2:Westbound ,V1: Not reported / V2: Collision with pedestrian ,"V1: Light truck(van, mini-van, panel, pickup, sport utility) with only four tires / V2:Passenger car",Dry,Daylight,Clear/Clear,,289 CAUSEWAY STREET,,,,,236385.6056,901937.1538
3352164,BOSTON,07-Feb-2013,11:11 AM,Property damage only (none injured),2,0,0,Rear-end,V1: Travelling straight ahead / V2:Slowing or stopped in traffic,V1:Southbound / V2:Southbound ,V1: Collision with motor vehicle in traffic / V2: Collision with motor vehicle in traffic ,"V1: Passenger car / V2:Light truck(van, mini-van, panel, pickup, sport utility) with only four tires",Dry,Daylight,Clear,,Rte 93 S,,Exit 15 on Rte 93 S,,,236629.6253,897168.5001
3379026,BOSTON,07-Feb-2013,11:21 AM,Not Reported,2,0,0,Head-on,V1: Travelling straight ahead / V2:Travelling straight ahead,V1:Not reported / V2:Not reported ,V1: Collision with motor vehicle in traffic / V2: Collision with motor vehicle in traffic ,V1: Passenger car / V2:Passenger car,Dry,Daylight,Clear/Clear,CAUSEWAY STREET / MERRIMAC STREET,,,,,,235966.8495,901616.6408
3359681,BOSTON,07-Feb-2013,1:19 PM,Property damage only (none injured),2,0,0,Rear-end,V1: Slowing or stopped in traffic / V2:Travelling straight ahead,V1:Northbound / V2:Northbound ,V1: Collision with motor vehicle in traffic / V2: Collision with motor vehicle in traffic ,"V1: Light truck(van, mini-van, panel, pickup, sport utility) with only four tires / V2:Passenger car",Dry,Daylight,Clear,,Rte 93 N,,Exit 14 on Rte 93 N,,,237258.9796,894483.3974
3391036,BOSTON,07-Feb-2013,3:55 PM,Non-fatal injury,3,1,0,Rear-end,V1: Slowing or stopped in traffic / V2:Travelling straight ahead / V3:Travelling straight ahead,V1:Southbound / V2:Southbound / V3:Southbound ,V1: Collision with motor vehicle in traffic / V2: Collision with motor vehicle in traffic / V3: Collision with motor vehicle in traffic ,"V1: Bus (seats for 7-15 people, including driver) / V2:Passenger car / V3:Passenger car",Dry,Dusk,Clear,,72 feet S from Intersection JOHN F FITZGERALD EXPRESSWAY Rte 93 S / UNNAMED ROAD,,,ZAKIM BRIDGE,,235907.8698,902182.4448
3384749,BOSTON,07-Feb-2013,4:20 PM,Non-fatal injury,1,1,0,"Sideswipe, same direction",V1: Travelling straight ahead,V1:Northbound ,V1: Collision with motor vehicle in traffic ,V1: Passenger car,Dry,Dark - lighted roadway,Clear,,JOHN F FITZGERALD EXPRESSWAY Rte 93 N,,,HOV BLDG NORTH,,236785.3083,895369.3886
3384741,BOSTON,07-Feb-2013,5:01 PM,Not Reported,2,0,0,Rear-end,V1: Parked / V2:Not reported,V1:Not reported / V2:Not reported ,V1: Collision with motor vehicle in traffic / V2: Collision with parked motor vehicle ,V1: Passenger car / V2:Passenger car,Dry,Daylight,Cloudy,,,,,MASS EYE AND EAR PARKING LOT,,,
3375156,BOSTON,07-Feb-2013,6:00 PM,Property damage only (none injured),1,0,0,Rear-end,V1: Travelling straight ahead,V1:Not reported ,V1: Not reported ,V1: Passenger car,Dry,Dark - lighted roadway,Clear,,126 NORTH WASHINGTON STREET,,,,"P2:Pedalcyclist (bicycle, tricycle, unicycle, pedal car)",236370.2284,901836.236
3354839,BOSTON,07-Feb-2013,10:45 PM,Non-fatal injury,3,1,0,Rear-end,V1: Slowing or stopped in traffic / V2:Slowing or stopped in traffic / V3:Slowing or stopped in traffic,V1:Northbound / V2:Northbound / V3:Northbound ,V1: Collision with motor vehicle in traffic / V2: Collision with motor vehicle in traffic / V3: Collision with motor vehicle in traffic ,V1: Passenger car / V2:Passenger car / V3:Passenger car,Wet,Dark - roadway not lighted,Snow,,Rte 93 N,,Exit 20 on Rte 93 N,,,235935.6734,898219.8317
3354840,BOSTON,07-Feb-2013,10:50 PM,Property damage only (none injured),2,0,0,Rear-end,V1: Travelling straight ahead / V2:Travelling straight ahead,V1:Northbound / V2:Northbound ,V1: Collision with motor vehicle in traffic / V2: Collision with motor vehicle in traffic ,"V1: Light truck(van, mini-van, panel, pickup, sport utility) with only four tires / V2:Light truck(van, mini-van, panel, pickup, sport utility) with only four tires",Wet,Dark - lighted roadway,Cloudy,,Rte 93 N,,,,,236555.8506,900137.1433
3359668,BOSTON,07-Feb-2013,11:00 PM,Not Reported,2,0,0,Rear-end,V1: Parked / V2:Backing,V1:Not reported / V2:Westbound ,V1: Collision with parked motor vehicle / V2: Collision with parked motor vehicle ,"V1: Passenger car / V2:Light truck(van, mini-van, panel, pickup, sport utility) with only four tires",Not reported,Daylight,Not Reported,,SEAPORT BOULEVARD,,,,,,
3364225,BOSTON,08-Feb-2013,3:10 AM,Property damage only (none injured),1,0,0,Single vehicle crash,V1: Travelling straight ahead,V1:Westbound ,V1: Collision with light pole or other post/support ,"V1: Light truck(van, mini-van, panel, pickup, sport utility) with only four tires",Wet,Dark - lighted roadway,Snow,,757 GALLIVAN BOULEVARD Rte 203 W / 757 HALLET STREET,,,,,237402.2557,892718.0066
3388734,BOSTON,08-Feb-2013,10:56 AM,Non-fatal injury,2,2,0,Angle,V1: Slowing or stopped in traffic / V2:Changing lanes,V1:Not reported / V2:Not reported ,V1: Not reported / V2: Not reported ,"V1: Light truck(van, mini-van, panel, pickup, sport utility) with only four tires / V2:Passenger car",Wet,Daylight,Snow,SURFACE ARTERY / BEACH STREET,,,,,,236306.2072,900160.3888
3354872,BOSTON,08-Feb-2013,11:56 AM,Non-fatal injury,1,1,0,Single vehicle crash,V1: Travelling straight ahead,V1:Southbound ,V1: Collision with median barrier ,V1: Passenger car,Snow,Daylight,"Snow/Blowing sand, snow",,Rte 93 S,,Exit 10 on Rte 93 S,,,237443.4595,890615.6701
3377548,BOSTON,08-Feb-2013,12:00 PM,Property damage only (none injured),1,0,0,Single vehicle crash,V1: Travelling straight ahead,V1:Not reported ,V1: Collision with guardrail ,"V1: Light truck(van, mini-van, panel, pickup, sport utility) with only four tires",Snow,Dark - lighted roadway,Snow/Cloudy,BUSSEY STREET / SOUTH STREET,,,,,,231170.2456,893966.0485
3352320,BOSTON,08-Feb-2013,3:25 PM,Property damage only (none injured),2,0,0,Rear-end,V1: Travelling straight ahead / V2:Travelling straight ahead,V1:Eastbound / V2:Eastbound ,V1: Collision with motor vehicle in traffic / V2: Collision with motor vehicle in traffic ,"V1: Passenger car / V2:Light truck(van, mini-van, panel, pickup, sport utility) with only four tires",Snow,Dusk,Snow,,Rte 90 E,,Exit 22 on Rte 90 E,,,234741.7413,899775.696
3354873,BOSTON,08-Feb-2013,4:03 PM,Property damage only (none injured),1,0,0,Single vehicle crash,V1: Travelling straight ahead,V1:Northbound ,V1: Collision with median barrier ,"V1: Light truck(van, mini-van, panel, pickup, sport utility) with only four tires",Snow,Daylight,Snow,,Rte 93 N,,Exit 11 on Rte 93 N,,,237094.7253,891674.8051
3394073,BOSTON (ROXBURY),08-Feb-2013,4:24 PM,Property damage only (none injured),1,0,0,Single vehicle crash,V1: Travelling straight ahead,V1:Not reported ,V1: Collision with light pole or other post/support ,V1: Passenger car,Snow,Dusk,"Snow/Blowing sand, snow",MELNEA CASS BOULEVARD / SOJOURNER TRUTH COURT,,,,,,234232.3358,898333.9906
3353240,BOSTON,08-Feb-2013,4:53 PM,Not Reported,1,0,0,Not reported,V1: Not reported,V1:Not reported ,V1: Collision with light pole or other post/support ,V1: Passenger car,Snow,Dusk,Snow,,JAMAICAWAY / POND STREET,,,,,231573.1563,896192.375
3354874,BOSTON,08-Feb-2013,6:49 PM,Non-fatal injury,1,1,0,Single vehicle crash,V1: Travelling straight ahead,V1:Southbound ,V1: Collision with median barrier ,V1: Passenger car,Snow,Dark - lighted roadway,Snow,,Rte 93 S,,Exit 15 on Rte 93 S,,,236629.6253,897168.5001
3355434,BOSTON,08-Feb-2013,11:17 PM,Property damage only (none injured),2,0,0,Angle,V1: Slowing or stopped in traffic / V2:Backing,V1:Northbound / V2:Northbound ,V1: Collision with motor vehicle in traffic / V2: Collision with motor vehicle in traffic ,"V1: Passenger car / V2:Unknown heavy truck, cannot classify",Snow,Dark - lighted roadway,"Snow/Blowing sand, snow",,Rte 93 N,,Exit 26 on Rte 93 N,,,236402.7433,901600.0342
3358836,BOSTON,09-Feb-2013,9:55 AM,Property damage only (none injured),2,0,0,Angle,V1: Backing / V2:Travelling straight ahead,V1:Northbound / V2:Eastbound ,V1: Collision with motor vehicle in traffic / V2: Collision with motor vehicle in traffic ,"V1: Truck tractor (bobtail) / V2:Light truck(van, mini-van, panel, pickup, sport utility) with only four tires",Wet,Daylight,Snow,,COLUMBIA ROAD / GENERAL CASIMIR PULASKI SKYWAY,,,,,236787.0013,896862.7653
3354842,BOSTON,09-Feb-2013,5:00 PM,Property damage only (none injured),2,0,0,Angle,V1: Travelling straight ahead / V2:Travelling straight ahead,V1:Northbound / V2:Northbound ,V1: Collision with motor vehicle in traffic / V2: Collision with motor vehicle in traffic ,"V1: Passenger car / V2:Light truck(van, mini-van, panel, pickup, sport utility) with only four tires",Wet,Dark - lighted roadway,Clear,,Rte 93 N,,Exit 28 on Rte 93 N,,,234953.5188,903173.3157
3356441,BOSTON,09-Feb-2013,8:02 PM,Property damage only (none injured),1,0,0,Single vehicle crash,V1: Travelling straight ahead,V1:Southbound ,V1: Reported but invalid ,"V1: Light truck(van, mini-van, panel, pickup, sport utility) with only four tires",Snow,Dark - lighted roadway,Rain/Snow,,Rte 93 S,,Exit 12 on Rte 93 S,,,237620.5493,892713.0989
3400433,BOSTON,10-Feb-2013,1:53 AM,Non-fatal injury,2,1,0,Angle,V1: Travelling straight ahead / V2:Travelling straight ahead,V1:Eastbound / V2:Southbound ,V1: Collision with motor vehicle in traffic / V2: Collision with motor vehicle in traffic ,V1: Passenger car / V2:Passenger car,Snow,Dark - lighted roadway,Clear,CONGRESS STREET / PURCHASE STREET,,,,,,236737.7735,900497.1333
3377233,BOSTON,10-Feb-2013,2:40 AM,Property damage only (none injured),2,0,0,"Sideswipe, same direction",V1: Backing / V2:Parked,V1:Westbound / V2:Not reported ,V1: Collision with parked motor vehicle / V2: Collision with motor vehicle in traffic ,"V1: Light truck(van, mini-van, panel, pickup, sport utility) with only four tires / V2:Passenger car",Snow,Dark - lighted roadway,Cloudy,,DAKOTA STREET Rte UNKNOW W / 127,,,,,235677.3652,894487.6641
3354843,BOSTON,10-Feb-2013,2:44 AM,Property damage only (none injured),1,0,0,"Sideswipe, same direction",V1: Travelling straight ahead,V1:Northbound ,V1: Collision with median barrier ,V1: Passenger car,Wet,Dark - lighted roadway,Clear,,Rte 93 N,,Exit 26 on Rte 93 N,,,236402.7433,901600.0342
3384525,BOSTON,10-Feb-2013,10:00 AM,Property damage only (none injured),1,0,0,Single vehicle crash,V1: Changing lanes,V1:Westbound ,V1: Collision with motor vehicle in traffic ,V1: Passenger car,Wet,Daylight,Clear,,MASSACHUSETTS TURNPIKE Rte 90 W / MASSACHUSETTS TURNPIKE Rte 90 W,,,,,232570.5282,899870.917
3356442,BOSTON,10-Feb-2013,10:20 AM,Property damage only (none injured),1,0,0,Single vehicle crash,V1: Travelling straight ahead,V1:Northbound ,V1: Collision with motor vehicle in traffic ,"V1: Light truck(van, mini-van, panel, pickup, sport utility) with only four tires",Slush,Daylight,Cloudy,,Rte 93 N,,Exit 11 on Rte 93,,,237094.7253,891674.8051
3391045,BOSTON,10-Feb-2013,11:49 AM,Property damage only (none injured),2,0,0,Angle,V1: Turning left / V2:Slowing or stopped in traffic,V1:Southbound / V2:Northbound ,V1: Collision with motor vehicle in traffic / V2: Collision with motor vehicle in traffic ,"V1: Other / V2:Bus (seats for more than 15 people, including driver)",Wet,Daylight,Not Reported,,FRANKFORT STREET / LOVELL STREET,,,,,239100.9218,903210.1875
3379023,BOSTON (CHARLESTOWN),10-Feb-2013,4:41 PM,Non-fatal injury,1,1,0,Rear-end,V1: Travelling straight ahead,V1:Northbound ,V1: Unknown ,V1: Passenger car,Snow,Dark - roadway not lighted,"Clear/Blowing sand, snow",DEXTER STREET / ALFORD STREET,,,,,"P2:Pedalcyclist (bicycle, tricycle, unicycle, pedal car)",235616.6348,904947.6349
3360079,BOSTON (ROSLINDALE),10-Feb-2013,4:50 PM,Property damage only (none injured),2,0,0,"Sideswipe, same direction",V1: Parked / V2:Travelling straight ahead,V1:Not reported / V2:Westbound ,V1: Not reported / V2: Not reported ,"V1: Light truck(van, mini-van, panel, pickup, sport utility) with only four tires / V2:Single-unit truck (2-axle, 6-tire)",Slush,Dusk,Clear,,168 CORNELL STREET,,,,,230161.2149,892093.9723
3367619,BOSTON (HYDE PARK),10-Feb-2013,7:00 PM,Not Reported,2,0,0,Angle,V1: Not reported / V2:Not reported,V1:Not reported / V2:Not reported ,V1: Not reported / V2: Not reported ,V1: Unknown vehicle configuration / V2:Unknown vehicle configuration,Snow,Dark - lighted roadway,Snow,HYDE PARK AVENUE / WESTMINSTER AVENUE,,,,,,231238.3749,890464.9377
3354844,BOSTON,10-Feb-2013,8:12 PM,Property damage only (none injured),1,0,0,Single vehicle crash,V1: Travelling straight ahead,V1:Westbound ,V1: Not reported ,"V1: Light truck(van, mini-van, panel, pickup, sport utility) with only four tires",Dry,Dark - lighted roadway,Clear,,Rte 90 W,,Exit 24 on Rte 90 W,,,238090.4393,899691.5691
3378948,BOSTON (ROSLINDALE),11-Feb-2013,4:10 AM,Non-fatal injury,1,1,0,Rear-end,V1: Not reported,V1:Not reported ,V1: Not reported ,V1: Passenger car,Dry,Dark - lighted roadway,Cloudy,,715 AMERICAN LEGION HIGHWAY,,,,,231852.5126,892603.4595
3358837,BOSTON,11-Feb-2013,6:50 AM,Property damage only (none injured),3,0,0,"Sideswipe, same direction",V1: Travelling straight ahead / V2:Changing lanes / V3:Travelling straight ahead,V1:Northbound / V2:Northbound / V3:Northbound ,V1: Collision with other movable object / V2: Collision with motor vehicle in traffic / V3: Collision with motor vehicle in traffic ,"V1: Bus (seats for 7-15 people, including driver) / V2:Light truck(van, mini-van, panel, pickup, sport utility) with only four tires / V3:Light truck(van, mini-van, panel, pickup, sport utility) with only four tires",Wet,Daylight,Cloudy,,Rte 93 N,,Exit 15 on Rte 93 N,,,236972.2496,896473.4282
3391051,BOSTON,11-Feb-2013,7:01 AM,Property damage only (none injured),2,0,0,Rear-end,V1: Backing / V2:Slowing or stopped in traffic,V1:Northbound / V2:Southbound ,V1: Collision with motor vehicle in traffic / V2: Collision with motor vehicle in traffic ,"V1: Single-unit truck (2-axle, 6-tire) / V2:Passenger car",Snow,Daylight,Cloudy,,LONGFELLOW BRIDGE Rte 3 S / CHARLES STREET CIRCLE,,,LONGFELLOW BRIDGE INBOUND,,235254.1585,901274.2307
3354820,BOSTON,11-Feb-2013,7:48 AM,Property damage only (none injured),2,0,0,Rear-end,V1: Travelling straight ahead / V2:Travelling straight ahead,V1:Eastbound / V2:Eastbound ,V1: Collision with motor vehicle in traffic / V2: Collision with motor vehicle in traffic ,V1: Passenger car / V2:Passenger car,Wet,Daylight,Not Reported,,Rte 90 E,,,,,229761.5309,900823.963
3384526,BOSTON,11-Feb-2013,8:41 AM,Property damage only (none injured),2,0,0,Angle,V1: Travelling straight ahead / V2:Travelling straight ahead,V1:Southbound / V2:Southbound ,V1: Collision with motor vehicle in traffic / V2: Collision with motor vehicle in traffic ,"V1: Light truck(van, mini-van, panel, pickup, sport utility) with only four tires / V2:Passenger car",Wet,Daylight,Cloudy,,MASSACHUSETTS TURNPIKE Rte 90 E / RAMP - RT 90 EB TO RT 93 & KNEELAND STRE,,,RAMP CC,,236020.7837,899669.4564
3354865,BOSTON,11-Feb-2013,12:04 PM,Non-fatal injury,1,1,0,Single vehicle crash,V1: Travelling straight ahead,V1:Westbound ,V1: Collision with curb ,"V1: Light truck(van, mini-van, panel, pickup, sport utility) with only four tires",Snow,Daylight,"Sleet, hail (freezing rain or drizzle)",,SOLDIERS FIELD ROAD / RAMP - WESTERN AVE TO SOLDIERS FIELD RD,,,UNDERNEATH WESTERN AVE,,231472.0174,901595.3268
3353349,BOSTON,11-Feb-2013,12:44 PM,Property damage only (none injured),2,0,0,"Sideswipe, same direction",V1: Overtaking/passing / V2:Not reported,V1:Eastbound / V2:Not reported ,V1: Collision with motor vehicle in traffic / V2: Not reported ,V1: Passenger car / V2:Not reported,Slush,Daylight,"Cloudy/Sleet, hail (freezing rain or drizzle)",,,,,WEST OF THE RIVERWAY,,,
3354822,BOSTON,11-Feb-2013,1:52 PM,Property damage only (none injured),1,0,0,Single vehicle crash,V1: Travelling straight ahead,V1:Westbound ,V1: Collision with median barrier ,V1: Passenger car,Slush,Daylight,Clear,,Rte 90 W,,,,,228154.8166,900866.0695
3355488,BOSTON,11-Feb-2013,2:15 PM,Property damage only (none injured),2,0,0,Not reported,V1: Turning left / V2:Slowing or stopped in traffic,V1:Southbound / V2:Northbound ,V1: Collision with light pole or other post/support / V2: Collision with light pole or other post/support ,V1: Tractor/semi-trailer / V2:Passenger car,Slush,Daylight,Rain,,MOUNT VERNON STREET / WILLIAM T MORRISSEY BOULEVARD,,,,,237017.1331,896806.9717
3445946,BOSTON,11-Feb-2013,2:43 PM,Non-fatal injury,2,4,0,Angle,V1: Travelling straight ahead / V2:Turning left,V1:Westbound / V2:Northbound ,V1: Collision with motor vehicle in traffic / V2: Collision with motor vehicle in traffic ,V1: Passenger car / V2:Passenger car,Wet,Daylight,Rain/Rain,COMMONWEALTH AVENUE / BERKELEY STREET,,,,,,235095.9375,900389.5001
3378185,BOSTON,11-Feb-2013,6:14 PM,Property damage only (none injured),1,0,0,Single vehicle crash,V1: Travelling straight ahead,V1:Not reported ,V1: Collision with embankment ,V1: Passenger car,Snow,Daylight,Rain,,205 INDEPENDENCE DRIVE,,,,,228285.072,894241.8894
3364966,BOSTON,11-Feb-2013,10:40 PM,Non-fatal injury,2,1,0,Angle,V1: Entering traffic lane / V2:Travelling straight ahead,V1:Westbound / V2:Northbound ,V1: Collision with motor vehicle in traffic / V2: Collision with motor vehicle in traffic ,V1: Passenger car / V2:Passenger car,Wet,Dark - lighted roadway,Rain,NORTH BEACON STREET / SOLDIERS FIELD ROAD,,,,,,228076.4974,901010.8434
3365179,BOSTON (DORCHESTER),12-Feb-2013,00:00 AM,Not Reported,4,0,0,Rear-end,V1: Slowing or stopped in traffic / V2:Travelling straight ahead / V3:Parked / V4:Parked,V1:Not reported / V2:Not reported / V3:Not reported / V4:Not reported ,V1: Not reported / V2: Not reported / V3: Not reported / V4: Not reported ,"V1: Passenger car / V2:Single-unit truck (2-axle, 6-tire) / V3:Passenger car / V4:Passenger car",Wet,Dark - lighted roadway,Clear/Clear,BRENT STREET / WAINWRIGHT STREET,,,,,,235720.0624,893373.5001
3361842,BOSTON,12-Feb-2013,2:37 AM,Not Reported,1,0,0,Single vehicle crash,V1: Leaving traffic lane,V1:Southbound ,V1: Collision with median barrier ,V1: Passenger car,Ice,Dark - lighted roadway,Cloudy,,Rte 93 S,,Exit 11B on Rte 93 S,,,237192.6452,891943.742
3415438,BOSTON,12-Feb-2013,9:00 AM,Property damage only (none injured),2,0,0,"Sideswipe, same direction",V1: Leaving traffic lane / V2:Not reported,V1:Not reported / V2:Not reported ,V1: Collision with motor vehicle in traffic / V2: Not reported ,"V1: Light truck(van, mini-van, panel, pickup, sport utility) with only four tires / V2:Passenger car",Not reported,Daylight,Clear,,608 DORCHESTER AVENUE,,,,,236516.0582,897719.641
3354845,BOSTON,12-Feb-2013,9:54 AM,Property damage only (none injured),1,0,0,Single vehicle crash,V1: Changing lanes,V1:Southbound ,V1: Collision with median barrier ,V1: Passenger car,Dry,Daylight,Clear,,Rte 93 S,,Exit 24 on Rte 93 S,,,236397.1933,901565.6511
3362674,BOSTON,12-Feb-2013,10:26 AM,Property damage only (none injured),2,0,0,Angle,V1: Travelling straight ahead / V2:Travelling straight ahead,V1:Northbound / V2:Eastbound ,V1: Collision with motor vehicle in traffic / V2: Collision with motor vehicle in traffic ,"V1: Passenger car / V2:Light truck(van, mini-van, panel, pickup, sport utility) with only four tires",Dry,Daylight,Clear,,ENNEKING PARKWAY / TURTLE POND PARKWAY,,,,,229687.9375,889839.1252
3354862,BOSTON,12-Feb-2013,1:58 PM,Non-fatal injury,1,1,0,Single vehicle crash,V1: Travelling straight ahead,V1:Westbound ,V1: Collision with embankment ,V1: Passenger car,Wet,Daylight,Clear,,STORROW DRIVE / CHARLESGATE OVERPASS,,,,,233777.6803,900244.9252
3384617,BOSTON,12-Feb-2013,4:35 PM,Property damage only (none injured),2,0,0,Rear-end,V1: Travelling straight ahead / V2:Slowing or stopped in traffic,V1:Southbound / V2:Southbound ,V1: Collision with motor vehicle in traffic / V2: Collision with motor vehicle in traffic ,V1: Passenger car / V2:Passenger car,Dry,Daylight,Clear,,JOHN F FITZGERALD EXPRESSWAY Rte 93 S / RAMP - RT 93 SB TO CALLAHAN TUNNEL,,,NORTH OF EXIT 24,,236388.8489,901577.5007
3388835,BOSTON (CHARLESTOWN),12-Feb-2013,6:11 PM,Not Reported,2,0,0,"Sideswipe, same direction",V1: Travelling straight ahead / V2:Travelling straight ahead,V1:Westbound / V2:Not reported ,V1: Unknown / V2: Not reported ,"V1: Light truck(van, mini-van, panel, pickup, sport utility) with only four tires / V2:Passenger car",Snow,Dark - lighted roadway,Clear/Unknown,,425 MEDFORD STREET,,,,,235843.1093,903602.25
3384527,BOSTON,13-Feb-2013,5:40 AM,Non-fatal injury,1,1,0,Single vehicle crash,V1: Travelling straight ahead,V1:Northbound ,V1: Collision with median barrier ,V1: Passenger car,Wet,Dawn,Clear,,LEVERETT CONNECTOR NORTH,,,LEVERT RAMP NB TO 93 NORTH,,236004.0755,901954.509
3363343,BOSTON,13-Feb-2013,6:30 AM,Property damage only (none injured),2,0,0,Not reported,V1: Backing / V2:Slowing or stopped in traffic,V1:Eastbound / V2:Eastbound ,V1: Not reported / V2: Collision with work zone maintenance equipment ,V1: Other / V2:Passenger car,Not reported,Not reported,Not Reported,TREMONT STREET / WEST DEDHAM STREET,,,,,,235123.2189,899236.2498
3385674,BOSTON,13-Feb-2013,6:31 AM,Non-fatal injury,2,3,0,Head-on,V1: Travelling straight ahead / V2:Turning left,V1:Northbound / V2:Southbound ,V1: Collision with motor vehicle in traffic / V2: Collision with motor vehicle in traffic ,V1: Passenger car / V2:Passenger car,Dry,Daylight,Clear,MASSACHUSETTS AVENUE / HARRISON AVENUE,,,,,,235020.8926,898366.6311
3393334,BOSTON (DORCHESTER),13-Feb-2013,7:05 AM,Non-fatal injury,6,2,0,Rear-end,V1: Slowing or stopped in traffic / V2:Slowing or stopped in traffic / V3:Slowing or stopped in traffic / V4:Slowing or stopped in traffic / V5:Slowing or stopped in traffic / V6:Slowing or stopped in traffic,V1:Northbound / V2:Northbound / V3:Northbound / V4:Northbound / V5:Northbound / V6:Northbound ,V1: Collision with motor vehicle in traffic / V2: Collision with motor vehicle in traffic / V3: Collision with motor vehicle in traffic / V4: Collision with motor vehicle in traffic / V5: Collision with motor vehicle in traffic / V6: Collision with motor vehicle in traffic ,V1: Passenger car / V2:Passenger car / V3:Passenger car / V4:Passenger car / V5:Passenger car / V6:Passenger car,Ice,Daylight,Clear/Other,DORCHESTER AVENUE / CENTRE AVENUE,,,,,,236098.9532,893707.2499
3359666,BOSTON,13-Feb-2013,7:43 AM,Property damage only (none injured),2,0,0,Rear-end,V1: Slowing or stopped in traffic / V2:Travelling straight ahead,V1:Westbound / V2:Westbound ,V1: Collision with motor vehicle in traffic / V2: Collision with motor vehicle in traffic ,"V1: Light truck(van, mini-van, panel, pickup, sport utility) with only four tires / V2:Light truck(van, mini-van, panel, pickup, sport utility) with only four tires",Dry,Daylight,Clear/Other,,Rte 90 W,,Exit 20 on Rte 90 W,,,231452.5043,900558.3731
3391037,BOSTON,13-Feb-2013,8:11 AM,Property damage only (none injured),2,0,0,Rear-end,V1: Slowing or stopped in traffic / V2:Travelling straight ahead,V1:Southbound / V2:Southbound ,V1: Collision with motor vehicle in traffic / V2: Collision with motor vehicle in traffic ,"V1: Single-unit truck (2-axle, 6-tire) / V2:Light truck(van, mini-van, panel, pickup, sport utility) with only four tires",Dry,Daylight,Clear,RAMP - RT 1 SB FROM TOBIN BRIDGE Rte 1 S / RAMP - RT 1 SB TO RUTHERFORD AVENUE / MAURICE TOBIN BRIDGE Rte 1 S,,,,RUTHERFORD AVENUE,,236392.5847,902724.2544
3365181,BOSTON (DORCHESTER),13-Feb-2013,8:13 AM,Property damage only (none injured),2,0,0,"Sideswipe, same direction",V1: Parked / V2:Slowing or stopped in traffic,V1:Not reported / V2:Not reported ,V1: Collision with parked motor vehicle / V2: Collision with parked motor vehicle ,"V1: Light truck(van, mini-van, panel, pickup, sport utility) with only four tires / V2:Single-unit truck (2-axle, 6-tire)",Wet,Daylight,Clear,,26 HOUGHTON STREET,,,,,236917.4096,893990.5148
3355491,BOSTON,13-Feb-2013,8:30 AM,Property damage only (none injured),2,0,0,Rear-end,V1: Travelling straight ahead / V2:Not reported,V1:Southbound / V2:Not reported ,V1: Collision with motor vehicle in traffic / V2: Not reported ,V1: Passenger car / V2:Passenger car,Dry,Daylight,Clear,,Rte 93 S,,Exit 15 on Rte 93,YALE ELECTRIC,,236629.6253,897168.5001