Crash Number,City/Town Name,Crash Date,Crash Time,Crash Severity,Number of Vehicles,Total Nonfatal Injuries,Total Fatal Injuries,Manner of Collision,Vehicle Action Prior to Crash,Vehicle Travel Directions,Most Harmful Events,Vehicle Configuration,Road Surface Condition,Ambient Light,Weather Condition,At Roadway Intersection,Distance from Nearest Roadway Intersection,Distance from Nearest Milemarker,Distance from Nearest Exit,Distance from Nearest Landmark,Non Motorist Type,X Coordinate,Y Coordinate
3354877,BOSTON,13-Feb-2013,9:30 AM,Property damage only (none injured),2,0,0,Rear-end,V1: Travelling straight ahead / V2:Travelling straight ahead,V1:Southbound / V2:Southbound ,V1: Collision with motor vehicle in traffic / V2: Collision with motor vehicle in traffic ,V1: Passenger car / V2:Passenger car,Dry,Daylight,Cloudy,,Rte 93 S,,Exit 15 on Rte 93 S,SOUTH BAY MALL,,236629.6253,897168.5001
3391038,BOSTON,13-Feb-2013,9:31 AM,Property damage only (none injured),3,0,0,Rear-end,V1: Travelling straight ahead / V2:Travelling straight ahead / V3:Travelling straight ahead,V1:Southbound / V2:Southbound / V3:Southbound ,V1: Collision with motor vehicle in traffic / V2: Collision with motor vehicle in traffic / V3: Collision with motor vehicle in traffic ,"V1: Passenger car / V2:Light truck(van, mini-van, panel, pickup, sport utility) with only four tires / V3:Single-unit truck (2-axle, 6-tire)",Dry,Daylight,Clear,,Rte 93 S / SOUTHAMPTON STREET,,,SOUTHHAMPTON ST,,236150.988,897855.8214
3354878,BOSTON,13-Feb-2013,10:15 AM,Property damage only (none injured),2,0,0,"Sideswipe, same direction",V1: Entering traffic lane / V2:Leaving traffic lane,V1:Southbound / V2:Eastbound ,V1: Collision with motor vehicle in traffic / V2: Collision with motor vehicle in traffic ,V1: Passenger car / V2:Passenger car,Wet,Daylight,Cloudy,KOSCIUSZKO CIRCLE / WILLIAM T MORRISSEY BOULEVARD,,,,,,237017.0782,896879.6065
3362868,BOSTON,13-Feb-2013,10:45 AM,Property damage only (none injured),2,0,0,Rear-end,V1: Turning right / V2:Travelling straight ahead,V1:Eastbound / V2:Eastbound ,V1: Collision with motor vehicle in traffic / V2: Collision with motor vehicle in traffic ,"V1: Light truck(van, mini-van, panel, pickup, sport utility) with only four tires / V2:Light truck(van, mini-van, panel, pickup, sport utility) with only four tires",Dry,Daylight,Not Reported,COLUMBIA ROAD / BOSTON STREET,,,,,,236147.4063,896760.9377
3391668,BOSTON,13-Feb-2013,2:18 PM,Property damage only (none injured),2,0,0,Angle,V1: Entering traffic lane / V2:Slowing or stopped in traffic,V1:Eastbound / V2:Southbound ,V1: Collision with motor vehicle in traffic / V2: Collision with motor vehicle in traffic ,V1: Passenger car / V2:Passenger car,Wet,Daylight,Clear,,MARKET STREET,,,,,228874.3309,900612.8045
3368950,BOSTON,13-Feb-2013,3:01 PM,Property damage only (none injured),2,0,0,Angle,V1: Overtaking/passing / V2:Travelling straight ahead,V1:Westbound / V2:Westbound ,V1: Collision with motor vehicle in traffic / V2: Collision with other movable object ,"V1: Passenger car / V2:Bus (seats for more than 15 people, including driver)",Dry,Daylight,Clear/Unknown,EAST BERKELEY STREET / HARRISON AVENUE,,,,,,235897.7034,899312.9121
3394072,BOSTON (ROXBURY),13-Feb-2013,4:09 PM,Non-fatal injury,2,2,0,Rear-end,V1: Travelling straight ahead / V2:Travelling straight ahead,V1:Southbound / V2:Southbound ,V1: Collision with motor vehicle in traffic / V2: Collision with motor vehicle in traffic ,"V1: Light truck(van, mini-van, panel, pickup, sport utility) with only four tires / V2:Passenger car",Wet,Daylight,Clear,PARKER STREET / ANNUNCIATION ROAD,,,,,,233394.9352,898373.3383
3361274,BOSTON,13-Feb-2013,4:50 PM,Non-fatal injury,2,1,0,Rear-end,V1: Turning left / V2:Slowing or stopped in traffic,V1:Eastbound / V2:Eastbound ,V1: Collision with motor vehicle in traffic / V2: Collision with motor vehicle in traffic ,"V1: Bus (seats for more than 15 people, including driver) / V2:Passenger car",Ice,Daylight,Clear,BLUE LEDGE DRIVE / ENNEKING PARKWAY,,,,,,229634.6096,891603.6252
3396798,BOSTON,13-Feb-2013,9:14 PM,Property damage only (none injured),2,0,0,Angle,V1: Slowing or stopped in traffic / V2:Backing,V1:Southbound / V2:Southbound ,V1: Collision with motor vehicle in traffic / V2: Collision with motor vehicle in traffic ,V1: Passenger car / V2:Passenger car,Dry,Dark - lighted roadway,Clear,RAMP - LEVERETT CONNECTOR TO STORROW DRI Rte 3A N / RAMP-RT 93 NB TO STORROW DRIVE Rte 3 N / LEVERETT CONNECTOR SOUTH,,,,CANA,,235752.9932,901867.4291
3384628,BOSTON,14-Feb-2013,4:21 AM,Property damage only (none injured),1,0,0,Single vehicle crash,V1: Travelling straight ahead,V1:Westbound ,V1: Collision with motor vehicle in traffic ,V1: Passenger car,Slush,Dark - lighted roadway,Clear,,AIRPORT ROAD - DEPARTURE LEVEL / LOGAN AIRPORT TERMINAL E,,,,,239644.6027,902011.2275
3391056,BOSTON,14-Feb-2013,8:30 AM,Property damage only (none injured),2,0,0,"Sideswipe, same direction",V1: Travelling straight ahead / V2:Changing lanes,V1:Southbound / V2:Southbound ,V1: Collision with motor vehicle in traffic / V2: Collision with motor vehicle in traffic ,"V1: Light truck(van, mini-van, panel, pickup, sport utility) with only four tires / V2:Light truck(van, mini-van, panel, pickup, sport utility) with only four tires",Dry,Daylight,Clear,,JOHN F FITZGERALD EXPRESSWAY Rte 93 S,,,BY NORTH HOV BUILDING,,236763.6931,895375.0886
3362675,BOSTON,14-Feb-2013,11:50 AM,Property damage only (none injured),2,0,0,Rear-end,V1: Travelling straight ahead / V2:Travelling straight ahead,V1:Westbound / V2:Westbound ,V1: Collision with motor vehicle in traffic / V2: Collision with motor vehicle in traffic ,V1: Passenger car / V2:Passenger car,Dry,Daylight,Clear,,JAMES SHEA CIRCLE / MONSIGNOR CASEY HIGHWAY,,,ARBORWAY,,232427.352,894561.8624
3384619,BOSTON,14-Feb-2013,5:15 PM,Non-fatal injury,3,1,0,Rear-end,V1: Slowing or stopped in traffic / V2:Slowing or stopped in traffic / V3:Slowing or stopped in traffic,V1:Westbound / V2:Westbound / V3:Westbound ,V1: Collision with motor vehicle in traffic / V2: Collision with motor vehicle in traffic / V3: Collision with motor vehicle in traffic ,V1: Passenger car / V2:Passenger car / V3:Passenger car,Dry,Dark - lighted roadway,Cloudy,,MASSACHUSETTS TURNPIKE Rte 90 W / RAMP - RT 90 WB TO RT 93/ CONGRESS STREE Rte 1A S,,,TED WILLIAMS TUNNEL,,238708.6978,900192.9474
3359373,BOSTON (WEST ROXBURY),14-Feb-2013,6:15 PM,Property damage only (none injured),2,0,0,Not reported,V1: Travelling straight ahead / V2:Turning left,V1:Not reported / V2:Not reported ,V1: Collision with motor vehicle in traffic / V2: Collision with motor vehicle in traffic ,"V1: Light truck(van, mini-van, panel, pickup, sport utility) with only four tires / V2:Single-unit truck (3-or-more axles)",Not reported,Not reported,Not Reported,,WASHINGTON STREET / LA GRANGE STREET,,,,,229387.8439,891448.3754
3398444,BOSTON,14-Feb-2013,6:50 PM,Property damage only (none injured),1,0,0,Single vehicle crash,V1: Travelling straight ahead,V1:Not reported ,V1: Not reported ,V1: Passenger car,Dry,Dark - roadway not lighted,Clear,TREMONT STREET / SCHOOL STREET / BEACON STREET,,,,,P2:Pedestrian,236211.6198,900926.8616
3358656,BOSTON,14-Feb-2013,6:57 PM,Property damage only (none injured),2,0,0,Angle,V1: Travelling straight ahead / V2:Turning left,V1:Eastbound / V2:Northbound ,V1: Collision with motor vehicle in traffic / V2: Collision with motor vehicle in traffic ,V1: Passenger car / V2:Passenger car,Wet,Dark - lighted roadway,Cloudy,,SOLDIERS FIELD ROAD / 1650,,,,,228672.3442,901120.7458
3379018,BOSTON (CHARLESTOWN),14-Feb-2013,7:23 PM,Not Reported,2,0,0,"Sideswipe, same direction",V1: Turning right / V2:Parked,V1:Westbound / V2:Not reported ,V1: Unknown / V2: Other ,"V1: Truck/trailer / V2:Light truck(van, mini-van, panel, pickup, sport utility) with only four tires",Ice,Dark - lighted roadway,Clear/Snow,,216 MAIN STREET,,,,,235756.5164,902986.0001
3384528,BOSTON,14-Feb-2013,8:25 PM,Non-fatal injury,3,3,0,Rear-end,V1: Slowing or stopped in traffic / V2:Travelling straight ahead / V3:Slowing or stopped in traffic,V1:Southbound / V2:Southbound / V3:Southbound ,V1: Collision with motor vehicle in traffic / V2: Collision with motor vehicle in traffic / V3: Collision with motor vehicle in traffic ,"V1: Passenger car / V2:Passenger car / V3:Light truck(van, mini-van, panel, pickup, sport utility) with only four tires",Dry,Dark - lighted roadway,Clear,,JOHN F FITZGERALD EXPRESSWAY Rte 93 S / SOUTHBOUND FRONTAGE ROAD,,,SOUTH BAY,,236200.2304,897783.7295
3379030,BOSTON,15-Feb-2013,5:30 AM,Property damage only (none injured),2,0,0,Not reported,V1: Travelling straight ahead / V2:Travelling straight ahead,V1:Not reported / V2:Not reported ,V1: Collision with motor vehicle in traffic / V2: Collision with motor vehicle in traffic ,V1: Passenger car / V2:Passenger car,Not reported,Not reported,Not Reported,TREMONT STREET / BOYLSTON STREET,,,,,,235874.8974,900298.4584
3364420,BOSTON (DORCHESTER),15-Feb-2013,5:40 AM,Non-fatal injury,2,1,0,Angle,V1: Turning right / V2:Travelling straight ahead,V1:Not reported / V2:Not reported ,V1: Collision with motor vehicle in traffic / V2: Collision with motor vehicle in traffic ,V1: Single-unit truck (3-or-more axles) / V2:Passenger car,Wet,Dark - lighted roadway,Cloudy,,301 COLUMBIA ROAD,,,,,235131.9855,895482.5213
3365376,BOSTON,15-Feb-2013,7:13 AM,Property damage only (none injured),3,0,0,Rear-end,V1: Slowing or stopped in traffic / V2:Slowing or stopped in traffic / V3:Travelling straight ahead,V1:Northbound / V2:Northbound / V3:Northbound ,V1: Collision with motor vehicle in traffic / V2: Collision with motor vehicle in traffic / V3: Collision with motor vehicle in traffic ,"V1: Passenger car / V2:Passenger car / V3:Light truck(van, mini-van, panel, pickup, sport utility) with only four tires",Dry,Daylight,Clear,,Rte 93 N,,Exit 13 on Rte 93 N,,,237420.1414,894076.5227
3388328,BOSTON (DORCHESTER),15-Feb-2013,8:05 AM,Non-fatal injury,1,1,0,Unknown,V1: Slowing or stopped in traffic,V1:Southbound ,V1: Collision with pedestrian ,"V1: Light truck(van, mini-van, panel, pickup, sport utility) with only four tires","Sand, mud, dirt, oil, gravel",Daylight,Clear/Clear,,2257 DORCHESTER AVENUE,,,,P2:Pedestrian,235653.2198,891509.7985
3355464,BOSTON,15-Feb-2013,10:05 AM,Property damage only (none injured),2,0,0,"Sideswipe, same direction",V1: Slowing or stopped in traffic / V2:Travelling straight ahead,V1:Southbound / V2:Southbound ,V1: Collision with motor vehicle in traffic / V2: Collision with motor vehicle in traffic ,"V1: Light truck(van, mini-van, panel, pickup, sport utility) with only four tires / V2:Truck/trailer",Wet,Daylight,Clear,LEVERETT CIRCLE / STORROW DRIVE Rte 28 S / CHARLES RIVER DAM ROAD Rte 28 S,,,,,,235559.0702,901887.0095
3388326,BOSTON (DORCHESTER),15-Feb-2013,3:10 PM,Non-fatal injury,2,1,0,Rear-end,V1: Travelling straight ahead / V2:Travelling straight ahead,V1:Not reported / V2:Not reported ,V1: Collision with motor vehicle in traffic / V2: Collision with impact attenuator/crash cushion ,"V1: Passenger car / V2:Light truck(van, mini-van, panel, pickup, sport utility) with only four tires",Dry,Daylight,Clear,BEECHWOOD STREET / GENEVA AVENUE,,,,,,235059.6874,895030.1878
3364841,BOSTON (DORCHESTER),15-Feb-2013,3:37 PM,Property damage only (none injured),2,0,0,Rear-end,V1: Travelling straight ahead / V2:Travelling straight ahead,V1:Not reported / V2:Not reported ,V1: Collision with motor vehicle in traffic / V2: Not reported ,"V1: Passenger car / V2:Bus (seats for more than 15 people, including driver)",Dry,Daylight,Clear/Clear,,776 WASHINGTON STREET,,,,,235950.4089,900009.0429
3366743,BOSTON,15-Feb-2013,5:56 PM,Property damage only (none injured),2,0,0,Not reported,V1: Travelling straight ahead / V2:Travelling straight ahead,V1:Eastbound / V2:Eastbound ,V1: Collision with curb / V2: Collision with curb ,V1: Passenger car / V2:Passenger car,Dry,Dark - lighted roadway,Clear,,SOLDIERS FIELD ROAD / RAMP - N HARVARD ST TO SOLDIERS FIELD EB,,,HARVARD CURVE,,231362.9106,901963.6252
3354882,BOSTON,15-Feb-2013,8:00 PM,Property damage only (none injured),1,0,0,Single vehicle crash,V1: Travelling straight ahead,V1:Westbound ,V1: Collision with tree ,"V1: Light truck(van, mini-van, panel, pickup, sport utility) with only four tires",Dry,Dark - lighted roadway,Clear,,GALLIVAN BOULEVARD / 553,,,,,236810.8177,892583.6753
3388325,BOSTON (DORCHESTER),15-Feb-2013,9:36 PM,Property damage only (none injured),2,0,0,Single vehicle crash,V1: Travelling straight ahead / V2:Parked,V1:Not reported / V2:Not reported ,V1: Collision with motor vehicle in traffic / V2: Not reported ,"V1: Light truck(van, mini-van, panel, pickup, sport utility) with only four tires / V2:Light truck(van, mini-van, panel, pickup, sport utility) with only four tires",Dry,Dark - lighted roadway,Clear,,16 MAYFIELD STREET,,,,,236465.2107,896312.1511
3391879,BOSTON,15-Feb-2013,11:30 PM,Non-fatal injury,2,1,0,Not reported,V1: Turning left / V2:Turning left,V1:Not reported / V2:Not reported ,V1: Collision with impact attenuator/crash cushion / V2: Not reported ,"V1: Passenger car / V2:Light truck(van, mini-van, panel, pickup, sport utility) with only four tires",Not reported,Not reported,Not Reported,NORFOLK STREET / THETFORD AVENUE,,,,,,234674.7345,892958.1878
3388332,BOSTON,16-Feb-2013,2:32 AM,Non-fatal injury,3,2,0,Rear-end,V1: Travelling straight ahead / V2:Parked / V3:Parked,V1:Northbound / V2:Not reported / V3:Not reported ,V1: Not reported / V2: Not reported / V3: Not reported ,"V1: Light truck(van, mini-van, panel, pickup, sport utility) with only four tires / V2:Light truck(van, mini-van, panel, pickup, sport utility) with only four tires / V3:Light truck(van, mini-van, panel, pickup, sport utility) with only four tires",Dry,Dark - lighted roadway,Clear/Clear,,68 BURT STREET,,,,,235463.0607,892702.0635
3398141,BOSTON,16-Feb-2013,12:20 PM,Not Reported,2,0,0,Not reported,V1: Not reported / V2:Not reported,V1:Not reported / V2:Not reported ,V1: Not reported / V2: Not reported ,"V1: Passenger car / V2:Light truck(van, mini-van, panel, pickup, sport utility) with only four tires",Not reported,Not reported,Not Reported,ARLINGTON STREET / MARGINAL ROAD,,,,,,235496.3123,899820.5627
3389795,BOSTON (ROSLINDALE),16-Feb-2013,2:20 PM,Non-fatal injury,2,1,0,Not reported,V1: Travelling straight ahead / V2:Turning left,V1:Not reported / V2:Not reported ,V1: Not reported / V2: Collision with motor vehicle in traffic ,V1: Passenger car / V2:Passenger car,Not reported,Not reported,Not Reported,AMERICAN LEGION HIGHWAY / CUMMINS HIGHWAY / CANTERBURY STREET,,,,,,231609.7658,892139.6252
3376710,BOSTON,16-Feb-2013,3:21 PM,Property damage only (none injured),2,0,0,Rear-end,V1: Travelling straight ahead / V2:Parked,V1:Westbound / V2:Westbound ,V1: Collision with parked motor vehicle / V2: Not reported ,V1: Passenger car / V2:Passenger car,Wet,Dark - lighted roadway,Cloudy,,3919 WASHINGTON STREET,,,,,231391.1046,893872.9433
3354867,BOSTON,17-Feb-2013,1:39 AM,Property damage only (none injured),2,0,0,Angle,V1: Travelling straight ahead / V2:Travelling straight ahead,V1:Eastbound / V2:Southbound ,V1: Collision with motor vehicle in traffic / V2: Collision with motor vehicle in traffic ,V1: Passenger car / V2:Passenger car,Ice,Dark - lighted roadway,Snow,RAMP - WESTERN AVE TO SOLDIERS FIELD RD / CAMBRIDGE STREET,,,,CAMBRIDGE STREET,,231485.0626,901232.8752
3391039,BOSTON,17-Feb-2013,1:43 AM,Property damage only (none injured),2,0,0,Rear-end,V1: Travelling straight ahead / V2:Travelling straight ahead,V1:Westbound / V2:Westbound ,V1: Collision with motor vehicle in traffic / V2: Collision with motor vehicle in traffic ,"V1: Passenger car / V2:Light truck(van, mini-van, panel, pickup, sport utility) with only four tires",Snow,Dark - roadway not lighted,Snow,MASSACHUSETTS TURNPIKE Rte 90 W / RAMP - MASSACHUSETTS AVENUE TO RT 90 WB,,,,MASS AVE.,,233650.7371,899794.9294
3358838,BOSTON,17-Feb-2013,2:10 AM,Property damage only (none injured),2,0,0,Rear-end,V1: Slowing or stopped in traffic / V2:Travelling straight ahead,V1:Westbound / V2:Westbound ,V1: Collision with motor vehicle in traffic / V2: Collision with motor vehicle in traffic ,V1: Passenger car / V2:Passenger car,Dry,Dark - lighted roadway,Clear,,COLUMBIA ROAD / DORCHESTER AVENUE,,,,,236535.6564,896787.6252
3376708,BOSTON,17-Feb-2013,7:20 AM,Property damage only (none injured),2,0,0,Angle,V1: Travelling straight ahead / V2:Travelling straight ahead,V1:Not reported / V2:Not reported ,V1: Collision with motor vehicle in traffic / V2: Collision with motor vehicle in traffic ,"V1: Light truck(van, mini-van, panel, pickup, sport utility) with only four tires / V2:Passenger car",Snow,Daylight,Snow,LA GRANGE STREET / CENTRE STREET,,,,,,228196.375,892302.3127
3359758,BOSTON,17-Feb-2013,8:50 AM,Property damage only (none injured),1,0,0,Single vehicle crash,V1: Travelling straight ahead,V1:Southbound ,V1: Collision with median barrier ,V1: Passenger car,Snow,Daylight,Snow,,Rte 93 S,,Exit 15 on Rte 93 S,AT FREEPORT ONRAMP,,236629.6253,897168.5001
3359872,BOSTON,17-Feb-2013,4:20 PM,Property damage only (none injured),2,0,0,Rear-end,V1: Travelling straight ahead / V2:Slowing or stopped in traffic,V1:Westbound / V2:Westbound ,V1: Collision with motor vehicle in traffic / V2: Collision with motor vehicle in traffic ,"V1: Passenger car / V2:Light truck(van, mini-van, panel, pickup, sport utility) with only four tires",Wet,Daylight,Cloudy/Snow,,COLUMBIA ROAD / DORCHESTER AVENUE,,,HESS STATION,,236535.6564,896787.6252
3391608,BOSTON (MATTAPAN),17-Feb-2013,5:16 PM,Not Reported,2,0,0,"Sideswipe, same direction",V1: Travelling straight ahead / V2:Travelling straight ahead,V1:Not reported / V2:Not reported ,V1: Collision with motor vehicle in traffic / V2: Collision with motor vehicle in traffic ,"V1: Passenger car / V2:Light truck(van, mini-van, panel, pickup, sport utility) with only four tires",Wet,Daylight,Rain,CUMMINS HIGHWAY / ROCKINGHAM ROAD,,,,,,232803.5942,891216.3678
3359667,BOSTON,17-Feb-2013,7:05 PM,Property damage only (none injured),2,0,0,Angle,V1: Entering traffic lane / V2:Travelling straight ahead,V1:Northbound / V2:Eastbound ,V1: Collision with motor vehicle in traffic / V2: Collision with motor vehicle in traffic ,"V1: Light truck(van, mini-van, panel, pickup, sport utility) with only four tires / V2:Light truck(van, mini-van, panel, pickup, sport utility) with only four tires",Wet,Dark - lighted roadway,Snow,,FRONTAGE ROAD / BROADWAY,,,,,236165.6755,899351.7012
3361745,BOSTON,18-Feb-2013,5:35 AM,Property damage only (none injured),1,0,0,Single vehicle crash,V1: Travelling straight ahead,V1:Westbound ,V1: Collision with median barrier ,V1: Passenger car,Dry,Dark - lighted roadway,Not Reported,,MASSACHUSETTS TURNPIKE Rte 90 W / TED WILLIAMS TUNNEL,,,,,239051.4028,900924.2439
3391057,BOSTON,18-Feb-2013,7:30 AM,Property damage only (none injured),1,0,0,Single vehicle crash,V1: Travelling straight ahead,V1:Southbound ,V1: Collision with median barrier ,V1: Passenger car,Wet,Daylight,Cloudy,,JOHN F FITZGERALD EXPRESSWAY Rte 93 S,,,SAVIN HILL,,236852.2634,895730.4603
3359866,BOSTON,18-Feb-2013,8:57 AM,Non-fatal injury,2,1,0,Angle,V1: Travelling straight ahead / V2:Travelling straight ahead,V1:Southbound / V2:Westbound ,V1: Collision with motor vehicle in traffic / V2: Collision with motor vehicle in traffic ,V1: Passenger car / V2:Passenger car,Dry,Daylight,Cloudy,,CHARLESGATE WEST / BEACON STREET,,,,,233543.9754,900022.1832
3399241,BOSTON,18-Feb-2013,10:58 AM,Non-fatal injury,2,1,0,Angle,V1: Travelling straight ahead / V2:Turning left,V1:Southbound / V2:Southbound ,V1: Collision with motor vehicle in traffic / V2: Collision with motor vehicle in traffic ,V1: Passenger car / V2:Passenger car,Dry,Dark - lighted roadway,Clear,HYDE PARK AVENUE / GRANTLEY STREET,,,,,,230831.3282,888872.7498
3368952,BOSTON,18-Feb-2013,11:20 AM,Property damage only (none injured),2,0,0,Angle,V1: Travelling straight ahead / V2:Travelling straight ahead,V1:Northbound / V2:Eastbound ,V1: Collision with motor vehicle in traffic / V2: Collision with motor vehicle in traffic ,"V1: Passenger car / V2:Bus (seats for more than 15 people, including driver)",Dry,Daylight,Clear,SOLDIERS FIELD ROAD / MARKET STREET,,,,,,228850.0157,901144.8752
3359873,BOSTON,18-Feb-2013,12:25 PM,Property damage only (none injured),2,0,0,Rear-end,V1: Travelling straight ahead / V2:Slowing or stopped in traffic,V1:Southbound / V2:Southbound ,V1: Collision with motor vehicle in traffic / V2: Collision with motor vehicle in traffic ,"V1: Light truck(van, mini-van, panel, pickup, sport utility) with only four tires / V2:Light truck(van, mini-van, panel, pickup, sport utility) with only four tires",Dry,Daylight,Not Reported,,Rte 93 S,,Exit 15 on Rte 93,,,236629.6253,897168.5001
3384620,BOSTON,18-Feb-2013,3:47 PM,Property damage only (none injured),3,0,0,Rear-end,V1: Slowing or stopped in traffic / V2:Travelling straight ahead / V3:Travelling straight ahead,V1:Northbound / V2:Northbound / V3:Northbound ,V1: Collision with motor vehicle in traffic / V2: Collision with motor vehicle in traffic / V3: Collision with motor vehicle in traffic ,"V1: Passenger car / V2:Light truck(van, mini-van, panel, pickup, sport utility) with only four tires / V3:Light truck(van, mini-van, panel, pickup, sport utility) with only four tires",Dry,Daylight,Clear,,JOHN F FITZGERALD EXPRESSWAY Rte 93 N / RAMP - BROADWAY TO RT 93 NB,,,O'NEILL TUNNEL ENTRANCE,,236463.0819,899889.3416
3384529,BOSTON,18-Feb-2013,4:47 PM,Property damage only (none injured),3,0,0,Rear-end,V1: Slowing or stopped in traffic / V2:Slowing or stopped in traffic / V3:Travelling straight ahead,V1:Northbound / V2:Northbound / V3:Northbound ,V1: Collision with motor vehicle in traffic / V2: Collision with motor vehicle in traffic / V3: Collision with motor vehicle in traffic ,V1: Passenger car / V2:Passenger car / V3:Passenger car,Dry,Daylight,Clear,,JOHN F FITZGERALD EXPRESSWAY Rte 93 N / RAMP - BROADWAY TO RT 93 NB,,,O'NEILL TUNNEL ENTRANCE,,236466.2934,899897.6427
3361272,BOSTON,18-Feb-2013,5:05 PM,Property damage only (none injured),2,0,0,Rear-end,V1: Slowing or stopped in traffic / V2:Travelling straight ahead,V1:Westbound / V2:Westbound ,V1: Collision with motor vehicle in traffic / V2: Collision with motor vehicle in traffic ,V1: Passenger car / V2:Passenger car,Dry,Daylight,Not Reported,STORROW DRIVE / CHARLESGATE OVERPASS,,,,,,233287.6718,900098.5623
3375592,BOSTON,18-Feb-2013,6:25 PM,Property damage only (none injured),2,0,0,Angle,V1: Turning left / V2:Travelling straight ahead,V1:Southbound / V2:Northbound ,V1: Collision with motor vehicle in traffic / V2: Collision with motor vehicle in traffic ,"V1: Passenger car / V2:Light truck(van, mini-van, panel, pickup, sport utility) with only four tires",Dry,Dark - lighted roadway,Clear,HOTEL DRIVE / SR-2,,,,HOTEL DR AT SERVICE RD,,239100.7308,902296.287
3393220,BOSTON,18-Feb-2013,8:57 PM,Property damage only (none injured),2,0,0,Angle,V1: Travelling straight ahead / V2:Travelling straight ahead,V1:Northbound / V2:Westbound ,V1: Collision with motor vehicle in traffic / V2: Collision with motor vehicle in traffic ,V1: Passenger car / V2:Passenger car,Dry,Dark - lighted roadway,Clear/Clear,UNION STREET / WINSHIP STREET,,,,,,228637.5157,899569.4999
3384621,BOSTON,18-Feb-2013,11:27 PM,Property damage only (none injured),1,0,0,Single vehicle crash,V1: Travelling straight ahead,V1:Southbound ,V1: Collision with median barrier ,V1: Passenger car,Dry,Dark - lighted roadway,Clear,RAMP - RT 1 SB FROM TOBIN BRIDGE Rte 1 S / JOHN F FITZGERALD EXPRESSWAY Rte 93 S / INTERSTATE 93 Rte 93 S,,,,RAMP TC,,235689.8923,902409.5869
3364956,BOSTON,19-Feb-2013,7:55 AM,Property damage only (none injured),2,0,0,Rear-end,V1: Slowing or stopped in traffic / V2:Slowing or stopped in traffic,V1:Eastbound / V2:Eastbound ,V1: Collision with motor vehicle in traffic / V2: Collision with motor vehicle in traffic ,V1: Passenger car / V2:Passenger car,Dry,Daylight,Clear,,Rte 90 E,,,,,228806.6892,900887.0797
3382532,BOSTON,19-Feb-2013,10:07 AM,Property damage only (none injured),2,0,0,Angle,V1: Travelling straight ahead / V2:Travelling straight ahead,V1:Northbound / V2:Southbound ,V1: Collision with motor vehicle in traffic / V2: Collision with motor vehicle in traffic ,V1: Passenger car / V2:Passenger car,Dry,Daylight,Clear/Clear,HARRISON AVENUE / MARGINAL ROAD / HUDSON STREET,,,,,,236010.3127,899710.3127
3382538,BOSTON,19-Feb-2013,11:24 AM,Property damage only (none injured),1,0,0,Not reported,V1: Travelling straight ahead,V1:Eastbound ,V1: Collision with pedestrian ,V1: Passenger car,Other,Daylight,Cloudy,BEACON STREET / SOMERSET STREET,,,,,P3:Pedestrian,236115.6331,900955.2238
3362269,BOSTON,19-Feb-2013,11:59 AM,Property damage only (none injured),2,0,0,"Sideswipe, same direction",V1: Travelling straight ahead / V2:Changing lanes,V1:Southbound / V2:Southbound ,V1: Collision with motor vehicle in traffic / V2: Collision with motor vehicle in traffic ,V1: Passenger car / V2:Passenger car,Dry,Daylight,Clear,,RAMP - RT 1 SB FROM TOBIN BRIDGE Rte 1 S / RAMP - RT 1 SB TO LEVERETT CONNECTOR,,,CANA LOOP RAMP S/B,,235489.3139,902490.1381
3359760,BOSTON,19-Feb-2013,12:29 PM,Property damage only (none injured),2,0,0,Angle,V1: Travelling straight ahead / V2:Travelling straight ahead,V1:Eastbound / V2:Eastbound ,V1: Collision with motor vehicle in traffic / V2: Collision with motor vehicle in traffic ,"V1: Light truck(van, mini-van, panel, pickup, sport utility) with only four tires / V2:Passenger car",Dry,Daylight,Cloudy,,COLUMBIA ROAD / KOSCIUSZKO CIRCLE,,,,,236959.1828,896919.6787
3382536,BOSTON,19-Feb-2013,3:31 PM,Property damage only (none injured),1,0,0,Single vehicle crash,V1: Turning left,V1:Southbound ,V1: Collision with pedestrian ,"V1: Light truck(van, mini-van, panel, pickup, sport utility) with only four tires",Dry,Daylight,Cloudy/Cloudy,,32 FRUIT STREET / YAWKEY WAY,,,,P2:Pedestrian,235497.6398,901413.1229
3359678,BOSTON,20-Feb-2013,1:15 AM,Non-fatal injury,1,1,0,Single vehicle crash,V1: Travelling straight ahead,V1:Southbound ,V1: Collision with pedestrian ,V1: Passenger car,Dry,Dark - roadway not lighted,Not Reported,,JAMAICAWAY / 226,,,,P2:Pedestrian,231750.7183,897139.3075
3362366,BOSTON,20-Feb-2013,7:54 AM,Property damage only (none injured),2,0,0,Rear-end,V1: Slowing or stopped in traffic / V2:Travelling straight ahead,V1:Southbound / V2:Southbound ,V1: Collision with motor vehicle in traffic / V2: Collision with motor vehicle in traffic ,"V1: Light truck(van, mini-van, panel, pickup, sport utility) with only four tires / V2:Light truck(van, mini-van, panel, pickup, sport utility) with only four tires",Dry,Other,Other,,Rte 93 S,,Exit 23 on Rte 93 S,,,236856.2793,901152.8251