Crash Number,City/Town Name,Crash Date,Crash Time,Crash Severity,Number of Vehicles,Total Nonfatal Injuries,Total Fatal Injuries,Manner of Collision,Vehicle Action Prior to Crash,Vehicle Travel Directions,Most Harmful Events,Vehicle Configuration,Road Surface Condition,Ambient Light,Weather Condition,At Roadway Intersection,Distance from Nearest Roadway Intersection,Distance from Nearest Milemarker,Distance from Nearest Exit,Distance from Nearest Landmark,Non Motorist Type,X Coordinate,Y Coordinate
3393229,BOSTON,20-Feb-2013,1:24 PM,Unknown,1,0,0,Single vehicle crash,V1: Turning left,V1:Not reported ,V1: Collision with pedestrian ,V1: Passenger car,Dry,Daylight,Cloudy,WESTERN AVENUE / EVERETT STREET,,,,,P2:Pedestrian,230039.6252,901472.5
3362877,BOSTON,20-Feb-2013,1:30 PM,Non-fatal injury,3,1,0,Angle,V1: Travelling straight ahead / V2:Travelling straight ahead / V3:Slowing or stopped in traffic,V1:Westbound / V2:Northbound / V3:Southbound ,V1: Collision with motor vehicle in traffic / V2: Collision with motor vehicle in traffic / V3: Collision with motor vehicle in traffic ,"V1: MOPED / V2:Light truck(van, mini-van, panel, pickup, sport utility) with only four tires / V3:Light truck(van, mini-van, panel, pickup, sport utility) with only four tires",Dry,Daylight,Clear,MORTON STREET / HARVARD STREET,,,,,,233493.5311,893100.9999
3359755,BOSTON,20-Feb-2013,4:48 PM,Property damage only (none injured),2,0,0,Rear-end,V1: Travelling straight ahead / V2:Slowing or stopped in traffic,V1:Westbound / V2:Westbound ,V1: Collision with motor vehicle in traffic / V2: Collision with motor vehicle in traffic ,"V1: Light truck(van, mini-van, panel, pickup, sport utility) with only four tires / V2:Light truck(van, mini-van, panel, pickup, sport utility) with only four tires",Dry,Daylight,Clear,RAMP - LEVERETT CIRCLE TO LEVERETT CONNE / STORROW DRIVE Rte 3A S / LEVERETT CIRCLE,,,,LEVERETT TUNNEL W/B,,235616.8745,901859.5295
3388327,BOSTON (DORCHESTER),20-Feb-2013,11:00 PM,Not Reported,2,0,0,Angle,V1: Parked / V2:Turning right,V1:Not reported / V2:Not reported ,V1: Collision with parked motor vehicle / V2: Not reported ,V1: Passenger car / V2:Not reported,Dry,Dark - lighted roadway,Cloudy,,22 MONTELLO STREET / ROBINSON STREET,,,,,236156.3125,894809.7503
3384622,BOSTON,21-Feb-2013,6:11 AM,Property damage only (none injured),1,0,0,Single vehicle crash,V1: Travelling straight ahead,V1:Westbound ,V1: Collision with median barrier ,V1: Passenger car,Dry,Daylight,Clear,,MASSACHUSETTS TURNPIKE Rte 90 W / RAMP - CLARENDON STREET TO I90 WB,,,COLUMBUS AVE,,234959.9905,899800.4619
3393331,BOSTON,21-Feb-2013,7:45 AM,Not Reported,2,0,0,Head-on,V1: Making U-turn / V2:Travelling straight ahead,V1:Northbound / V2:Southbound ,V1: Collision with motor vehicle in traffic / V2: Collision with motor vehicle in traffic ,V1: Passenger car / V2:Passenger car,Dry,Daylight,Cloudy,,370 CHESTNUT AVENUE,,,,,232104.7784,895819.5835
3366244,BOSTON,21-Feb-2013,9:25 AM,Property damage only (none injured),2,0,0,Rear-end,V1: Slowing or stopped in traffic / V2:Slowing or stopped in traffic,V1:Northbound / V2:Northbound ,V1: Collision with motor vehicle in traffic / V2: Collision with motor vehicle in traffic ,V1: Passenger car / V2:Passenger car,Dry,Daylight,Clear,,Rte 93 N,,Exit 15 on Rte 93 N,,,236972.2496,896473.4282
3391040,BOSTON,21-Feb-2013,2:52 PM,Property damage only (none injured),1,0,0,Single vehicle crash,V1: Travelling straight ahead,V1:Northbound ,V1: Collision with motor vehicle in traffic ,V1: Other,Dry,Dark - lighted roadway,Clear,,EAST BOSTON EXPRESSWAY Rte 1A N / CALLAHAN TUNNEL,,,CALLAHAN TUNNEL,,238035.7765,902633.3468
3391041,BOSTON,21-Feb-2013,3:39 PM,Property damage only (none injured),3,0,0,Rear-end,V1: Slowing or stopped in traffic / V2:Slowing or stopped in traffic / V3:Travelling straight ahead,V1:Northbound / V2:Northbound / V3:Northbound ,V1: Collision with motor vehicle in traffic / V2: Collision with motor vehicle in traffic / V3: Collision with motor vehicle in traffic ,V1: Passenger car / V2:Passenger car / V3:Passenger car,Dry,Daylight,Cloudy,,LEVERETT CONNECTOR NORTH / RAMP - STORROW DRIVE TO LEVERETT CONNECT,,,LEV CONN NB,,236004.5184,901965.6721
3359876,BOSTON,21-Feb-2013,6:16 PM,Property damage only (none injured),3,0,0,Rear-end,V1: Travelling straight ahead / V2:Slowing or stopped in traffic / V3:Not reported,V1:Southbound / V2:Southbound / V3:Not reported ,V1: Collision with motor vehicle in traffic / V2: Collision with motor vehicle in traffic / V3: Not reported ,"V1: Light truck(van, mini-van, panel, pickup, sport utility) with only four tires / V2:Passenger car / V3:Passenger car",Dry,Dark - lighted roadway,Clear,,Rte 93 S,,Exit 15 on Rte 93,,,236629.6253,897168.5001
3388333,BOSTON (DORCHESTER),21-Feb-2013,11:01 PM,Not Reported,2,0,0,Rear-end,V1: Not reported / V2:Not reported,V1:Not reported / V2:Not reported ,V1: Not reported / V2: Not reported ,V1: Passenger car / V2:Passenger car,Dry,Dark - lighted roadway,Clear/Clear,DORCHESTER AVENUE / EAST STREET,,,,,,236407.2345,895327.0623
3413759,BOSTON (DORCHESTER),22-Feb-2013,3:22 AM,Property damage only (none injured),2,0,0,Angle,V1: Travelling straight ahead / V2:Parked,V1:Not reported / V2:Not reported ,V1: Collision with parked motor vehicle / V2: Collision with motor vehicle in traffic ,V1: Passenger car / V2:Passenger car,Dry,Dark - lighted roadway,Clear/Clear,MOUNT IDA ROAD / POTOSI STREET,,,,,,235835.7811,895222.8749
3359683,BOSTON,22-Feb-2013,12:19 PM,Property damage only (none injured),2,0,0,Angle,V1: Travelling straight ahead / V2:Travelling straight ahead,V1:Southbound / V2:Southbound ,V1: Not reported / V2: Collision with motor vehicle in traffic ,"V1: Passenger car / V2:Light truck(van, mini-van, panel, pickup, sport utility) with only four tires",Wet,Dusk,Cloudy,,Rte 93 S,,Exit 12 on Rte 93 S,,,237620.5493,892713.0989
3391760,BOSTON,22-Feb-2013,1:10 PM,Non-fatal injury,2,1,0,Angle,V1: Turning left / V2:Travelling straight ahead,V1:Eastbound / V2:Northbound ,V1: Collision with motor vehicle in traffic / V2: Collision with motor vehicle in traffic ,"V1: Light truck(van, mini-van, panel, pickup, sport utility) with only four tires / V2:Single-unit truck (2-axle, 6-tire)",Dry,Daylight,Clear,THEODORE GLYNN WAY / SOUTHAMPTON STREET,,,,,,235603.2967,898002.9376
3362676,BOSTON,22-Feb-2013,2:30 PM,Non-fatal injury,2,3,0,Rear-end,V1: Travelling straight ahead / V2:Slowing or stopped in traffic,V1:Eastbound / V2:Eastbound ,V1: Collision with motor vehicle in traffic / V2: Collision with motor vehicle in traffic ,"V1: Light truck(van, mini-van, panel, pickup, sport utility) with only four tires / V2:Light truck(van, mini-van, panel, pickup, sport utility) with only four tires",Dry,Daylight,Clear,,0 feet W from Intersection MORTON STREET / HARVARD STREET,,,,,233493.5311,893100.9999
3362367,BOSTON,22-Feb-2013,5:54 PM,Property damage only (none injured),3,0,0,Rear-end,V1: Travelling straight ahead / V2:Travelling straight ahead / V3:Travelling straight ahead,V1:Southbound / V2:Southbound / V3:Southbound ,V1: Collision with motor vehicle in traffic / V2: Collision with motor vehicle in traffic / V3: Collision with motor vehicle in traffic ,"V1: Passenger car / V2:Passenger car / V3:Light truck(van, mini-van, panel, pickup, sport utility) with only four tires",Dry,Dark - lighted roadway,Clear,INTERSTATE 93 Rte 93 S / LEVERETT CONNECTOR SOUTH,,,,,,234851.4114,903728.5153
3378147,BOSTON (HYDE PARK),22-Feb-2013,6:40 PM,Property damage only (none injured),2,0,0,Not reported,V1: Parked / V2:Travelling straight ahead,V1:Not reported / V2:Southbound ,V1: Collision with motor vehicle in traffic / V2: Collision with parked motor vehicle ,V1: Passenger car / V2:Passenger car,Not reported,Not reported,Not Reported,,1513 HYDE PARK AVENUE,,,,,230688.6231,888581.0602
3365374,BOSTON,22-Feb-2013,10:50 PM,Property damage only (none injured),1,0,0,Single vehicle crash,V1: Travelling straight ahead,V1:Westbound ,V1: Collision with motor vehicle in traffic ,V1: Passenger car,Dry,Dark - lighted roadway,Not Reported,,RIVERWAY / AUTUMN STREET,,,,,232105.411,898811.5289
3391042,BOSTON,23-Feb-2013,00:00 AM,Property damage only (none injured),2,0,0,Angle,V1: Travelling straight ahead / V2:Parked,V1:Eastbound / V2:Not reported ,V1: Collision with work zone maintenance equipment / V2: Collision with motor vehicle in traffic ,V1: Passenger car / V2:Other,Dry,Dark - lighted roadway,Not Reported,,CALLAHAN TUNNEL / RAMP - NORTH STREET TO CALLAHAN TUNNEL,,,CALLAHAN TUNNEL,,237374.1159,902019.443
3388331,BOSTON (DORCHESTER),23-Feb-2013,00:00 AM,Not Reported,2,0,0,Not reported,V1: Not reported / V2:Parked,V1:Not reported / V2:Not reported ,V1: Not reported / V2: Not reported ,"V1: Light truck(van, mini-van, panel, pickup, sport utility) with only four tires / V2:Light truck(van, mini-van, panel, pickup, sport utility) with only four tires",Not reported,Not reported,Not Reported,SYDNEY STREET / HARTLAND STREET,,,,,,236886.5797,896157.9702
3364544,BOSTON,23-Feb-2013,1:56 AM,Non-fatal injury,3,1,0,"Sideswipe, same direction",V1: Changing lanes / V2:Travelling straight ahead / V3:Slowing or stopped in traffic,V1:Southbound / V2:Southbound / V3:Southbound ,V1: Collision with guardrail / V2: Collision with motor vehicle in traffic / V3: Collision with motor vehicle in traffic ,"V1: Passenger car / V2:Light truck(van, mini-van, panel, pickup, sport utility) with only four tires / V3:Passenger car",Dry,Dark - lighted roadway,Clear,,Rte 93 S,,Exit 20 on Rte 93 S,,,236954.209,900826.9442
3362368,BOSTON,23-Feb-2013,7:17 AM,Property damage only (none injured),2,0,0,Angle,V1: Travelling straight ahead / V2:Travelling straight ahead,V1:Northbound / V2:Northbound ,V1: Collision with motor vehicle in traffic / V2: Collision with motor vehicle in traffic ,"V1: Passenger car / V2:Light truck(van, mini-van, panel, pickup, sport utility) with only four tires",Dry,Daylight,Cloudy,,Rte 93 N,,Exit 23 on Rte 93 N,,,236957.4837,900943.9828
3362271,BOSTON,23-Feb-2013,10:04 AM,Non-fatal injury,3,4,0,Angle,V1: Overtaking/passing / V2:Travelling straight ahead / V3:Travelling straight ahead,V1:Northbound / V2:Northbound / V3:Northbound ,V1: Collision with motor vehicle in traffic / V2: Collision with motor vehicle in traffic / V3: Collision with other movable object ,"V1: Passenger car / V2:Light truck(van, mini-van, panel, pickup, sport utility) with only four tires / V3:Passenger car",Dry,Daylight,Cloudy,,Rte 93 N,,Exit 23 on Rte 93 N,,,236957.4837,900943.9828
3362670,BOSTON,23-Feb-2013,11:21 AM,Non-fatal injury,3,2,0,Rear-end,V1: Travelling straight ahead / V2:Slowing or stopped in traffic / V3:Slowing or stopped in traffic,V1:Northbound / V2:Northbound / V3:Northbound ,V1: Collision with motor vehicle in traffic / V2: Collision with motor vehicle in traffic / V3: Collision with motor vehicle in traffic ,"V1: Light truck(van, mini-van, panel, pickup, sport utility) with only four tires / V2:Passenger car / V3:Light truck(van, mini-van, panel, pickup, sport utility) with only four tires",Dry,Daylight,Cloudy,,Rte 93 N,,Exit 13 on Rte 93 N,,,237420.1414,894076.5227
3362369,BOSTON,23-Feb-2013,12:37 PM,Property damage only (none injured),2,0,0,Rear-end,V1: Travelling straight ahead / V2:Travelling straight ahead,V1:Southbound / V2:Southbound ,V1: Collision with motor vehicle in traffic / V2: Collision with motor vehicle in traffic ,V1: Passenger car / V2:Passenger car,Dry,Daylight,Clear,,Rte 93 S,,Exit 26 on Rte 93 S,"LEVERETTE CONN, S/B",,234851.4113,903728.5151
3359679,BOSTON,23-Feb-2013,3:26 PM,Property damage only (none injured),2,0,0,Angle,V1: Travelling straight ahead / V2:Travelling straight ahead,V1:Westbound / V2:Southbound ,V1: Collision with motor vehicle in traffic / V2: Collision with motor vehicle in traffic ,"V1: Passenger car / V2:Light truck(van, mini-van, panel, pickup, sport utility) with only four tires",Dry,Daylight,Cloudy,,CHARLES STREET / LONGFELLOW BRIDGE,,,,,235326.1987,901297.527
3363095,BOSTON,23-Feb-2013,3:28 PM,Non-fatal injury,3,1,0,Rear-end,V1: Slowing or stopped in traffic / V2:Slowing or stopped in traffic / V3:Travelling straight ahead,V1:Northbound / V2:Northbound / V3:Northbound ,V1: Collision with motor vehicle in traffic / V2: Collision with motor vehicle in traffic / V3: Collision with motor vehicle in traffic ,"V1: Passenger car / V2:Light truck(van, mini-van, panel, pickup, sport utility) with only four tires / V3:Passenger car",Wet,Dark - lighted roadway,Not Reported,,JOHN F FITZGERALD EXPRESSWAY Rte 93 N / RAMP - BROADWAY TO RT 93 NB,,,JUST PAST ENTRANCE TO O&AMP;APOS,,236461.3903,899884.9693
3363401,BOSTON (HYDE PARK),23-Feb-2013,4:20 PM,Property damage only (none injured),2,0,0,Not reported,V1: Parked / V2:Travelling straight ahead,V1:Not reported / V2:Westbound ,V1: Collision with parked motor vehicle / V2: Collision with parked motor vehicle ,"V1: Light truck(van, mini-van, panel, pickup, sport utility) with only four tires / V2:Bus (seats for more than 15 people, including driver)",Not reported,Not reported,Not Reported,,4 OAK STREET,,,,,235922.8038,899857.7037
3391741,BOSTON (SOUTH BOSTON),23-Feb-2013,7:16 PM,Non-fatal injury,1,1,0,Single vehicle crash,V1: Travelling straight ahead,V1:Not reported ,V1: Collision with pedestrian ,V1: Passenger car,Wet,Dark - lighted roadway,Snow/Cloudy,EAST BROADWAY / K STREET,,,,,P2:Pedestrian,238120.7654,898447.3126
3366742,BOSTON,24-Feb-2013,2:59 AM,Non-fatal injury,2,3,0,Rear-end,V1: Travelling straight ahead / V2:Travelling straight ahead,V1:Southbound / V2:Southbound ,V1: Collision with motor vehicle in traffic / V2: Collision with motor vehicle in traffic ,V1: Passenger car / V2:Passenger car,Wet,Dark - lighted roadway,"Rain/Sleet, hail (freezing rain or drizzle)",,Rte 93 S,,,,,236295.577,900133.1416
3364961,BOSTON,24-Feb-2013,5:49 AM,Property damage only (none injured),1,0,0,Single vehicle crash,V1: Leaving traffic lane,V1:Northbound ,V1: Collision with median barrier ,V1: Passenger car,Wet,Dark - lighted roadway,Snow,,Rte 93 N,,,,,236692.0856,901331.1625
3367281,BOSTON,24-Feb-2013,6:17 AM,Property damage only (none injured),1,0,0,Single vehicle crash,V1: Travelling straight ahead,V1:Eastbound ,V1: Collision with curb ,V1: Passenger car,Wet,Daylight,Rain,,Rte 90 E,,,,,234145.2812,899758.6639
3365676,BOSTON,24-Feb-2013,6:45 AM,Non-fatal injury,2,1,0,Not reported,V1: Travelling straight ahead / V2:Travelling straight ahead,V1:Southbound / V2:Eastbound ,V1: Collision with motor vehicle in traffic / V2: Collision with motor vehicle in traffic ,V1: Passenger car / V2:Passenger car,Not reported,Not reported,Not Reported,,CHARLESGATE WEST / COMMONWEALTH AVENUE,,,,,233546.2737,899931.2545
3384752,BOSTON,24-Feb-2013,6:45 AM,Property damage only (none injured),1,0,0,Single vehicle crash,V1: Travelling straight ahead,V1:Southbound ,V1: Collision with median barrier ,V1: Passenger car,Wet,Daylight,Rain/Snow,,JOHN F FITZGERALD EXPRESSWAY Rte 93 S,,,93S SAVIN HILL,,236838.7135,895687.9708
3365684,BOSTON,24-Feb-2013,1:50 PM,Property damage only (none injured),2,0,0,Angle,V1: Travelling straight ahead / V2:Travelling straight ahead,V1:Eastbound / V2:Eastbound ,V1: Collision with motor vehicle in traffic / V2: Collision with motor vehicle in traffic ,"V1: Light truck(van, mini-van, panel, pickup, sport utility) with only four tires / V2:Light truck(van, mini-van, panel, pickup, sport utility) with only four tires",Dry,Daylight,Cloudy,,CHARLESGATE WEST / COMMONWEALTH AVENUE,,,,,233546.2737,899931.2545
3362177,BOSTON,24-Feb-2013,3:45 PM,Non-fatal injury,3,1,0,Angle,V1: Travelling straight ahead / V2:Travelling straight ahead / V3:Turning right,V1:Not reported / V2:Not reported / V3:Not reported ,V1: Collision with motor vehicle in traffic / V2: Collision with motor vehicle in traffic / V3: Collision with motor vehicle in traffic ,"V1: Passenger car / V2:Single-unit truck (2-axle, 6-tire) / V3:Passenger car",Wet,Daylight,Snow,MORTON STREET / NORFOLK STREET,,,,,,234066.8436,892435.125
3362871,BOSTON,24-Feb-2013,3:50 PM,Property damage only (none injured),2,0,0,Rear-end,V1: Travelling straight ahead / V2:Travelling straight ahead,V1:Eastbound / V2:Eastbound ,V1: Collision with motor vehicle in traffic / V2: Collision with motor vehicle in traffic ,"V1: Light truck(van, mini-van, panel, pickup, sport utility) with only four tires / V2:Passenger car",Wet,Daylight,Rain,,0 feet E from Intersection WILLIAM DAY BOULEVARD / KOSCIUSZKO CIRCLE,,,,,237000,896933.5626
3393338,BOSTON (ALLSTON),24-Feb-2013,3:58 PM,Property damage only (none injured),2,0,0,Rear-end,V1: Travelling straight ahead / V2:Travelling straight ahead,V1:Eastbound / V2:Eastbound ,V1: Collision with impact attenuator/crash cushion / V2: Collision with impact attenuator/crash cushion ,V1: Passenger car / V2:Passenger car,Wet,Daylight,Cloudy/Rain,BRIGHTON AVENUE / ALLSTON STREET,,,,,,230118.2274,900367.2947
3384530,BOSTON,24-Feb-2013,5:00 PM,Property damage only (none injured),2,0,0,"Sideswipe, same direction",V1: Changing lanes / V2:Travelling straight ahead,V1:Northbound / V2:Northbound ,V1: Collision with median barrier / V2: Collision with motor vehicle in traffic ,V1: Passenger car / V2:Passenger car,Wet,Dusk,Rain,,JOHN F FITZGERALD EXPRESSWAY Rte 93 N / RAMP - BROADWAY TO RT 93 NB,,,TUNNEL PORTAL,,236461.8985,899886.2829
3364220,BOSTON,24-Feb-2013,8:01 PM,Property damage only (none injured),2,0,0,Rear-end,V1: Travelling straight ahead / V2:Slowing or stopped in traffic,V1:Southbound / V2:Southbound ,V1: Collision with motor vehicle in traffic / V2: Collision with motor vehicle in traffic ,V1: Passenger car / V2:Passenger car,Slush,Dark - lighted roadway,Snow,RAMP - SOUTHAMPTON ST TO SB FRONTAGE RD / SOUTHBOUND FRONTAGE ROAD / RAMP - SB FRONTAGE RD TO BOSTON ST,,,,AT SOUTH BAY LIGHTS,,236212.8983,897732.8909
3364226,BOSTON,24-Feb-2013,10:35 PM,Property damage only (none injured),2,0,0,"Sideswipe, same direction",V1: Travelling straight ahead / V2:Entering traffic lane,V1:Southbound / V2:Southbound ,V1: Collision with motor vehicle in traffic / V2: Collision with motor vehicle in traffic ,"V1: Passenger car / V2:Light truck(van, mini-van, panel, pickup, sport utility) with only four tires",Wet,Dark - lighted roadway,Cloudy,,Rte 93 S,,Exit 12 on Rte 93 S,TOLMAN RAMP,,237620.5493,892713.0989
3384623,BOSTON,25-Feb-2013,3:30 AM,Property damage only (none injured),1,0,0,Single vehicle crash,V1: Travelling straight ahead,V1:Westbound ,V1: Collision with median barrier ,V1: Passenger car,Wet,Dark - lighted roadway,Not Reported,RAMP - RT 90 EB TO RT 93 SB / RAMP - RT 90 EB TO RT 93 / RAMP - RT 90 EB TO RT 93 NB,,,,RAMP D@ 93 SB,,236391.6062,899676.0005
3362864,BOSTON,25-Feb-2013,5:00 AM,Not Reported,1,0,0,Single vehicle crash,V1: Travelling straight ahead,V1:Eastbound ,V1: Collision with tree ,V1: Passenger car,Wet,Dark - lighted roadway,Clear,,JAMAICAWAY / KELLEY CIRCLE,,,PARKMAN DR,,231228.8755,895994.75
3371857,BOSTON,25-Feb-2013,8:50 AM,Non-fatal injury,3,1,0,Rear-to-rear,V1: Slowing or stopped in traffic / V2:Slowing or stopped in traffic / V3:Travelling straight ahead,V1:Eastbound / V2:Eastbound / V3:Eastbound ,V1: Collision with motor vehicle in traffic / V2: Collision with motor vehicle in traffic / V3: Collision with motor vehicle in traffic ,"V1: Passenger car / V2:Passenger car / V3:Light truck(van, mini-van, panel, pickup, sport utility) with only four tires",Wet,Daylight,Clear,,SOLDIERS FIELD ROAD / UNIVERSITY ROAD,,,BU BRIDGE,,232060.701,900221.2567
3364962,BOSTON,25-Feb-2013,9:44 AM,Property damage only (none injured),2,0,0,Rear-end,V1: Changing lanes / V2:Travelling straight ahead,V1:Northbound / V2:Northbound ,V1: Collision with motor vehicle in traffic / V2: Collision with motor vehicle in traffic ,"V1: Light truck(van, mini-van, panel, pickup, sport utility) with only four tires / V2:Passenger car",Dry,Daylight,Clear,,Rte 93 N,,Exit 18 on Rte 93 N,,,236146.0342,897892.2406
3364965,BOSTON,25-Feb-2013,1:10 PM,Property damage only (none injured),2,0,0,"Sideswipe, same direction",V1: Travelling straight ahead / V2:Travelling straight ahead,V1:Southbound / V2:Southbound ,V1: Collision with motor vehicle in traffic / V2: Collision with motor vehicle in traffic ,V1: Passenger car / V2:Passenger car,Dry,Daylight,Clear,,Rte 93 S,,,LINCOLN ST ON RAMP,,236793.1221,900500.0765
3390580,BOSTON (BRIGHTON),25-Feb-2013,8:02 PM,Non-fatal injury,2,2,0,Angle,V1: Turning left / V2:Travelling straight ahead,V1:Southbound / V2:Westbound ,"V1: Collision with railway vehicle (e.g., train, engine) / V2: Collision with motor vehicle in traffic ","V1: Passenger car / V2:Unknown heavy truck, cannot classify",Dry,Dark - lighted roadway,Clear,COMMONWEALTH AVENUE / PLEASANT STREET,,,,,,231450.4064,900162.4374
3404156,BOSTON,26-Feb-2013,1:12 AM,Property damage only (none injured),2,0,0,Angle,V1: Travelling straight ahead / V2:Travelling straight ahead,V1:Westbound / V2:Northbound ,V1: Collision with motor vehicle in traffic / V2: Collision with motor vehicle in traffic ,"V1: Light truck(van, mini-van, panel, pickup, sport utility) with only four tires / V2:Passenger car",Dry,Dark - lighted roadway,Clear/Clear,A STREET / WEST FOURTH STREET,,,,,,236559.0784,899052.2498
3364967,BOSTON,26-Feb-2013,2:01 AM,Property damage only (none injured),1,0,0,Single vehicle crash,V1: Travelling straight ahead,V1:Westbound ,V1: Collision with curb ,V1: Passenger car,Dry,Dark - lighted roadway,Clear,,MONSIGNOR CASEY HIGHWAY Rte 203 / JAMES SHEA CIRCLE,,,,,232427.352,894561.8624
3364963,BOSTON,26-Feb-2013,4:10 AM,Property damage only (none injured),1,0,0,Single vehicle crash,V1: Travelling straight ahead,V1:Northbound ,V1: Collision with median barrier ,V1: Passenger car,Dry,Dark - lighted roadway,Not Reported,,LEVERETT CONNECTOR NORTH / RAMP - STORROW DRIVE TO LEVERETT CONNECT,,,,,235999.7748,901933.5786
3364227,BOSTON,26-Feb-2013,6:00 AM,Property damage only (none injured),2,0,0,Angle,V1: Making U-turn / V2:Travelling straight ahead,V1:Northbound / V2:Eastbound ,V1: Collision with motor vehicle in traffic / V2: Collision with motor vehicle in traffic ,V1: Passenger car / V2:Passenger car,Dry,Dawn,Clear,,COLUMBIA ROAD / GENERAL CASIMIR PULASKI SKYWAY,,,,,236787.0013,896862.7653
3439951,BOSTON,26-Feb-2013,6:40 AM,Not Reported,2,0,0,Not reported,V1: Travelling straight ahead / V2:Travelling straight ahead,V1:Eastbound / V2:Northbound ,V1: Collision with motor vehicle in traffic / V2: Collision with motor vehicle in traffic ,"V1: Passenger car / V2:Light truck(van, mini-van, panel, pickup, sport utility) with only four tires",Not reported,Not reported,Not Reported,BELLEVUE STREET / ROBIN STREET,,,,,,229196.3438,891861.1248
3452233,BOSTON (DORCHESTER),26-Feb-2013,8:30 AM,Not Reported,2,0,0,Not reported,V1: Not reported / V2:Not reported,V1:Not reported / V2:Not reported ,V1: Not reported / V2: Not reported ,V1: Unknown vehicle configuration / V2:Unknown vehicle configuration,Not reported,Not reported,Not Reported,,SAMOSET STREET,,,,,,
3369891,BOSTON,26-Feb-2013,11:09 AM,Property damage only (none injured),4,0,0,Rear-end,V1: Slowing or stopped in traffic / V2:Slowing or stopped in traffic / V3:Travelling straight ahead / V4:Travelling straight ahead,V1:Northbound / V2:Northbound / V3:Northbound / V4:Northbound ,V1: Collision with motor vehicle in traffic / V2: Collision with motor vehicle in traffic / V3: Collision with motor vehicle in traffic / V4: Collision with motor vehicle in traffic ,"V1: Single-unit truck (2-axle, 6-tire) / V2:Passenger car / V3:Passenger car / V4:Light truck(van, mini-van, panel, pickup, sport utility) with only four tires",Dry,Daylight,Clear,,GENERAL CASIMIR PULASKI SKYWAY Rte 93 / RAMP - COLUMBIA RD TO RT 93 NB,,,,,236673.8867,897131.4137
3364964,BOSTON,26-Feb-2013,12:55 PM,Property damage only (none injured),2,0,0,Rear-end,V1: Slowing or stopped in traffic / V2:Travelling straight ahead,V1:Southbound / V2:Southbound ,V1: Collision with motor vehicle in traffic / V2: Collision with motor vehicle in traffic ,"V1: Passenger car / V2:Light truck(van, mini-van, panel, pickup, sport utility) with only four tires",Dry,Daylight,Clear,,Rte 93 S,,Exit 24 on Rte 93 S,,,236397.1933,901565.6511
3385041,BOSTON (BRIGHTON),26-Feb-2013,1:00 PM,Property damage only (none injured),2,0,0,Head-on,V1: Travelling straight ahead / V2:Entering traffic lane,V1:Not reported / V2:Not reported ,V1: Collision with motor vehicle in traffic / V2: Not reported ,V1: Passenger car / V2:Passenger car,Dry,Daylight,Clear/Unknown,,15 NORTH BEACON STREET,,,,,229808.7644,900417.7426
3364228,BOSTON,26-Feb-2013,3:25 PM,Property damage only (none injured),2,0,0,Rear-end,V1: Travelling straight ahead / V2:Slowing or stopped in traffic,V1:Eastbound / V2:Eastbound ,V1: Collision with motor vehicle in traffic / V2: Collision with motor vehicle in traffic ,V1: Passenger car / V2:Passenger car,Dry,Daylight,Clear,WILLIAM DAY BOULEVARD / WILLIAM DAY BOULEVARD,,,,DAY EXTENSION,,237082.1171,896939.5279
3366744,BOSTON,26-Feb-2013,5:15 PM,Non-fatal injury,2,2,0,Rear-end,V1: Travelling straight ahead / V2:Travelling straight ahead,V1:Eastbound / V2:Eastbound ,V1: Other / V2: Other ,"V1: Passenger car / V2:Light truck(van, mini-van, panel, pickup, sport utility) with only four tires",Dry,Daylight,Clear,,CENTRE STREET / ALLANDALE STREET,,,FAULKNER HOSPITAL,,230742.882,894540.8708
3365675,BOSTON,26-Feb-2013,6:09 PM,Property damage only (none injured),2,0,0,Angle,V1: Travelling straight ahead / V2:Making U-turn,V1:Not reported / V2:Not reported ,V1: Collision with motor vehicle in traffic / V2: Collision with motor vehicle in traffic ,"V1: Bus (seats for 7-15 people, including driver) / V2:Passenger car",Dry,Dusk,Clear,,64 SERVICE ROAD / LOVELL STREET,,,,,239072.8934,903220.3871
3386828,BOSTON (HYDE PARK),26-Feb-2013,6:35 PM,Non-fatal injury,2,2,0,Not reported,V1: Travelling straight ahead / V2:Turning left,V1:Eastbound / V2:Northbound ,V1: Collision with motor vehicle in traffic / V2: Collision with motor vehicle in traffic ,V1: Passenger car / V2:Passenger car,Not reported,Not reported,Not Reported,CUMMINS HIGHWAY / AMERICAN LEGION HIGHWAY,,,,,,231609.7658,892139.6252
3366901,BOSTON,27-Feb-2013,5:03 AM,Non-fatal injury,4,1,0,Rear-end,V1: Travelling straight ahead / V2:Travelling straight ahead / V3:Travelling straight ahead / V4:Slowing or stopped in traffic,V1:Westbound / V2:Westbound / V3:Westbound / V4:Westbound ,V1: Collision with motor vehicle in traffic / V2: Collision with motor vehicle in traffic / V3: Collision with motor vehicle in traffic / V4: Collision with motor vehicle in traffic ,V1: Other / V2:Passenger car / V3:Passenger car / V4:Passenger car,Dry,Dark - lighted roadway,Other,,MASSACHUSETTS TURNPIKE Rte 90 W / TED WILLIAMS TUNNEL,,,,,239051.4028,900924.2439