Crash Number,City/Town Name,Crash Date,Crash Time,Crash Severity,Number of Vehicles,Total Nonfatal Injuries,Total Fatal Injuries,Manner of Collision,Vehicle Action Prior to Crash,Vehicle Travel Directions,Most Harmful Events,Vehicle Configuration,Road Surface Condition,Ambient Light,Weather Condition,At Roadway Intersection,Distance from Nearest Roadway Intersection,Distance from Nearest Milemarker,Distance from Nearest Exit,Distance from Nearest Landmark,Non Motorist Type,X Coordinate,Y Coordinate
3379133,BOSTON (HYDE PARK),27-Feb-2013,5:33 AM,Non-fatal injury,4,1,0,Rear-end,V1: Travelling straight ahead / V2:Parked / V3:Parked / V4:Parked,V1:Southbound / V2:Not reported / V3:Not reported / V4:Not reported ,V1: Collision with parked motor vehicle / V2: Collision with parked motor vehicle / V3: Collision with parked motor vehicle / V4: Not reported ,V1: Passenger car / V2:Passenger car / V3:Passenger car / V4:Passenger car,Wet,Dark - lighted roadway,Rain,,21 AUSTIN STREET,,,,,235802.3424,902817.4326
3401233,BOSTON,27-Feb-2013,9:11 AM,Non-fatal injury,1,1,0,Single vehicle crash,V1: Not reported,V1:Not reported ,V1: Not reported ,V1: Passenger car,Wet,Daylight,Rain/Rain,WASHINGTON STREET / MILK STREET,,,,,P2:Pedestrian,236351.2279,900818.8715
3388329,BOSTON (DORCHESTER),27-Feb-2013,10:20 AM,Property damage only (none injured),2,0,0,"Sideswipe, opposite direction",V1: Parked / V2:Other,V1:Not reported / V2:Not reported ,V1: Collision with parked motor vehicle / V2: Collision with parked motor vehicle ,"V1: Light truck(van, mini-van, panel, pickup, sport utility) with only four tires / V2:Passenger car",Wet,Daylight,Rain/Other,,14 UPHAM AVENUE,,,,,235876.821,896188.3217
3382334,BOSTON,27-Feb-2013,11:20 AM,Non-fatal injury,1,1,0,Single vehicle crash,V1: Turning right,V1:Not reported ,V1: Collision with pedestrian ,V1: Passenger car,Wet,Daylight,Rain,CONGRESS STREET / FRANKLIN STREET,,,,,P2:Pedestrian,236604.7856,900669.1991
3401331,BOSTON,27-Feb-2013,12:38 PM,Non-fatal injury,1,1,0,Single vehicle crash,V1: Turning left,V1:Not reported ,V1: Collision with pedestrian ,"V1: Light truck(van, mini-van, panel, pickup, sport utility) with only four tires",Wet,Daylight,Rain/Rain,BLOSSOM STREET / PARKMAN STREET,,,,,P2:Pedestrian,235670.1849,901389.0086
3364224,BOSTON,27-Feb-2013,1:03 PM,Property damage only (none injured),2,0,0,Rear-end,V1: Slowing or stopped in traffic / V2:Travelling straight ahead,V1:Eastbound / V2:Eastbound ,V1: Collision with motor vehicle in traffic / V2: Collision with motor vehicle in traffic ,"V1: Light truck(van, mini-van, panel, pickup, sport utility) with only four tires / V2:Passenger car",Wet,Daylight,Rain,,STORROW DRIVE,,,SILBER WAY OVERPASS,,232902.7394,900121.3203
3366130,BOSTON,27-Feb-2013,4:09 PM,Non-fatal injury,2,1,0,Angle,V1: Leaving traffic lane / V2:Travelling straight ahead,V1:Southbound / V2:Westbound ,V1: Collision with motor vehicle in traffic / V2: Collision with motor vehicle in traffic ,"V1: Light truck(van, mini-van, panel, pickup, sport utility) with only four tires / V2:Passenger car",Wet,Daylight,Cloudy,,RAMP - AIRPORT ROAD TO RT 90 WB / MASSACHUSETTS TURNPIKE Rte 90 W,,,@ TWT,,239110.0495,901807.8971
3384631,BOSTON,27-Feb-2013,4:15 PM,Property damage only (none injured),2,0,0,Angle,V1: Leaving traffic lane / V2:Travelling straight ahead,V1:Southbound / V2:Southbound ,V1: Collision with motor vehicle in traffic / V2: Collision with motor vehicle in traffic ,"V1: Passenger car / V2:Light truck(van, mini-van, panel, pickup, sport utility) with only four tires",Dry,Daylight,Clear,JOHN F FITZGERALD EXPRESSWAY Rte 1 S / RAMP - LEVERETT CIRCLE TO RT 93 SB Rte 3 S,,,,TIP O'NEIL TUNNEL,"P3:Other non-motorist (wheelchair, etc.)",236192.3118,901840.5409
3362872,BOSTON,27-Feb-2013,6:55 PM,Non-fatal injury,3,1,0,Rear-end,V1: Slowing or stopped in traffic / V2:Slowing or stopped in traffic / V3:Travelling straight ahead,V1:Southbound / V2:Southbound / V3:Southbound ,V1: Collision with motor vehicle in traffic / V2: Collision with motor vehicle in traffic / V3: Collision with motor vehicle in traffic ,"V1: Light truck(van, mini-van, panel, pickup, sport utility) with only four tires / V2:Light truck(van, mini-van, panel, pickup, sport utility) with only four tires / V3:Passenger car",Wet,Dark - roadway not lighted,Not Reported,,WILLIAM T MORRISSEY BOULEVARD / FREEPORT STREET,,,,,237178.2419,894663.606
4027704,BOSTON (SOUTH BOSTON),27-Feb-2013,7:53 PM,Fatal injury,1,0,1,Single vehicle crash,V1: Travelling straight ahead,V1:Westbound ,V1: Collision with pedestrian ,"V1: Light truck(van, mini-van, panel, pickup, sport utility) with only four tires",Wet,Dark - lighted roadway,Rain,WILLIAM DAY BOULEVARD / L STREET,,,,,P2:Pedestrian,238307.7811,897755.4373
3370283,BOSTON,27-Feb-2013,9:20 PM,Property damage only (none injured),1,0,0,Single vehicle crash,V1: Making U-turn,V1:Northbound ,V1: Collision with light pole or other post/support ,V1: Passenger car,Wet,Dark - unknown roadway lighting,Cloudy/Rain,,WORLD TRADE CENTER ROAD / SUMMER STREET,,,WORLD TRADE CENTER AVE,,237770.3828,900047.7156
3384624,BOSTON,27-Feb-2013,9:26 PM,Property damage only (none injured),1,0,0,Angle,V1: Leaving traffic lane,V1:Westbound ,V1: Collision with light pole or other post/support ,V1: Passenger car,Wet,Dark - lighted roadway,Cloudy/Rain,,MASSACHUSETTS TURNPIKE Rte 90 W / ALLSTON TOLL PLAZA,,,BU,,230817.7468,900833.7702
3391053,BOSTON,27-Feb-2013,9:50 PM,Property damage only (none injured),3,0,0,Rear-end,V1: Slowing or stopped in traffic / V2:Slowing or stopped in traffic / V3:Travelling straight ahead,V1:Eastbound / V2:Northbound / V3:Eastbound ,V1: Collision with motor vehicle in traffic / V2: Collision with motor vehicle in traffic / V3: Collision with motor vehicle in traffic ,V1: Passenger car / V2:Passenger car / V3:Passenger car,Dry,Dark - lighted roadway,Clear,,300 FENWAY,,,300 THE FENWAY,,233037.0994,898819.1715
3369746,BOSTON,27-Feb-2013,10:15 PM,Property damage only (none injured),3,0,0,Rear-end,V1: Travelling straight ahead / V2:Travelling straight ahead / V3:Travelling straight ahead,V1:Northbound / V2:Northbound / V3:Northbound ,V1: Collision with motor vehicle in traffic / V2: Collision with motor vehicle in traffic / V3: Collision with motor vehicle in traffic ,"V1: Passenger car / V2:Passenger car / V3:Light truck(van, mini-van, panel, pickup, sport utility) with only four tires",Dry,Dark - lighted roadway,Clear,JOHN F FITZGERALD EXPRESSWAY Rte 93 N / RAMP - SEAPORT BOULEVARD TO RT 93 NB,,,,NORTH OF ACN RAMP,,236908.0233,901093.5329
3366246,BOSTON,28-Feb-2013,9:40 AM,Non-fatal injury,3,1,0,Rear-end,V1: Slowing or stopped in traffic / V2:Slowing or stopped in traffic / V3:Slowing or stopped in traffic,V1:Southbound / V2:Southbound / V3:Southbound ,V1: Collision with motor vehicle in traffic / V2: Collision with motor vehicle in traffic / V3: Collision with motor vehicle in traffic ,"V1: Passenger car / V2:Light truck(van, mini-van, panel, pickup, sport utility) with only four tires / V3:Passenger car",Dry,Daylight,Cloudy,,Rte 93 S,,Exit 15 on Rte 93 S,,,236629.6253,897168.5001
3369748,BOSTON,28-Feb-2013,12:57 PM,Property damage only (none injured),2,0,0,"Sideswipe, same direction",V1: Turning right / V2:Turning right,V1:Westbound / V2:Southbound ,V1: Collision with motor vehicle in traffic / V2: Collision with motor vehicle in traffic ,V1: Passenger car / V2:Not reported,Dry,Daylight,Clear,KOSCIUSZKO CIRCLE / COLUMBIA ROAD,,,,,,236959.1828,896919.6787
3374755,BOSTON,28-Feb-2013,2:28 PM,Property damage only (none injured),3,0,0,Rear-end,V1: Slowing or stopped in traffic / V2:Slowing or stopped in traffic / V3:Travelling straight ahead,V1:Southbound / V2:Southbound / V3:Southbound ,V1: Collision with motor vehicle in traffic / V2: Collision with motor vehicle in traffic / V3: Collision with motor vehicle in traffic ,"V1: Passenger car / V2:Passenger car / V3:Light truck(van, mini-van, panel, pickup, sport utility) with only four tires",Dry,Daylight,Not Reported,,,,,,,,
3366241,BOSTON,01-Mar-2013,5:40 AM,Property damage only (none injured),2,0,0,Angle,V1: Travelling straight ahead / V2:Travelling straight ahead,V1:Northbound / V2:Northbound ,V1: Collision with motor vehicle in traffic / V2: Collision with motor vehicle in traffic ,"V1: Light truck(van, mini-van, panel, pickup, sport utility) with only four tires / V2:Passenger car",Dry,Dawn,Clear,,SOLDIERS FIELD ROAD / 400,,,DOUBLE TREE HOTEL,,231510.0467,901104.4669
3364229,BOSTON,01-Mar-2013,6:10 AM,Property damage only (none injured),2,0,0,Rear-end,V1: Travelling straight ahead / V2:Travelling straight ahead,V1:Northbound / V2:Northbound ,V1: Collision with motor vehicle in traffic / V2: Collision with motor vehicle in traffic ,"V1: Light truck(van, mini-van, panel, pickup, sport utility) with only four tires / V2:Passenger car",Dry,Daylight,Clear,,Rte 93 N,,Exit 12 on Rte 93 N,,,237641.3431,892708.5028
3976348,BOSTON (WEST ROXBURY),01-Mar-2013,8:35 AM,Property damage only (none injured),2,0,0,"Sideswipe, opposite direction",V1: Turning left / V2:Turning right,V1:Not reported / V2:Not reported ,V1: Collision with motor vehicle in traffic / V2: Collision with motor vehicle in traffic ,"V1: Bus (seats for more than 15 people, including driver) / V2:Passenger car",Dry,Daylight,Cloudy,,175 WEST BOUNDARY ROAD,,,OHRENBERGER SCHOOL,,229153.1087,890294.7685
3391759,BOSTON,01-Mar-2013,11:09 AM,Non-fatal injury,2,1,0,Rear-end,V1: Travelling straight ahead / V2:Parked,V1:Westbound / V2:Not reported ,V1: Collision with parked motor vehicle / V2: Collision with motor vehicle in traffic ,"V1: Light truck(van, mini-van, panel, pickup, sport utility) with only four tires / V2:Light truck(van, mini-van, panel, pickup, sport utility) with only four tires",Wet,Daylight,Cloudy,,337 WEST SECOND STREET,,,,,237329.9792,898786.0337
3397929,BOSTON,01-Mar-2013,12:21 PM,Non-fatal injury,1,1,0,Unknown,V1: Parked,V1:Not reported ,V1: Collision with parked motor vehicle ,V1: Passenger car,Dry,Daylight,Cloudy/Cloudy,,360 NEWBURY STREET,,,,P2:Pedestrian,233972.6511,899827.6397
3397930,BOSTON,01-Mar-2013,12:28 PM,Non-fatal injury,1,1,0,Not reported,V1: Travelling straight ahead,V1:Westbound ,V1: Not reported ,"V1: Light truck(van, mini-van, panel, pickup, sport utility) with only four tires",Not reported,Not reported,Not Reported,BEACON STREET / BERKELEY STREET,,,,,,235029.2971,900567.8748
3365369,BOSTON,01-Mar-2013,3:00 PM,Property damage only (none injured),2,0,0,Rear-end,V1: Travelling straight ahead / V2:Travelling straight ahead,V1:Southbound / V2:Southbound ,V1: Collision with motor vehicle in traffic / V2: Collision with motor vehicle in traffic ,"V1: Light truck(van, mini-van, panel, pickup, sport utility) with only four tires / V2:Passenger car",Dry,Daylight,Clear,,Rte 93 S,,Exit 23 on Rte 93 S,SOUTH OF EXIT 23,,236856.2793,901152.8251
3366909,BOSTON,01-Mar-2013,7:15 PM,Property damage only (none injured),3,0,0,Rear-end,V1: Travelling straight ahead / V2:Travelling straight ahead / V3:Travelling straight ahead,V1:Southbound / V2:Southbound / V3:Southbound ,V1: Collision with motor vehicle in traffic / V2: Collision with motor vehicle in traffic / V3: Collision with motor vehicle in traffic ,"V1: Passenger car / V2:Light truck(van, mini-van, panel, pickup, sport utility) with only four tires / V3:Light truck(van, mini-van, panel, pickup, sport utility) with only four tires",Dry,Daylight,Cloudy,,Rte 93,,Exit 15 on Rte 93,,,236629.6253,897168.5001
3365368,BOSTON,01-Mar-2013,7:31 PM,Property damage only (none injured),3,0,0,Rear-end,V1: Slowing or stopped in traffic / V2:Slowing or stopped in traffic / V3:Changing lanes,V1:Eastbound / V2:Eastbound / V3:Eastbound ,V1: Collision with motor vehicle in traffic / V2: Collision with motor vehicle in traffic / V3: Collision with motor vehicle in traffic ,"V1: Light truck(van, mini-van, panel, pickup, sport utility) with only four tires / V2:Light truck(van, mini-van, panel, pickup, sport utility) with only four tires / V3:Light truck(van, mini-van, panel, pickup, sport utility) with only four tires",Dry,Dark - roadway not lighted,Cloudy,,Rte 90 E,,,SHAWMUT AVE. OVERPASS,,235592.2238,899780.4346
3364230,BOSTON,01-Mar-2013,8:44 PM,Not Reported,2,0,0,Rear-end,V1: Not reported / V2:Parked,V1:Southbound / V2:Not reported ,V1: Collision with parked motor vehicle / V2: Collision with parked motor vehicle ,V1: Passenger car / V2:Passenger car,Dry,Dark - lighted roadway,Cloudy,,WILLIAM DAY BOULEVARD / O STREET,,,,,238741.8416,897967.5982
3369443,BOSTON,01-Mar-2013,11:27 PM,Property damage only (none injured),2,0,0,Rear-end,V1: Slowing or stopped in traffic / V2:Travelling straight ahead,V1:Southbound / V2:Southbound ,V1: Collision with motor vehicle in traffic / V2: Collision with motor vehicle in traffic ,V1: Passenger car / V2:Passenger car,Dry,Dark - lighted roadway,Clear,,Rte 93 S,,Exit 11 on Rte 93 S,,,237076.8671,891681.5326
3369444,BOSTON,01-Mar-2013,11:29 PM,Property damage only (none injured),2,0,0,Rear-end,V1: Slowing or stopped in traffic / V2:Travelling straight ahead,V1:Southbound / V2:Southbound ,V1: Collision with motor vehicle in traffic / V2: Collision with motor vehicle in traffic ,"V1: Light truck(van, mini-van, panel, pickup, sport utility) with only four tires / V2:Passenger car",Dry,Dark - lighted roadway,Clear,,Rte 93 S,,Exit 11 on Rte 93 S,,,237076.8671,891681.5326
3364969,BOSTON,01-Mar-2013,11:55 PM,Non-fatal injury,2,2,0,Rear-end,V1: Travelling straight ahead / V2:Slowing or stopped in traffic,V1:Not reported / V2:Not reported ,V1: Collision with parked motor vehicle / V2: Collision with motor vehicle in traffic ,"V1: Light truck(van, mini-van, panel, pickup, sport utility) with only four tires / V2:Passenger car",Dry,Dark - lighted roadway,Clear,,1249 VETERANS OF FOREIGN WARS PARKWAY / CHARLES PARK ROAD,,,NUMBER 1249,,227025.5278,891873.2198
3382295,BOSTON,02-Mar-2013,00:00 AM,Property damage only (none injured),2,0,0,Rear-end,V1: Slowing or stopped in traffic / V2:Slowing or stopped in traffic,V1:Southbound / V2:Southbound ,V1: Collision with motor vehicle in traffic / V2: Collision with motor vehicle in traffic ,"V1: Passenger car / V2:Unknown heavy truck, cannot classify",Dry,Dark - lighted roadway,Clear,ALBANY STREET / EAST BERKELEY STREET,,,,,,236048.2334,899259.9647
4032160,BOSTON,02-Mar-2013,1:19 AM,Not Reported,2,0,0,Rear-end,V1: Not reported / V2:Not reported,V1:Southbound / V2:Not reported ,V1: Not reported / V2: Not reported ,V1: Passenger car / V2:Passenger car,Dry,Dark - lighted roadway,Clear,WASHINGTON STREET / WEST ROXBURY PARKWAY,,,,,,229642.4842,891711.8123
3365370,BOSTON,02-Mar-2013,2:25 AM,Property damage only (none injured),2,0,0,Angle,V1: Turning right / V2:Travelling straight ahead,V1:Southbound / V2:Southbound ,V1: Collision with motor vehicle in traffic / V2: Collision with motor vehicle in traffic ,"V1: Light truck(van, mini-van, panel, pickup, sport utility) with only four tires / V2:Passenger car",Dry,Dark - lighted roadway,Not Reported,RAMP - RT 93 SB TO MASSACHUSETTS AVENUE / RAMP - RT 93 TO MASSACHUSETTS AVE / SOUTHBOUND FRONTAGE ROAD,,,,@ MASS AVE. CONNECTOR,,235775.9764,898458.5295
3364970,BOSTON,02-Mar-2013,3:54 AM,Property damage only (none injured),1,0,0,Single vehicle crash,V1: Travelling straight ahead,V1:Northbound ,V1: Collision with curb ,V1: Passenger car,Dry,Dark - lighted roadway,Clear,MONSIGNOR CASEY HIGHWAY Rte 203 W / ARBORWAY / FOREST HILLS STREET,,,,AT SHEA ROTARY,,232427.352,894561.8624
3397831,BOSTON,02-Mar-2013,6:50 AM,Property damage only (none injured),2,0,0,Rear-end,V1: Slowing or stopped in traffic / V2:Travelling straight ahead,V1:Northbound / V2:Northbound ,V1: Collision with motor vehicle in traffic / V2: Collision with motor vehicle in traffic ,V1: Passenger car / V2:Passenger car,Dry,Daylight,Clear,FRONTAGE ROAD / MASSACHUSETTS AVENUE CONNECTOR / RAMP - FRONTAGE ROAD TO RT 93 NB,,,,FRONTAGE ROAD @MASS AVE,,235865.0173,898419.1854
3510218,BOSTON (DORCHESTER),02-Mar-2013,8:30 AM,Not Reported,2,0,0,Unknown,V1: Parked / V2:Not reported,V1:Not reported / V2:Not reported ,V1: Not reported / V2: Not reported ,V1: Passenger car / V2:Not reported,Dry,Daylight,Cloudy,,24 POND STREET,,,,,236344.3211,896615.8505
3374328,BOSTON (CHARLESTOWN),02-Mar-2013,9:15 AM,Unknown,1,0,0,Head-on,V1: Turning left,V1:Northbound ,V1: Collision with pedestrian ,"V1: Unknown heavy truck, cannot classify",Dry,Daylight,Clear/Clear,MAIN STREET / AUSTIN STREET,,,,,P2:Pedestrian,235889.9712,902848.3269
3384632,BOSTON,02-Mar-2013,12:20 PM,Non-fatal injury,2,1,0,Rear-end,V1: Travelling straight ahead / V2:Slowing or stopped in traffic,V1:Northbound / V2:Northbound ,V1: Collision with motor vehicle in traffic / V2: Collision with motor vehicle in traffic ,"V1: Light truck(van, mini-van, panel, pickup, sport utility) with only four tires / V2:Passenger car",Dry,Daylight,Clear,,LEVERETT CONNECTOR NORTH / INTERSTATE 93 Rte 93 N,,,LEVERATTE CONNECTOR,,234867.2881,903831.3272
3362664,BOSTON,02-Mar-2013,4:40 PM,Property damage only (none injured),2,0,0,Rear-end,V1: Slowing or stopped in traffic / V2:Slowing or stopped in traffic,V1:Eastbound / V2:Eastbound ,V1: Collision with motor vehicle in traffic / V2: Collision with motor vehicle in traffic ,"V1: Light truck(van, mini-van, panel, pickup, sport utility) with only four tires / V2:Passenger car",Dry,Dark - lighted roadway,Other,STORROW DRIVE / RAMP - STORROW DRIVE TO BEACON STREET,,,,@ STORROW TUNNEL,,234998.1219,900644.6784
3364552,BOSTON,02-Mar-2013,9:10 PM,Non-fatal injury,2,1,0,Rear-end,V1: Slowing or stopped in traffic / V2:Travelling straight ahead,V1:Southbound / V2:Southbound ,V1: Collision with motor vehicle in traffic / V2: Collision with motor vehicle in traffic ,"V1: Single-unit truck (3-or-more axles) / V2:Light truck(van, mini-van, panel, pickup, sport utility) with only four tires",Dry,Dark - lighted roadway,Clear,,Rte 93 S,,Exit 15 on Rte 93,,,236629.6253,897168.5001
3365371,BOSTON,02-Mar-2013,9:35 PM,Non-fatal injury,1,1,0,Single vehicle crash,V1: Travelling straight ahead,V1:Westbound ,V1: Collision with median barrier ,V1: Passenger car,Dry,Dark - lighted roadway,Clear,,Rte 90 W,,Exit 20 on Rte 90 W,VIADUCT,,231452.5043,900558.3731
3365674,BOSTON,02-Mar-2013,11:43 PM,Non-fatal injury,3,3,0,Rear-end,V1: Slowing or stopped in traffic / V2:Slowing or stopped in traffic / V3:Travelling straight ahead,V1:Northbound / V2:Eastbound / V3:Northbound ,V1: Collision with motor vehicle in traffic / V2: Collision with motor vehicle in traffic / V3: Collision with motor vehicle in traffic ,"V1: Passenger car / V2:Light truck(van, mini-van, panel, pickup, sport utility) with only four tires / V3:Passenger car",Dry,Dark - lighted roadway,Clear,,0 feet N from Intersection TEMPORARY RAMP Rte 1 N / MAURICE TOBIN BRIDGE,,,CANA TUNNEL,,235981.9442,902299.2759
3362865,BOSTON,03-Mar-2013,3:05 AM,Property damage only (none injured),1,0,0,Single vehicle crash,V1: Travelling straight ahead,V1:Southbound ,V1: Other ,V1: Passenger car,Dry,Dark - lighted roadway,Clear,,JAMAICAWAY / ELIOT STREET,,,AT ELIOT ST BEFORE KELLY CIRCLE,,231356.5219,896001.7629
3366247,BOSTON,03-Mar-2013,3:55 AM,Not Reported,1,0,0,Single vehicle crash,V1: Travelling straight ahead,V1:Northbound ,V1: Collision with utility pole ,V1: Passenger car,Dry,Dark - lighted roadway,Not Reported,,GALLIVAN BOULEVARD / 588,,,,,236911.2537,892620.0035
3386826,BOSTON (HYDE PARK),03-Mar-2013,1:16 PM,Non-fatal injury,1,1,0,Single vehicle crash,V1: Overtaking/passing,V1:Northbound ,V1: Collision with pedestrian ,V1: Passenger car,Dry,Daylight,Cloudy,,33 WOOD AVENUE,,,,P3:Pedestrian,232194.0285,891506.99
3365372,BOSTON,03-Mar-2013,3:31 PM,Non-fatal injury,3,1,0,Rear-end,V1: Slowing or stopped in traffic / V2:Slowing or stopped in traffic / V3:Travelling straight ahead,V1:Southbound / V2:Southbound / V3:Southbound ,V1: Collision with motor vehicle in traffic / V2: Collision with motor vehicle in traffic / V3: Collision with motor vehicle in traffic ,"V1: Passenger car / V2:Light truck(van, mini-van, panel, pickup, sport utility) with only four tires / V3:Passenger car",Dry,Dusk,Cloudy,,Rte 93 S,,Exit 18 on Rte 93 S,,,236013.2783,899092.9981
3364547,BOSTON,03-Mar-2013,4:10 PM,Property damage only (none injured),2,0,0,Rear-end,V1: Slowing or stopped in traffic / V2:Slowing or stopped in traffic,V1:Eastbound / V2:Eastbound ,V1: Collision with motor vehicle in traffic / V2: Collision with motor vehicle in traffic ,"V1: Passenger car / V2:Light truck(van, mini-van, panel, pickup, sport utility) with only four tires",Dry,Daylight,Cloudy,RAMP - WESTERN AVE TO SOLDIERS FIELD RD / WESTERN AVENUE,,,,ON RAMP ADJACENT TO THE DOUBLE T,,231453.7907,901536.5056
3368568,BOSTON,03-Mar-2013,10:00 PM,Property damage only (none injured),2,0,0,"Sideswipe, same direction",V1: Changing lanes / V2:Travelling straight ahead,V1:Westbound / V2:Westbound ,V1: Collision with motor vehicle in traffic / V2: Collision with motor vehicle in traffic ,"V1: Passenger car / V2:Light truck(van, mini-van, panel, pickup, sport utility) with only four tires",Dry,Dark - lighted roadway,Cloudy,,SUMNER TUNNEL / EAST BOSTON EXPRESSWAY,,,,,237396.1435,902096.3613
3401831,BOSTON,03-Mar-2013,10:30 PM,Non-fatal injury,1,1,0,Single vehicle crash,V1: Not reported,V1:Not reported ,V1: Not reported ,V1: Passenger car,Wet,Dark - lighted roadway,Rain/Cloudy,,55 FRUIT STREET,,,,P2:Pedestrian,235484.2327,901413.2309
3365375,BOSTON,04-Mar-2013,7:10 AM,Property damage only (none injured),2,0,0,"Sideswipe, same direction",V1: Changing lanes / V2:Travelling straight ahead,V1:Southbound / V2:Southbound ,V1: Collision with motor vehicle in traffic / V2: Collision with motor vehicle in traffic ,"V1: Light truck(van, mini-van, panel, pickup, sport utility) with only four tires / V2:Passenger car",Dry,Daylight,Cloudy,STORROW DRIVE Rte 28 N / CHARLES RIVER DAM ROAD Rte 28 N / NASHUA STREET,,,,,,235565.4707,901894.5497
3363544,BOSTON,04-Mar-2013,7:45 AM,Non-fatal injury,1,1,0,"Sideswipe, same direction",V1: Travelling straight ahead,V1:Southbound ,"V1: Collision with cyclist (bicycle, tricycle, unicycle, pedal car) ",V1: Passenger car,Dry,Daylight,Clear,CHARLES RIVER DAM ROAD Rte 28 S / STORROW DRIVE Rte 28 S / LEVERETT CIRCLE,,,,,"P2:Pedalcyclist (bicycle, tricycle, unicycle, pedal car)",235559.0702,901887.0095
3366910,BOSTON,04-Mar-2013,12:03 PM,Property damage only (none injured),2,0,0,"Sideswipe, same direction",V1: Changing lanes / V2:Turning left,V1:Eastbound / V2:Eastbound ,V1: Collision with motor vehicle in traffic / V2: Collision with motor vehicle in traffic ,"V1: Passenger car / V2:Single-unit truck (2-axle, 6-tire)",Dry,Daylight,Clear,,COLUMBIA ROAD / OLD COLONY AVENUE,,,KOSCIUSZKO CIRCLE,,236954.2577,896903.1379
3375494,BOSTON,04-Mar-2013,1:16 PM,Non-fatal injury,2,1,0,Rear-end,V1: Slowing or stopped in traffic / V2:Travelling straight ahead,V1:Southbound / V2:Southbound ,V1: Not reported / V2: Not reported ,"V1: Light truck(van, mini-van, panel, pickup, sport utility) with only four tires / V2:Light truck(van, mini-van, panel, pickup, sport utility) with only four tires",Dry,Daylight,Clear,LOGAN AIRPORT TERMINAL B / LOGAN AIRPORT TERMINAL E,,,,,,239611.2727,902140.6984
3366904,BOSTON,04-Mar-2013,2:10 PM,Non-fatal injury,2,1,0,"Sideswipe, same direction",V1: Entering traffic lane / V2:Travelling straight ahead,V1:Not reported / V2:Eastbound ,V1: Collision with motor vehicle in traffic / V2: Collision with pedestrian ,V1: Passenger car / V2:Passenger car,Dry,Daylight,Not Reported,,FENWAY / LOUIS PRANG STREET,,,,,233182.6565,898738.0626
3370279,BOSTON,04-Mar-2013,3:30 PM,Property damage only (none injured),2,0,0,Rear-end,V1: Slowing or stopped in traffic / V2:Travelling straight ahead,V1:Eastbound / V2:Eastbound ,V1: Collision with motor vehicle in traffic / V2: Collision with motor vehicle in traffic ,V1: Passenger car / V2:Passenger car,Dry,Daylight,Clear,,MASSACHUSETTS AVENUE CONNECTOR / FRONTAGE ROAD,,,CONNECTOR TO FRONTAGE RD,,235853.8454,898409.0672
3413760,BOSTON,04-Mar-2013,6:35 PM,Property damage only (none injured),2,0,0,Head-on,V1: Turning left / V2:Travelling straight ahead,V1:Eastbound / V2:Westbound ,V1: Collision with motor vehicle in traffic / V2: Collision with motor vehicle in traffic ,V1: Passenger car / V2:Passenger car,Wet,Dark - lighted roadway,Snow,ASHMONT STREET / NEPONSET AVENUE,,,,,,237242.0623,893385.3125
3389601,BOSTON,04-Mar-2013,7:04 PM,Property damage only (none injured),1,0,0,Single vehicle crash,V1: Travelling straight ahead,V1:Eastbound ,V1: Collision with guardrail ,V1: Passenger car,Wet,Dark - lighted roadway,Clear,,SOLDIERS FIELD ROAD / STORROW DRIVE,,,0 feet W from BU BRIDGE,,232052.8701,900231.5634
3373048,BOSTON,04-Mar-2013,8:40 PM,Non-fatal injury,2,1,0,Angle,V1: Travelling straight ahead / V2:Travelling straight ahead,V1:Southbound / V2:Westbound ,V1: Collision with motor vehicle in traffic / V2: Collision with motor vehicle in traffic ,"V1: Light truck(van, mini-van, panel, pickup, sport utility) with only four tires / V2:Light truck(van, mini-van, panel, pickup, sport utility) with only four tires",Dry,Dark - lighted roadway,Clear,,VETERANS OF FOREIGN WARS PARKWAY Rte UNKNOW / LA GRANGE STREET,,,,,227356.7344,893407.1877
3366916,BOSTON,04-Mar-2013,9:10 PM,Property damage only (none injured),2,0,0,Angle,V1: Travelling straight ahead / V2:Travelling straight ahead,V1:Southbound / V2:Westbound ,V1: Collision with motor vehicle in traffic / V2: Collision with motor vehicle in traffic ,V1: Passenger car / V2:Passenger car,Dry,Dark - lighted roadway,Cloudy,,TRUMAN HIGHWAY / NEPONSET AVENUE,,,,,231265.0624,888988.2498
3369124,BOSTON,04-Mar-2013,11:50 PM,Property damage only (none injured),1,0,0,Single vehicle crash,V1: Travelling straight ahead,V1:Southbound ,V1: Collision with motor vehicle in traffic ,V1: Passenger car,Dry,Dark - lighted roadway,Clear,,Rte 93 S,,Exit 12 on Rte 93 S,,,237620.5493,892713.0989
3374734,BOSTON,05-Mar-2013,1:44 AM,Non-fatal injury,1,2,0,Single vehicle crash,V1: Travelling straight ahead,V1:Southbound ,V1: Collision with light pole or other post/support ,V1: Passenger car,Dry,Dark - lighted roadway,Cloudy,,ALBANY STREET / TRAVELER STREET,,,,,236086.8879,899375.6393