Crash Number,City/Town Name,Crash Date,Crash Time,Crash Severity,Number of Vehicles,Total Nonfatal Injuries,Total Fatal Injuries,Manner of Collision,Vehicle Action Prior to Crash,Vehicle Travel Directions,Most Harmful Events,Vehicle Configuration,Road Surface Condition,Ambient Light,Weather Condition,At Roadway Intersection,Distance from Nearest Roadway Intersection,Distance from Nearest Milemarker,Distance from Nearest Exit,Distance from Nearest Landmark,Non Motorist Type,X Coordinate,Y Coordinate
3374735,BOSTON,05-Mar-2013,2:47 AM,Non-fatal injury,2,3,0,Rear-end,V1: Slowing or stopped in traffic / V2:Travelling straight ahead,V1:Southbound / V2:Southbound ,V1: Collision with motor vehicle in traffic / V2: Collision with motor vehicle in traffic ,"V1: Passenger car / V2:Light truck(van, mini-van, panel, pickup, sport utility) with only four tires",Dry,Dark - lighted roadway,Cloudy,,SOUTHBOUND FRONTAGE ROAD / RAMP - RT 93 TO MASSACHUSETTS AVE,,,MASS AVE CONNECTOR,,235779.4578,898427.8692
3375497,BOSTON,05-Mar-2013,9:15 AM,Property damage only (none injured),3,0,0,Rear-end,V1: Travelling straight ahead / V2:Slowing or stopped in traffic / V3:Slowing or stopped in traffic,V1:Eastbound / V2:Eastbound / V3:Eastbound ,V1: Collision with motor vehicle in traffic / V2: Collision with motor vehicle in traffic / V3: Collision with motor vehicle in traffic ,"V1: Light truck(van, mini-van, panel, pickup, sport utility) with only four tires / V2:Light truck(van, mini-van, panel, pickup, sport utility) with only four tires / V3:Passenger car",Dry,Daylight,Not Reported,STORROW DRIVE / UNIVERSITY ROAD,,,,,,232286.1875,900193.4999
3400834,BOSTON,05-Mar-2013,12:40 PM,Property damage only (none injured),1,0,0,Unknown,V1: Not reported,V1:Not reported ,V1: Not reported ,V1: Unknown vehicle configuration,Dry,Daylight,Clear/Clear,,274 TREMONT STREET,,,,P2:Pedestrian,235823.6157,900049.4567
3393396,BOSTON,05-Mar-2013,2:15 PM,Not Reported,1,0,0,Single vehicle crash,V1: Travelling straight ahead,V1:Northbound ,V1: Collision with utility pole ,V1: Passenger car,Dry,Dark - lighted roadway,Clear,,96 OLNEY STREET / GENEVA AVENUE,,,,,235110.8439,895024.0627
3365373,BOSTON,05-Mar-2013,2:47 PM,Property damage only (none injured),2,0,0,"Sideswipe, same direction",V1: Changing lanes / V2:Travelling straight ahead,V1:Southbound / V2:Southbound ,V1: Collision with motor vehicle in traffic / V2: Collision with motor vehicle in traffic ,"V1: Light truck(van, mini-van, panel, pickup, sport utility) with only four tires / V2:Light truck(van, mini-van, panel, pickup, sport utility) with only four tires",Dry,Daylight,Clear,,RAMP - RT 90 EB TO RT 93 SB / RAMP - RT 90 EB TO RT 93,,,D RAMP,,236436.4917,899749.6452
3401231,BOSTON,05-Mar-2013,4:00 PM,Non-fatal injury,1,1,0,Rear-end,V1: Backing,V1:Not reported ,V1: Collision with pedestrian ,"V1: Light truck(van, mini-van, panel, pickup, sport utility) with only four tires",Dry,Dark - lighted roadway,Clear,,100 STUART STREET,,,,P2:Pedestrian,235850.2214,900157.0548
3384629,BOSTON,05-Mar-2013,5:13 PM,Property damage only (none injured),2,0,0,Rear-end,V1: Not reported / V2:Not reported,V1:Eastbound / V2:Eastbound ,V1: Not reported / V2: Not reported ,V1: Passenger car / V2:Passenger car,Dry,Daylight,Clear,,HARBORSIDE DRIVE,,,,,,
3393395,BOSTON,05-Mar-2013,9:49 PM,Non-fatal injury,2,2,0,Rear-end,V1: Travelling straight ahead / V2:Turning right,V1:Not reported / V2:Not reported ,V1: Collision with motor vehicle in traffic / V2: Collision with motor vehicle in traffic ,"V1: Passenger car / V2:Light truck(van, mini-van, panel, pickup, sport utility) with only four tires",Dry,Dark - lighted roadway,Clear,OLNEY STREET / ROCK TERRACE,,,,,,235280.6251,895097.4374
3366231,BOSTON,06-Mar-2013,2:20 AM,Property damage only (none injured),2,0,0,"Sideswipe, same direction",V1: Travelling straight ahead / V2:Changing lanes,V1:Northbound / V2:Northbound ,V1: Collision with motor vehicle in traffic / V2: Collision with moped ,"V1: Passenger car / V2:Light truck(van, mini-van, panel, pickup, sport utility) with only four tires",Wet,Dark - lighted roadway,Rain,,Rte 93 N,,Exit 18 on Rte 93 N,,,236146.0342,897892.2406
3562517,BOSTON,06-Mar-2013,9:10 AM,Property damage only (none injured),2,0,0,Rear-end,V1: Travelling straight ahead / V2:Travelling straight ahead,V1:Southbound / V2:Southbound ,V1: Collision with motor vehicle in traffic / V2: Collision with motor vehicle in traffic ,"V1: Passenger car / V2:Light truck(van, mini-van, panel, pickup, sport utility) with only four tires",Dry,Daylight,Not Reported,,CENTRE STREET Rte UNKNOW / LOUDERS LANE,,,,,230988.8594,895168.1877
3420691,BOSTON (DORCHESTER),06-Mar-2013,10:05 AM,Non-fatal injury,2,2,0,Rear-end,V1: Travelling straight ahead / V2:Not reported,V1:Southbound / V2:Southbound ,V1: Collision with parked motor vehicle / V2: Not reported ,V1: Passenger car / V2:Passenger car,Wet,Daylight,Rain/Rain,WASHINGTON STREET / SCHOOL STREET,,,,,,236384.0962,900863.6157
3385045,BOSTON,06-Mar-2013,11:10 AM,Non-fatal injury,1,1,0,Not reported,V1: Not reported,V1:Not reported ,V1: Collision with pedestrian ,V1: Unknown vehicle configuration,Wet,Daylight,Cloudy/Rain,COMMONWEALTH AVENUE / ALLSTON STREET,,,,,P2:Pedestrian,229853.5679,899842.3698
3371085,BOSTON,06-Mar-2013,2:06 PM,Property damage only (none injured),1,0,0,Single vehicle crash,V1: Travelling straight ahead,V1:Westbound ,V1: Collision with guardrail ,V1: Passenger car,Wet,Daylight,Cloudy,,0 feet W from Intersection SOLDIERS FIELD ROAD / NORTH HARVARD STREET,,,,,230992.3482,902048.2872
3367369,BOSTON,06-Mar-2013,3:28 PM,Property damage only (none injured),2,0,0,Rear-end,V1: Travelling straight ahead / V2:Travelling straight ahead,V1:Eastbound / V2:Eastbound ,V1: Not reported / V2: Not reported ,V1: Passenger car / V2:Passenger car,Dry,Daylight,Not Reported,,MORTON STREET / 875,,,,,234230.5003,892354.8237
3430247,BOSTON,06-Mar-2013,4:41 PM,Property damage only (none injured),2,0,0,Angle,V1: Travelling straight ahead / V2:Travelling straight ahead,V1:Southbound / V2:Eastbound ,V1: Collision with motor vehicle in traffic / V2: Collision with motor vehicle in traffic ,"V1: Light truck(van, mini-van, panel, pickup, sport utility) with only four tires / V2:Passenger car",Wet,Daylight,"Sleet, hail (freezing rain or drizzle)",CHARLESGATE WEST / COMMONWEALTH AVENUE,,,,,,233546.2737,899931.2545
3391743,BOSTON,06-Mar-2013,5:15 PM,Non-fatal injury,2,1,0,Angle,V1: Turning left / V2:Turning left,V1:Eastbound / V2:Eastbound ,V1: Collision with motor vehicle in traffic / V2: Collision with motor vehicle in traffic ,V1: Passenger car / V2:Passenger car,Wet,Dusk,Rain/Rain,MASSACHUSETTS AVENUE / MELNEA CASS BOULEVARD,,,,,,235266.4401,898096.4559
3367275,BOSTON,06-Mar-2013,6:10 PM,Property damage only (none injured),4,0,0,Rear-end,V1: Travelling straight ahead / V2:Travelling straight ahead / V3:Travelling straight ahead / V4:Travelling straight ahead,V1:Westbound / V2:Westbound / V3:Westbound / V4:Westbound ,V1: Not reported / V2: Collision with motor vehicle in traffic / V3: Collision with motor vehicle in traffic / V4: Collision with motor vehicle in traffic ,"V1: Passenger car / V2:Light truck(van, mini-van, panel, pickup, sport utility) with only four tires / V3:Passenger car / V4:Passenger car",Wet,Dark - lighted roadway,Rain,,Rte 90 W,,,,,229752.0583,900842.7985
3384633,BOSTON,07-Mar-2013,1:45 AM,Property damage only (none injured),1,0,0,Single vehicle crash,V1: Travelling straight ahead,V1:Westbound ,V1: Collision with median barrier ,V1: Passenger car,Dry,Dark - lighted roadway,Clear,,MASSACHUSETTS TURNPIKE Rte 90 W / RAMP - ARLINGTON STREET TO RT 90 WB,,,BERKLEY STREET,,235295.7241,899807.7281
3366232,BOSTON,07-Mar-2013,4:20 AM,Property damage only (none injured),1,0,0,Single vehicle crash,V1: Other,V1:Westbound ,V1: Collision with median barrier ,"V1: Light truck(van, mini-van, panel, pickup, sport utility) with only four tires",Dry,Dark - lighted roadway,Clear,RAMP - RT 90 WB/CONGRESS STREET TO RT 93 Rte 1A S / RAMP - RT 90 WB TO RT 93 SB Rte 1A S / RAMP - RT 90 WB TO RT 93 NB,,,Exit 24/25 on Rte 90 W,RAMP D SPLIT,,236475.7222,899745.5214
3374088,BOSTON,07-Mar-2013,6:20 AM,Property damage only (none injured),2,0,0,"Sideswipe, same direction",V1: Changing lanes / V2:Travelling straight ahead,V1:Northbound / V2:Northbound ,V1: Collision with motor vehicle in traffic / V2: Collision with motor vehicle in traffic ,V1: Passenger car / V2:Truck/trailer,Dry,Daylight,Clear,FRONTAGE ROAD / WEST FOURTH STREET,,,,,,236111.8694,899236.5468
3377186,BOSTON,07-Mar-2013,8:00 AM,Non-fatal injury,3,1,0,Rear-end,V1: Slowing or stopped in traffic / V2:Travelling straight ahead / V3:Travelling straight ahead,V1:Northbound / V2:Northbound / V3:Northbound ,V1: Collision with motor vehicle in traffic / V2: Collision with motor vehicle in traffic / V3: Collision with motor vehicle in traffic ,"V1: Light truck(van, mini-van, panel, pickup, sport utility) with only four tires / V2:Light truck(van, mini-van, panel, pickup, sport utility) with only four tires / V3:Light truck(van, mini-van, panel, pickup, sport utility) with only four tires",Snow,Daylight,Snow,,Rte 93 N,,Exit 15 on Rte 93 N,93N EXIT 15,,236972.2496,896473.4282
3376173,BOSTON,07-Mar-2013,8:45 AM,Non-fatal injury,3,1,0,Rear-end,V1: Slowing or stopped in traffic / V2:Slowing or stopped in traffic / V3:Not reported,V1:Eastbound / V2:Eastbound / V3:Not reported ,V1: Collision with motor vehicle in traffic / V2: Collision with motor vehicle in traffic / V3: Not reported ,V1: Passenger car / V2:Passenger car / V3:Not reported,Wet,Daylight,Rain,,0 feet E from Intersection GALLIVAN BOULEVARD Rte UNKNOW E / NEPONSET AVENUE,,,,,237735.2263,892889.9254
3391044,BOSTON,07-Mar-2013,9:10 AM,Non-fatal injury,2,1,0,Angle,V1: Travelling straight ahead / V2:Changing lanes,V1:Southbound / V2:Southbound ,V1: Collision with motor vehicle in traffic / V2: Collision with motor vehicle in traffic ,V1: Passenger car / V2:Tractor/semi-trailer,Snow,Daylight,Rain/Snow,,444 HARRISON AVENUE Rte 93 S,,,PINE ST INN,,235837.7344,899249.7503
3368613,BOSTON,07-Mar-2013,9:38 AM,Non-fatal injury,2,1,0,Angle,V1: Travelling straight ahead / V2:Travelling straight ahead,V1:Westbound / V2:Southbound ,V1: Collision with motor vehicle in traffic / V2: Collision with motor vehicle in traffic ,"V1: Passenger car / V2:Light truck(van, mini-van, panel, pickup, sport utility) with only four tires",Wet,Daylight,Snow,BIRMINGHAM PARKWAY / WESTERN AVENUE,,,,,,229180.0376,901281.697
3369125,BOSTON,07-Mar-2013,9:47 AM,Non-fatal injury,2,1,0,Rear-end,V1: Slowing or stopped in traffic / V2:Travelling straight ahead,V1:Northbound / V2:Northbound ,V1: Collision with motor vehicle in traffic / V2: Collision with motor vehicle in traffic ,"V1: Light truck(van, mini-van, panel, pickup, sport utility) with only four tires / V2:Passenger car",Snow,Daylight,"Snow/Blowing sand, snow",,Rte 93 N,,Exit 14 on Rte 93 N,93N EXIT 14,,237258.9796,894483.3974
3371859,BOSTON,07-Mar-2013,11:25 AM,Non-fatal injury,2,1,0,Rear-end,V1: Slowing or stopped in traffic / V2:Turning right,V1:Northbound / V2:Northbound ,V1: Collision with motor vehicle in traffic / V2: Collision with motor vehicle in traffic ,"V1: Light truck(van, mini-van, panel, pickup, sport utility) with only four tires / V2:Light truck(van, mini-van, panel, pickup, sport utility) with only four tires",Wet,Daylight,Cloudy/Snow,,FRONTAGE ROAD Rte UNKNOW N / 2 SOUTHAMPTON STREET,,,,,236246.0308,897831.0996
3369446,BOSTON,07-Mar-2013,3:05 PM,Property damage only (none injured),4,0,0,Rear-end,V1: Travelling straight ahead / V2:Travelling straight ahead / V3:Travelling straight ahead / V4:Travelling straight ahead,V1:Southbound / V2:Southbound / V3:Southbound / V4:Southbound ,V1: Collision with motor vehicle in traffic / V2: Collision with motor vehicle in traffic / V3: Collision with motor vehicle in traffic / V4: Collision with other movable object ,"V1: Passenger car / V2:Passenger car / V3:Passenger car / V4:Light truck(van, mini-van, panel, pickup, sport utility) with only four tires",Wet,Daylight,Cloudy,,Rte 93,,Exit 15 on Rte 93,,,236629.6253,897168.5001
3374744,BOSTON,07-Mar-2013,3:35 PM,Property damage only (none injured),2,0,0,Rear-end,V1: Slowing or stopped in traffic / V2:Travelling straight ahead,V1:Westbound / V2:Westbound ,V1: Collision with motor vehicle in traffic / V2: Collision with motor vehicle in traffic ,"V1: Light truck(van, mini-van, panel, pickup, sport utility) with only four tires / V2:Light truck(van, mini-van, panel, pickup, sport utility) with only four tires",Dry,Daylight,Clear,STORROW DRIVE / CHARLESGATE OVERPASS,,,,BOWKER W/B,,233287.6718,900098.5623
3391779,BOSTON (SOUTH BOSTON),07-Mar-2013,4:20 PM,Non-fatal injury,2,1,0,Angle,V1: Travelling straight ahead / V2:Turning left,V1:Southbound / V2:Northbound ,V1: Not reported / V2: Not reported ,"V1: Passenger car / V2:Light truck(van, mini-van, panel, pickup, sport utility) with only four tires",Wet,Daylight,Snow/Snow,,301 DORCHESTER AVENUE,,,,,236496.9845,898667.0125
3392870,BOSTON (HYDE PARK),07-Mar-2013,5:30 PM,Non-fatal injury,3,1,0,Not reported,V1: Travelling straight ahead / V2:Slowing or stopped in traffic / V3:Slowing or stopped in traffic,V1:Northbound / V2:Southbound / V3:Southbound ,V1: Collision with motor vehicle in traffic / V2: Collision with motor vehicle in traffic / V3: Collision with motor vehicle in traffic ,"V1: Passenger car / V2:Light truck(van, mini-van, panel, pickup, sport utility) with only four tires / V3:Light truck(van, mini-van, panel, pickup, sport utility) with only four tires",Not reported,Not reported,Not Reported,,1041 HYDE PARK AVENUE,,,,,231234.9995,890433.1632
3393224,BOSTON (DORCHESTER),07-Mar-2013,8:15 PM,Non-fatal injury,1,1,0,Single vehicle crash,V1: Travelling straight ahead,V1:Westbound ,V1: Not reported ,V1: Passenger car,Dry,Dark - lighted roadway,"Sleet, hail (freezing rain or drizzle)/Clear",ADAMS STREET / MEDWAY STREET,,,,,,235768.9712,891417.6811
3371073,BOSTON,08-Mar-2013,00:00 AM,Property damage only (none injured),1,0,0,Single vehicle crash,V1: Travelling straight ahead,V1:Southbound ,V1: Collision with median barrier ,"V1: Light truck(van, mini-van, panel, pickup, sport utility) with only four tires",Snow,Dark - lighted roadway,Snow,,Rte 93 S,Rte 93  S Milemarker 15.6,,,,235823.6632,898598.9368
3373026,BOSTON,08-Mar-2013,00:00 AM,Property damage only (none injured),1,0,0,Single vehicle crash,V1: Turning left,V1:Northbound ,V1: Collision with median barrier ,V1: Passenger car,Snow,Dark - lighted roadway,Snow,,Rte 93 N / UNKNOWN,,Exit 27 on Rte 93 N,,,235655.07,902467.5364
3376174,BOSTON,08-Mar-2013,00:00 AM,Property damage only (none injured),2,0,0,Rear-end,V1: Travelling straight ahead / V2:Slowing or stopped in traffic,V1:Northbound / V2:Northbound ,V1: Collision with motor vehicle in traffic / V2: Collision with motor vehicle in traffic ,"V1: Passenger car / V2:Light truck(van, mini-van, panel, pickup, sport utility) with only four tires",Snow,Dark - lighted roadway,Snow,,WILLIAM T MORRISSEY BOULEVARD / CONLEY STREET,,,BY COMFORT INN HOTEL,,237300.6056,893647.2731
3384655,BOSTON,08-Mar-2013,3:05 AM,Property damage only (none injured),1,0,0,Not reported,V1: Making U-turn,V1:Westbound ,V1: Reported but invalid ,"V1: Light truck(van, mini-van, panel, pickup, sport utility) with only four tires",Snow,Dark - lighted roadway,Not Reported,,,,,PAUL REVERE PARK ON GRASS,,,
3368575,BOSTON,08-Mar-2013,3:08 AM,Non-fatal injury,1,3,0,Single vehicle crash,V1: Not reported,V1:Not reported ,V1: Not reported ,"V1: Light truck(van, mini-van, panel, pickup, sport utility) with only four tires",Snow,Dark - lighted roadway,Snow,,VETERANS OF FOREIGN WARS PARKWAY / LA GRANGE STREET,,,,,227356.7344,893407.1877
3373883,BOSTON,08-Mar-2013,4:46 AM,Property damage only (none injured),1,0,0,Single vehicle crash,V1: Travelling straight ahead,V1:Southbound ,V1: Collision with curb ,"V1: Light truck(van, mini-van, panel, pickup, sport utility) with only four tires",Snow,Dark - lighted roadway,Snow,,VETERANS OF FOREIGN WARS PARKWAY / COREY STREET,,,,,227821.0467,893720.8752
3371074,BOSTON,08-Mar-2013,5:02 AM,Non-fatal injury,1,1,0,Single vehicle crash,V1: Travelling straight ahead,V1:Westbound ,V1: Collision with median barrier ,V1: Passenger car,Snow,Dark - lighted roadway,Not Reported,,Rte 90 W,Rte 90  W Milemarker 133.0,,,,234170.1927,899773.2896
3379749,BOSTON,08-Mar-2013,6:35 AM,Property damage only (none injured),2,0,0,"Sideswipe, same direction",V1: Travelling straight ahead / V2:Travelling straight ahead,V1:Southbound / V2:Southbound ,V1: Collision with motor vehicle in traffic / V2: Collision with motor vehicle in traffic ,"V1: Light truck(van, mini-van, panel, pickup, sport utility) with only four tires / V2:Passenger car",Ice,Daylight,Snow,,Rte 93 S / UNKNOWN,,Exit 13 on Rte 93 S,TOLLMAN ON RAMP,,237399.8866,894072.472
3401839,BOSTON,08-Mar-2013,6:50 AM,Non-fatal injury,2,1,0,Not reported,V1: Travelling straight ahead / V2:Travelling straight ahead,V1:Not reported / V2:Not reported ,V1: Not reported / V2: Not reported ,V1: Passenger car / V2:Passenger car,Snow,Daylight,"Snow/Sleet, hail (freezing rain or drizzle)",CAUSEWAY STREET / HAVERHILL STREET,,,,,,236184.685,901792.9684
3369749,BOSTON,08-Mar-2013,7:50 AM,Property damage only (none injured),1,0,0,Single vehicle crash,V1: Travelling straight ahead,V1:Southbound ,V1: Collision with median barrier ,"V1: Light truck(van, mini-van, panel, pickup, sport utility) with only four tires",Snow,Daylight,Snow,,Rte 93,,Exit 15 on Rte 93,PRIOR TO NORTH HOV BUILDING,,236629.6253,897168.5001
3371075,BOSTON,08-Mar-2013,7:53 AM,Property damage only (none injured),1,0,0,Single vehicle crash,V1: Slowing or stopped in traffic,V1:Eastbound ,V1: Collision with light pole or other post/support ,"V1: Light truck(van, mini-van, panel, pickup, sport utility) with only four tires",Snow,Daylight,Snow,,RAMP - RT 93 NB TO RT 90 (RAMP K) Rte 1A N / JOHN F FITZGERALD EXPRESSWAY Rte 93 N,,Exit 25 on Rte 90 E,RAMP I IS RAMP L FROM RAMPK I93N,,235903.1757,898301.8669
3366233,BOSTON,08-Mar-2013,7:56 AM,Property damage only (none injured),2,0,0,Angle,V1: Travelling straight ahead / V2:Travelling straight ahead,V1:Eastbound / V2:Eastbound ,V1: Collision with motor vehicle in traffic / V2: Collision with motor vehicle in traffic ,"V1: Light truck(van, mini-van, panel, pickup, sport utility) with only four tires / V2:Passenger car",Snow,Daylight,Snow,,Rte 90 E,,,,,237308.291,899847.523
3368611,BOSTON,08-Mar-2013,8:05 AM,Property damage only (none injured),2,0,0,"Sideswipe, same direction",V1: Changing lanes / V2:Changing lanes,V1:Eastbound / V2:Eastbound ,V1: Collision with motor vehicle in traffic / V2: Collision with motor vehicle in traffic ,"V1: Single-unit truck (2-axle, 6-tire) / V2:Passenger car",Snow,Daylight,Snow,,MASSACHUSETTS TURNPIKE Rte 90 E,,Exit 19 on Rte 90,I/C19,,231301.5935,900765.0424
3398031,BOSTON,08-Mar-2013,8:12 AM,Non-fatal injury,2,1,0,Rear-end,V1: Slowing or stopped in traffic / V2:Slowing or stopped in traffic,V1:Not reported / V2:Not reported ,V1: Collision with motor vehicle in traffic / V2: Collision with motor vehicle in traffic ,"V1: Passenger car / V2:Light truck(van, mini-van, panel, pickup, sport utility) with only four tires",Snow,Daylight,"Snow/Blowing sand, snow",,MELNEA CASS BOULEVARD / MASSACHUSETTS AVENUE,,,,,235250.7572,898103.2993
3385046,BOSTON (BRIGHTON),08-Mar-2013,8:13 AM,Unknown,1,0,0,Single vehicle crash,V1: Not reported,V1:Not reported ,V1: Not reported ,V1: Passenger car,Snow,Daylight,Snow/Cloudy,ARLINGTON STREET / PARSONS STREET,,,,,,228471.2345,900268.6251
3393217,BOSTON (DORCHESTER),08-Mar-2013,8:57 AM,Non-fatal injury,2,1,0,Not reported,V1: Parked / V2:Travelling straight ahead,V1:Not reported / V2:Not reported ,V1: Collision with motor vehicle in traffic / V2: Collision with parked motor vehicle ,"V1: Light truck(van, mini-van, panel, pickup, sport utility) with only four tires / V2:Light truck(van, mini-van, panel, pickup, sport utility) with only four tires",Not reported,Not reported,Not Reported,,16 EAST STREET,,,DORCHESTER AVENUE,,236839.4486,894555.5991
3366234,BOSTON,08-Mar-2013,9:03 AM,Property damage only (none injured),2,0,0,Head-on,V1: Other / V2:Travelling straight ahead,V1:Northbound / V2:Northbound ,V1: Collision with motor vehicle in traffic / V2: Collision with motor vehicle in traffic ,"V1: Light truck(van, mini-van, panel, pickup, sport utility) with only four tires / V2:Passenger car",Snow,Daylight,"Snow/Blowing sand, snow",,Rte 93 N,,Exit 28 on Rte 93 N,,,234953.5188,903173.3157
3413931,BOSTON (DORCHESTER),08-Mar-2013,9:48 AM,Non-fatal injury,4,1,0,Angle,V1: Turning left / V2:Travelling straight ahead / V3:Travelling straight ahead / V4:Parked,V1:Northbound / V2:Northbound / V3:Not reported / V4:Not reported ,V1: Collision with motor vehicle in traffic / V2: Collision with motor vehicle in traffic / V3: Collision with motor vehicle in traffic / V4: Not reported ,"V1: Light truck(van, mini-van, panel, pickup, sport utility) with only four tires / V2:Light truck(van, mini-van, panel, pickup, sport utility) with only four tires / V3:Passenger car / V4:Light truck(van, mini-van, panel, pickup, sport utility) with only four tires",Snow,Daylight,Snow,ASHMONT STREET / NEWHALL STREET,,,,,,236990.6406,893301.3127
3385049,BOSTON (BRIGHTON),08-Mar-2013,10:15 AM,Not Reported,2,0,0,Head-on,V1: Travelling straight ahead / V2:Travelling straight ahead,V1:Southbound / V2:Not reported ,V1: Not reported / V2: Not reported ,V1: Unknown vehicle configuration / V2:Unknown vehicle configuration,Snow,Daylight,Snow,,87 PARSONS STREET,,,,,228497.1888,900347.6434
3370183,BOSTON,08-Mar-2013,2:52 PM,Property damage only (none injured),2,0,0,Rear-end,V1: Travelling straight ahead / V2:Travelling straight ahead,V1:Westbound / V2:Westbound ,V1: Collision with motor vehicle in traffic / V2: Collision with motor vehicle in traffic ,"V1: Passenger car / V2:Light truck(van, mini-van, panel, pickup, sport utility) with only four tires",Snow,Daylight,Snow,,Rte 90 W,,Exit 24 on Rte 90 W,EXIT 24/25,,238090.4393,899691.5691
3366912,BOSTON,08-Mar-2013,3:44 PM,Not Reported,2,0,0,"Sideswipe, same direction",V1: Parked / V2:Other,V1:Not reported / V2:Eastbound ,V1: Collision with motor vehicle in traffic / V2: Collision with parked motor vehicle ,"V1: Passenger car / V2:Single-unit truck (2-axle, 6-tire)",Snow,Daylight,Not Reported,,1810 WILLIAM DAY BOULEVARD / O STREET,,,,,238809.5001,898011.0625
3422098,BOSTON (DORCHESTER),08-Mar-2013,6:00 PM,Not Reported,2,0,0,Not reported,V1: Parked / V2:Not reported,V1:Not reported / V2:Not reported ,V1: Not reported / V2: Not reported ,"V1: Light truck(van, mini-van, panel, pickup, sport utility) with only four tires / V2:Not reported",Not reported,Not reported,Not Reported,,130 WRENTHAM STREET,,,,,236500.1836,893237.7233
3394074,BOSTON (DORCHESTER),08-Mar-2013,11:30 PM,Non-fatal injury,2,1,0,Head-on,V1: Travelling straight ahead / V2:Turning right,V1:Eastbound / V2:Westbound ,V1: Collision with motor vehicle in traffic / V2: Collision with motor vehicle in traffic ,"V1: Light truck(van, mini-van, panel, pickup, sport utility) with only four tires / V2:Passenger car",Wet,Dark - lighted roadway,Snow,BROOKFORD STREET / JUDSON STREET,,,,,,234972.7498,896525.5001
3393400,BOSTON (DORCHESTER),09-Mar-2013,00:00 AM,Non-fatal injury,3,6,0,Rear-end,V1: Travelling straight ahead / V2:Travelling straight ahead / V3:Travelling straight ahead,V1:Eastbound / V2:Eastbound / V3:Eastbound ,V1: Collision with motor vehicle in traffic / V2: Collision with motor vehicle in traffic / V3: Collision with motor vehicle in traffic ,"V1: Passenger car / V2:Light truck(van, mini-van, panel, pickup, sport utility) with only four tires / V3:Passenger car",Dry,Daylight,Clear,DORCHESTER AVENUE Rte 1643 / MATHER STREET,,,,,,236134.4061,893882.0001
3370284,BOSTON,09-Mar-2013,1:00 AM,Property damage only (none injured),2,0,0,Rear-end,V1: Slowing or stopped in traffic / V2:Travelling straight ahead,V1:Southbound / V2:Southbound ,V1: Collision with motor vehicle in traffic / V2: Collision with motor vehicle in traffic ,V1: Passenger car / V2:Passenger car,Wet,Dark - lighted roadway,Clear,,1 HARVARD AVENUE Rte UNKNOW / 1 HAR,,,,,235044.0768,894365.5984
3369750,BOSTON,09-Mar-2013,12:58 PM,Property damage only (none injured),1,0,0,Single vehicle crash,V1: Travelling straight ahead,V1:Southbound ,V1: Collision with median barrier ,V1: Passenger car,Dry,Daylight,Clear,,SOUTHBOUND FRONTAGE ROAD / JOHN F FITZGERALD EXPRESSWAY Rte 93 S,,,RAMP TO RT. 93 SOUTH,,236392.3777,897510.6584
3413763,BOSTON (DORCHESTER),09-Mar-2013,2:28 PM,Property damage only (none injured),2,0,0,Angle,V1: Travelling straight ahead / V2:Turning left,V1:Not reported / V2:Not reported ,V1: Collision with motor vehicle in traffic / V2: Collision with motor vehicle in traffic ,V1: Passenger car / V2:Passenger car,Dry,Daylight,Clear,NEPONSET AVENUE / KING STREET,,,,,,236908.5158,893874.25
3369130,BOSTON,09-Mar-2013,4:15 PM,Non-fatal injury,2,2,0,Angle,V1: Turning left / V2:Travelling straight ahead,V1:Not reported / V2:Not reported ,V1: Collision with motor vehicle in traffic / V2: Collision with motor vehicle in traffic ,V1: Passenger car / V2:Passenger car,Dry,Daylight,Clear,,MORTON STREET / FOREST HILLS AVENUE,,,,,232598.4532,894496.6249
3367282,BOSTON,09-Mar-2013,4:26 PM,Property damage only (none injured),2,0,0,Angle,V1: Turning left / V2:Travelling straight ahead,V1:Westbound / V2:Southbound ,V1: Collision with motor vehicle in traffic / V2: Collision with motor vehicle in traffic ,"V1: Passenger car / V2:Light truck(van, mini-van, panel, pickup, sport utility) with only four tires",Wet,Dusk,Cloudy,KNEELAND STREET / ALBANY STREET / SURFACE ARTERY,,,,RAMP K,,236274.497,900050.9872
3366915,BOSTON,09-Mar-2013,5:50 PM,Property damage only (none injured),2,0,0,Angle,V1: Travelling straight ahead / V2:Turning left,V1:Eastbound / V2:Southbound ,V1: Collision with motor vehicle in traffic / V2: Collision with motor vehicle in traffic ,"V1: Passenger car / V2:Light truck(van, mini-van, panel, pickup, sport utility) with only four tires",Dry,Dusk,Clear,GALLIVAN BOULEVARD / GRANITE AVENUE,,,,,,236643.2967,892556.1249
3439957,BOSTON (ROSLINDALE),09-Mar-2013,6:00 PM,Not Reported,1,0,0,Not reported,V1: Parked,V1:Not reported ,V1: Collision with parked motor vehicle ,V1: Passenger car,Not reported,Not reported,Not Reported,,3920 WASHINGTON STREET,,,,,231392.0871,893874.2751
3403171,BOSTON,09-Mar-2013,6:45 PM,Non-fatal injury,2,2,0,Angle,V1: Travelling straight ahead / V2:Turning left,V1:Eastbound / V2:Westbound ,V1: Collision with motor vehicle in traffic / V2: Collision with motor vehicle in traffic ,"V1: Light truck(van, mini-van, panel, pickup, sport utility) with only four tires / V2:Light truck(van, mini-van, panel, pickup, sport utility) with only four tires",Wet,Dark - lighted roadway,Clear,,1200 COMMONWEALTH AVENUE / LINDEN STREET,,,,,230499.1545,900077.3475