Crash Number,City/Town Name,Crash Date,Crash Time,Crash Severity,Number of Vehicles,Total Nonfatal Injuries,Total Fatal Injuries,Manner of Collision,Vehicle Action Prior to Crash,Vehicle Travel Directions,Most Harmful Events,Vehicle Configuration,Road Surface Condition,Ambient Light,Weather Condition,At Roadway Intersection,Distance from Nearest Roadway Intersection,Distance from Nearest Milemarker,Distance from Nearest Exit,Distance from Nearest Landmark,Non Motorist Type,X Coordinate,Y Coordinate
3371980,BOSTON,14-Mar-2013,1:57 AM,Property damage only (none injured),1,0,0,Single vehicle crash,V1: Travelling straight ahead,V1:Southbound ,V1: Not reported ,V1: Passenger car,Dry,Dark - lighted roadway,Not Reported,,JAMAICAWAY Rte UNKNOW / ELIOT STREET,,,,,231358.6406,895992.0627
3374806,BOSTON,14-Mar-2013,3:07 AM,Property damage only (none injured),1,0,0,Single vehicle crash,V1: Travelling straight ahead,V1:Northbound ,V1: Collision with median barrier ,V1: Passenger car,Dry,Dark - lighted roadway,Not Reported,,Rte 93,,Exit 23 on Rte 93,ONEIL TUNNEL,,236957.4837,900943.9828
3397344,BOSTON,14-Mar-2013,7:30 AM,Non-fatal injury,2,2,0,Head-on,V1: Turning left / V2:Travelling straight ahead,V1:Not reported / V2:Not reported ,V1: Collision with motor vehicle in traffic / V2: Collision with motor vehicle in traffic ,"V1: Light truck(van, mini-van, panel, pickup, sport utility) with only four tires / V2:Light truck(van, mini-van, panel, pickup, sport utility) with only four tires",Dry,Daylight,Clear/Clear,MELNEA CASS BOULEVARD / WASHINGTON STREET,,,,,,234535.2381,898131.509
3401931,BOSTON,14-Mar-2013,12:00 PM,Not Reported,2,0,0,"Sideswipe, same direction",V1: Parked / V2:Slowing or stopped in traffic,V1:Not reported / V2:Not reported ,V1: Collision with motor vehicle in traffic / V2: Collision with unknown fixed object ,"V1: Passenger car / V2:Light truck(van, mini-van, panel, pickup, sport utility) with only four tires",Dry,Daylight,Clear,RIVER STREET / MOUNT VERNON STREET,,,,,,235362.8021,900888.0484
3376177,BOSTON,14-Mar-2013,2:10 PM,Property damage only (none injured),1,0,0,Single vehicle crash,V1: Changing lanes,V1:Northbound ,V1: Collision with light pole or other post/support ,V1: Passenger car,Dry,Daylight,Cloudy,,WILLIAM T MORRISSEY BOULEVARD / RAMP - RT 3A NB TO RT 93 NB Rte 3A N,,,MORRISSEY BLVD @ REDFIELD ST,,237737.3452,893090.0065
3370186,BOSTON,14-Mar-2013,4:23 PM,Property damage only (none injured),1,0,0,Single vehicle crash,V1: Turning left,V1:Eastbound ,V1: Collision with motor vehicle in traffic ,V1: Passenger car,Dry,Daylight,Clear,ALBANY STREET / TRAVELER STREET,,,,,,236086.8879,899375.6393
3370282,BOSTON,14-Mar-2013,5:36 PM,Property damage only (none injured),2,0,0,Rear-end,V1: Slowing or stopped in traffic / V2:Travelling straight ahead,V1:Westbound / V2:Westbound ,V1: Collision with motor vehicle in traffic / V2: Collision with motor vehicle in traffic ,V1: Passenger car / V2:Passenger car,Dry,Daylight,Cloudy,MASSACHUSETTS TURNPIKE Rte 90 W / RAMP - MASSACHUSETTS AVENUE TO RT 90 WB,,,,MASS AVE/NEWBURY ON RAMP,,233650.7371,899794.9294
3370828,BOSTON,14-Mar-2013,10:35 PM,Non-fatal injury,2,1,0,Angle,V1: Travelling straight ahead / V2:Entering traffic lane,V1:Northbound / V2:Westbound ,V1: Collision with motor vehicle in traffic / V2: Collision with motor vehicle in traffic ,V1: Passenger car / V2:Passenger car,Dry,Dark - lighted roadway,Clear,,BENNINGTON STREET Rte UNKNOW / SARATOGA STREET,,,,,240612.6407,904134.7499
3373052,BOSTON,15-Mar-2013,7:45 AM,Non-fatal injury,1,3,0,Single vehicle crash,V1: Travelling straight ahead,V1:Westbound ,V1: Reported but invalid ,"V1: Light truck(van, mini-van, panel, pickup, sport utility) with only four tires",Ice,Daylight,Clear,,1000 feet E from Intersection 500 ARBORWAY / 500 WASHINGTON STREET,,,,,232284.081,894632.6275
3379897,BOSTON,15-Mar-2013,12:18 PM,Property damage only (none injured),2,0,0,Angle,V1: Travelling straight ahead / V2:Changing lanes,V1:Westbound / V2:Westbound ,V1: Collision with motor vehicle in traffic / V2: Collision with motor vehicle in traffic ,V1: Passenger car / V2:Tractor/semi-trailer,Dry,Daylight,Clear/Cloudy,,Rte 90 W,Rte 90  W Milemarker 132.0,,,,232572.2182,899870.4883
3370187,BOSTON,15-Mar-2013,12:54 PM,Property damage only (none injured),6,0,0,Rear-end,V1: Slowing or stopped in traffic / V2:Slowing or stopped in traffic / V3:Slowing or stopped in traffic / V4:Slowing or stopped in traffic / V5:Slowing or stopped in traffic / V6:Travelling straight ahead,V1:Northbound / V2:Northbound / V3:Northbound / V4:Northbound / V5:Northbound / V6:Northbound ,V1: Collision with motor vehicle in traffic / V2: Collision with motor vehicle in traffic / V3: Collision with motor vehicle in traffic / V4: Collision with motor vehicle in traffic / V5: Collision with motor vehicle in traffic / V6: Collision with motor vehicle in traffic ,"V1: Passenger car / V2:Light truck(van, mini-van, panel, pickup, sport utility) with only four tires / V3:Passenger car / V4:Light truck(van, mini-van, panel, pickup, sport utility) with only four tires / V5:Passenger car / V6:Passenger car",Dry,Daylight,Clear,,JOHN F FITZGERALD EXPRESSWAY Rte 93 N / RAMP - RT 90 TO RT 93 NB,,, PRIOR TO RAMP D,,236580.2775,900203.5983
3374818,BOSTON,15-Mar-2013,3:01 PM,Property damage only (none injured),2,0,0,Rear-end,V1: Slowing or stopped in traffic / V2:Slowing or stopped in traffic,V1:Southbound / V2:Southbound ,V1: Collision with motor vehicle in traffic / V2: Collision with motor vehicle in traffic ,"V1: Bus (seats for more than 15 people, including driver) / V2:Passenger car",Dry,Daylight,Clear,ALBANY STREET / HERALD STREET,,,,,,236151.5786,899586.8009
3369108,BOSTON,15-Mar-2013,3:15 PM,Property damage only (none injured),3,0,0,Rear-end,V1: Slowing or stopped in traffic / V2:Travelling straight ahead / V3:Travelling straight ahead,V1:Westbound / V2:Westbound / V3:Westbound ,V1: Collision with motor vehicle in traffic / V2: Collision with motor vehicle in traffic / V3: Collision with motor vehicle in traffic ,V1: Passenger car / V2:Passenger car / V3:Passenger car,Dry,Daylight,Clear,,Rte 90 W,Rte 90  W Milemarker 131.0,,,,231312.2051,900784.6587
3394075,BOSTON (ROXBURY),15-Mar-2013,4:27 PM,Non-fatal injury,1,1,0,Single vehicle crash,V1: Travelling straight ahead,V1:Southbound ,V1: Collision with motor vehicle in traffic ,V1: Passenger car,Dry,Daylight,Clear,,21 CENTRE STREET,,,,P2:Pedestrian,233548.5579,897773.8473
3376178,BOSTON,15-Mar-2013,4:30 PM,Property damage only (none injured),2,0,0,Rear-end,V1: Entering traffic lane / V2:Entering traffic lane,V1:Southbound / V2:Southbound ,V1: Collision with motor vehicle in traffic / V2: Collision with motor vehicle in traffic ,V1: Passenger car / V2:Passenger car,Dry,Daylight,Cloudy,RAMP - FREEPORT ST TO RT 93 SB / JOHN F FITZGEALD EXPRESSWAY Rte 93 S,,,,FREEPORT STREET 93 SB ON RAMP,,237153.835,894630.7105
3439134,BOSTON (ROSLINDALE),15-Mar-2013,4:30 PM,Non-fatal injury,2,1,0,Not reported,V1: Turning left / V2:Turning left,V1:Southbound / V2:Northbound ,V1: Collision with motor vehicle in traffic / V2: Collision with motor vehicle in traffic ,"V1: Passenger car / V2:Light truck(van, mini-van, panel, pickup, sport utility) with only four tires",Not reported,Not reported,Not Reported,KITTREDGE STREET / BEECH STREET,,,,JUNE STREET,,230125.6555,891889.4262
3369742,BOSTON,15-Mar-2013,7:22 PM,Property damage only (none injured),2,0,0,Rear-end,V1: Slowing or stopped in traffic / V2:Travelling straight ahead,V1:Eastbound / V2:Eastbound ,V1: Collision with motor vehicle in traffic / V2: Collision with motor vehicle in traffic ,"V1: Passenger car / V2:Light truck(van, mini-van, panel, pickup, sport utility) with only four tires",Dry,Dark - roadway not lighted,Clear,,Rte 90 E,,Exit 19 on Rte 90 E,,,229761.5309,900823.963
3369723,BOSTON,15-Mar-2013,8:18 PM,Property damage only (none injured),5,0,0,Rear-end,V1: Slowing or stopped in traffic / V2:Slowing or stopped in traffic / V3:Travelling straight ahead / V4:Slowing or stopped in traffic / V5:Travelling straight ahead,V1:Southbound / V2:Southbound / V3:Southbound / V4:Southbound / V5:Southbound ,V1: Collision with motor vehicle in traffic / V2: Collision with motor vehicle in traffic / V3: Collision with motor vehicle in traffic / V4: Collision with motor vehicle in traffic / V5: Collision with motor vehicle in traffic ,"V1: Light truck(van, mini-van, panel, pickup, sport utility) with only four tires / V2:Passenger car / V3:Passenger car / V4:Passenger car / V5:Passenger car",Dry,Dark - lighted roadway,Clear,,Rte 93 S,,Exit 12 on Rte 93 S,,,237620.5493,892713.0989
3373030,BOSTON,15-Mar-2013,8:55 PM,Property damage only (none injured),2,0,0,"Sideswipe, same direction",V1: Changing lanes / V2:Travelling straight ahead,V1:Northbound / V2:Southbound ,V1: Collision with motor vehicle in traffic / V2: Collision with motor vehicle in traffic ,"V1: Passenger car / V2:Light truck(van, mini-van, panel, pickup, sport utility) with only four tires",Wet,Dark - lighted roadway,Cloudy,,RAMP - RT 93 SB TO MASSACHUSETTS AVENUE / RAMP - RT 93 TO MASSACHUSETTS AVE,,,,,235786.0454,898484.5951
3371984,BOSTON,15-Mar-2013,10:23 PM,Property damage only (none injured),2,0,0,Rear-end,V1: Travelling straight ahead / V2:Slowing or stopped in traffic,V1:Northbound / V2:Northbound ,V1: Collision with motor vehicle in traffic / V2: Collision with motor vehicle in traffic ,V1: Passenger car / V2:Passenger car,Dry,Dark - lighted roadway,Cloudy,RAMP - RT 93 NB TO FREEPORT ST / JOHN F FITZGERALD EXPRESSSWAY Rte 93 N,,,,,,237420.3765,894075.9242
3373031,BOSTON,16-Mar-2013,00:00 AM,Non-fatal injury,3,3,0,Rear-end,V1: Travelling straight ahead / V2:Slowing or stopped in traffic / V3:Travelling straight ahead,V1:Northbound / V2:Northbound / V3:Northbound ,V1: Collision with motor vehicle in traffic / V2: Collision with motor vehicle in traffic / V3: Collision with motor vehicle in traffic ,"V1: Passenger car / V2:Passenger car / V3:Light truck(van, mini-van, panel, pickup, sport utility) with only four tires",Dry,Dark - lighted roadway,Clear,,Rte 93 N / UNKNOWN,,Exit 20 on Rte 93 N,K RAMP,,235935.6734,898219.8317
3394080,BOSTON (DORCHESTER),16-Mar-2013,2:10 AM,Non-fatal injury,4,1,0,"Sideswipe, same direction",V1: Travelling straight ahead / V2:Parked / V3:Not reported / V4:Parked,V1:Northbound / V2:Not reported / V3:Northbound / V4:Not reported ,V1: Collision with parked motor vehicle / V2: Collision with parked motor vehicle / V3: Not reported / V4: Collision with parked motor vehicle ,"V1: Light truck(van, mini-van, panel, pickup, sport utility) with only four tires / V2:Passenger car / V3:Passenger car / V4:Light truck(van, mini-van, panel, pickup, sport utility) with only four tires",Dry,Dark - lighted roadway,Clear,,584 BLUE HILL AVENUE,,,,,234235.1823,894953.1704
3369119,BOSTON,16-Mar-2013,2:37 AM,Property damage only (none injured),4,0,0,"Sideswipe, same direction",V1: Travelling straight ahead / V2:Parked / V3:Parked / V4:Parked,V1:Northbound / V2:Northbound / V3:Northbound / V4:Northbound ,V1: Collision with parked motor vehicle / V2: Collision with parked motor vehicle / V3: Collision with parked motor vehicle / V4: Collision with parked motor vehicle ,V1: Passenger car / V2:Passenger car / V3:Passenger car / V4:Passenger car,Dry,Dark - lighted roadway,Clear,LONGWOOD AVENUE / RIVERWAY,,,,,,232142.9084,898941.3686
3369120,BOSTON,16-Mar-2013,9:15 AM,Property damage only (none injured),2,0,0,Rear-end,V1: Travelling straight ahead / V2:Travelling straight ahead,V1:Eastbound / V2:Eastbound ,V1: Collision with motor vehicle in traffic / V2: Collision with motor vehicle in traffic ,"V1: Light truck(van, mini-van, panel, pickup, sport utility) with only four tires / V2:Passenger car",Dry,Daylight,Clear,,STORROW DRIVE / CHARLESGATE OVERPASS,,,,,233792.4765,900200.9958
3373032,BOSTON,16-Mar-2013,9:25 AM,Property damage only (none injured),2,0,0,Rear-end,V1: Slowing or stopped in traffic / V2:Slowing or stopped in traffic,V1:Southbound / V2:Southbound ,V1: Collision with motor vehicle in traffic / V2: Collision with motor vehicle in traffic ,V1: Passenger car / V2:Passenger car,Dry,Daylight,Clear,,Rte 93 S / UNKNOWN,,Exit 18 on Rte 93 S,,,236013.2783,899092.9981
3376179,BOSTON,16-Mar-2013,12:33 PM,Non-fatal injury,2,1,0,Angle,V1: Turning left / V2:Travelling straight ahead,V1:Eastbound / V2:Westbound ,V1: Collision with motor vehicle in traffic / V2: Collision with motor vehicle in traffic ,V1: Passenger car / V2:Passenger car,Dry,Daylight,Cloudy,,GALLIVAN BOULEVARD Rte UNKNOW / WASHINGTON STREET,,,,,235509.2971,892128.6873
3373033,BOSTON,16-Mar-2013,12:45 PM,Property damage only (none injured),3,0,0,Angle,V1: Changing lanes / V2:Slowing or stopped in traffic / V3:Slowing or stopped in traffic,V1:Northbound / V2:Northbound / V3:Northbound ,V1: Collision with motor vehicle in traffic / V2: Collision with motor vehicle in traffic / V3: Collision with motor vehicle in traffic ,V1: MOPED / V2:Passenger car / V3:Passenger car,Wet,Daylight,Cloudy/Snow,,Rte 93 N / UNKNOWN,,Exit 16 on Rte 93 N,,,236403.9842,897524.312
3370194,BOSTON,16-Mar-2013,1:00 PM,Non-fatal injury,2,1,0,Rear-end,V1: Entering traffic lane / V2:Entering traffic lane,V1:Eastbound / V2:Eastbound ,V1: Collision with motor vehicle in traffic / V2: Collision with motor vehicle in traffic ,"V1: Light truck(van, mini-van, panel, pickup, sport utility) with only four tires / V2:Light truck(van, mini-van, panel, pickup, sport utility) with only four tires",Dry,Daylight,Clear,,400 SOLDIERS FIELD ROAD,,,DOUBLETREE HOTEL,,231510.0467,901104.4669
3378672,BOSTON,16-Mar-2013,2:19 PM,Property damage only (none injured),3,0,0,Rear-end,V1: Slowing or stopped in traffic / V2:Travelling straight ahead / V3:Slowing or stopped in traffic,V1:Eastbound / V2:Eastbound / V3:Eastbound ,V1: Collision with motor vehicle in traffic / V2: Collision with motor vehicle in traffic / V3: Collision with motor vehicle in traffic ,V1: Passenger car / V2:Passenger car / V3:Passenger car,Dry,Daylight,Not Reported,RAMP - WESTERN AVE TO SOLDIERS FIELD RD / WESTERN AVENUE,,,,SVC ROAD ONRAMP AT DOUBLETREE,,231453.7907,901536.5056
3394078,BOSTON (ROXBURY),16-Mar-2013,3:36 PM,Property damage only (none injured),2,0,0,Angle,V1: Travelling straight ahead / V2:Parked,V1:Northbound / V2:Not reported ,V1: Collision with parked motor vehicle / V2: Collision with motor vehicle in traffic ,V1: Passenger car / V2:Passenger car,Dry,Daylight,Clear,,53 FORT AVENUE,,,,,233356.0468,897369.6873
3373053,BOSTON,16-Mar-2013,5:23 PM,Property damage only (none injured),2,0,0,Angle,V1: Travelling straight ahead / V2:Changing lanes,V1:Southbound / V2:Southbound ,V1: Collision with motor vehicle in traffic / V2: Collision with motor vehicle in traffic ,"V1: Light truck(van, mini-van, panel, pickup, sport utility) with only four tires / V2:Passenger car",Dry,Daylight,Clear,,MORTON STREET Rte UNKNOW / COURTLAND ROAD,,,,,233533.0467,892972.5627
3393230,BOSTON (DORCHESTER),16-Mar-2013,5:30 PM,Non-fatal injury,3,1,0,Angle,V1: Travelling straight ahead / V2:Parked / V3:Parked,V1:Southbound / V2:Not reported / V3:Not reported ,V1: Collision with motor vehicle in traffic / V2: Collision with unknown movable object / V3: Collision with unknown movable object ,"V1: Passenger car / V2:Light truck(van, mini-van, panel, pickup, sport utility) with only four tires / V3:Light truck(van, mini-van, panel, pickup, sport utility) with only four tires",Dry,Daylight,Clear/Clear,,MALLON ROAD / ROSSETER STREET,,,,,235149.6406,894811.5627
3373034,BOSTON,16-Mar-2013,5:48 PM,Property damage only (none injured),2,0,0,"Sideswipe, same direction",V1: Travelling straight ahead / V2:Changing lanes,V1:Westbound / V2:Westbound ,V1: Collision with motor vehicle in traffic / V2: Collision with motor vehicle in traffic ,"V1: Light truck(van, mini-van, panel, pickup, sport utility) with only four tires / V2:Passenger car",Dry,Daylight,Clear,,Rte 90 W / UNKNOWN,,Exit 20 on Rte 90 W,,,231452.5043,900558.3731
3502831,BOSTON (DORCHESTER),16-Mar-2013,6:00 PM,Not Reported,3,0,0,Not reported,V1: Travelling straight ahead / V2:Travelling straight ahead / V3:Parked,V1:Not reported / V2:Not reported / V3:Not reported ,V1: Collision with unknown fixed object / V2: Collision with unknown fixed object / V3: Collision with parked motor vehicle ,V1: Passenger car / V2:Passenger car / V3:Passenger car,Not reported,Not reported,Not Reported,BOWDOIN STREET / GENEVA AVENUE,,,,,,235337.1719,894858.1875
3375970,BOSTON,16-Mar-2013,6:01 PM,Property damage only (none injured),2,0,0,"Sideswipe, same direction",V1: Turning right / V2:Turning right,V1:Eastbound / V2:Eastbound ,V1: Collision with motor vehicle in traffic / V2: Collision with motor vehicle in traffic ,"V1: Passenger car / V2:Bus (seats for more than 15 people, including driver)",Dry,Daylight,Clear/Clear,CONGRESS STREET / D STREET,,,,,,237867.9285,899829.5682
3373044,BOSTON,16-Mar-2013,6:24 PM,Non-fatal injury,1,1,0,Single vehicle crash,V1: Travelling straight ahead,V1:Eastbound ,V1: Collision with highway traffic sign post ,V1: Passenger car,Dry,Daylight,Cloudy,,RAMP - STORROW DRIVE TO LEVERETT CONNECT / EMBANKMENT ROAD Rte 28 N,,,BY MASS EYE AND EAR,,235544.4207,901826.598
3373054,BOSTON,16-Mar-2013,7:30 PM,Non-fatal injury,2,1,0,Angle,V1: Travelling straight ahead / V2:Turning left,V1:Southbound / V2:Westbound ,V1: Collision with motor vehicle in traffic / V2: Collision with motor vehicle in traffic ,"V1: Passenger car / V2:Light truck(van, mini-van, panel, pickup, sport utility) with only four tires",Dry,Dark - lighted roadway,Clear,VETERANS OF FOREIGN WARS PARKWAY / CHARLES PARK ROAD,,,,,,227048.0563,891866.0907
3398032,BOSTON,17-Mar-2013,00:00 AM,Non-fatal injury,1,1,0,Single vehicle crash,V1: Travelling straight ahead,V1:Southbound ,V1: Collision with pedestrian ,V1: Passenger car,Dry,Dark - lighted roadway,Clear,,145 DARTMOUTH STREET,,,,P2:Pedestrian,234949.7118,899703.7318
3380772,BOSTON,17-Mar-2013,00:00 AM,Property damage only (none injured),2,0,0,Angle,V1: Travelling straight ahead / V2:Turning left,V1:Westbound / V2:Eastbound ,V1: Collision with motor vehicle in traffic / V2: Collision with motor vehicle in traffic ,"V1: Passenger car / V2:Light truck(van, mini-van, panel, pickup, sport utility) with only four tires",Dry,Dark - lighted roadway,Cloudy,,GALLIVAN BOULEVARD / GRANITE AVENUE,,,,,236643.2967,892556.1249
3393340,BOSTON,17-Mar-2013,2:00 AM,Not Reported,2,0,0,Rear-end,V1: Not reported / V2:Not reported,V1:Not reported / V2:Not reported ,V1: Not reported / V2: Not reported ,V1: Passenger car / V2:Passenger car,Dry,Dark - lighted roadway,Cloudy,DORCHESTER AVENUE / SUDAN STREET,,,,,,236544.6717,896365.5626
3373035,BOSTON,17-Mar-2013,2:50 AM,Non-fatal injury,1,1,0,Angle,V1: Changing lanes,V1:Southbound ,V1: Collision with median barrier ,V1: Passenger car,Dry,Dark - lighted roadway,Clear,,JOHN F FITZGERALD EXPRESSWAY Rte 93 S / GENERAL CASIMIR PULASKI SKYWAY Rte 1 S,,,SOUTH OF EXIT 18,,235890.8143,898246.7047
3427221,BOSTON,17-Mar-2013,2:57 AM,Non-fatal injury,2,1,0,Rear-end,V1: Travelling straight ahead / V2:Travelling straight ahead,V1:Southbound / V2:Southbound ,V1: Collision with motor vehicle in traffic / V2: Collision with motor vehicle in traffic ,"V1: Light truck(van, mini-van, panel, pickup, sport utility) with only four tires / V2:Passenger car",Dry,Dark - lighted roadway,Clear,,Rte 93 S,,Exit 12 on Rte 93 S,,,237620.5493,892713.0989
3439131,BOSTON,17-Mar-2013,3:17 AM,Not Reported,2,0,0,"Sideswipe, same direction",V1: Not reported / V2:Not reported,V1:Northbound / V2:Not reported ,V1: Not reported / V2: Not reported ,V1: Passenger car / V2:Passenger car,Dry,Dark - lighted roadway,Clear,WELD STREET,532 WELD STREET,,,,,228511.1418,893670.132
3376182,BOSTON,17-Mar-2013,9:09 AM,Property damage only (none injured),2,0,0,Rear-end,V1: Slowing or stopped in traffic / V2:Slowing or stopped in traffic,V1:Southbound / V2:Southbound ,V1: Collision with motor vehicle in traffic / V2: Collision with motor vehicle in traffic ,V1: Passenger car / V2:Passenger car,Dry,Daylight,Clear,GENERAL CASIMIR PULASKI SKYWAY Rte 3A S / JOHN F FITZGERALD  EXPRESSWAY Rte 93 S / RAMP - RT 93 SB TO RT 3A SB Rte 3A S,,,Exit 12 on Rte 93 S,93S EXIT 12,,237620.7733,892713.525
3374821,BOSTON,17-Mar-2013,9:16 AM,Property damage only (none injured),4,0,0,Rear-end,V1: Slowing or stopped in traffic / V2:Travelling straight ahead / V3:Travelling straight ahead / V4:Turning right,V1:Westbound / V2:Westbound / V3:Westbound / V4:Westbound ,V1: Collision with motor vehicle in traffic / V2: Collision with motor vehicle in traffic / V3: Collision with motor vehicle in traffic / V4: Not reported ,V1: Passenger car / V2:Passenger car / V3:Passenger car / V4:Passenger car,Dry,Daylight,Not Reported,,STORROW DRIVE,,,LEE POOL,,235411.5544,901620.2122
3445933,BOSTON (DORCHESTER),17-Mar-2013,9:44 AM,Property damage only (none injured),1,0,0,Single vehicle crash,V1: Turning right,V1:Eastbound ,"V1: Collision with other fixed object (wall, building, tunnel, etc.) ",V1: Passenger car,Dry,Daylight,Clear,PARK STREET / CLAYTON STREET,,,,,,236642.5466,894519.6249
3413933,BOSTON (DORCHESTER),17-Mar-2013,1:35 PM,Non-fatal injury,2,1,0,Angle,V1: Travelling straight ahead / V2:Turning right,V1:Eastbound / V2:Northbound ,V1: Collision with motor vehicle in traffic / V2: Collision with motor vehicle in traffic ,"V1: Light truck(van, mini-van, panel, pickup, sport utility) with only four tires / V2:Passenger car",Dry,Daylight,Clear,FREEPORT STREET / CLAYTON STREET,,,,,,236610.6874,894988.0624
3369756,BOSTON,17-Mar-2013,2:10 PM,Property damage only (none injured),2,0,0,Rear-end,V1: Slowing or stopped in traffic / V2:Travelling straight ahead,V1:Eastbound / V2:Eastbound ,V1: Collision with motor vehicle in traffic / V2: Collision with motor vehicle in traffic ,"V1: Passenger car / V2:Light truck(van, mini-van, panel, pickup, sport utility) with only four tires",Dry,Daylight,Clear,,COLUMBIA ROAD / RAMP - COLUMBIA RD TO RT 93 SB,,,COLUMBIA RD @ 93,,236796.6811,896862.9294
3374089,BOSTON,17-Mar-2013,3:31 PM,Property damage only (none injured),2,0,0,Rear-end,V1: Slowing or stopped in traffic / V2:Travelling straight ahead,V1:Southbound / V2:Southbound ,V1: Collision with motor vehicle in traffic / V2: Collision with motor vehicle in traffic ,V1: Passenger car / V2:Passenger car,Dry,Daylight,Clear,,LEVERETT CIRCLE CONNECTOR Rte UNKNOW / RAMP-RT 93 NB TO STORROW DRIVE,,,,,235752.9932,901867.4291
3369757,BOSTON,17-Mar-2013,3:50 PM,Property damage only (none injured),2,0,0,Rear-end,V1: Travelling straight ahead / V2:Slowing or stopped in traffic,V1:Southbound / V2:Southbound ,V1: Collision with motor vehicle in traffic / V2: Collision with motor vehicle in traffic ,"V1: Passenger car / V2:Light truck(van, mini-van, panel, pickup, sport utility) with only four tires",Dry,Daylight,Clear,WILLIAM T MORRISSEY BOULEVARD / WILLIAM T MORRISSEY BOULEVARD / DOMINIC J BANCULLI BOULEVARD,,,,,,237343.1393,896000.098
3376168,BOSTON,17-Mar-2013,3:54 PM,Property damage only (none injured),2,0,0,Angle,V1: Travelling straight ahead / V2:Entering traffic lane,V1:Eastbound / V2:Northbound ,V1: Collision with motor vehicle in traffic / V2: Collision with motor vehicle in traffic ,"V1: Passenger car / V2:Light truck(van, mini-van, panel, pickup, sport utility) with only four tires",Dry,Daylight,Clear,AIRPORT ROAD - ARRIVAL LEVEL / LOGAN AIRPORT TERMINAL C,,,,,,239699.843,901958.9819
3369763,BOSTON,17-Mar-2013,5:25 PM,Property damage only (none injured),2,0,0,"Sideswipe, opposite direction",V1: Turning left / V2:Travelling straight ahead,V1:Northbound / V2:Southbound ,V1: Not reported / V2: Not reported ,V1: Passenger car / V2:Passenger car,Dry,Daylight,Not Reported,,TRUMAN HIGHWAY / 695 FAIRMOUNT AVENUE,,,,,231456.0808,889151.4956
3380638,BOSTON,17-Mar-2013,6:42 PM,Non-fatal injury,2,1,0,"Sideswipe, opposite direction",V1: Turning left / V2:Travelling straight ahead,V1:Southbound / V2:Northbound ,V1: Not reported / V2: Not reported ,V1: Passenger car / V2:Passenger car,Dry,Daylight,Not Reported,,TRUMAN HIGHWAY Rte UNKNOW / NEPONSET VALLEY PARKWAY,,,,,230941.0155,887276.4376
3369438,BOSTON,17-Mar-2013,6:50 PM,Property damage only (none injured),2,0,0,Single vehicle crash,V1: Travelling straight ahead / V2:Travelling straight ahead,V1:Northbound / V2:Northbound ,V1: Collision with motor vehicle in traffic / V2: Collision with motor vehicle in traffic ,"V1: Passenger car / V2:Light truck(van, mini-van, panel, pickup, sport utility) with only four tires",Dry,Dark - roadway not lighted,Clear,,Rte 93 N,,Exit 27 on Rte 93 N,,,235655.07,902467.5364
3400937,BOSTON,17-Mar-2013,11:00 PM,Property damage only (none injured),1,0,0,Single vehicle crash,V1: Other,V1:Not reported ,V1: Unknown ,V1: Passenger car,Dry,Dark - lighted roadway,Clear,,26 PARK PLAZA,,,,,235598.3489,900191.5
3373047,BOSTON,18-Mar-2013,00:00 AM,Property damage only (none injured),1,0,0,Single vehicle crash,V1: Travelling straight ahead,V1:Westbound ,V1: Collision with other movable object ,V1: Passenger car,Dry,Dark - lighted roadway,Clear,,SOLDIERS FIELD ROAD / RAMP - SOLDIERS FIELD WB TO N HARVARD ST,,,NORTH HARVARD STREET RAMP,,231004.2637,902051.9672
3430822,BOSTON,18-Mar-2013,7:30 AM,Property damage only (none injured),2,0,0,Angle,V1: Travelling straight ahead / V2:Travelling straight ahead,V1:Not reported / V2:Not reported ,V1: Collision with motor vehicle in traffic / V2: Collision with motor vehicle in traffic ,"V1: Light truck(van, mini-van, panel, pickup, sport utility) with only four tires / V2:Passenger car",Dry,Daylight,Clear,,1430 VETERANS OF FOREIGN WARS PARKWAY,,,,,227044.3231,891219.7491
3388966,BOSTON,18-Mar-2013,8:00 AM,Property damage only (none injured),2,0,0,Rear-end,V1: Slowing or stopped in traffic / V2:Slowing or stopped in traffic,V1:Eastbound / V2:Eastbound ,V1: Collision with motor vehicle in traffic / V2: Collision with motor vehicle in traffic ,"V1: Light truck(van, mini-van, panel, pickup, sport utility) with only four tires / V2:Passenger car",Dry,Daylight,Cloudy,,SOLDIERS FIELD ROAD / NORTH BEACON STREET,,,IHOP,,228076.4976,901010.8434
3389081,BOSTON,18-Mar-2013,8:28 AM,Non-fatal injury,3,1,0,Rear-end,V1: Travelling straight ahead / V2:Travelling straight ahead / V3:Travelling straight ahead,V1:Eastbound / V2:Eastbound / V3:Eastbound ,V1: Collision with motor vehicle in traffic / V2: Collision with motor vehicle in traffic / V3: Collision with motor vehicle in traffic ,V1: Passenger car / V2:Passenger car / V3:Passenger car,Dry,Daylight,Cloudy,,STORROW DRIVE / CHARLESGATE WEST,,,PRIOR TO KENMORE,,233221.9448,900094.4548