Crash Number,City/Town Name,Crash Date,Crash Time,Crash Severity,Number of Vehicles,Total Nonfatal Injuries,Total Fatal Injuries,Manner of Collision,Vehicle Action Prior to Crash,Vehicle Travel Directions,Most Harmful Events,Vehicle Configuration,Road Surface Condition,Ambient Light,Weather Condition,At Roadway Intersection,Distance from Nearest Roadway Intersection,Distance from Nearest Milemarker,Distance from Nearest Exit,Distance from Nearest Landmark,Non Motorist Type,X Coordinate,Y Coordinate
3402905,BOSTON (HYDE PARK),23-Mar-2013,6:25 PM,Non-fatal injury,1,1,0,Not reported,V1: Other,V1:Westbound ,"V1: Collision with cyclist (bicycle, tricycle, unicycle, pedal car) ","V1: Light truck(van, mini-van, panel, pickup, sport utility) with only four tires",Not reported,Not reported,Not Reported,,1086 RIVER STREET,,,,"P3:Pedalcyclist (bicycle, tricycle, unicycle, pedal car)",231489.8523,889816.3316
3377190,BOSTON,24-Mar-2013,1:39 AM,Property damage only (none injured),2,0,0,"Sideswipe, same direction",V1: Other / V2:Travelling straight ahead,V1:Southbound / V2:Southbound ,V1: Collision with motor vehicle in traffic / V2: Collision with motor vehicle in traffic ,V1: Passenger car / V2:Passenger car,Dry,Dark - lighted roadway,Clear,,Rte 93 S / UNKNOWN,,Exit 12 on Rte 93 S,,,237620.5493,892713.0989
3373039,BOSTON,24-Mar-2013,3:07 AM,Property damage only (none injured),2,0,0,Rear-end,V1: Travelling straight ahead / V2:Slowing or stopped in traffic,V1:Eastbound / V2:Eastbound ,V1: Collision with motor vehicle in traffic / V2: Collision with motor vehicle in traffic ,"V1: Light truck(van, mini-van, panel, pickup, sport utility) with only four tires / V2:Light truck(van, mini-van, panel, pickup, sport utility) with only four tires",Dry,Dark - lighted roadway,Not Reported,RAMP - HAUL ROAD TO RT 90 EB / RAMP - HAUL ROAD TO RT 90 EB,,,,HAUL RD,,237440.6328,899832.1282
3413935,BOSTON (DORCHESTER),24-Mar-2013,3:49 AM,Property damage only (none injured),2,0,0,Unknown,V1: Travelling straight ahead / V2:Travelling straight ahead,V1:Northbound / V2:Southbound ,V1: Cargo/equipment loss or shift / V2: Collision with other movable object ,"V1: Bus (seats for more than 15 people, including driver) / V2:Bus (seats for more than 15 people, including driver)",Dry,Daylight,Clear,,526 TALBOT AVENUE,,,,,235885.1368,893045.6411
3379915,BOSTON,24-Mar-2013,6:30 AM,Property damage only (none injured),2,0,0,"Sideswipe, opposite direction",V1: Travelling straight ahead / V2:Not reported,V1:Westbound / V2:Not reported ,V1: Collision with motor vehicle in traffic / V2: Not reported ,V1: Passenger car / V2:Not reported,Dry,Dawn,Clear,,VETERANS OF FOREIGN WARS PARKWAY / BAKER STREET,,,V.F.W. @ BAKER STREET,,227086.7657,893107.1877
3378206,BOSTON,24-Mar-2013,9:36 PM,Property damage only (none injured),2,0,0,Rear-end,V1: Turning left / V2:Turning left,V1:Southbound / V2:Southbound ,V1: Collision with motor vehicle in traffic / V2: Collision with motor vehicle in traffic ,V1: Passenger car / V2:Passenger car,Dry,Dark - lighted roadway,Not Reported,,WILLIAM T MORRISSEY BOULEVARD / POPES HILL STREET,,,,,237240.2031,893757.7504
3377125,BOSTON,25-Mar-2013,7:50 AM,Property damage only (none injured),2,0,0,Rear-end,V1: Slowing or stopped in traffic / V2:Not reported,V1:Northbound / V2:Not reported ,V1: Collision with motor vehicle in traffic / V2: Not reported ,V1: Passenger car / V2:Passenger car,Dry,Daylight,Clear,,Rte 90 E / UNKNOWN,,Exit 24B on Rte 90 E,,,236020.7529,899669.4659
3377175,BOSTON,25-Mar-2013,8:27 AM,Property damage only (none injured),2,0,0,Rear-end,V1: Slowing or stopped in traffic / V2:Slowing or stopped in traffic,V1:Southbound / V2:Southbound ,V1: Collision with motor vehicle in traffic / V2: Collision with motor vehicle in traffic ,"V1: Light truck(van, mini-van, panel, pickup, sport utility) with only four tires / V2:Passenger car",Dry,Daylight,Cloudy,JOHN F FITZGERALD EXPRESSWAY Rte 93 S / RAMP - RT 93 SB TO CALLAHAN TUNNEL,,,,,,236397.1937,901565.6512
3422094,BOSTON (DORCHESTER),25-Mar-2013,9:37 AM,Property damage only (none injured),2,0,0,Angle,V1: Travelling straight ahead / V2:Turning left,V1:Southbound / V2:Not reported ,V1: Not reported / V2: Unknown ,V1: Passenger car / V2:Passenger car,Dry,Daylight,Clear,ARCADIA STREET / CORWIN STREET,,,,,,236122.2502,894668.6876
3413434,BOSTON,25-Mar-2013,11:30 AM,Non-fatal injury,3,1,0,Not reported,V1: Entering traffic lane / V2:Travelling straight ahead / V3:Parked,V1:Not reported / V2:Not reported / V3:Not reported ,V1: Collision with motor vehicle in traffic / V2: Collision with motor vehicle in traffic / V3: Collision with motor vehicle in traffic ,"V1: Passenger car / V2:Light truck(van, mini-van, panel, pickup, sport utility) with only four tires / V3:Passenger car",Not reported,Daylight,Not Reported,WILLIAM CARDINAL OCONNELL WAY / STANIFORD STREET,,,,,,235924.4001,901390.1806
3403591,BOSTON (DORCHESTER),25-Mar-2013,2:20 PM,Not Reported,2,0,0,Rear-end,V1: Travelling straight ahead / V2:Travelling straight ahead,V1:Not reported / V2:Not reported ,V1: Not reported / V2: Collision with motor vehicle in traffic ,V1: Passenger car / V2:Unknown vehicle configuration,Dry,Daylight,Clear,DORCHESTER AVENUE / GALLIVAN BOULEVARD,,,,,,235804.4062,892252.5627
3379899,BOSTON,25-Mar-2013,5:35 PM,Property damage only (none injured),2,0,0,Rear-end,V1: Travelling straight ahead / V2:Changing lanes,V1:Northbound / V2:Northbound ,V1: Collision with motor vehicle in traffic / V2: Collision with motor vehicle in traffic ,V1: Passenger car / V2:Tractor/semi-trailer,Dry,Daylight,Clear,,JOHN F FITZGERALD EXPRESSWAY Rte 93 N / RAMP - BROADWAY TO RT 93 NB,,,PRIOR TO THE O&AMP;APOS;NIEL TUN,,236437.8665,899829.7337
3381614,BOSTON,25-Mar-2013,6:44 PM,Property damage only (none injured),1,0,0,Single vehicle crash,V1: Travelling straight ahead,V1:Northbound ,V1: Collision with embankment ,"V1: Light truck(van, mini-van, panel, pickup, sport utility) with only four tires",Dry,Dusk,Clear,,1465 VETERANS OF FOREIGN WARS PARKWAY,,,IN PARKING LOT,"P2:Other non-motorist (wheelchair, etc.)",,
3403177,BOSTON (ALLSTON),26-Mar-2013,8:00 AM,Property damage only (none injured),1,0,0,Single vehicle crash,V1: Turning left,V1:Eastbound ,"V1: Collision with cyclist (bicycle, tricycle, unicycle, pedal car) ",V1: Passenger car,Dry,Daylight,Clear/Clear,HARVARD AVENUE / BRIGHTON AVENUE,,,,,"P3:Pedalcyclist (bicycle, tricycle, unicycle, pedal car)",230310.1562,900350.1872
3397438,BOSTON,26-Mar-2013,1:00 PM,Property damage only (none injured),1,0,0,Not reported,V1: Travelling straight ahead,V1:Eastbound ,V1: Collision with motor vehicle in traffic ,V1: Passenger car,Not reported,Not reported,Not Reported,WASHINGTON STREET / SCHOOL STREET,,,,,P2:Pedestrian,236384.0962,900863.6157
3379743,BOSTON,26-Mar-2013,3:25 PM,Property damage only (none injured),2,0,0,Angle,V1: Travelling straight ahead / V2:Changing lanes,V1:Southbound / V2:Southbound ,V1: Collision with motor vehicle in traffic / V2: Collision with motor vehicle in traffic ,"V1: Passenger car / V2:Light truck(van, mini-van, panel, pickup, sport utility) with only four tires",Dry,Daylight,Clear,,Rte 93 S / UNKNOWN,,Exit 18 on Rte 93 S,,,236013.2783,899092.9981
3378208,BOSTON,26-Mar-2013,4:45 PM,Property damage only (none injured),2,0,0,"Sideswipe, same direction",V1: Other / V2:Travelling straight ahead,V1:Northbound / V2:Northbound ,V1: Collision with motor vehicle in traffic / V2: Collision with motor vehicle in traffic ,V1: Passenger car / V2:Passenger car,Dry,Daylight,Not Reported,,Rte 93 N,,Exit 11 on Rte 93,,,237094.7253,891674.8051
3381526,BOSTON,26-Mar-2013,5:40 PM,Property damage only (none injured),2,0,0,Angle,V1: Turning right / V2:Travelling straight ahead,V1:Westbound / V2:Southbound ,V1: Collision with motor vehicle in traffic / V2: Collision with motor vehicle in traffic ,"V1: Light truck(van, mini-van, panel, pickup, sport utility) with only four tires / V2:Passenger car",Dry,Daylight,Clear,CHARLESGATE WEST / BEACON STREET,,,,,,233543.9754,900022.1832
3377192,BOSTON,26-Mar-2013,8:05 PM,Property damage only (none injured),2,0,0,Angle,V1: Travelling straight ahead / V2:Travelling straight ahead,V1:Southbound / V2:Westbound ,V1: Collision with motor vehicle in traffic / V2: Collision with motor vehicle in traffic ,V1: Passenger car / V2:Passenger car,Dry,Dark - lighted roadway,Clear,WILLIAM T MORRISSEY BOULEVARD / FREEPORT STREET,,,,,,237149.8439,894580.3748
3391763,BOSTON (SOUTH BOSTON),27-Mar-2013,7:30 AM,Non-fatal injury,1,1,0,Angle,V1: Travelling straight ahead,V1:Eastbound ,V1: Collision with pedestrian ,V1: Unknown vehicle configuration,Dry,Daylight,Clear,,700 EAST FOURTH STREET / K STREET,,,,P2:Pedestrian,238125.2812,898353.3125
3398959,BOSTON,27-Mar-2013,7:52 AM,Non-fatal injury,1,1,0,Single vehicle crash,V1: Travelling straight ahead,V1:Northbound ,V1: Collision with pedestrian ,"V1: Light truck(van, mini-van, panel, pickup, sport utility) with only four tires",Dry,Daylight,Clear/Clear,,39 BOYLSTON STREET,,,,P2:Pedestrian,235947.1254,900294.0524
3420652,BOSTON (BRIGHTON),27-Mar-2013,8:20 AM,Non-fatal injury,1,1,0,Single vehicle crash,V1: Travelling straight ahead,V1:Eastbound ,V1: Not reported ,V1: Passenger car,Dry,Daylight,Clear,,388 WASHINGTON STREET,,,,P2:Pedestrian,236260.2197,900713.3992
3377126,BOSTON,27-Mar-2013,8:40 AM,Property damage only (none injured),2,0,0,Rear-end,V1: Travelling straight ahead / V2:Travelling straight ahead,V1:Southbound / V2:Southbound ,V1: Collision with motor vehicle in traffic / V2: Collision with motor vehicle in traffic ,V1: Passenger car / V2:Passenger car,Dry,Daylight,Clear,,RAMP - RT 1 SB FROM TOBIN BRIDGE Rte 1 S / RAMP - RT 1 SB TO LEVERETT CONNECTOR,,,LOOP RAMP,,235462.8376,902471.9942
3381632,BOSTON,27-Mar-2013,8:43 AM,Property damage only (none injured),2,0,0,Rear-end,V1: Slowing or stopped in traffic / V2:Changing lanes,V1:Southbound / V2:Southbound ,V1: Collision with motor vehicle in traffic / V2: Collision with motor vehicle in traffic ,"V1: Passenger car / V2:Light truck(van, mini-van, panel, pickup, sport utility) with only four tires",Dry,Daylight,Clear,,Rte 93 S / UNKNOWN,,Exit 12 on Rte 93 S,,,237620.5493,892713.0989
3377239,BOSTON,27-Mar-2013,9:15 AM,Non-fatal injury,1,1,0,Single vehicle crash,V1: Travelling straight ahead,V1:Northbound ,V1: Collision with guardrail ,V1: Passenger car,Dry,Daylight,Clear,,Rte 93 N / UNKNOWN,,Exit 16 on Rte 93 N,,,236403.9842,897524.312
3413436,BOSTON,27-Mar-2013,9:45 AM,Not Reported,2,0,0,Angle,V1: Travelling straight ahead / V2:Travelling straight ahead,V1:Not reported / V2:Not reported ,V1: Collision with motor vehicle in traffic / V2: Collision with motor vehicle in traffic ,V1: Unknown vehicle configuration / V2:Unknown vehicle configuration,Dry,Daylight,Clear/Clear,ATLANTIC AVENUE / BEACH STREET,,,,,,236535.1505,900086.8175
3376199,BOSTON,27-Mar-2013,9:46 AM,Property damage only (none injured),2,0,0,"Sideswipe, same direction",V1: Travelling straight ahead / V2:Turning left,V1:Southbound / V2:Southbound ,V1: Collision with light pole or other post/support / V2: Collision with motor vehicle in traffic ,"V1: Passenger car / V2:Light truck(van, mini-van, panel, pickup, sport utility) with only four tires",Dry,Daylight,Clear,,GALLIVAN BOULEVARD Rte UNKNOW,,,NEPONSET CIRCLE,,237731.8737,892907.403
3403178,BOSTON (BRIGHTON),27-Mar-2013,3:06 PM,Non-fatal injury,1,1,0,Rear-end,V1: Backing,V1:Not reported ,V1: Collision with pedestrian ,V1: Passenger car,Dry,Daylight,Clear/Clear,,55 BIRMINGHAM PARKWAY,,,,P2:Pedestrian,229071.4573,901085.5951
3397231,BOSTON,27-Mar-2013,5:00 PM,Non-fatal injury,2,1,0,"Sideswipe, same direction",V1: Turning left / V2:Travelling straight ahead,V1:Southbound / V2:Southbound ,V1: Collision with motor vehicle in traffic / V2: Collision with motor vehicle in traffic ,"V1: Light truck(van, mini-van, panel, pickup, sport utility) with only four tires / V2:Light truck(van, mini-van, panel, pickup, sport utility) with only four tires",Dry,Daylight,Clear/Clear,ALBANY STREET / TRAVELER STREET,,,,,,236086.8879,899375.6393
3426452,BOSTON,27-Mar-2013,5:20 PM,Non-fatal injury,2,1,0,Rear-end,V1: Slowing or stopped in traffic / V2:Slowing or stopped in traffic,V1:Southbound / V2:Southbound ,V1: Collision with motor vehicle in traffic / V2: Collision with motor vehicle in traffic ,"V1: Passenger car / V2:Light truck(van, mini-van, panel, pickup, sport utility) with only four tires",Dry,Daylight,Clear,,OLD COLONY AVENUE / DORCHESTER STREET,,,,,236835.9126,897995.9575
3377232,BOSTON,27-Mar-2013,6:12 PM,Non-fatal injury,2,1,0,Rear-end,V1: Travelling straight ahead / V2:Slowing or stopped in traffic,V1:Southbound / V2:Southbound ,V1: Collision with motor vehicle in traffic / V2: Collision with motor vehicle in traffic ,V1: Passenger car / V2:Passenger car,Dry,Daylight,Clear,RIVERWAY / PARK DRIVE,,,,,,232605.9504,899382.2313
3385868,BOSTON,27-Mar-2013,6:40 PM,Property damage only (none injured),3,0,0,Rear-end,V1: Slowing or stopped in traffic / V2:Slowing or stopped in traffic / V3:Travelling straight ahead,V1:Westbound / V2:Westbound / V3:Westbound ,V1: Collision with motor vehicle in traffic / V2: Collision with motor vehicle in traffic / V3: Collision with motor vehicle in traffic ,V1: Passenger car / V2:Passenger car / V3:Passenger car,Dry,Daylight,Clear,,Rte 90 W,Rte 90  W Milemarker 129.0,,,,228154.8166,900866.0695
3422978,BOSTON (DORCHESTER),27-Mar-2013,6:55 PM,Non-fatal injury,2,1,0,"Sideswipe, opposite direction",V1: Turning left / V2:Travelling straight ahead,V1:Southbound / V2:Northbound ,V1: Collision with motor vehicle in traffic / V2: Collision with motor vehicle in traffic ,V1: Passenger car / V2:Passenger car,Dry,Dusk,"Cloudy/Fog, smog, smoke",DORCHESTER AVENUE / FREEPORT STREET / EAST STREET,,,,,,236407.2345,895327.0623
3425208,BOSTON,27-Mar-2013,8:41 PM,Property damage only (none injured),1,0,0,Single vehicle crash,V1: Travelling straight ahead,V1:Westbound ,V1: Collision with light pole or other post/support ,V1: Passenger car,"Sand, mud, dirt, oil, gravel",Dark - lighted roadway,Cloudy,,GALLIVAN BOULEVARD / 756,,,BY AUTOZONE,,237539.8471,892797.047
4028118,BOSTON,27-Mar-2013,9:50 PM,Fatal injury,2,0,1,Not reported,V1: Not reported / V2:Not reported,V1:Not reported / V2:Not reported ,V1: Not reported / V2: Not reported ,V1: Passenger car / V2:MOPED,Not reported,Dark - lighted roadway,Clear,BLUE HILL AVENUE / MCLELLAN STREET,,,,,,234156.4067,894617.912
3390471,BOSTON,28-Mar-2013,5:20 AM,Property damage only (none injured),2,0,0,"Sideswipe, same direction",V1: Travelling straight ahead / V2:Changing lanes,V1:Northbound / V2:Northbound ,V1: Collision with motor vehicle in traffic / V2: Collision with motor vehicle in traffic ,"V1: Light truck(van, mini-van, panel, pickup, sport utility) with only four tires / V2:Light truck(van, mini-van, panel, pickup, sport utility) with only four tires",Wet,Dark - lighted roadway,Rain,,Rte 93 N / UNKNOWN,,Exit 20 on Rte 93 N,15.8 MM,,235935.6734,898219.8317
3385876,BOSTON,28-Mar-2013,5:24 AM,Property damage only (none injured),4,0,0,Rear-end,V1: Slowing or stopped in traffic / V2:Slowing or stopped in traffic / V3:Slowing or stopped in traffic / V4:Slowing or stopped in traffic,V1:Northbound / V2:Northbound / V3:Northbound / V4:Northbound ,V1: Collision with motor vehicle in traffic / V2: Collision with motor vehicle in traffic / V3: Collision with motor vehicle in traffic / V4: Collision with motor vehicle in traffic ,"V1: Light truck(van, mini-van, panel, pickup, sport utility) with only four tires / V2:Light truck(van, mini-van, panel, pickup, sport utility) with only four tires / V3:Light truck(van, mini-van, panel, pickup, sport utility) with only four tires / V4:Light truck(van, mini-van, panel, pickup, sport utility) with only four tires",Wet,Dark - lighted roadway,Rain,,Rte 93 N,Rte 93  N Milemarker 15.8,Exit 20 on Rte 93 N,15.8 MM,,236003.3094,898978.2324
3391680,BOSTON,28-Mar-2013,7:00 AM,Non-fatal injury,2,1,0,Rear-end,V1: Slowing or stopped in traffic / V2:Travelling straight ahead,V1:Eastbound / V2:Eastbound ,V1: Collision with motor vehicle in traffic / V2: Collision with motor vehicle in traffic ,V1: Passenger car / V2:Passenger car,Wet,Daylight,Cloudy,RAMP - WESTERN AVE TO SOLDIERS FIELD RD / WESTERN AVENUE,,,,DOUBLETREE HOTEL,,231453.7907,901536.5056
3390217,BOSTON,28-Mar-2013,7:10 AM,Property damage only (none injured),2,0,0,"Sideswipe, same direction",V1: Travelling straight ahead / V2:Leaving traffic lane,V1:Southbound / V2:Southbound ,V1: Collision with motor vehicle in traffic / V2: Collision with motor vehicle in traffic ,"V1: Light truck(van, mini-van, panel, pickup, sport utility) with only four tires / V2:Light truck(van, mini-van, panel, pickup, sport utility) with only four tires",Dry,Daylight,Clear,,Rte 93 S,,Exit 10 on Rte 93,,,237443.4595,890615.6701
3403181,BOSTON (BRIGHTON),28-Mar-2013,7:55 AM,Not Reported,1,0,0,Rear-end,V1: Backing,V1:Not reported ,V1: Collision with pedestrian ,V1: Passenger car,Dry,Daylight,Cloudy/Other,,1924 BEACON STREET,,,,,228898.5132,898483.1719
3397342,BOSTON,28-Mar-2013,10:00 AM,Non-fatal injury,2,2,0,Not reported,V1: Travelling straight ahead / V2:Turning left,V1:Not reported / V2:Not reported ,V1: Collision with motor vehicle in traffic / V2: Not reported ,V1: Passenger car / V2:Passenger car,Not reported,Not reported,Not Reported,WAREHAM STREET / HARRISON AVENUE,,,,,,235545.7658,898939.4998
3397357,BOSTON,28-Mar-2013,10:23 AM,Property damage only (none injured),2,0,0,"Sideswipe, same direction",V1: Unknown / V2:Not reported,V1:Not reported / V2:Not reported ,V1: Not reported / V2: Not reported ,V1: Passenger car / V2:Passenger car,Dry,Daylight,Clear,,710 COMMONWEALTH AVENUE,,,,,232510.0257,899995.1528
3403183,BOSTON (BRIGHTON),28-Mar-2013,11:06 AM,Not Reported,1,0,0,Single vehicle crash,V1: Travelling straight ahead,V1:Not reported ,V1: Collision with median barrier ,V1: Passenger car,Dry,Daylight,Cloudy/Other,BRIGHTON AVENUE / HARVARD AVENUE,,,,,,230310.1562,900350.1872
3389548,BOSTON,28-Mar-2013,3:30 PM,Non-fatal injury,2,1,0,Rear-end,V1: Slowing or stopped in traffic / V2:Travelling straight ahead,V1:Southbound / V2:Southbound ,V1: Collision with motor vehicle in traffic / V2: Collision with motor vehicle in traffic ,V1: Passenger car / V2:Passenger car,Dry,Daylight,Clear,,444 HARRISON AVENUE Rte 93 S,,,OPP PINE STREET INN,,235837.7344,899249.7503
3425209,BOSTON,28-Mar-2013,4:00 PM,Property damage only (none injured),2,0,0,Angle,V1: Travelling straight ahead / V2:Entering traffic lane,V1:Eastbound / V2:Northbound ,V1: Collision with motor vehicle in traffic / V2: Collision with motor vehicle in traffic ,"V1: Light truck(van, mini-van, panel, pickup, sport utility) with only four tires / V2:Passenger car",Dry,Daylight,Cloudy,,GALLIVAN BOULEVARD / GRANVILLE STREET,,,,,236540.9531,892543.1252
3390215,BOSTON,28-Mar-2013,4:06 PM,Property damage only (none injured),1,0,0,Single vehicle crash,V1: Travelling straight ahead,V1:Eastbound ,V1: Collision with highway traffic sign post ,"V1: Single-unit truck (2-axle, 6-tire)",Dry,Daylight,Not Reported,,SOLDIERS FIELD ROAD / UNIVERSITY ROAD,,,TRAIN BRIDGE,,232003.2787,900227.2963
3415135,BOSTON,28-Mar-2013,5:10 PM,Not Reported,1,0,0,Not reported,V1: Not reported,V1:Not reported ,V1: Not reported ,V1: Unknown vehicle configuration,Not reported,Not reported,Not Reported,,LINCOLN STREET / TUFTS STREET,,,,,236398.4563,900229.0393
3377185,BOSTON,28-Mar-2013,6:33 PM,Property damage only (none injured),2,0,0,Rear-end,V1: Slowing or stopped in traffic / V2:Travelling straight ahead,V1:Westbound / V2:Westbound ,V1: Collision with motor vehicle in traffic / V2: Collision with motor vehicle in traffic ,"V1: Passenger car / V2:Light truck(van, mini-van, panel, pickup, sport utility) with only four tires",Dry,Daylight,Clear,,CAMBRIDGE STREET Rte UNKNOW / MASSACHUSETTS TURNPIKE,,,,,230416.0205,900716.7499
3386425,BOSTON,28-Mar-2013,8:00 PM,Property damage only (none injured),2,0,0,Rear-end,V1: Travelling straight ahead / V2:Slowing or stopped in traffic,V1:Southbound / V2:Southbound ,V1: Collision with motor vehicle in traffic / V2: Collision with motor vehicle in traffic ,"V1: Passenger car / V2:Light truck(van, mini-van, panel, pickup, sport utility) with only four tires",Dry,Dark - lighted roadway,Clear,,VETERANS OF FOREIGN WARS PARKWAY / BAKER STREET,,,,,227086.7657,893107.1877
3414357,BOSTON,29-Mar-2013,00:00 AM,Property damage only (none injured),2,0,0,Rear-end,V1: Travelling straight ahead / V2:Parked,V1:Southbound / V2:Not reported ,V1: Collision with parked motor vehicle / V2: Collision with motor vehicle in traffic ,"V1: Passenger car / V2:Light truck(van, mini-van, panel, pickup, sport utility) with only four tires",Dry,Dark - lighted roadway,Clear,,TRUMAN HIGHWAY / 763 DANA AVENUE,,,,,231261.3741,888997.4962
3385790,BOSTON,29-Mar-2013,3:00 AM,Property damage only (none injured),2,0,0,"Sideswipe, same direction",V1: Travelling straight ahead / V2:Travelling straight ahead,V1:Southbound / V2:Southbound ,V1: Collision with motor vehicle in traffic / V2: Collision with motor vehicle in traffic ,"V1: Passenger car / V2:Light truck(van, mini-van, panel, pickup, sport utility) with only four tires",Dry,Dark - lighted roadway,Clear,,Rte 93 S,,Exit 12 on Rte 93 S,,,237620.5493,892713.0989
3377127,BOSTON,29-Mar-2013,7:06 AM,Property damage only (none injured),3,0,0,Rear-end,V1: Changing lanes / V2:Slowing or stopped in traffic / V3:Slowing or stopped in traffic,V1:Northbound / V2:Northbound / V3:Northbound ,V1: Collision with motor vehicle in traffic / V2: Collision with motor vehicle in traffic / V3: Collision with motor vehicle in traffic ,V1: Passenger car / V2:Passenger car / V3:Passenger car,Dry,Dark - lighted roadway,Clear,,SUMNER TUNNEL / EAST BOSTON EXPRESSWAY,,,,,237973.5971,902601.526
3377176,BOSTON,29-Mar-2013,4:30 PM,Property damage only (none injured),2,0,0,Rear-end,V1: Travelling straight ahead / V2:Slowing or stopped in traffic,V1:Northbound / V2:Northbound ,V1: Collision with motor vehicle in traffic / V2: Collision with motor vehicle in traffic ,"V1: Passenger car / V2:Light truck(van, mini-van, panel, pickup, sport utility) with only four tires",Dry,Daylight,Clear,,RAMP - LEVERETT CONNECTOR TO RT 1 NB,,,,,235589.1164,902471.853
3379681,BOSTON,29-Mar-2013,4:43 PM,Property damage only (none injured),4,0,0,Rear-end,V1: Travelling straight ahead / V2:Travelling straight ahead / V3:Travelling straight ahead / V4:Travelling straight ahead,V1:Westbound / V2:Westbound / V3:Westbound / V4:Westbound ,V1: Collision with motor vehicle in traffic / V2: Collision with motor vehicle in traffic / V3: Collision with motor vehicle in traffic / V4: Collision with motor vehicle in traffic ,V1: Passenger car / V2:Passenger car / V3:Passenger car / V4:Passenger car,Dry,Daylight,Clear,,D STREET / RAMP - D STREET TO HAUL ROAD,,,B RAMP,,237814.5941,899736.9576
3386553,BOSTON,29-Mar-2013,5:25 PM,Property damage only (none injured),2,0,0,"Sideswipe, same direction",V1: Travelling straight ahead / V2:Travelling straight ahead,V1:Westbound / V2:Westbound ,V1: Collision with motor vehicle in traffic / V2: Collision with motor vehicle in traffic ,"V1: Light truck(van, mini-van, panel, pickup, sport utility) with only four tires / V2:Passenger car",Dry,Daylight,Cloudy,,Rte 90 W,,,BOSTON,,,
3390472,BOSTON,30-Mar-2013,00:00 AM,Property damage only (none injured),2,0,0,"Sideswipe, same direction",V1: Entering traffic lane / V2:Not reported,V1:Northbound / V2:Northbound ,V1: Collision with motor vehicle in traffic / V2: Collision with motor vehicle in traffic ,"V1: Light truck(van, mini-van, panel, pickup, sport utility) with only four tires / V2:Passenger car",Dry,Dark - lighted roadway,Clear,,RAMP - SUMNER TUNNEL TO STORROW DRIVE / RAMP - SUMNER TUNNEL TO MARKET STREET,,,RAMP STCN,,236644.7835,901433.9942
3392690,BOSTON,30-Mar-2013,00:00 AM,Property damage only (none injured),2,0,0,Angle,V1: Travelling straight ahead / V2:Parked,V1:Not reported / V2:Not reported ,V1: Collision with parked motor vehicle / V2: Collision with parked motor vehicle ,"V1: Single-unit truck (2-axle, 6-tire) / V2:Passenger car",Dry,Dark - lighted roadway,Clear,FRIEND STREET / ANTHONY RIP VALENTI WAY,,,,,,236205.4927,901589.7198
3403180,BOSTON (BRIGHTON),30-Mar-2013,3:00 AM,Non-fatal injury,3,1,0,Angle,V1: Travelling straight ahead / V2:Travelling straight ahead / V3:Travelling straight ahead,V1:Westbound / V2:Southbound / V3:Eastbound ,V1: Collision with motor vehicle in traffic / V2: Collision with motor vehicle in traffic / V3: Collision with motor vehicle in traffic ,V1: Passenger car / V2:Passenger car / V3:Passenger car,Dry,Dark - lighted roadway,Clear,CAMBRIDGE STREET / SPARHAWK STREET / WARREN STREET,,,,,,229077.9064,900023.2502
3380641,BOSTON,30-Mar-2013,8:40 AM,Property damage only (none injured),1,0,0,Single vehicle crash,V1: Travelling straight ahead,V1:Southbound ,V1: Collision with light pole or other post/support ,V1: Passenger car,Dry,Daylight,Clear,,DEDHAM PARKWAY Rte UNKNOW S / ALWIN STREET,,,,,229412.1251,889419.1874
3381622,BOSTON,30-Mar-2013,10:44 AM,Property damage only (none injured),2,0,0,Rear-end,V1: Travelling straight ahead / V2:Travelling straight ahead,V1:Northbound / V2:Northbound ,V1: Collision with motor vehicle in traffic / V2: Collision with motor vehicle in traffic ,V1: Passenger car / V2:Passenger car,Dry,Daylight,Clear,,Rte 93 N / UNKNOWN,,Exit 16 on Rte 93 N,,,236403.9842,897524.312
3386346,BOSTON,30-Mar-2013,10:44 AM,Property damage only (none injured),2,0,0,Rear-end,V1: Travelling straight ahead / V2:Travelling straight ahead,V1:Northbound / V2:Northbound ,V1: Collision with motor vehicle in traffic / V2: Collision with motor vehicle in traffic ,V1: Passenger car / V2:Passenger car,Dry,Daylight,Clear,,Rte 93 N,,Exit 15 on Rte 93 N,,,236972.2496,896473.4282
3403119,BOSTON (HYDE PARK),30-Mar-2013,3:49 PM,Non-fatal injury,2,2,0,"Sideswipe, opposite direction",V1: Not reported / V2:Turning left,V1:Not reported / V2:Not reported ,V1: Not reported / V2: Collision with motor vehicle in traffic ,"V1: Light truck(van, mini-van, panel, pickup, sport utility) with only four tires / V2:Passenger car",Dry,Daylight,Clear,,628 AMERICAN LEGION HIGHWAY,,,,,232099.8108,892816.3983
3381527,BOSTON,30-Mar-2013,6:02 PM,Non-fatal injury,2,1,0,Angle,V1: Travelling straight ahead / V2:Travelling straight ahead,V1:Northbound / V2:Westbound ,V1: Collision with motor vehicle in traffic / V2: Collision with motor vehicle in traffic ,V1: Passenger car / V2:Passenger car,Dry,Daylight,Clear,BERKELEY STREET / BACK STREET,,,,,,235009.6998,900623.457