Crash Number,City/Town Name,Crash Date,Crash Time,Crash Severity,Number of Vehicles,Total Nonfatal Injuries,Total Fatal Injuries,Manner of Collision,Vehicle Action Prior to Crash,Vehicle Travel Directions,Most Harmful Events,Vehicle Configuration,Road Surface Condition,Ambient Light,Weather Condition,At Roadway Intersection,Distance from Nearest Roadway Intersection,Distance from Nearest Milemarker,Distance from Nearest Exit,Distance from Nearest Landmark,Non Motorist Type,X Coordinate,Y Coordinate
3404131,BOSTON (DORCHESTER),30-Mar-2013,11:56 PM,Not Reported,3,0,0,"Sideswipe, same direction",V1: Travelling straight ahead / V2:Parked / V3:Parked,V1:Eastbound / V2:Eastbound / V3:Eastbound ,V1: Collision with parked motor vehicle / V2: Collision with motor vehicle in traffic / V3: Collision with parked motor vehicle ,"V1: Light truck(van, mini-van, panel, pickup, sport utility) with only four tires / V2:Light truck(van, mini-van, panel, pickup, sport utility) with only four tires / V3:Passenger car",Dry,Dark - lighted roadway,Cloudy,CHARLES STREET / DORCHESTER AVENUE,,,,,,236279.5468,894568.9377
3403217,BOSTON,31-Mar-2013,00:00 AM,Not Reported,1,0,0,Rear-end,V1: Slowing or stopped in traffic,V1:Eastbound ,"V1: Collision with cyclist (bicycle, tricycle, unicycle, pedal car) ",V1: Passenger car,Dry,Daylight,Clear,HARRISON STREET,50 ESSEX STREET / CHAUNCEY STREET,,,,"P2:Pedalcyclist (bicycle, tricycle, unicycle, pedal car)",236157.0585,900316.4239
3413331,BOSTON,31-Mar-2013,00:00 AM,Non-fatal injury,1,2,0,Single vehicle crash,V1: Travelling straight ahead,V1:Not reported ,V1: Not reported ,V1: Passenger car,Dry,Dark - lighted roadway,Clear,CANAL STREET / CAUSEWAY STREET,,,,,P3:Pedestrian,236151.4362,901754.4635
3381634,BOSTON,31-Mar-2013,11:40 AM,Property damage only (none injured),2,0,0,Rear-end,V1: Travelling straight ahead / V2:Slowing or stopped in traffic,V1:Southbound / V2:Southbound ,V1: Collision with motor vehicle in traffic / V2: Collision with motor vehicle in traffic ,V1: Passenger car / V2:Passenger car,Dry,Daylight,Clear,,Rte 93 S,,,,,,
3403121,BOSTON (HYDE PARK),31-Mar-2013,1:25 PM,Non-fatal injury,2,2,0,Rear-end,V1: Travelling straight ahead / V2:Turning left,V1:Not reported / V2:Not reported ,V1: Collision with motor vehicle in traffic / V2: Collision with motor vehicle in traffic ,V1: Passenger car / V2:Passenger car,Dry,Daylight,Clear,,35 WEST MILTON STREET,,,,,229598.0771,887797.8089
3379744,BOSTON,31-Mar-2013,2:36 PM,Property damage only (none injured),2,0,0,Rear-end,V1: Slowing or stopped in traffic / V2:Travelling straight ahead,V1:Northbound / V2:Northbound ,V1: Collision with motor vehicle in traffic / V2: Collision with motor vehicle in traffic ,"V1: Light truck(van, mini-van, panel, pickup, sport utility) with only four tires / V2:Passenger car",Dry,Daylight,Clear,,JOHN F FITZGERALD EXPRESSWAY Rte 3 N / RAMP - RT 90 TO RT 93 NB,,,AT RAMP D,,236584.4676,900215.0514
3391380,BOSTON,31-Mar-2013,3:15 PM,Property damage only (none injured),2,0,0,"Sideswipe, same direction",V1: Slowing or stopped in traffic / V2:Travelling straight ahead,V1:Northbound / V2:Northbound ,V1: Collision with motor vehicle in traffic / V2: Collision with motor vehicle in traffic ,"V1: Light truck(van, mini-van, panel, pickup, sport utility) with only four tires / V2:Passenger car",Dry,Daylight,Clear,,Rte 93 N,,Exit 18 on Rte 93 N,,,236146.0342,897892.2406
3404225,BOSTON,31-Mar-2013,5:50 PM,Not Reported,1,0,0,Single vehicle crash,V1: Turning left,V1:Southbound ,"V1: Collision with cyclist (bicycle, tricycle, unicycle, pedal car) ",V1: Passenger car,Dry,Dusk,Cloudy,NORTH STREET / CONGRESS STREET,,,,,"P2:Pedalcyclist (bicycle, tricycle, unicycle, pedal car)",236481.4192,901175.7939
3408326,BOSTON (DORCHESTER),31-Mar-2013,7:30 PM,Not Reported,2,0,0,Not reported,V1: Parked / V2:Not reported,V1:Not reported / V2:Not reported ,V1: Collision with parked motor vehicle / V2: Not reported ,V1: Passenger car / V2:Not reported,Not reported,Not reported,Not Reported,,28 LINDSEY STREET,,,,,235661.7869,894252.2942
3390222,BOSTON,31-Mar-2013,8:41 PM,Property damage only (none injured),2,0,0,Rear-end,V1: Entering traffic lane / V2:Entering traffic lane,V1:Southbound / V2:Southbound ,V1: Collision with motor vehicle in traffic / V2: Collision with motor vehicle in traffic ,"V1: Light truck(van, mini-van, panel, pickup, sport utility) with only four tires / V2:Passenger car",Wet,Dark - lighted roadway,Cloudy,,GENERAL CASIMIR PULASKI SKYWAY Rte 93 S / COLUMBIA ROAD,,Exit 15 on Rte 93 S,TOP OF THE RAMP,,236787.0013,896862.7653
3430820,BOSTON,31-Mar-2013,9:25 PM,Non-fatal injury,2,1,0,Angle,V1: Turning left / V2:Travelling straight ahead,V1:Northbound / V2:Westbound ,V1: Collision with motor vehicle in traffic / V2: Collision with motor vehicle in traffic ,V1: Passenger car / V2:Passenger car,Dry,Dark - lighted roadway,Cloudy,WASHINGTON STREET / LA GRANGE STREET,,,,2 LA GRANGE STREET,,229387.8435,891448.375
3381530,BOSTON,01-Apr-2013,5:20 AM,Property damage only (none injured),1,0,0,Single vehicle crash,V1: Travelling straight ahead,V1:Eastbound ,V1: Collision with tree ,"V1: Light truck(van, mini-van, panel, pickup, sport utility) with only four tires",Wet,Dark - lighted roadway,Rain,,SOLDIERS FIELD ROAD / RAMP - SOLDIERS FIELD RD EB TO WESTERN A,,,,,231383.3946,901952.1813
3404790,BOSTON,01-Apr-2013,6:50 AM,Non-fatal injury,2,1,0,Single vehicle crash,V1: Travelling straight ahead / V2:Parked,V1:Southbound / V2:Not reported ,V1: Collision with motor vehicle in traffic / V2: Collision with parked motor vehicle ,"V1: Passenger car / V2:Light truck(van, mini-van, panel, pickup, sport utility) with only four tires",Wet,Daylight,Cloudy,,100 feet N from Intersection WASHINGTON STREET / COMMONWEALTH AVENUE FRONTAGE ROAD WB,,,91 WASHINGTON STREET,,229395.4403,899334.5813
3381635,BOSTON,01-Apr-2013,6:56 AM,Property damage only (none injured),2,0,0,"Sideswipe, same direction",V1: Travelling straight ahead / V2:Changing lanes,V1:Eastbound / V2:Eastbound ,V1: Collision with motor vehicle in traffic / V2: Collision with motor vehicle in traffic ,V1: Passenger car / V2:Passenger car,Dry,Daylight,Cloudy,,757 GALLIVAN BOULEVARD Rte 3A S,,,757 GALLIVAN BLVD,,237597.8159,892821.593
3381518,BOSTON,01-Apr-2013,7:53 AM,Property damage only (none injured),2,0,0,Not reported,V1: Slowing or stopped in traffic / V2:Travelling straight ahead,V1:Southbound / V2:Southbound ,V1: Collision with motor vehicle in traffic / V2: Collision with motor vehicle in traffic ,V1: Passenger car / V2:Passenger car,Dry,Daylight,Clear,,MAURICE TOBIN BRIDGE Rte 1 S / TOBIN BRIDGE Rte 1 S,,,TOBIN BRIDGE,,237188.1239,903820.1619
3738396,BOSTON (MATTAPAN),01-Apr-2013,8:40 AM,Non-fatal injury,2,2,0,Angle,V1: Travelling straight ahead / V2:Entering traffic lane,V1:Westbound / V2:Southbound ,V1: Collision with motor vehicle in traffic / V2: Overturn/rollover ,"V1: Light truck(van, mini-van, panel, pickup, sport utility) with only four tires / V2:Light truck(van, mini-van, panel, pickup, sport utility) with only four tires",Dry,Daylight,Clear/Other,MORTON STREET / DRUID STREET,,,,,,235061.953,891841.9376
3420650,BOSTON (BRIGHTON),01-Apr-2013,10:11 AM,Unknown,2,0,0,Rear-end,V1: Unknown / V2:Unknown,V1:Northbound / V2:Northbound ,V1: Unknown / V2: Unknown ,"V1: Bus (seats for more than 15 people, including driver) / V2:Passenger car",Dry,Daylight,Clear/Clear,,145 NORTH BEACON STREET,,,,,229186.8957,900593.5099
3403148,BOSTON,01-Apr-2013,12:10 PM,Property damage only (none injured),1,0,0,Head-on,V1: Turning left,V1:Not reported ,V1: Not reported ,"V1: Light truck(van, mini-van, panel, pickup, sport utility) with only four tires",Wet,Dark - lighted roadway,Rain,WILLIAM CARDINAL OCONNELL WAY / STANIFORD STREET,,,,,P2:Pedestrian,235932.121,901391.2578
3381619,BOSTON,01-Apr-2013,4:05 PM,Non-fatal injury,2,1,0,Rear-end,V1: Slowing or stopped in traffic / V2:Slowing or stopped in traffic,V1:Northbound / V2:Northbound ,V1: Collision with motor vehicle in traffic / V2: Collision with motor vehicle in traffic ,"V1: Passenger car / V2:Light truck(van, mini-van, panel, pickup, sport utility) with only four tires",Wet,Daylight,Cloudy/Rain,RAMP - CHARLESGATE OVERPASS TO CHARLESGA / BOYLSTON STREET / CHARLESGATE OVERPASS,,,,BOWKER OVERPASS N/B BY CHARLESGA,,233594.0367,899755.7829
3385787,BOSTON,01-Apr-2013,6:25 PM,Non-fatal injury,2,1,0,Rear-end,V1: Travelling straight ahead / V2:Slowing or stopped in traffic,V1:Southbound / V2:Southbound ,V1: Collision with motor vehicle in traffic / V2: Collision with motor vehicle in traffic ,"V1: Light truck(van, mini-van, panel, pickup, sport utility) with only four tires / V2:Passenger car",Dry,Daylight,Clear,,JOHN F FITZGERALD EXPRESSWAY Rte 93 S / RAMP - RT 93 SB TO RT 90 WB,,Exit 20A on Rte 93 S,,,236959.2029,900790.654
3395066,BOSTON,01-Apr-2013,8:32 PM,Property damage only (none injured),2,0,0,Angle,V1: Turning right / V2:Turning right,V1:Eastbound / V2:Eastbound ,V1: Collision with motor vehicle in traffic / V2: Collision with motor vehicle in traffic ,"V1: Bus (seats for more than 15 people, including driver) / V2:Passenger car",Dry,Dark - lighted roadway,Cloudy/Cloudy,HERALD STREET / ALBANY STREET,,,,,,236151.5786,899586.8009
3452238,BOSTON,01-Apr-2013,9:09 PM,Non-fatal injury,2,1,0,Not reported,V1: Travelling straight ahead / V2:Turning left,V1:Eastbound / V2:Westbound ,V1: Collision with motor vehicle in traffic / V2: Not reported ,"V1: Passenger car / V2:Unknown heavy truck, cannot classify",Not reported,Not reported,Not Reported,WASHINGTON STREET / TALBOT AVENUE,,,,,,235329.9845,893393.1876
3385877,BOSTON,01-Apr-2013,10:50 PM,Non-fatal injury,2,1,0,Rear-end,V1: Slowing or stopped in traffic / V2:Travelling straight ahead,V1:Northbound / V2:Northbound ,V1: Collision with motor vehicle in traffic / V2: Collision with motor vehicle in traffic ,V1: Passenger car / V2:Passenger car,Dry,Dark - lighted roadway,Clear,,Rte 93 N / UNKNOWN,,Exit 28 on Rte 93 N,,,234953.5188,903173.3157
3379750,BOSTON,02-Apr-2013,00:00 AM,Not Reported,2,0,0,"Sideswipe, opposite direction",V1: Slowing or stopped in traffic / V2:Not reported,V1:Southbound / V2:Not reported ,V1: Collision with parked motor vehicle / V2: Not reported ,V1: Passenger car / V2:MOPED,Dry,Dark - lighted roadway,Clear,,WARD STREET Rte UNKNOW / PREBLE STREET,,,,,236736.6405,897735.8123
3379682,BOSTON,02-Apr-2013,7:55 AM,Non-fatal injury,2,1,0,Rear-end,V1: Slowing or stopped in traffic / V2:Slowing or stopped in traffic,V1:Southbound / V2:Southbound ,V1: Collision with motor vehicle in traffic / V2: Collision with motor vehicle in traffic ,V1: Passenger car / V2:Passenger car,Dry,Daylight,Clear,,JOHN F FITZGERALD EXPRESSWAY Rte 93 S / RAMP - RT 93 SB TO CALLAHAN TUNNEL,,,PRIOR EXIT 24,,236365.4663,901610.2672
3379745,BOSTON,02-Apr-2013,8:48 AM,Non-fatal injury,2,2,0,Rear-end,V1: Slowing or stopped in traffic / V2:Travelling straight ahead,V1:Northbound / V2:Northbound ,V1: Collision with motor vehicle in traffic / V2: Collision with motor vehicle in traffic ,V1: Passenger car / V2:Passenger car,Dry,Daylight,Cloudy,,JOHN F FITZGERALD EXPRESSWAY Rte 93 N / RAMP - RT 93 NB TO NORTH STREET,,,LL PRIOR TO EXIT 23,,236970.022,900900.5902
3410532,BOSTON (DORCHESTER),02-Apr-2013,9:06 AM,Non-fatal injury,2,2,0,Angle,V1: Turning left / V2:Travelling straight ahead,V1:Westbound / V2:Northbound ,V1: Collision with motor vehicle in traffic / V2: Collision with motor vehicle in traffic ,"V1: Passenger car / V2:Light truck(van, mini-van, panel, pickup, sport utility) with only four tires",Dry,Daylight,Clear,ADAMS STREET / WESTGLOW STREET,,,,,,236651.1252,893247.3751
3385791,BOSTON,02-Apr-2013,9:15 AM,Property damage only (none injured),5,0,0,Rear-end,V1: Slowing or stopped in traffic / V2:Slowing or stopped in traffic / V3:Travelling straight ahead / V4:Slowing or stopped in traffic / V5:Travelling straight ahead,V1:Southbound / V2:Southbound / V3:Southbound / V4:Southbound / V5:Southbound ,V1: Collision with motor vehicle in traffic / V2: Collision with motor vehicle in traffic / V3: Collision with motor vehicle in traffic / V4: Collision with motor vehicle in traffic / V5: Collision with motor vehicle in traffic ,V1: Passenger car / V2:Passenger car / V3:Passenger car / V4:Passenger car / V5:Passenger car,Dry,Daylight,Clear,,Rte 93 S / UNKNOWN,,Exit 15 on Rte 93 S,,,236629.6253,897168.5001
3446078,BOSTON,02-Apr-2013,9:21 AM,Property damage only (none injured),2,0,0,Rear-end,V1: Travelling straight ahead / V2:Entering traffic lane,V1:Westbound / V2:Westbound ,V1: Collision with motor vehicle in traffic / V2: Collision with motor vehicle in traffic ,"V1: Light truck(van, mini-van, panel, pickup, sport utility) with only four tires / V2:Light truck(van, mini-van, panel, pickup, sport utility) with only four tires",Dry,Daylight,Not Reported,STORROW DRIVE / CHARLESGATE OVERPASS,,,,,,233287.6718,900098.5623
3391484,BOSTON,02-Apr-2013,11:04 AM,Property damage only (none injured),4,0,0,Rear-end,V1: Slowing or stopped in traffic / V2:Slowing or stopped in traffic / V3:Travelling straight ahead / V4:Travelling straight ahead,V1:Northbound / V2:Northbound / V3:Northbound / V4:Northbound ,V1: Collision with motor vehicle in traffic / V2: Collision with motor vehicle in traffic / V3: Collision with motor vehicle in traffic / V4: Collision with motor vehicle in traffic ,"V1: Passenger car / V2:Passenger car / V3:Light truck(van, mini-van, panel, pickup, sport utility) with only four tires / V4:Light truck(van, mini-van, panel, pickup, sport utility) with only four tires",Dry,Daylight,Cloudy,,Rte 93 N,,Exit 18 on Rte 93 N,,,236146.0342,897892.2406
3379683,BOSTON,02-Apr-2013,11:46 AM,Property damage only (none injured),2,0,0,Rear-end,V1: Travelling straight ahead / V2:Slowing or stopped in traffic,V1:Northbound / V2:Northbound ,V1: Collision with motor vehicle in traffic / V2: Collision with motor vehicle in traffic ,V1: Passenger car / V2:Passenger car,Dry,Daylight,Clear,,JOHN F FITZGERALD EXPRESSWAY Rte 93 N / RAMP - RT 1 NB TO TOBIN BRIDGE Rte 1 N,,,ZAKIM BRIDGE,,235939.1418,902175.2385
3410537,BOSTON (DORCHESTER),02-Apr-2013,12:45 PM,Non-fatal injury,2,2,0,Angle,V1: Not reported / V2:Not reported,V1:Not reported / V2:Not reported ,V1: Not reported / V2: Not reported ,"V1: Light truck(van, mini-van, panel, pickup, sport utility) with only four tires / V2:Passenger car",Dry,Daylight,Clear,,526 TALBOT AVENUE,,,,,235885.1368,893045.6411
3422524,BOSTON,02-Apr-2013,2:50 PM,Property damage only (none injured),2,0,0,Rear-end,V1: Slowing or stopped in traffic / V2:Travelling straight ahead,V1:Southbound / V2:Southbound ,V1: Collision with motor vehicle in traffic / V2: Collision with motor vehicle in traffic ,"V1: Light truck(van, mini-van, panel, pickup, sport utility) with only four tires / V2:Light truck(van, mini-van, panel, pickup, sport utility) with only four tires",Dry,Daylight,Clear,,Rte 93 S,,Exit 12 on Rte 93 S,,,237620.5493,892713.0989
3381528,BOSTON,02-Apr-2013,3:20 PM,Property damage only (none injured),2,0,0,Rear-end,V1: Travelling straight ahead / V2:Slowing or stopped in traffic,V1:Westbound / V2:Westbound ,V1: Collision with motor vehicle in traffic / V2: Collision with motor vehicle in traffic ,"V1: Light truck(van, mini-van, panel, pickup, sport utility) with only four tires / V2:Light truck(van, mini-van, panel, pickup, sport utility) with only four tires",Dry,Daylight,Clear,,STORROW DRIVE,,,BY THE LEE POOL,,235411.5544,901620.2122
3379746,BOSTON,02-Apr-2013,4:20 PM,Non-fatal injury,2,2,0,"Sideswipe, same direction",V1: Travelling straight ahead / V2:Entering traffic lane,V1:Northbound / V2:Southbound ,V1: Collision with motor vehicle in traffic / V2: Collision with motor vehicle in traffic ,"V1: Light truck(van, mini-van, panel, pickup, sport utility) with only four tires / V2:Passenger car",Dry,Daylight,Clear,JOHN F FITZGERALD EXPRESSWAY Rte 93 N,,,,,,236499.7862,899984.2137
3379687,BOSTON,02-Apr-2013,7:20 PM,Property damage only (none injured),2,0,0,Rear-end,V1: Travelling straight ahead / V2:Travelling straight ahead,V1:Westbound / V2:Westbound ,V1: Collision with motor vehicle in traffic / V2: Collision with motor vehicle in traffic ,V1: Passenger car / V2:Passenger car,Dry,Daylight,Clear,,SOLDIERS FIELD ROAD Rte UNKNOW W / TELFORD STREET,,,,,229850.9532,901565.9999
3381613,BOSTON,03-Apr-2013,5:46 AM,Non-fatal injury,3,1,0,Rear-end,V1: Slowing or stopped in traffic / V2:Travelling straight ahead / V3:Travelling straight ahead,V1:Northbound / V2:Northbound / V3:Northbound ,V1: Collision with motor vehicle in traffic / V2: Collision with motor vehicle in traffic / V3: Collision with motor vehicle in traffic ,"V1: Light truck(van, mini-van, panel, pickup, sport utility) with only four tires / V2:Passenger car / V3:Passenger car",Dry,Dawn,Clear,,Rte 93 N / UNKNOWN,,Exit 18 on Rte 93 N,,,236146.0342,897892.2406
3396801,BOSTON,03-Apr-2013,7:18 AM,Non-fatal injury,2,1,0,Rear-end,V1: Travelling straight ahead / V2:Not reported,V1:Eastbound / V2:Not reported ,V1: Collision with motor vehicle in traffic / V2: Not reported ,V1: Passenger car / V2:Not reported,Dry,Daylight,Not Reported,,0 feet N from Intersection RAMP - RT 1A/ RT 90 WB TO AIRPORT ROAD,,,,,238729.6953,902696.0365
3385792,BOSTON,03-Apr-2013,7:30 AM,Property damage only (none injured),3,0,0,Rear-end,V1: Travelling straight ahead / V2:Slowing or stopped in traffic / V3:Slowing or stopped in traffic,V1:Southbound / V2:Southbound / V3:Southbound ,V1: Collision with motor vehicle in traffic / V2: Collision with motor vehicle in traffic / V3: Collision with motor vehicle in traffic ,V1: Passenger car / V2:Passenger car / V3:Passenger car,Dry,Daylight,Clear,,Rte 93 S,,Exit 12 on Rte 93 S,,,237620.5493,892713.0989
3397840,BOSTON,03-Apr-2013,8:23 AM,Property damage only (none injured),2,0,0,Angle,V1: Travelling straight ahead / V2:Other,V1:Eastbound / V2:Westbound ,V1: Collision with motor vehicle in traffic / V2: Collision with motor vehicle in traffic ,"V1: Light truck(van, mini-van, panel, pickup, sport utility) with only four tires / V2:Light truck(van, mini-van, panel, pickup, sport utility) with only four tires",Dry,Daylight,Clear,ARBORWAY / JAMES SHEA CIRCLE / MORTON STREET,,,,,,232427.352,894561.8624
3407462,BOSTON,03-Apr-2013,8:53 AM,Not Reported,2,0,0,Angle,V1: Travelling straight ahead / V2:Turning right,V1:Not reported / V2:Not reported ,V1: Collision with motor vehicle in traffic / V2: Collision with tree ,"V1: Light truck(van, mini-van, panel, pickup, sport utility) with only four tires / V2:Passenger car",Dry,Daylight,Clear/Clear,CAMBRIDGE STREET / STANIFORD STREET,,,,,,235936.7393,901290.7579
3403144,BOSTON,03-Apr-2013,9:33 AM,Non-fatal injury,1,1,0,Head-on,V1: Travelling straight ahead,V1:Eastbound ,V1: Collision with pedestrian ,"V1: Light truck(van, mini-van, panel, pickup, sport utility) with only four tires",Dry,Daylight,Clear,ESSEX STREET / HARRISON AVENUE,,,,,P2:Pedestrian,236157.0585,900316.4239
3422990,BOSTON (DORCHESTER),03-Apr-2013,3:25 PM,Not Reported,1,0,0,Single vehicle crash,V1: Travelling straight ahead,V1:Not reported ,V1: Not reported ,"V1: Light truck(van, mini-van, panel, pickup, sport utility) with only four tires",Dry,Daylight,Clear/Clear,,99 SAVIN HILL AVENUE,,,,P2:Pedestrian,236748.5617,895808.7078
3391501,BOSTON,03-Apr-2013,5:10 PM,Non-fatal injury,2,1,0,Rear-end,V1: Travelling straight ahead / V2:Slowing or stopped in traffic,V1:Eastbound / V2:Eastbound ,V1: Collision with motor vehicle in traffic / V2: Collision with motor vehicle in traffic ,"V1: Light truck(van, mini-van, panel, pickup, sport utility) with only four tires / V2:Light truck(van, mini-van, panel, pickup, sport utility) with only four tires",Dry,Daylight,Clear,,MORTON STREET Rte 203 E / RAMP - RT 203 EB TO AMERICAN LEGION HWY,,,AMERICAN LEGION OVER PASS,,233346.369,893512.7288
3388368,BOSTON,03-Apr-2013,6:55 PM,Property damage only (none injured),2,0,0,Angle,V1: Travelling straight ahead / V2:Entering traffic lane,V1:Eastbound / V2:Northbound ,V1: Collision with motor vehicle in traffic / V2: Collision with motor vehicle in traffic ,"V1: Light truck(van, mini-van, panel, pickup, sport utility) with only four tires / V2:Passenger car",Dry,Daylight,Clear,,NEPONSET VALLEY PARKWAY / MEADOW ROAD,,,,,230851.8579,887323.2827
3381529,BOSTON,03-Apr-2013,10:50 PM,Non-fatal injury,2,3,0,Angle,V1: Travelling straight ahead / V2:Turning left,V1:Eastbound / V2:Southbound ,V1: Collision with motor vehicle in traffic / V2: Collision with motor vehicle in traffic ,"V1: Light truck(van, mini-van, panel, pickup, sport utility) with only four tires / V2:Passenger car",Dry,Dark - lighted roadway,Cloudy,BROOKLINE AVENUE / RIVERWAY,,,,,,232136.0747,898499.2837
3388272,BOSTON,03-Apr-2013,10:51 PM,Property damage only (none injured),2,0,0,Angle,V1: Travelling straight ahead / V2:Travelling straight ahead,V1:Westbound / V2:Eastbound ,V1: Collision with motor vehicle in traffic / V2: Collision with motor vehicle in traffic ,"V1: Passenger car / V2:Light truck(van, mini-van, panel, pickup, sport utility) with only four tires",Dry,Dark - lighted roadway,Not Reported,RIVERWAY / BROOKLINE AVENUE,,,,,,232136.0747,898499.2837
3403601,BOSTON,04-Apr-2013,1:13 AM,Property damage only (none injured),1,0,0,Single vehicle crash,V1: Turning left,V1:Southbound ,V1: Collision with light pole or other post/support ,V1: Passenger car,Dry,Dark - lighted roadway,Clear,FREEPORT STREET / DORCHESTER AVENUE,,,,,,236407.2345,895327.0623
3388356,BOSTON,04-Apr-2013,1:38 AM,Property damage only (none injured),2,0,0,"Sideswipe, opposite direction",V1: Travelling straight ahead / V2:Travelling straight ahead,V1:Eastbound / V2:Northbound ,V1: Collision with motor vehicle in traffic / V2: Collision with motor vehicle in traffic ,"V1: Passenger car / V2:Light truck(van, mini-van, panel, pickup, sport utility) with only four tires",Dry,Dark - lighted roadway,Clear,FRONTAGE ROAD / WEST FOURTH STREET,,,,,,236111.8694,899236.5468
3388267,BOSTON,04-Apr-2013,6:35 AM,Non-fatal injury,2,1,0,Rear-end,V1: Travelling straight ahead / V2:Slowing or stopped in traffic,V1:Southbound / V2:Southbound ,V1: Collision with motor vehicle in traffic / V2: Collision with motor vehicle in traffic ,"V1: Light truck(van, mini-van, panel, pickup, sport utility) with only four tires / V2:Light truck(van, mini-van, panel, pickup, sport utility) with only four tires",Dry,Daylight,Clear,,Rte 93 S,,Exit 26 on Rte 93 S,EXIT 26 STORROW DRIVE/LEVERETT C,,234851.4113,903728.5151
3422717,BOSTON,04-Apr-2013,8:51 AM,Property damage only (none injured),3,0,0,Rear-end,V1: Slowing or stopped in traffic / V2:Slowing or stopped in traffic / V3:Travelling straight ahead,V1:Eastbound / V2:Eastbound / V3:Eastbound ,V1: Collision with motor vehicle in traffic / V2: Collision with motor vehicle in traffic / V3: Collision with motor vehicle in traffic ,V1: Passenger car / V2:Passenger car / V3:Passenger car,Dry,Daylight,Clear,,GALLIVAN BOULEVARD / HALLET STREET,,,CVS HESS GAS,,237384.4843,892709.3752
3390210,BOSTON,04-Apr-2013,9:45 AM,Non-fatal injury,2,1,0,Rear-end,V1: Slowing or stopped in traffic / V2:Travelling straight ahead,V1:Eastbound / V2:Eastbound ,V1: Collision with motor vehicle in traffic / V2: Collision with motor vehicle in traffic ,"V1: Passenger car / V2:Light truck(van, mini-van, panel, pickup, sport utility) with only four tires",Dry,Daylight,Clear,,STORROW DRIVE / LEVERETT CIRCLE,,,PRIOR TO LEVERETT CIR,,235571.2378,901875.5379
3392061,BOSTON,04-Apr-2013,10:57 AM,Property damage only (none injured),2,0,0,"Sideswipe, same direction",V1: Turning left / V2:Travelling straight ahead,V1:Northbound / V2:Northbound ,V1: Collision with motor vehicle in traffic / V2: Collision with motor vehicle in traffic ,V1: Truck/trailer / V2:Passenger car,Dry,Daylight,Cloudy,FRONTAGE ROAD / MASSACHUSETTS AVENUE CONNECTOR / RAMP - FRONTAGE ROAD TO RT 93 NB,,,,MASS AVE CONNECTOR,,235865.0173,898419.1854
3394031,BOSTON,04-Apr-2013,11:40 AM,Property damage only (none injured),2,0,0,"Sideswipe, same direction",V1: Turning right / V2:Travelling straight ahead,V1:Westbound / V2:Westbound ,V1: Collision with motor vehicle in traffic / V2: Collision with motor vehicle in traffic ,"V1: Passenger car / V2:Bus (seats for more than 15 people, including driver)",Dry,Daylight,Clear,,EAST BERKELEY STREET / WASHINGTON STREET,,,,,235764.3827,899364.1321
3390766,BOSTON,04-Apr-2013,5:20 PM,Property damage only (none injured),3,0,0,Angle,V1: Travelling straight ahead / V2:Turning left / V3:Not reported,V1:Northbound / V2:Eastbound / V3:Not reported ,V1: Not reported / V2: Not reported / V3: Not reported ,V1: Passenger car / V2:Passenger car / V3:Passenger car,Dry,Daylight,Not Reported,,ARBORWAY / CUSTER STREET,,,,,231395.3085,895234.4
3415449,BOSTON,04-Apr-2013,5:40 PM,Not Reported,2,0,0,Rear-end,V1: Slowing or stopped in traffic / V2:Parked,V1:Northbound / V2:Not reported ,V1: Collision with motor vehicle in traffic / V2: Collision with parked motor vehicle ,V1: Passenger car / V2:Passenger car,Dry,Daylight,Clear/Clear,HEMENWAY STREET / WESTLAND AVENUE,,,,,,233786.9219,899350.6875
3439031,BOSTON,04-Apr-2013,5:40 PM,Non-fatal injury,2,1,0,Not reported,V1: Travelling straight ahead / V2:Turning left,V1:Not reported / V2:Not reported ,V1: Collision with motor vehicle in traffic / V2: Collision with motor vehicle in traffic ,"V1: Passenger car / V2:Light truck(van, mini-van, panel, pickup, sport utility) with only four tires",Not reported,Not reported,Not Reported,CENTRE STREET / BAKER STREET,,,,WEST ROXBURY,,227896.8744,891241.4369
3390869,BOSTON,04-Apr-2013,5:54 PM,Property damage only (none injured),2,0,0,Rear-end,V1: Travelling straight ahead / V2:Travelling straight ahead,V1:Southbound / V2:Northbound ,V1: Not reported / V2: Not reported ,V1: Passenger car / V2:Passenger car,Dry,Daylight,Not Reported,,MORTON STREET / NORFOLK STREET,,,,,234066.8436,892435.125
3381625,BOSTON,04-Apr-2013,8:10 PM,Property damage only (none injured),3,0,0,Rear-end,V1: Slowing or stopped in traffic / V2:Slowing or stopped in traffic / V3:Travelling straight ahead,V1:Southbound / V2:Southbound / V3:Southbound ,V1: Collision with motor vehicle in traffic / V2: Collision with motor vehicle in traffic / V3: Collision with motor vehicle in traffic ,V1: Passenger car / V2:Passenger car / V3:Passenger car,Dry,Dark - lighted roadway,Clear,,Rte 93 S / UNKNOWN,,Exit 15 on Rte 93 S,,,236629.6253,897168.5001
3389069,BOSTON,04-Apr-2013,10:13 PM,Property damage only (none injured),2,0,0,Angle,V1: Travelling straight ahead / V2:Travelling straight ahead,V1:Northbound / V2:Westbound ,V1: Collision with motor vehicle in traffic / V2: Collision with motor vehicle in traffic ,"V1: Passenger car / V2:Light truck(van, mini-van, panel, pickup, sport utility) with only four tires",Dry,Dark - lighted roadway,Clear,FRONTAGE ROAD / BROADWAY,,,,,,236165.6755,899351.7012