Crash Number,City/Town Name,Crash Date,Crash Time,Crash Severity,Number of Vehicles,Total Nonfatal Injuries,Total Fatal Injuries,Manner of Collision,Vehicle Action Prior to Crash,Vehicle Travel Directions,Most Harmful Events,Vehicle Configuration,Road Surface Condition,Ambient Light,Weather Condition,At Roadway Intersection,Distance from Nearest Roadway Intersection,Distance from Nearest Milemarker,Distance from Nearest Exit,Distance from Nearest Landmark,Non Motorist Type,X Coordinate,Y Coordinate
3388273,BOSTON,04-Apr-2013,11:50 PM,Non-fatal injury,1,2,0,Single vehicle crash,V1: Travelling straight ahead,V1:Westbound ,V1: Collision with motor vehicle in traffic ,V1: Passenger car,Dry,Dark - lighted roadway,Not Reported,,JAMAICAWAY Rte UNKNOW / BYNNER STREET,,,,,231761.9221,897172.3749
3410685,BOSTON,05-Apr-2013,1:51 AM,Property damage only (none injured),3,0,0,Rear-end,V1: Travelling straight ahead / V2:Parked / V3:Parked,V1:Southbound / V2:Not reported / V3:Not reported ,V1: Collision with parked motor vehicle / V2: Not reported / V3: Not reported ,V1: Passenger car / V2:Passenger car / V3:Passenger car,Dry,Dark - lighted roadway,Clear/Clear,,602 ADAMS STREET,,,,,236640.6137,893286.5883
3390473,BOSTON,05-Apr-2013,5:00 AM,Property damage only (none injured),1,0,0,Single vehicle crash,V1: Travelling straight ahead,V1:Westbound ,V1: Other ,V1: Passenger car,Wet,Dark - lighted roadway,Clear,RAMP - RT 90 WB TO RT 93 NB / RAMP - RT 90 WB TO RT 93 SB Rte 1A S / RAMP - RT 90 WB/CONGRESS STREET TO RT 93 Rte 1A S,,,,SPLIT TO RT 93 N/S,,236475.7222,899745.5214
3415452,BOSTON,05-Apr-2013,6:45 AM,Not Reported,1,0,0,Not reported,V1: Parked,V1:Not reported ,V1: Collision with motor vehicle in traffic ,"V1: Light truck(van, mini-van, panel, pickup, sport utility) with only four tires",Dry,Daylight,Clear,,204 HEMENWAY STREET,,,,"P2:Pedalcyclist (bicycle, tricycle, unicycle, pedal car)",233667.1234,898974.8954
3403581,BOSTON (DORCHESTER),05-Apr-2013,7:05 AM,Non-fatal injury,2,2,0,Angle,V1: Turning left / V2:Backing,V1:Westbound / V2:Eastbound ,V1: Collision with motor vehicle in traffic / V2: Collision with motor vehicle in traffic ,"V1: Light truck(van, mini-van, panel, pickup, sport utility) with only four tires / V2:Passenger car",Dry,Daylight,Cloudy,,14 LARCHMONT STREET,,,,,235683.4434,894195.9532
3422525,BOSTON,05-Apr-2013,9:53 AM,Property damage only (none injured),2,0,0,"Sideswipe, same direction",V1: Slowing or stopped in traffic / V2:Travelling straight ahead,V1:Southbound / V2:Northbound ,V1: Collision with motor vehicle in traffic / V2: Collision with motor vehicle in traffic ,V1: Passenger car / V2:Passenger car,Dry,Daylight,Clear,,Rte 93 S / RAMP - RT 93 SB TO COLUMBIA RD,,,,,236629.6248,897168.4999
3403627,BOSTON (DORCHESTER),05-Apr-2013,12:12 PM,Property damage only (none injured),2,0,0,Unknown,V1: Parked / V2:Backing,V1:Not reported / V2:Not reported ,V1: Collision with motor vehicle in traffic / V2: Collision with parked motor vehicle ,"V1: Passenger car / V2:Light truck(van, mini-van, panel, pickup, sport utility) with only four tires",Dry,Daylight,Clear,,64 WRENTHAM STREET,,,,,236288.512,893181.5903
3393515,BOSTON,05-Apr-2013,4:28 PM,Property damage only (none injured),3,0,0,Rear-end,V1: Slowing or stopped in traffic / V2:Slowing or stopped in traffic / V3:Travelling straight ahead,V1:Northbound / V2:Northbound / V3:Northbound ,V1: Collision with motor vehicle in traffic / V2: Collision with motor vehicle in traffic / V3: Collision with motor vehicle in traffic ,"V1: Light truck(van, mini-van, panel, pickup, sport utility) with only four tires / V2:Light truck(van, mini-van, panel, pickup, sport utility) with only four tires / V3:Passenger car",Dry,Daylight,Clear,,STORROW DRIVE / CHARLESGATE OVERPASS,,,BOWKER OVERPASS W/B,,233559.4347,900199.6029
3390110,BOSTON,05-Apr-2013,4:31 PM,Property damage only (none injured),2,0,0,Angle,V1: Slowing or stopped in traffic / V2:Turning right,V1:Southbound / V2:Southbound ,V1: Collision with motor vehicle in traffic / V2: Collision with motor vehicle in traffic ,"V1: Passenger car / V2:Bus (seats for more than 15 people, including driver)",Dry,Daylight,Clear,SURFACE ARTERY / KNEELAND STREET,,,,,,236274.497,900050.9872
3510316,BOSTON (CHARLESTOWN),05-Apr-2013,5:08 PM,Non-fatal injury,2,1,0,Head-on,V1: Travelling straight ahead / V2:Turning left,V1:Southbound / V2:Westbound ,V1: Collision with motor vehicle in traffic / V2: Collision with parked motor vehicle ,V1: Passenger car / V2:Unknown vehicle configuration,Dry,Daylight,Clear/Other,,460 MEDFORD STREET,,,,,235611.2343,903732.9999
3415453,BOSTON,05-Apr-2013,6:20 PM,Non-fatal injury,1,1,0,Single vehicle crash,V1: Slowing or stopped in traffic,V1:Southbound ,V1: Collision with pedestrian ,V1: Passenger car,Dry,Dusk,Clear,,775 COMMONWEALTH AVENUE,,,,P2:Pedestrian,232270.5237,900053.8847
3389070,BOSTON,05-Apr-2013,9:21 PM,Property damage only (none injured),1,0,0,Single vehicle crash,V1: Leaving traffic lane,V1:Northbound ,V1: Collision with median barrier ,V1: Passenger car,Dry,Dark - lighted roadway,Cloudy,,Rte 93,,Exit 23 on Rte 93,,,236957.4837,900943.9828
3738399,BOSTON (DORCHESTER),05-Apr-2013,10:08 PM,Non-fatal injury,2,1,0,Rear-end,V1: Slowing or stopped in traffic / V2:Travelling straight ahead,V1:Not reported / V2:Not reported ,V1: Collision with parked motor vehicle / V2: Collision with parked motor vehicle ,V1: Passenger car / V2:Passenger car,Dry,Dark - lighted roadway,Clear/Clear,,141 NORFOLK STREET / EDSON STREET,,,,,234787.4375,893112.2501
3422985,BOSTON (DORCHESTER),05-Apr-2013,11:28 PM,Property damage only (none injured),2,0,0,"Sideswipe, same direction",V1: Travelling straight ahead / V2:Parked,V1:Not reported / V2:Not reported ,V1: Collision with parked motor vehicle / V2: Collision with parked motor vehicle ,V1: Passenger car / V2:Passenger car,Dry,Dark - lighted roadway,Clear/Clear,,15 BOUTWELL STREET,,,,,237052.4887,893542.4548
3381629,BOSTON,06-Apr-2013,1:47 AM,Property damage only (none injured),1,0,0,Single vehicle crash,V1: Travelling straight ahead,V1:Southbound ,V1: Collision with utility pole ,V1: Passenger car,Dry,Dark - lighted roadway,Clear,,CENTRE STREET Rte UNKNOW / WESTCHESTER ROAD,,,,,230887.2186,894778.5623
3404810,BOSTON,06-Apr-2013,2:40 AM,Property damage only (none injured),1,0,0,Single vehicle crash,V1: Backing,V1:Not reported ,"V1: Collision with other fixed object (wall, building, tunnel, etc.) ",V1: Passenger car,Dry,Dark - lighted roadway,Clear,,11 BROMFIELD STREET,,,,,236272.465,900758.2015
3403618,BOSTON (DORCHESTER),06-Apr-2013,6:35 AM,Non-fatal injury,2,1,0,Rear-end,V1: Travelling straight ahead / V2:Travelling straight ahead,V1:Northbound / V2:Northbound ,V1: Collision with motor vehicle in traffic / V2: Collision with motor vehicle in traffic ,V1: Passenger car / V2:Passenger car,Dry,Daylight,Clear,DORCHESTER AVENUE / RICHMOND STREET,,,,,,235667.5159,891582.0623
3403584,BOSTON (DORCHESTER),06-Apr-2013,9:00 AM,Not Reported,1,0,0,Single vehicle crash,V1: Not reported,V1:Not reported ,V1: Not reported ,V1: Passenger car,Dry,Daylight,Clear,,106 SAWYER AVENUE / CUSHING AVENUE,,,,,236004.672,896003.5627
3389602,BOSTON,06-Apr-2013,1:08 PM,Property damage only (none injured),2,0,0,Angle,V1: Travelling straight ahead / V2:Travelling straight ahead,V1:Northbound / V2:Eastbound ,V1: Collision with motor vehicle in traffic / V2: Collision with motor vehicle in traffic ,V1: Truck/trailer / V2:Passenger car,Dry,Daylight,Clear,,400 SOLDIERS FIELD ROAD,,,VICINITY OF DOUBLE TREE HOTEL,,231518.2408,901078.3912
3391388,BOSTON,06-Apr-2013,1:51 PM,Property damage only (none injured),3,0,0,Rear-end,V1: Travelling straight ahead / V2:Slowing or stopped in traffic / V3:Slowing or stopped in traffic,V1:Southbound / V2:Southbound / V3:Southbound ,V1: Collision with motor vehicle in traffic / V2: Collision with motor vehicle in traffic / V3: Collision with motor vehicle in traffic ,"V1: Light truck(van, mini-van, panel, pickup, sport utility) with only four tires / V2:Passenger car / V3:Passenger car",Dry,Daylight,Clear,,NORTH HARVARD STREET Rte UNKNOW S / SOLDIERS FIELD ROAD,,,LARZ ANDERSON BRIDGE,,230992.2801,902048.053
3388268,BOSTON,06-Apr-2013,2:12 PM,Property damage only (none injured),3,0,0,Rear-end,V1: Slowing or stopped in traffic / V2:Slowing or stopped in traffic / V3:Travelling straight ahead,V1:Northbound / V2:Northbound / V3:Northbound ,V1: Collision with motor vehicle in traffic / V2: Collision with motor vehicle in traffic / V3: Collision with motor vehicle in traffic ,"V1: Passenger car / V2:Light truck(van, mini-van, panel, pickup, sport utility) with only four tires / V3:Light truck(van, mini-van, panel, pickup, sport utility) with only four tires",Dry,Daylight,Clear,,JOHN F FITZGERALD EXPRESSWAY Rte 93 N / RAMP - RT 90 TO RT 93 NB,Rte 93  N Milemarker 16.8,,,,236717.8903,900408.327
3404793,BOSTON,06-Apr-2013,3:05 PM,Non-fatal injury,2,1,0,Not reported,V1: Travelling straight ahead / V2:Not reported,V1:Not reported / V2:Not reported ,V1: Other non-collision / V2: Not reported ,V1: Motorcycle / V2:Not reported,Not reported,Not reported,Not Reported,,717 ATLANTIC AVENUE,,,,,236554.9511,900140.7117
3422526,BOSTON,06-Apr-2013,3:36 PM,Property damage only (none injured),2,0,0,Rear-end,V1: Travelling straight ahead / V2:Slowing or stopped in traffic,V1:Northbound / V2:Northbound ,V1: Collision with motor vehicle in traffic / V2: Collision with motor vehicle in traffic ,"V1: Light truck(van, mini-van, panel, pickup, sport utility) with only four tires / V2:Passenger car",Dry,Daylight,Clear,,WILLIAM T MORRISSEY BOULEVARD / FREEPORT STREET,,,,,237175.7656,894558.6879
3391492,BOSTON,06-Apr-2013,3:40 PM,Property damage only (none injured),2,0,0,Rear-end,V1: Slowing or stopped in traffic / V2:Travelling straight ahead,V1:Northbound / V2:Southbound ,V1: Collision with motor vehicle in traffic / V2: Collision with motor vehicle in traffic ,"V1: Light truck(van, mini-van, panel, pickup, sport utility) with only four tires / V2:Light truck(van, mini-van, panel, pickup, sport utility) with only four tires",Dry,Daylight,Not Reported,,Rte 93,,Exit 15 on Rte 93,,,236972.2496,896473.4282
3391497,BOSTON,06-Apr-2013,4:09 PM,Property damage only (none injured),2,0,0,Rear-end,V1: Slowing or stopped in traffic / V2:Slowing or stopped in traffic,V1:Southbound / V2:Southbound ,V1: Collision with motor vehicle in traffic / V2: Collision with motor vehicle in traffic ,"V1: Passenger car / V2:Light truck(van, mini-van, panel, pickup, sport utility) with only four tires",Dry,Daylight,Not Reported,,Rte 93,,Exit 15 on Rte 93,,,236629.6253,897168.5001
3381627,BOSTON,06-Apr-2013,4:10 PM,Property damage only (none injured),3,0,0,Rear-end,V1: Travelling straight ahead / V2:Slowing or stopped in traffic / V3:Slowing or stopped in traffic,V1:Southbound / V2:Southbound / V3:Southbound ,V1: Collision with motor vehicle in traffic / V2: Collision with motor vehicle in traffic / V3: Collision with motor vehicle in traffic ,"V1: Passenger car / V2:Passenger car / V3:Light truck(van, mini-van, panel, pickup, sport utility) with only four tires",Dry,Daylight,Clear,,Rte 93 S / UNKNOWN,,Exit 15 on Rte 93 S,,,236629.6253,897168.5001
3381631,BOSTON,06-Apr-2013,5:25 PM,Property damage only (none injured),1,0,0,Single vehicle crash,V1: Travelling straight ahead,V1:Southbound ,V1: Collision with tree ,V1: Passenger car,Dry,Daylight,Clear,CHESTNUT HILL DRIVEWAY / CHESTNUT HILL DRIVEWAY,,,,,,228398.1143,898693.3691
3452218,BOSTON (DORCHESTER),06-Apr-2013,6:00 PM,Not Reported,2,0,0,Not reported,V1: Not reported / V2:Not reported,V1:Not reported / V2:Not reported ,V1: Not reported / V2: Not reported ,V1: Passenger car / V2:Unknown vehicle configuration,Not reported,Not reported,Not Reported,,361 NEWPONSET AVE,,,,,237484.9147,893048.6265
3404196,BOSTON (HYDE PARK),06-Apr-2013,7:59 PM,Non-fatal injury,1,2,0,Single vehicle crash,V1: Travelling straight ahead,V1:Not reported ,V1: Collision with light pole or other post/support ,"V1: Light truck(van, mini-van, panel, pickup, sport utility) with only four tires",Dry,Dark - lighted roadway,Clear,,950 AMERICAN LEGION HIGHWAY,,,STOPSHOP ENTRANCE,,231664.0259,891674.7191
3388269,BOSTON,07-Apr-2013,1:55 AM,Non-fatal injury,1,1,0,Single vehicle crash,V1: Travelling straight ahead,V1:Southbound ,V1: Collision with median barrier ,V1: Passenger car,Dry,Dark - lighted roadway,Clear,,Rte 93 S,,Exit 23 on Rte 93 S,,,236856.2793,901152.8251
3390759,BOSTON,07-Apr-2013,6:05 AM,Property damage only (none injured),3,0,0,Rear-end,V1: Slowing or stopped in traffic / V2:Slowing or stopped in traffic / V3:Travelling straight ahead,V1:Eastbound / V2:Eastbound / V3:Eastbound ,V1: Collision with motor vehicle in traffic / V2: Collision with motor vehicle in traffic / V3: Collision with motor vehicle in traffic ,"V1: Passenger car / V2:Light truck(van, mini-van, panel, pickup, sport utility) with only four tires / V3:Passenger car",Dry,Daylight,Clear,,GALLIVAN BOULEVARD / WASHINGTON STREET,,,,,235509.2971,892128.6873
3390862,BOSTON,07-Apr-2013,11:50 AM,Property damage only (none injured),2,0,0,Angle,V1: Travelling straight ahead / V2:Turning left,V1:Eastbound / V2:Westbound ,V1: Collision with motor vehicle in traffic / V2: Collision with motor vehicle in traffic ,V1: Passenger car / V2:Passenger car,Dry,Daylight,Clear,,GALLIVAN BOULEVARD / CROCKETT AVENUE,,,,,236888.3123,892614.5001
3404795,BOSTON,07-Apr-2013,1:35 PM,Non-fatal injury,1,1,0,"Sideswipe, opposite direction",V1: Backing,V1:Northbound ,V1: Collision with pedestrian ,"V1: Light truck(van, mini-van, panel, pickup, sport utility) with only four tires",Dry,Daylight,Cloudy/Cloudy,,300 feet W from Intersection 279 TREMONT STREET / STUART STREET,,,,P2:Pedestrian,235827.5279,900068.0715
3391486,BOSTON,07-Apr-2013,2:40 PM,Property damage only (none injured),4,0,0,Rear-end,V1: Slowing or stopped in traffic / V2:Slowing or stopped in traffic / V3:Slowing or stopped in traffic / V4:Travelling straight ahead,V1:Northbound / V2:Northbound / V3:Northbound / V4:Northbound ,V1: Collision with motor vehicle in traffic / V2: Collision with motor vehicle in traffic / V3: Collision with motor vehicle in traffic / V4: Collision with motor vehicle in traffic ,V1: Passenger car / V2:Passenger car / V3:Passenger car / V4:Passenger car,Dry,Daylight,Clear,,Rte 93,,Exit 23 on Rte 93,ENTRANCE TO O&AMP;APOS;NIEL TUNN,,236957.4837,900943.9828
3391487,BOSTON,07-Apr-2013,3:05 PM,Non-fatal injury,2,1,0,Rear-end,V1: Slowing or stopped in traffic / V2:Travelling straight ahead,V1:Westbound / V2:Westbound ,V1: Collision with motor vehicle in traffic / V2: Collision with motor vehicle in traffic ,V1: Passenger car / V2:Single-unit truck (3-or-more axles),Dry,Daylight,Cloudy,,STORROW DRIVE Rte 28 S / CHARLES STREET Rte 3A N,,,BY LEE POOL,,235402.3851,901594.5379
3403615,BOSTON (DORCHESTER),07-Apr-2013,3:24 PM,Non-fatal injury,2,1,0,Angle,V1: Turning left / V2:Travelling straight ahead,V1:Not reported / V2:Not reported ,V1: Collision with motor vehicle in traffic / V2: Collision with motor vehicle in traffic ,"V1: Passenger car / V2:Light truck(van, mini-van, panel, pickup, sport utility) with only four tires",Dry,Daylight,Cloudy,ADAMS STREET / DICKENS STREET,,,,,,236344.7029,894553.6248
3390757,BOSTON,07-Apr-2013,3:25 PM,Non-fatal injury,4,8,0,Rear-end,V1: Slowing or stopped in traffic / V2:Slowing or stopped in traffic / V3:Slowing or stopped in traffic / V4:Travelling straight ahead,V1:Eastbound / V2:Eastbound / V3:Eastbound / V4:Eastbound ,V1: Collision with motor vehicle in traffic / V2: Collision with motor vehicle in traffic / V3: Collision with motor vehicle in traffic / V4: Collision with motor vehicle in traffic ,"V1: Light truck(van, mini-van, panel, pickup, sport utility) with only four tires / V2:Light truck(van, mini-van, panel, pickup, sport utility) with only four tires / V3:Passenger car / V4:Passenger car",Dry,Daylight,Clear,,STORROW DRIVE / RAMP - STORROW DRIVE TO CLARENDON STREET,,,BY THE PRUDENTIAL EXIT/ TUNNELL,,234474.0362,900439.4235
3425210,BOSTON,07-Apr-2013,3:58 PM,Non-fatal injury,2,1,0,Rear-end,V1: Travelling straight ahead / V2:Slowing or stopped in traffic,V1:Northbound / V2:Northbound ,V1: Collision with motor vehicle in traffic / V2: Collision with motor vehicle in traffic ,"V1: Passenger car / V2:Light truck(van, mini-van, panel, pickup, sport utility) with only four tires",Dry,Daylight,Clear,,Rte 93 N,,Exit 14 on Rte 93 N,,,237258.9796,894483.3974
3381519,BOSTON,07-Apr-2013,11:45 PM,Property damage only (none injured),1,0,0,Single vehicle crash,V1: Travelling straight ahead,V1:Westbound ,V1: Collision with median barrier ,V1: Passenger car,Dry,Dark - lighted roadway,Clear,,RAMP - RT 90 EB TO RT 93 SB / RAMP - RT 90 EB TO RT 93,,,RAMPD/RT 93S,,236409.6614,899693.9117
3420727,BOSTON,08-Apr-2013,00:00 AM,Non-fatal injury,1,1,0,Angle,V1: Turning right,V1:Northbound ,"V1: Collision with cyclist (bicycle, tricycle, unicycle, pedal car) ","V1: Light truck(van, mini-van, panel, pickup, sport utility) with only four tires",Dry,Dark - lighted roadway,Clear,,KOSCIUSZKO CIRCLE Rte UNKNOW / OLD COLONY AVENUE,,,,"P2:Pedalcyclist (bicycle, tricycle, unicycle, pedal car)",237020.6238,896892.1848
3404162,BOSTON (BRIGHTON),08-Apr-2013,9:01 AM,Property damage only (none injured),1,0,0,Single vehicle crash,V1: Turning right,V1:Not reported ,"V1: Collision with cyclist (bicycle, tricycle, unicycle, pedal car) ",V1: Passenger car,Dry,Daylight,Clear/Clear,COMMONWEALTH AVENUE / LAKE STREET,,,,,"P2:Pedalcyclist (bicycle, tricycle, unicycle, pedal car)",227511.5607,898897.4338
3393009,BOSTON (DORCHESTER),08-Apr-2013,9:55 AM,Non-fatal injury,2,1,0,Angle,V1: Turning right / V2:Travelling straight ahead,V1:Not reported / V2:Not reported ,V1: Collision with motor vehicle in traffic / V2: Collision with motor vehicle in traffic ,"V1: Passenger car / V2:Bus (seats for more than 15 people, including driver)",Dry,Daylight,Clear/Clear,DORCHESTER AVENUE / LEEDSVILLE STREET,,,,,,236362.3127,895061.5626
3404806,BOSTON (CHARLESTOWN),08-Apr-2013,1:55 PM,Non-fatal injury,2,2,0,Angle,V1: Travelling straight ahead / V2:Travelling straight ahead,V1:Not reported / V2:Not reported ,V1: Collision with motor vehicle in traffic / V2: Collision with motor vehicle in traffic ,V1: Passenger car / V2:Passenger car,Dry,Daylight,Clear/Clear,,418 RUTHERFORD AVENUE,,,,,235336.76,903272.5636
3391702,BOSTON,08-Apr-2013,2:00 PM,Property damage only (none injured),2,0,0,Angle,V1: Travelling straight ahead / V2:Travelling straight ahead,V1:Southbound / V2:Southbound ,V1: Collision with motor vehicle in traffic / V2: Collision with motor vehicle in traffic ,V1: Passenger car / V2:Single-unit truck (3-or-more axles),Dry,Daylight,Clear,,Rte 93 S,,Exit 20 on Rte 93 S,,,236954.209,900826.9442
3393837,BOSTON (DORCHESTER),08-Apr-2013,4:52 PM,Property damage only (none injured),2,0,0,"Sideswipe, same direction",V1: Travelling straight ahead / V2:Travelling straight ahead,V1:Northbound / V2:Not reported ,V1: Collision with motor vehicle in traffic / V2: Not reported ,"V1: Passenger car / V2:Single-unit truck (2-axle, 6-tire)",Dry,Daylight,Clear/Clear,SEMONT ROAD / DORCHESTER AVENUE,,,,,,236044.7032,893441.8752
3388967,BOSTON,08-Apr-2013,5:33 PM,Property damage only (none injured),2,0,0,Rear-end,V1: Slowing or stopped in traffic / V2:Slowing or stopped in traffic,V1:Westbound / V2:Westbound ,V1: Collision with motor vehicle in traffic / V2: Collision with motor vehicle in traffic ,"V1: Passenger car / V2:Light truck(van, mini-van, panel, pickup, sport utility) with only four tires",Dry,Daylight,Clear,CHARLESGATE OVERPASS / STORROW DRIVE,,,,,,233287.6718,900098.5623
3430256,BOSTON,08-Apr-2013,7:39 PM,Property damage only (none injured),2,0,0,"Sideswipe, same direction",V1: Travelling straight ahead / V2:Travelling straight ahead,V1:Northbound / V2:Northbound ,V1: Collision with motor vehicle in traffic / V2: Collision with motor vehicle in traffic ,"V1: Passenger car / V2:Single-unit truck (2-axle, 6-tire)",Dry,Dark - lighted roadway,Clear,,WILLIAM T MORRISSEY BOULEVARD / NEPONSET AVENUE,,,SHELL GAS STATION,,237696.0819,892924.3425
3415454,BOSTON,08-Apr-2013,11:20 PM,Property damage only (none injured),2,0,0,Angle,V1: Travelling straight ahead / V2:Travelling straight ahead,V1:Southbound / V2:Westbound ,V1: Collision with motor vehicle in traffic / V2: Collision with motor vehicle in traffic ,V1: Passenger car / V2:Passenger car,Dry,Dark - lighted roadway,Clear,RUGGLES STREET / PARKER STREET,,,,,,233485.7031,898575.8123
3390054,BOSTON,09-Apr-2013,5:40 AM,Non-fatal injury,1,1,0,Single vehicle crash,V1: Turning left,V1:Northbound ,V1: Collision with pedestrian ,V1: Passenger car,Wet,Dark - lighted roadway,Rain,RIVERWAY / BROOKLINE AVENUE,,,,,"P2:Pedestrian / P3:Other non-motorist (wheelchair, etc.)",232136.0747,898499.2837
3396260,BOSTON,09-Apr-2013,5:45 AM,Non-fatal injury,1,1,0,Single vehicle crash,V1: Travelling straight ahead,V1:Westbound ,V1: Collision with median barrier ,V1: Passenger car,Dry,Other,Cloudy,RAMP - RT 90 WB TO RT 93 NB / RAMP - RT 90 WB TO RT 93 SB Rte 1A S / RAMP - RT 90 WB/CONGRESS STREET TO RT 93 Rte 1A S,,,,RAMP D,,236475.7222,899745.5214
3420648,BOSTON (BRIGHTON),09-Apr-2013,7:18 AM,Property damage only (none injured),3,0,0,Rear-end,V1: Slowing or stopped in traffic / V2:Travelling straight ahead / V3:Travelling straight ahead,V1:Not reported / V2:Not reported / V3:Not reported ,V1: Collision with motor vehicle in traffic / V2: Collision with motor vehicle in traffic / V3: Collision with motor vehicle in traffic ,"V1: Light truck(van, mini-van, panel, pickup, sport utility) with only four tires / V2:Passenger car / V3:Passenger car",Wet,Daylight,Cloudy/Cloudy,,2121 COMMONWEALTH AVENUE,,,,,227680.9029,898914.4361
3420231,BOSTON (CHARLESTOWN),09-Apr-2013,7:48 AM,Non-fatal injury,2,1,0,Rear-end,V1: Travelling straight ahead / V2:Travelling straight ahead,V1:Not reported / V2:Not reported ,V1: Collision with motor vehicle in traffic / V2: Collision with motor vehicle in traffic ,V1: Passenger car / V2:Passenger car,Dry,Daylight,Cloudy/Cloudy,,350 RUTHERFORD AVENUE Rte 99 S,,,,,235404.4625,903132.2807
3414451,BOSTON,09-Apr-2013,9:26 AM,Property damage only (none injured),3,0,0,Rear-end,V1: Slowing or stopped in traffic / V2:Slowing or stopped in traffic / V3:Travelling straight ahead,V1:Northbound / V2:Northbound / V3:Northbound ,V1: Collision with motor vehicle in traffic / V2: Collision with motor vehicle in traffic / V3: Collision with motor vehicle in traffic ,"V1: Passenger car / V2:Passenger car / V3:Light truck(van, mini-van, panel, pickup, sport utility) with only four tires",Dry,Daylight,Clear,,Rte 93 N,,Exit 14 on Rte 93 N,,,237258.9796,894483.3974
3392063,BOSTON,09-Apr-2013,3:50 PM,Property damage only (none injured),2,0,0,Rear-end,V1: Slowing or stopped in traffic / V2:Travelling straight ahead,V1:Southbound / V2:Southbound ,V1: Collision with motor vehicle in traffic / V2: Collision with motor vehicle in traffic ,"V1: Light truck(van, mini-van, panel, pickup, sport utility) with only four tires / V2:Passenger car",Dry,Daylight,Not Reported,,8 ALLSTATE ROAD Rte 93 S,,,SOUTHBAY MALL,,235898.9634,897263.8646
3404791,BOSTON,09-Apr-2013,4:05 PM,Non-fatal injury,2,2,0,"Sideswipe, same direction",V1: Travelling straight ahead / V2:Travelling straight ahead,V1:Southbound / V2:Southbound ,V1: Collision with motor vehicle in traffic / V2: Not reported ,"V1: Light truck(van, mini-van, panel, pickup, sport utility) with only four tires / V2:Light truck(van, mini-van, panel, pickup, sport utility) with only four tires",Dry,Daylight,Clear,,286 RUTHERFORD AVENUE,,,,,235468.8851,902990.3359
3389549,BOSTON,09-Apr-2013,4:31 PM,Property damage only (none injured),3,0,0,Rear-end,V1: Travelling straight ahead / V2:Slowing or stopped in traffic / V3:Slowing or stopped in traffic,V1:Northbound / V2:Northbound / V3:Northbound ,V1: Collision with moped / V2: Collision with motor vehicle in traffic / V3: Collision with motor vehicle in traffic ,"V1: Passenger car / V2:Passenger car / V3:Light truck(van, mini-van, panel, pickup, sport utility) with only four tires",Dry,Daylight,Clear,,Rte 93 N,,Exit 26 on Rte 93 N,,,236402.7433,901600.0342
3385879,BOSTON,09-Apr-2013,4:31 PM,Property damage only (none injured),2,0,0,Rear-end,V1: Travelling straight ahead / V2:Slowing or stopped in traffic,V1:Northbound / V2:Northbound ,V1: Collision with motor vehicle in traffic / V2: Collision with motor vehicle in traffic ,"V1: Light truck(van, mini-van, panel, pickup, sport utility) with only four tires / V2:Light truck(van, mini-van, panel, pickup, sport utility) with only four tires",Dry,Daylight,Clear,,Rte 93 N,,Exit 26 on Rte 93 N,,,236402.7433,901600.0342
3388270,BOSTON,09-Apr-2013,6:17 PM,Property damage only (none injured),3,0,0,Rear-end,V1: Travelling straight ahead / V2:Travelling straight ahead / V3:Travelling straight ahead,V1:Northbound / V2:Northbound / V3:Northbound ,V1: Collision with motor vehicle in traffic / V2: Collision with motor vehicle in traffic / V3: Collision with motor vehicle in traffic ,"V1: Light truck(van, mini-van, panel, pickup, sport utility) with only four tires / V2:Light truck(van, mini-van, panel, pickup, sport utility) with only four tires / V3:Passenger car",Dry,Daylight,Clear,,Rte 93 N,,Exit 27 on Rte 93 N,,,235655.07,902467.5364
3388274,BOSTON,09-Apr-2013,11:00 PM,Property damage only (none injured),2,0,0,Angle,V1: Travelling straight ahead / V2:Travelling straight ahead,V1:Northbound / V2:Eastbound ,V1: Collision with motor vehicle in traffic / V2: Collision with motor vehicle in traffic ,"V1: Light truck(van, mini-van, panel, pickup, sport utility) with only four tires / V2:Passenger car",Dry,Dark - roadway not lighted,Not Reported,,BERKELEY STREET / BACK STREET,,,,,235009.6998,900623.457
3556875,BOSTON,10-Apr-2013,9:05 AM,Non-fatal injury,1,1,0,Angle,V1: Entering traffic lane,V1:Westbound ,"V1: Collision with cyclist (bicycle, tricycle, unicycle, pedal car) ",V1: Passenger car,Dry,Daylight,Cloudy,,SOLDIERS FIELD ROAD / RAMP - WESTERN AVE TO SOLDIERS FIELD RD,,,DCR LOT ACROSS FROM H5,"P2:Pedalcyclist (bicycle, tricycle, unicycle, pedal car)",229118.7732,901254.3232
3414452,BOSTON,10-Apr-2013,9:06 AM,Property damage only (none injured),2,0,0,"Sideswipe, same direction",V1: Not reported / V2:Not reported,V1:Northbound / V2:Northbound ,V1: Collision with motor vehicle in traffic / V2: Collision with motor vehicle in traffic ,"V1: Light truck(van, mini-van, panel, pickup, sport utility) with only four tires / V2:Passenger car",Dry,Daylight,Clear,,Rte 93,,Exit 12 on Rte 93,,,237641.3431,892708.5028