Crash Number,City/Town Name,Crash Date,Crash Time,Crash Severity,Number of Vehicles,Total Nonfatal Injuries,Total Fatal Injuries,Manner of Collision,Vehicle Action Prior to Crash,Vehicle Travel Directions,Most Harmful Events,Vehicle Configuration,Road Surface Condition,Ambient Light,Weather Condition,At Roadway Intersection,Distance from Nearest Roadway Intersection,Distance from Nearest Milemarker,Distance from Nearest Exit,Distance from Nearest Landmark,Non Motorist Type,X Coordinate,Y Coordinate
3388271,BOSTON,10-Apr-2013,9:35 AM,Property damage only (none injured),2,0,0,Rear-end,V1: Travelling straight ahead / V2:Slowing or stopped in traffic,V1:Southbound / V2:Southbound ,V1: Collision with motor vehicle in traffic / V2: Collision with motor vehicle in traffic ,V1: Passenger car / V2:Passenger car,Dry,Daylight,Cloudy,,Rte 93 S,,Exit 26 on Rte 93 S,,,234851.4113,903728.5151
3415232,BOSTON,10-Apr-2013,12:08 PM,Non-fatal injury,2,1,0,Rear-end,V1: Travelling straight ahead / V2:Parked,V1:Not reported / V2:Not reported ,V1: Collision with parked motor vehicle / V2: Collision with motor vehicle in traffic ,V1: Unknown vehicle configuration / V2:Unknown vehicle configuration,Dry,Daylight,Clear,,320 BOYLSTON STREET,,,,,235341.9509,900234.1897
3439953,BOSTON (WEST ROXBURY),10-Apr-2013,12:09 PM,Not Reported,1,0,0,Not reported,V1: Travelling straight ahead,V1:Not reported ,V1: Collision with utility pole ,V1: Passenger car,Not reported,Not reported,Not Reported,LA GRANGE STREET / BELLEVUE HILL ROAD,,,,,,229225.7812,891680.4375
3402970,BOSTON,10-Apr-2013,2:29 PM,Non-fatal injury,2,1,0,Head-on,V1: Travelling straight ahead / V2:Turning left,V1:Southbound / V2:Northbound ,V1: Collision with motor vehicle in traffic / V2: Collision with motor vehicle in traffic ,V1: Passenger car / V2:Passenger car,Dry,Daylight,Not Reported,HOTEL DRIVE / SR-2,,,,,,239100.7308,902296.287
3389071,BOSTON,10-Apr-2013,2:34 PM,Non-fatal injury,3,2,0,Rear-end,V1: Slowing or stopped in traffic / V2:Slowing or stopped in traffic / V3:Travelling straight ahead,V1:Southbound / V2:Southbound / V3:Southbound ,V1: Collision with motor vehicle in traffic / V2: Collision with motor vehicle in traffic / V3: Collision with motor vehicle in traffic ,"V1: Passenger car / V2:Light truck(van, mini-van, panel, pickup, sport utility) with only four tires / V3:Passenger car",Dry,Daylight,Clear,SOUTHBOUND FRONTAGE ROAD / HAUL ROAD,,,,,,235884.1717,898231.2671
3414454,BOSTON,10-Apr-2013,2:40 PM,Property damage only (none injured),2,0,0,Rear-end,V1: Slowing or stopped in traffic / V2:Travelling straight ahead,V1:Southbound / V2:Southbound ,V1: Collision with motor vehicle in traffic / V2: Collision with motor vehicle in traffic ,"V1: Passenger car / V2:Light truck(van, mini-van, panel, pickup, sport utility) with only four tires",Dry,Daylight,Clear,,Rte 93,,Exit 15 on Rte 93,,,236629.6253,897168.5001
3414455,BOSTON,10-Apr-2013,2:46 PM,Property damage only (none injured),2,0,0,"Sideswipe, same direction",V1: Turning right / V2:Travelling straight ahead,V1:Southbound / V2:Southbound ,V1: Collision with motor vehicle in traffic / V2: Collision with motor vehicle in traffic ,"V1: Passenger car / V2:Light truck(van, mini-van, panel, pickup, sport utility) with only four tires",Dry,Daylight,Clear,,Rte 93,,Exit 15 on Rte 93,,,236629.6253,897168.5001
3403572,BOSTON (DORCHESTER),10-Apr-2013,4:30 PM,Non-fatal injury,2,1,0,Rear-end,V1: Slowing or stopped in traffic / V2:Not reported,V1:Not reported / V2:Not reported ,V1: Collision with motor vehicle in traffic / V2: Not reported ,"V1: Bus (seats for 7-15 people, including driver) / V2:Passenger car",Dry,Daylight,Cloudy,WASHINGTON STREET / OGDEN STREET,,,,,,235387.8451,892400.8445
3404139,BOSTON (DORCHESTER),10-Apr-2013,5:50 PM,Property damage only (none injured),2,0,0,"Sideswipe, same direction",V1: Travelling straight ahead / V2:Changing lanes,V1:Westbound / V2:Southbound ,V1: Collision with motor vehicle in traffic / V2: Collision with motor vehicle in traffic ,V1: Passenger car / V2:Passenger car,Dry,Daylight,Clear,,392 COLUMBIA ROAD,,,,,235426.2831,895734.9204
3453235,BOSTON,10-Apr-2013,7:11 PM,Property damage only (none injured),4,0,0,Rear-end,V1: Slowing or stopped in traffic / V2:Slowing or stopped in traffic / V3:Slowing or stopped in traffic / V4:Travelling straight ahead,V1:Eastbound / V2:Westbound / V3:Westbound / V4:Eastbound ,V1: Collision with motor vehicle in traffic / V2: Collision with motor vehicle in traffic / V3: Collision with motor vehicle in traffic / V4: Collision with motor vehicle in traffic ,"V1: Passenger car / V2:Passenger car / V3:Light truck(van, mini-van, panel, pickup, sport utility) with only four tires / V4:Passenger car",Dry,Daylight,Cloudy,,SOLDIERS FIELD ROAD / RAMP - WESTERN AVE TO SOLDIERS FIELD RD,,,WESTERN AVE OVERPASS,,231472.0201,901591.791
3390863,BOSTON,10-Apr-2013,8:30 PM,Property damage only (none injured),2,0,0,Rear-end,V1: Slowing or stopped in traffic / V2:Travelling straight ahead,V1:Southbound / V2:Southbound ,V1: Collision with motor vehicle in traffic / V2: Collision with motor vehicle in traffic ,V1: Passenger car / V2:Passenger car,Wet,Dark - lighted roadway,Rain,,Rte 93 S,,Exit 12 on Rte 93 S,,,237620.5493,892713.0989
3394339,BOSTON,10-Apr-2013,9:18 PM,Non-fatal injury,2,1,0,Angle,V1: Travelling straight ahead / V2:Turning right,V1:Southbound / V2:Southbound ,V1: Collision with motor vehicle in traffic / V2: Collision with motor vehicle in traffic ,"V1: Passenger car / V2:Light truck(van, mini-van, panel, pickup, sport utility) with only four tires",Dry,Dark - lighted roadway,Clear,,Rte 93 S,,Exit 18 on Rte 93 S,,,236013.2783,899092.9981
3402971,BOSTON,10-Apr-2013,9:31 PM,Not Reported,2,0,0,Rear-end,V1: Slowing or stopped in traffic / V2:Turning right,V1:Eastbound / V2:Eastbound ,V1: Not reported / V2: Not reported ,"V1: Light truck(van, mini-van, panel, pickup, sport utility) with only four tires / V2:Passenger car",Wet,Dark - lighted roadway,Rain,RAMP - AIRPORT ROAD TO HOTEL DRIVE / RAMP - RT 90 EB TO HOTEL DRIVE / CENTRAL PARKING ACCESS ROAD,,,,HOTEL DR @ AIRPORT WAY,,239150.2356,902066.9176
3415132,BOSTON,10-Apr-2013,11:00 PM,Non-fatal injury,1,1,0,Single vehicle crash,V1: Turning left,V1:Not reported ,V1: Collision with pedestrian ,V1: Passenger car,Dry,Dark - lighted roadway,Clear,,CHARLES STREET SOUTH Rte 28 N / PARK PLAZA,,,LINCOLN STATUE,P2:Pedestrian,235653.9975,900237.2685
3389977,BOSTON,10-Apr-2013,11:40 PM,Property damage only (none injured),1,0,0,Single vehicle crash,V1: Travelling straight ahead,V1:Eastbound ,V1: Collision with curb ,V1: Passenger car,Wet,Dark - lighted roadway,Rain,VETERANS OF FOREIGN WARS PARKWAY / WEST ROXBURY VFW PARKWAY ROTARY,,,,,,229200.729,894038.3141
3389072,BOSTON,11-Apr-2013,2:47 AM,Not Reported,1,0,0,Single vehicle crash,V1: Leaving traffic lane,V1:Westbound ,V1: Collision with guardrail ,V1: Passenger car,Dry,Dark - lighted roadway,Cloudy,,Rte 90 W,,Exit 20 on Rte 90 W,,,231452.5043,900558.3731
3414334,BOSTON,11-Apr-2013,7:50 AM,Property damage only (none injured),1,0,0,Single vehicle crash,V1: Travelling straight ahead,V1:Southbound ,V1: Collision with other movable object ,"V1: Light truck(van, mini-van, panel, pickup, sport utility) with only four tires",Dry,Daylight,Cloudy,,,,,RENT A CAR PARKING LOT,,,
3446165,BOSTON,11-Apr-2013,8:45 AM,Non-fatal injury,3,1,0,Rear-end,V1: Slowing or stopped in traffic / V2:Slowing or stopped in traffic / V3:Travelling straight ahead,V1:Westbound / V2:Westbound / V3:Westbound ,V1: Collision with motor vehicle in traffic / V2: Collision with motor vehicle in traffic / V3: Collision with motor vehicle in traffic ,V1: Passenger car / V2:Passenger car / V3:Passenger car,Dry,Daylight,Not Reported,,SOLDIERS FIELD ROAD,,,NEAR ARTESANI PARKING LOT 2,,230021.0417,901654.5722
3415140,BOSTON,11-Apr-2013,11:55 AM,Non-fatal injury,1,1,0,Not reported,V1: Not reported,V1:Not reported ,V1: Not reported ,"V1: Light truck(van, mini-van, panel, pickup, sport utility) with only four tires",Not reported,Not reported,Not Reported,,85 ARCH STREET,,,,P2:Pedestrian,236401.3405,900631.2698
3388968,BOSTON,11-Apr-2013,2:15 PM,Property damage only (none injured),2,0,0,Rear-end,V1: Travelling straight ahead / V2:Travelling straight ahead,V1:Eastbound / V2:Eastbound ,V1: Collision with motor vehicle in traffic / V2: Collision with motor vehicle in traffic ,V1: Passenger car / V2:Passenger car,Dry,Daylight,Clear,STORROW DRIVE / UNIVERSITY ROAD,,,,,,232286.1875,900193.4999
3393516,BOSTON,11-Apr-2013,3:39 PM,Property damage only (none injured),2,0,0,"Sideswipe, same direction",V1: Travelling straight ahead / V2:Changing lanes,V1:Southbound / V2:Southbound ,V1: Collision with motor vehicle in traffic / V2: Collision with motor vehicle in traffic ,"V1: Passenger car / V2:Light truck(van, mini-van, panel, pickup, sport utility) with only four tires",Dry,Daylight,Cloudy,,JAMAICAWAY / 331,,,,,231605.9418,896793.8681
3390760,BOSTON,11-Apr-2013,3:55 PM,Property damage only (none injured),2,0,0,Rear-end,V1: Travelling straight ahead / V2:Slowing or stopped in traffic,V1:Southbound / V2:Southbound ,V1: Collision with motor vehicle in traffic / V2: Collision with motor vehicle in traffic ,V1: Passenger car / V2:Passenger car,Dry,Daylight,Clear,,WILLIAM T MORRISSEY BOULEVARD / OLD COLONY TERRACE,,,,,237395.7657,895872.8752
3393517,BOSTON,11-Apr-2013,4:14 PM,Property damage only (none injured),3,0,0,Rear-end,V1: Slowing or stopped in traffic / V2:Slowing or stopped in traffic / V3:Travelling straight ahead,V1:Eastbound / V2:Eastbound / V3:Eastbound ,V1: Collision with motor vehicle in traffic / V2: Collision with motor vehicle in traffic / V3: Collision with motor vehicle in traffic ,V1: Passenger car / V2:Passenger car / V3:Passenger car,Dry,Dark - lighted roadway,Clear,,STORROW DRIVE / RAMP - BERKELEY ST TO RT 28 NB,,,,,235138.267,900707.461
3402975,BOSTON,11-Apr-2013,11:30 PM,Non-fatal injury,1,1,0,Single vehicle crash,V1: Travelling straight ahead,V1:Northbound ,V1: Collision with light pole or other post/support ,"V1: Light truck(van, mini-van, panel, pickup, sport utility) with only four tires",Dry,Dark - lighted roadway,Not Reported,,SOLDIERS FIELD ROAD / NORTH BEACON STREET,,,,,228076.4976,901010.8434
3404792,BOSTON (BRIGHTON),12-Apr-2013,2:11 AM,Not Reported,1,0,0,Single vehicle crash,V1: Not reported,V1:Westbound ,V1: Collision with utility pole ,V1: Passenger car,Wet,Dark - lighted roadway,Rain/Rain,NORTH BEACON STREET / CAMBRIDGE STREET,,,,,,229882.4724,900409.761
3404654,BOSTON,12-Apr-2013,2:58 AM,Property damage only (none injured),5,0,0,"Sideswipe, same direction",V1: Not reported / V2:Parked / V3:Parked / V4:Parked / V5:Parked,V1:Westbound / V2:Westbound / V3:Not reported / V4:Not reported / V5:Not reported ,V1: Collision with parked motor vehicle / V2: Collision with other movable object / V3: Collision with motor vehicle in traffic / V4: Collision with motor vehicle in traffic / V5: Collision with motor vehicle in traffic ,"V1: Light truck(van, mini-van, panel, pickup, sport utility) with only four tires / V2:Passenger car / V3:Light truck(van, mini-van, panel, pickup, sport utility) with only four tires / V4:Light truck(van, mini-van, panel, pickup, sport utility) with only four tires / V5:Passenger car",Wet,Dark - lighted roadway,Rain,,MORTON STREET / BAIRD STREET,,,AT BAIRD STREET,,233551.406,892908.7501
3391679,BOSTON,12-Apr-2013,7:01 AM,Property damage only (none injured),6,0,0,Rear-end,V1: Slowing or stopped in traffic / V2:Slowing or stopped in traffic / V3:Slowing or stopped in traffic / V4:Not reported / V5:Not reported / V6:Not reported,V1:Westbound / V2:Westbound / V3:Westbound / V4:Not reported / V5:Not reported / V6:Not reported ,V1: Collision with motor vehicle in traffic / V2: Collision with motor vehicle in traffic / V3: Collision with motor vehicle in traffic / V4: Not reported / V5: Not reported / V6: Not reported ,"V1: Light truck(van, mini-van, panel, pickup, sport utility) with only four tires / V2:Light truck(van, mini-van, panel, pickup, sport utility) with only four tires / V3:Light truck(van, mini-van, panel, pickup, sport utility) with only four tires / V4:Passenger car / V5:Passenger car / V6:Passenger car",Dry,Daylight,Cloudy,,STORROW DRIVE Rte 28 S / CHARLES STREET Rte 3A N,,,0 feet E from RAMP TO CHARLES CIRCLE,,235391.4392,901566.5407
3389478,BOSTON,12-Apr-2013,7:36 AM,Non-fatal injury,2,1,0,Rear-end,V1: Travelling straight ahead / V2:Travelling straight ahead,V1:Northbound / V2:Northbound ,V1: Collision with motor vehicle in traffic / V2: Collision with motor vehicle in traffic ,"V1: Passenger car / V2:Light truck(van, mini-van, panel, pickup, sport utility) with only four tires",Dry,Dawn,Cloudy,,Rte 93 N,Rte 93  N Milemarker 16.5,,,,236500.4396,899986.0307
3558140,BOSTON,12-Apr-2013,7:45 AM,Property damage only (none injured),2,0,0,"Sideswipe, same direction",V1: Entering traffic lane / V2:Travelling straight ahead,V1:Westbound / V2:Westbound ,V1: Collision with motor vehicle in traffic / V2: Collision with motor vehicle in traffic ,V1: Passenger car / V2:Passenger car,Dry,Daylight,Not Reported,,RAMP-SOLDIERS FIELD RD WB TO WESTERN AV / WESTERN AVENUE,,,BRIGHTON,,229152.6794,901332.9788
3452335,BOSTON,12-Apr-2013,12:00 PM,Not Reported,2,0,0,Not reported,V1: Not reported / V2:Not reported,V1:Not reported / V2:Not reported ,V1: Not reported / V2: Not reported ,V1: Passenger car / V2:Not reported,Not reported,Not reported,Not Reported,,286 ASHMONT STREET,,,,,236252.8599,893016.0412
3390870,BOSTON,12-Apr-2013,12:40 PM,Not Reported,2,0,0,Rear-end,V1: Slowing or stopped in traffic / V2:Slowing or stopped in traffic,V1:Southbound / V2:Southbound ,V1: Collision with motor vehicle in traffic / V2: Collision with motor vehicle in traffic ,"V1: Light truck(van, mini-van, panel, pickup, sport utility) with only four tires / V2:Passenger car",Wet,Daylight,Not Reported,,170 MORTON STREET,,,REAR OF THE SHATTUCK,,232374.0716,894489.5638
3389085,BOSTON,12-Apr-2013,12:42 PM,Property damage only (none injured),1,0,0,Single vehicle crash,V1: Turning left,V1:Westbound ,V1: Collision with utility pole ,V1: Passenger car,Wet,Daylight,Rain,,TRUMAN HIGHWAY / DANA AVENUE,,,,,231159.8029,888909.0317
3399800,BOSTON,12-Apr-2013,3:58 PM,Non-fatal injury,2,1,0,Rear-end,V1: Travelling straight ahead / V2:Travelling straight ahead,V1:Not reported / V2:Not reported ,V1: Collision with motor vehicle in traffic / V2: Collision with motor vehicle in traffic ,V1: Passenger car / V2:Passenger car,Wet,Daylight,Clear,,,,,,,,
3439977,BOSTON,12-Apr-2013,4:40 PM,Not Reported,2,0,0,Not reported,V1: Travelling straight ahead / V2:Travelling straight ahead,V1:Not reported / V2:Not reported ,V1: Collision with motor vehicle in traffic / V2: Collision with motor vehicle in traffic ,"V1: Passenger car / V2:Light truck(van, mini-van, panel, pickup, sport utility) with only four tires",Not reported,Not reported,Not Reported,,623 LA GRANGE STREET,,,,,227678.6989,892936.0626
3390864,BOSTON,12-Apr-2013,6:00 PM,Property damage only (none injured),2,0,0,Rear-end,V1: Changing lanes / V2:Travelling straight ahead,V1:Southbound / V2:Southbound ,V1: Collision with motor vehicle in traffic / V2: Collision with motor vehicle in traffic ,"V1: Passenger car / V2:Light truck(van, mini-van, panel, pickup, sport utility) with only four tires",Dry,Daylight,Cloudy,,WILLIAM T MORRISSEY BOULEVARD / TOLMAN STREET,,,,,237470.2341,893376.8169
3389550,BOSTON,12-Apr-2013,7:07 PM,Non-fatal injury,2,1,0,Rear-end,V1: Slowing or stopped in traffic / V2:Travelling straight ahead,V1:Northbound / V2:Northbound ,V1: Collision with motor vehicle in traffic / V2: Collision with motor vehicle in traffic ,V1: Passenger car / V2:Passenger car,Wet,Dark - lighted roadway,Cloudy/Rain,,TEMPORARY RAMP Rte 1 N / MAURICE TOBIN BRIDGE,,,TOBIN BRIDGE,,235848.1406,902282.2336
3393070,BOSTON,12-Apr-2013,9:25 PM,Property damage only (none injured),2,0,0,Angle,V1: Travelling straight ahead / V2:Entering traffic lane,V1:Westbound / V2:Westbound ,V1: Collision with motor vehicle in traffic / V2: Collision with motor vehicle in traffic ,V1: Passenger car / V2:Passenger car,Wet,Dark - roadway not lighted,Clear,RAMP - RT 1 SB FROM TOBIN BRIDGE Rte 1 S / JOHN F FITZGERALD EXPRESSWAY Rte 93 S / INTERSTATE 93 Rte 93 S,,,,RAMP TO 93 S FROM RUTHERFORD AV.,,235689.8923,902409.5869
3415455,BOSTON,12-Apr-2013,9:30 PM,Non-fatal injury,2,1,0,Angle,V1: Travelling straight ahead / V2:Turning left,V1:Northbound / V2:Southbound ,V1: Collision with motor vehicle in traffic / V2: Collision with motor vehicle in traffic ,"V1: Passenger car / V2:Light truck(van, mini-van, panel, pickup, sport utility) with only four tires",Wet,Dark - lighted roadway,Rain,TREMONT STREET / MELNEA CASS BOULEVARD,,,,,,234034.0787,898437.6747
3431831,BOSTON,13-Apr-2013,00:00 AM,Non-fatal injury,1,1,0,Single vehicle crash,V1: Not reported,V1:Not reported ,"V1: Collision with other fixed object (wall, building, tunnel, etc.) ",V1: Passenger car,Dry,Dark - lighted roadway,Cloudy,,2 CHISHOLM ROAD,,,,,230802.9351,891721.5452
3394436,BOSTON,13-Apr-2013,1:40 AM,Non-fatal injury,1,1,0,Single vehicle crash,V1: Travelling straight ahead,V1:Northbound ,V1: Collision with median barrier ,V1: Passenger car,Dry,Dark - lighted roadway,Clear,JOHN F FITZGERALD EXPRESSWAY Rte 3 N / RAMP - RT 93 NB TO NORTH STREET,,,,ACN RAMP TO 93 NORTHBOUND,,236958.6478,900940.4628
3389479,BOSTON,13-Apr-2013,8:34 AM,Non-fatal injury,1,1,0,Single vehicle crash,V1: Leaving traffic lane,V1:Westbound ,V1: Reported but invalid ,V1: Passenger car,Wet,Daylight,Cloudy,STORROW DRIVE / CHARLESGATE OVERPASS,,,,RAMP TO FENWAY,,233695.1823,900232.3919
3452744,BOSTON (ROXBURY),13-Apr-2013,9:07 AM,Property damage only (none injured),2,0,0,"Sideswipe, opposite direction",V1: Travelling straight ahead / V2:Travelling straight ahead,V1:Not reported / V2:Not reported ,V1: Other / V2: Collision with light pole or other post/support ,"V1: Single-unit truck (2-axle, 6-tire) / V2:Passenger car",Dry,Daylight,Clear,BLUE HILL AVENUE / CHENEY STREET,,,,,,234359.1874,895415.6874
3414323,BOSTON,13-Apr-2013,10:29 AM,Property damage only (none injured),3,0,0,Rear-end,V1: Travelling straight ahead / V2:Slowing or stopped in traffic / V3:Not reported,V1:Eastbound / V2:Not reported / V3:Not reported ,V1: Collision with motor vehicle in traffic / V2: Collision with motor vehicle in traffic / V3: Not reported ,"V1: Passenger car / V2:Passenger car / V3:Light truck(van, mini-van, panel, pickup, sport utility) with only four tires",Dry,Daylight,Not Reported,,Rte 90 E,Rte 90  E Milemarker 137.0,,,,239158.7282,901670.4404
3424260,BOSTON (BRIGHTON),13-Apr-2013,11:25 AM,Non-fatal injury,2,1,0,Head-on,V1: Slowing or stopped in traffic / V2:Turning left,V1:Not reported / V2:Not reported ,V1: Collision with motor vehicle in traffic / V2: Collision with motor vehicle in traffic ,V1: Passenger car / V2:Passenger car,Dry,Daylight,Clear/Clear,NORTH BEACON STREET / GOODENOUGH STREET,,,,,,228524.7626,900827.2832
3390761,BOSTON,13-Apr-2013,12:15 PM,Property damage only (none injured),2,0,0,Rear-end,V1: Travelling straight ahead / V2:Slowing or stopped in traffic,V1:Northbound / V2:Northbound ,V1: Collision with motor vehicle in traffic / V2: Collision with motor vehicle in traffic ,V1: Passenger car / V2:Passenger car,Dry,Daylight,Clear,,Rte 93 N,,Exit 14 on Rte 93 N,,,237258.9796,894483.3974
3394350,BOSTON,13-Apr-2013,12:20 PM,Property damage only (none injured),5,0,0,Rear-end,V1: Slowing or stopped in traffic / V2:Slowing or stopped in traffic / V3:Travelling straight ahead / V4:Travelling straight ahead / V5:Travelling straight ahead,V1:Northbound / V2:Northbound / V3:Northbound / V4:Northbound / V5:Northbound ,V1: Collision with motor vehicle in traffic / V2: Collision with motor vehicle in traffic / V3: Collision with motor vehicle in traffic / V4: Collision with motor vehicle in traffic / V5: Collision with motor vehicle in traffic ,"V1: Light truck(van, mini-van, panel, pickup, sport utility) with only four tires / V2:Light truck(van, mini-van, panel, pickup, sport utility) with only four tires / V3:Light truck(van, mini-van, panel, pickup, sport utility) with only four tires / V4:Light truck(van, mini-van, panel, pickup, sport utility) with only four tires / V5:Passenger car",Dry,Daylight,Clear,,Rte 93 N,,Exit 15 on Rte 93 N,,,236972.2496,896473.4282
3390865,BOSTON,13-Apr-2013,1:30 PM,Property damage only (none injured),2,0,0,Rear-end,V1: Travelling straight ahead / V2:Slowing or stopped in traffic,V1:Northbound / V2:Northbound ,V1: Collision with motor vehicle in traffic / V2: Collision with motor vehicle in traffic ,"V1: Light truck(van, mini-van, panel, pickup, sport utility) with only four tires / V2:Light truck(van, mini-van, panel, pickup, sport utility) with only four tires",Dry,Daylight,Clear,,150 WILLIAM T MORRISSEY BOULEVARD / WILLIAM T MORRISSEY BOULEVARD,,,BC HIGH,,237342.8773,896084.4486
3403596,BOSTON (DORCHESTER),13-Apr-2013,7:30 PM,Non-fatal injury,2,1,0,Rear-end,V1: Slowing or stopped in traffic / V2:Travelling straight ahead,V1:Not reported / V2:Not reported ,V1: Collision with motor vehicle in traffic / V2: Collision with motor vehicle in traffic ,V1: Passenger car / V2:Passenger car,Dry,Dark - lighted roadway,Clear,DORCHESTER AVENUE / GALLIVAN BOULEVARD,,,,,,235804.4062,892252.5627
3454095,BOSTON,13-Apr-2013,9:15 PM,Property damage only (none injured),2,0,0,Angle,V1: Travelling straight ahead / V2:Turning left,V1:Westbound / V2:Westbound ,V1: Collision with motor vehicle in traffic / V2: Collision with motor vehicle in traffic ,"V1: Light truck(van, mini-van, panel, pickup, sport utility) with only four tires / V2:Passenger car",Dry,Dark - lighted roadway,Cloudy,,0 feet E from Intersection SOLDIERS FIELD ROAD / EVERETT STREET,,,ELLIOT,,230032.9845,901646.3752
3399024,BOSTON,13-Apr-2013,10:37 PM,Non-fatal injury,1,1,0,Single vehicle crash,V1: Travelling straight ahead,V1:Northbound ,V1: Not reported ,V1: Passenger car,Dry,Dark - lighted roadway,Not Reported,VETERANS OF FOREIGN WARS PARKWAY / SPRING STREET,,,,,P3:Skater,227039.2156,891318.8539
3491295,BOSTON,14-Apr-2013,4:15 AM,Not Reported,1,0,0,Single vehicle crash,V1: Entering traffic lane,V1:Eastbound ,V1: Collision with guardrail ,V1: Passenger car,Dry,Dawn,Cloudy,STORROW DRIVE / CHARLESGATE OVERPASS,,,,@ CHARLESGATE EAST RAMP,,233992.7434,900260.9984
3391390,BOSTON,14-Apr-2013,12:50 PM,Property damage only (none injured),3,0,0,Rear-end,V1: Travelling straight ahead / V2:Travelling straight ahead / V3:Travelling straight ahead,V1:Eastbound / V2:Eastbound / V3:Eastbound ,V1: Collision with motor vehicle in traffic / V2: Collision with motor vehicle in traffic / V3: Collision with motor vehicle in traffic ,V1: Passenger car / V2:Passenger car / V3:Passenger car,Dry,Daylight,Cloudy,,STORROW DRIVE / CHARLESGATE WEST,,,,,233274.8528,900089.9893
3422103,BOSTON (HYDE PARK),14-Apr-2013,4:31 PM,Property damage only (none injured),2,0,0,Not reported,V1: Parked / V2:Backing,V1:Not reported / V2:Northbound ,V1: Collision with motor vehicle in traffic / V2: Collision with parked motor vehicle ,"V1: Light truck(van, mini-van, panel, pickup, sport utility) with only four tires / V2:Passenger car",Not reported,Not reported,Not Reported,,6 MAPLE STREET,,,,,234223.1712,895578.5507
3391391,BOSTON,15-Apr-2013,00:00 AM,Property damage only (none injured),1,0,0,Single vehicle crash,V1: Backing,V1:Westbound ,V1: Collision with light pole or other post/support ,V1: Passenger car,Dry,Dark - lighted roadway,Clear,,RAMP - SOLDIERS FIELD RD WB TO WESTERN A / SOLDIERS FIELD ROAD,,,CAMBRIDGE ST. OFF-RAMP,,231525.1512,901058.539
3391800,BOSTON,15-Apr-2013,2:30 AM,Non-fatal injury,2,1,0,Head-on,V1: Travelling straight ahead / V2:Travelling straight ahead,V1:Northbound / V2:Southbound ,V1: Collision with motor vehicle in traffic / V2: Collision with motor vehicle in traffic ,"V1: Passenger car / V2:Light truck(van, mini-van, panel, pickup, sport utility) with only four tires",Dry,Dark - lighted roadway,Clear,,NEPONSET AVENUE / WILLIAM T MORRISSEY BOULEVARD,,,NEPONSET CIRLCLE,,237696.0819,892924.3425
3391802,BOSTON,15-Apr-2013,5:03 AM,Property damage only (none injured),2,0,0,"Sideswipe, same direction",V1: Changing lanes / V2:Travelling straight ahead,V1:Northbound / V2:Northbound ,V1: Collision with motor vehicle in traffic / V2: Collision with motor vehicle in traffic ,"V1: Light truck(van, mini-van, panel, pickup, sport utility) with only four tires / V2:Light truck(van, mini-van, panel, pickup, sport utility) with only four tires",Dry,Dark - lighted roadway,Clear,,GENERAL CASIMIR PULASKI SKYWAY Rte 93 N / RAMP - RT 93 NB TO MORRISSEY BLVD,,,NEPONSET CIRCLE,,237259.1687,894482.9519
3479171,BOSTON,15-Apr-2013,12:10 PM,Non-fatal injury,1,1,0,Head-on,V1: Travelling straight ahead,V1:Eastbound ,V1: Collision with pedestrian ,"V1: Light truck(van, mini-van, panel, pickup, sport utility) with only four tires",Dry,Daylight,Clear,,MORTON STREET Rte UNKNOW / CANTERBURY STREET,,,,P2:Pedestrian,233302.1557,893677.645
3403885,BOSTON,15-Apr-2013,4:01 PM,Non-fatal injury,2,1,0,"Sideswipe, same direction",V1: Travelling straight ahead / V2:Changing lanes,V1:Northbound / V2:Northbound ,V1: Collision with motor vehicle in traffic / V2: Collision with motor vehicle in traffic ,"V1: Light truck(van, mini-van, panel, pickup, sport utility) with only four tires / V2:Passenger car",Dry,Daylight,Not Reported,,JOHN F FITZGERALD EXPRESSWAY Rte 1 N / RAMP - BROADWAY TO RT 93 NB,,,O'NEILL TUNNEL,,236462.5199,899887.8891
3430252,BOSTON,15-Apr-2013,5:35 PM,Property damage only (none injured),1,0,0,"Sideswipe, opposite direction",V1: Turning right,V1:Eastbound ,"V1: Collision with cyclist (bicycle, tricycle, unicycle, pedal car) ",V1: Passenger car,Dry,Daylight,Clear,,125 feet N from Intersection RAMP-WESTERN AV TO SOLDIERS FIELD RD EB,,,,,231435.238,901568.4092
3394437,BOSTON,16-Apr-2013,7:50 AM,Property damage only (none injured),2,0,0,Rear-end,V1: Slowing or stopped in traffic / V2:Travelling straight ahead,V1:Northbound / V2:Northbound ,V1: Collision with motor vehicle in traffic / V2: Collision with motor vehicle in traffic ,V1: Passenger car / V2:Passenger car,Dry,Daylight,Clear,,Rte 93 N,Rte 93  N Milemarker 16.9,,,,236742.6233,900426.5825