Crash Number,City/Town Name,Crash Date,Crash Time,Crash Severity,Number of Vehicles,Total Nonfatal Injuries,Total Fatal Injuries,Manner of Collision,Vehicle Action Prior to Crash,Vehicle Travel Directions,Most Harmful Events,Vehicle Configuration,Road Surface Condition,Ambient Light,Weather Condition,At Roadway Intersection,Distance from Nearest Roadway Intersection,Distance from Nearest Milemarker,Distance from Nearest Exit,Distance from Nearest Landmark,Non Motorist Type,X Coordinate,Y Coordinate
3390053,BOSTON,16-Apr-2013,9:33 AM,Property damage only (none injured),2,0,0,"Sideswipe, same direction",V1: Travelling straight ahead / V2:Travelling straight ahead,V1:Northbound / V2:Northbound ,V1: Collision with motor vehicle in traffic / V2: Collision with motor vehicle in traffic ,V1: Passenger car / V2:Passenger car,Dry,Daylight,Clear,,Rte 93 N / UNKNOWN,,Exit 28 on Rte 93 N,,,234953.5188,903173.3157
3402972,BOSTON,16-Apr-2013,9:50 AM,Property damage only (none injured),2,0,0,Angle,V1: Slowing or stopped in traffic / V2:Travelling straight ahead,V1:Westbound / V2:Northbound ,V1: Collision with motor vehicle in traffic / V2: Collision with motor vehicle in traffic ,"V1: Light truck(van, mini-van, panel, pickup, sport utility) with only four tires / V2:Light truck(van, mini-van, panel, pickup, sport utility) with only four tires",Dry,Daylight,Not Reported,,CHARLESGATE EAST / BEACON STREET,,,,,233644.865,900055.8984
3556876,BOSTON,16-Apr-2013,1:40 PM,Property damage only (none injured),2,0,0,Rear-end,V1: Slowing or stopped in traffic / V2:Travelling straight ahead,V1:Southbound / V2:Southbound ,V1: Collision with motor vehicle in traffic / V2: Collision with motor vehicle in traffic ,"V1: Light truck(van, mini-van, panel, pickup, sport utility) with only four tires / V2:Motorcycle",Dry,Daylight,Clear,EAST FIFTH STREET / L STREET,,,,,,238293.3596,898265.7963
3430257,BOSTON,17-Apr-2013,7:29 AM,Property damage only (none injured),2,0,0,Rear-end,V1: Travelling straight ahead / V2:Not reported,V1:Northbound / V2:Not reported ,V1: Collision with motor vehicle in traffic / V2: Not reported ,V1: Passenger car / V2:Not reported,Dry,Daylight,Clear,WILLIAM T MORRISSEY BOULEVARD,,,,MORRISSEY BLVD,,237296.2211,893731.1552
3390859,BOSTON,17-Apr-2013,10:41 AM,Property damage only (none injured),3,0,0,Rear-end,V1: Slowing or stopped in traffic / V2:Slowing or stopped in traffic / V3:Travelling straight ahead,V1:Westbound / V2:Westbound / V3:Westbound ,V1: Collision with motor vehicle in traffic / V2: Collision with motor vehicle in traffic / V3: Collision with motor vehicle in traffic ,V1: Passenger car / V2:Passenger car / V3:Passenger car,Dry,Daylight,Not Reported,RAMP - STORROW DR TO RT 2A WB / STORROW DRIVE,,,,,,233929.9107,900269.172
3399025,BOSTON,17-Apr-2013,4:40 PM,Non-fatal injury,3,1,0,Rear-end,V1: Travelling straight ahead / V2:Travelling straight ahead / V3:Travelling straight ahead,V1:Eastbound / V2:Eastbound / V3:Eastbound ,V1: Collision with motor vehicle in traffic / V2: Collision with motor vehicle in traffic / V3: Collision with motor vehicle in traffic ,"V1: Light truck(van, mini-van, panel, pickup, sport utility) with only four tires / V2:Passenger car / V3:Light truck(van, mini-van, panel, pickup, sport utility) with only four tires",Dry,Daylight,Clear,,ARBORWAY / MONSIGNOR CASEY HIGHWAY Rte 203 E,,,ARBORETUM,,231484.5304,894765.4037
3430238,BOSTON,17-Apr-2013,5:33 PM,Property damage only (none injured),2,0,0,Rear-end,V1: Travelling straight ahead / V2:Travelling straight ahead,V1:Not reported / V2:Not reported ,V1: Collision with motor vehicle in traffic / V2: Collision with motor vehicle in traffic ,"V1: Bus (seats for more than 15 people, including driver) / V2:Light truck(van, mini-van, panel, pickup, sport utility) with only four tires",Dry,Daylight,Not Reported,,,,,,,,
3414441,BOSTON,17-Apr-2013,5:35 PM,Property damage only (none injured),2,0,0,Rear-end,V1: Slowing or stopped in traffic / V2:Travelling straight ahead,V1:Eastbound / V2:Eastbound ,V1: Collision with motor vehicle in traffic / V2: Collision with motor vehicle in traffic ,V1: Passenger car / V2:Passenger car,Dry,Daylight,Clear,,STORROW DRIVE / CHARLESGATE WEST,,,BOWKER O/P,,232817.1262,900129.2685
3414456,BOSTON,18-Apr-2013,00:00 AM,Property damage only (none injured),2,0,0,Rear-end,V1: Slowing or stopped in traffic / V2:Travelling straight ahead,V1:Southbound / V2:Southbound ,V1: Collision with motor vehicle in traffic / V2: Collision with motor vehicle in traffic ,"V1: Light truck(van, mini-van, panel, pickup, sport utility) with only four tires / V2:Light truck(van, mini-van, panel, pickup, sport utility) with only four tires",Dry,Dark - lighted roadway,Clear,RAMP - SB FRONTAGE RD TO BOSTON ST / SOUTHBOUND FRONTAGE ROAD / RAMP - SOUTHAMPTON ST TO SB FRONTAGE RD,,,Exit 16 ON on Rte 93 S,,,236212.8983,897732.8909
3391934,BOSTON,18-Apr-2013,7:57 AM,Property damage only (none injured),3,0,0,Rear-end,V1: Slowing or stopped in traffic / V2:Slowing or stopped in traffic / V3:Travelling straight ahead,V1:Eastbound / V2:Eastbound / V3:Eastbound ,V1: Collision with motor vehicle in traffic / V2: Collision with motor vehicle in traffic / V3: Collision with motor vehicle in traffic ,V1: Passenger car / V2:Passenger car / V3:Passenger car,Dry,Daylight,Not Reported,,Rte 90 E,Rte 90  E Milemarker 130.0,,,,229761.5309,900823.963
3452215,BOSTON (DORCHESTER),18-Apr-2013,2:03 PM,Unknown,1,0,0,Head-on,V1: Travelling straight ahead,V1:Not reported ,V1: Collision with parked motor vehicle ,V1: Not reported,Dry,Daylight,Clear,DORCHESTER AVENUE / PARK STREET,,,,,P3:Pedestrian,236228.2762,894329.7784
3395101,BOSTON,18-Apr-2013,7:21 PM,Non-fatal injury,1,1,0,Single vehicle crash,V1: Travelling straight ahead,V1:Southbound ,V1: Collision with curb ,V1: MOPED,Dry,Daylight,Not Reported,COLUMBIA ROAD / RAMP - RT 93 SB TO COLUMBIA RD,,,,,,236745.2344,896875.3748
3424264,BOSTON (BRIGHTON),19-Apr-2013,6:15 PM,Non-fatal injury,2,1,0,Rear-end,V1: Slowing or stopped in traffic / V2:Slowing or stopped in traffic,V1:Eastbound / V2:Eastbound ,V1: Collision with motor vehicle in traffic / V2: Collision with motor vehicle in traffic ,"V1: Passenger car / V2:Light truck(van, mini-van, panel, pickup, sport utility) with only four tires",Dry,Dusk,Clear/Clear,,301 WASHINGTON STREET,,,,,236363.4742,900835.5427
3390867,BOSTON,19-Apr-2013,7:40 PM,Property damage only (none injured),1,0,0,Single vehicle crash,V1: Turning left,V1:Westbound ,V1: Collision with light pole or other post/support ,V1: Passenger car,Dry,Dusk,Cloudy,WILLIAM T MORRISSEY BOULEVARD / MOUNT VERNON STREET,,,,JFK T,,237000,896815.2502
3738414,BOSTON (MATTAPAN),19-Apr-2013,8:14 PM,Non-fatal injury,2,2,0,Angle,V1: Travelling straight ahead / V2:Travelling straight ahead,V1:Southbound / V2:Westbound ,V1: Collision with motor vehicle in traffic / V2: Collision with motor vehicle in traffic ,V1: Passenger car / V2:Passenger car,Dry,Dark - lighted roadway,Clear,CUMMINS HIGHWAY / ITASCA STREET,,,,,,232615.8274,891284.6922
3394340,BOSTON,19-Apr-2013,8:30 PM,Property damage only (none injured),1,0,0,Single vehicle crash,V1: Travelling straight ahead,V1:Northbound ,V1: Collision with median barrier ,V1: Passenger car,Dry,Dark - lighted roadway,Clear,,Rte 93,,Exit 23 on Rte 93,,,236957.4837,900943.9828
3393071,BOSTON,19-Apr-2013,10:48 PM,Property damage only (none injured),1,0,0,Single vehicle crash,V1: Entering traffic lane,V1:Northbound ,V1: Collision with motor vehicle in traffic ,"V1: Light truck(van, mini-van, panel, pickup, sport utility) with only four tires",Dry,Dark - lighted roadway,Clear,,Rte 90 E / UNKNOWN,,Exit 24C on Rte 90 E,,,236020.7529,899669.4659
3415035,BOSTON,20-Apr-2013,2:00 AM,Non-fatal injury,1,1,0,Single vehicle crash,V1: Travelling straight ahead,V1:Not reported ,V1: Collision with light pole or other post/support ,V1: Passenger car,Wet,Dark - lighted roadway,Cloudy/Rain,MAIN STREET / SULLIVAN SQUARE,,,,,,235177.4899,903868.7444
3392500,BOSTON,20-Apr-2013,2:10 AM,Property damage only (none injured),1,0,0,Single vehicle crash,V1: Travelling straight ahead,V1:Northbound ,V1: Collision with median barrier ,"V1: Light truck(van, mini-van, panel, pickup, sport utility) with only four tires",Wet,Dark - lighted roadway,Rain,,Rte 93 N,Rte 93  N Milemarker 17.1,,,,236981.7446,900635.8998
3396810,BOSTON,20-Apr-2013,9:30 AM,Non-fatal injury,1,1,0,Single vehicle crash,V1: Travelling straight ahead,V1:Westbound ,V1: Collision with median barrier ,V1: Passenger car,Wet,Daylight,Cloudy,,MORTON STREET / CANTERBURY STREET,,,,,233302.1557,893677.645
3394351,BOSTON,20-Apr-2013,1:51 PM,Property damage only (none injured),2,0,0,Rear-end,V1: Travelling straight ahead / V2:Travelling straight ahead,V1:Northbound / V2:Northbound ,V1: Collision with motor vehicle in traffic / V2: Collision with motor vehicle in traffic ,V1: Passenger car / V2:Passenger car,Dry,Daylight,Clear,,Rte 93,,Exit 11 on Rte 93,,,237094.7253,891674.8051
3400310,BOSTON,20-Apr-2013,3:39 PM,Property damage only (none injured),2,0,0,"Sideswipe, same direction",V1: Turning left / V2:Slowing or stopped in traffic,V1:Not reported / V2:Not reported ,V1: Collision with motor vehicle in traffic / V2: Collision with motor vehicle in traffic ,V1: Tractor/semi-trailer / V2:Passenger car,Dry,Daylight,Clear,,,,,,,,
3423315,BOSTON,20-Apr-2013,4:45 PM,Non-fatal injury,2,1,0,Angle,V1: Travelling straight ahead / V2:Turning left,V1:Westbound / V2:Westbound ,V1: Collision with motor vehicle in traffic / V2: Collision with motor vehicle in traffic ,V1: Passenger car / V2:Passenger car,Dry,Daylight,Not Reported,SOLDIERS FIELD ROAD EXTENSION / SOLDIERS FIELD ROAD,,,,ELIOT BRIDGE,,230478.0938,902530.5623
3393519,BOSTON,20-Apr-2013,7:20 PM,Property damage only (none injured),2,0,0,"Sideswipe, same direction",V1: Travelling straight ahead / V2:Changing lanes,V1:Northbound / V2:Northbound ,V1: Collision with motor vehicle in traffic / V2: Collision with motor vehicle in traffic ,"V1: Passenger car / V2:Light truck(van, mini-van, panel, pickup, sport utility) with only four tires",Dry,Dusk,Cloudy,,CHARLESGATE EAST / COMMONWEALTH AVENUE,,,,,233649.9732,899935.8523
3424270,BOSTON (ALLSTON),20-Apr-2013,7:50 PM,Property damage only (none injured),1,0,0,Single vehicle crash,V1: Travelling straight ahead,V1:Westbound ,V1: Collision with pedestrian ,V1: Passenger car,Dry,Dark - lighted roadway,Clear,HARRY AGGANIS WAY / COMMONWEALTH AVENUE Rte 20 W,,,,,,231430.2115,900186.5879
3424266,BOSTON (ALLSTON),20-Apr-2013,8:40 PM,Non-fatal injury,1,1,0,Rear-end,V1: Slowing or stopped in traffic,V1:Not reported ,"V1: Collision with cyclist (bicycle, tricycle, unicycle, pedal car) ","V1: Light truck(van, mini-van, panel, pickup, sport utility) with only four tires",Dry,Dark - lighted roadway,Clear/Clear,BRIGHTON AVENUE / CHESTER STREET,,,,,"P3:Pedalcyclist (bicycle, tricycle, unicycle, pedal car)",230620.3596,900300.7501
3452212,BOSTON (DORCHESTER),20-Apr-2013,10:19 PM,Property damage only (none injured),2,0,0,Unknown,V1: Travelling straight ahead / V2:Travelling straight ahead,V1:Not reported / V2:Not reported ,V1: Collision with motor vehicle in traffic / V2: Collision with motor vehicle in traffic ,V1: Passenger car / V2:Passenger car,Dry,Dark - lighted roadway,Clear/Clear,WESTVILLE STREET / GENEVA AVENUE,,,,,,235673.1719,894593.3125
3424994,BOSTON,20-Apr-2013,10:45 PM,Not Reported,2,0,0,Not reported,V1: Making U-turn / V2:Parked,V1:Northbound / V2:Not reported ,V1: Not reported / V2: Not reported ,"V1: Bus (seats for more than 15 people, including driver) / V2:Passenger car",Dry,Dark - lighted roadway,Clear,,180 COLUMBUS AVENUE,,,,,235316.0928,899926.2532
3400311,BOSTON,21-Apr-2013,11:00 AM,Property damage only (none injured),2,0,0,"Sideswipe, same direction",V1: Travelling straight ahead / V2:Parked,V1:Not reported / V2:Not reported ,V1: Collision with parked motor vehicle / V2: Collision with motor vehicle in traffic ,V1: Passenger car / V2:Passenger car,Dry,Daylight,Clear,,ARBORWAY Rte UNKNOW,,,WEST ROXBURY COURT,,232072.8728,894601.157
3420728,BOSTON,21-Apr-2013,11:52 AM,Non-fatal injury,2,1,0,Rear-end,V1: Slowing or stopped in traffic / V2:Travelling straight ahead,V1:Southbound / V2:Southbound ,V1: Collision with motor vehicle in traffic / V2: Collision with motor vehicle in traffic ,"V1: Light truck(van, mini-van, panel, pickup, sport utility) with only four tires / V2:Passenger car",Dry,Daylight,Clear,,GALLIVAN BOULEVARD / WASHINGTON STREET,,,,,235509.2971,892128.6873
3421263,BOSTON,21-Apr-2013,12:30 PM,Property damage only (none injured),2,0,0,"Sideswipe, same direction",V1: Travelling straight ahead / V2:Travelling straight ahead,V1:Southbound / V2:Southbound ,V1: Collision with motor vehicle in traffic / V2: Collision with motor vehicle in traffic ,"V1: Single-unit truck (2-axle, 6-tire) / V2:Passenger car",Dry,Daylight,Clear,,Rte 93 S / UNKNOWN,,Exit 18 on Rte 93 S,,,236013.2783,899092.9981
3394353,BOSTON,21-Apr-2013,1:13 PM,Property damage only (none injured),2,0,0,Rear-end,V1: Travelling straight ahead / V2:Slowing or stopped in traffic,V1:Northbound / V2:Northbound ,V1: Collision with motor vehicle in traffic / V2: Collision with motor vehicle in traffic ,V1: Passenger car / V2:Passenger car,Dry,Daylight,Clear,,Rte 93 N,,Exit 13 on Rte 93 N,,,237420.1414,894076.5227
3415437,BOSTON,21-Apr-2013,2:20 PM,Property damage only (none injured),2,0,0,Angle,V1: Travelling straight ahead / V2:Turning left,V1:Southbound / V2:Westbound ,V1: Collision with motor vehicle in traffic / V2: Collision with motor vehicle in traffic ,V1: Passenger car / V2:Passenger car,Dry,Daylight,Clear/Clear,SUMMER STREET / WEST SIDE DR,,,,,,237453.9591,899815.9316
3393524,BOSTON,21-Apr-2013,5:08 PM,Non-fatal injury,4,1,0,Rear-end,V1: Slowing or stopped in traffic / V2:Slowing or stopped in traffic / V3:Slowing or stopped in traffic / V4:Slowing or stopped in traffic,V1:Westbound / V2:Westbound / V3:Westbound / V4:Westbound ,V1: Collision with motor vehicle in traffic / V2: Collision with motor vehicle in traffic / V3: Collision with motor vehicle in traffic / V4: Collision with motor vehicle in traffic ,"V1: Passenger car / V2:Light truck(van, mini-van, panel, pickup, sport utility) with only four tires / V3:Light truck(van, mini-van, panel, pickup, sport utility) with only four tires / V4:Passenger car",Dry,Daylight,Clear,,SOLDIERS FIELD ROAD / STORROW DRIVE,,,BU BRIDGE,,232024.0193,900233.8713
3393525,BOSTON,21-Apr-2013,7:45 PM,Non-fatal injury,1,1,0,Single vehicle crash,V1: Travelling straight ahead,V1:Westbound ,V1: Collision with motor vehicle in traffic ,V1: Motorcycle,Dry,Dusk,Clear,,STORROW DRIVE / CHARLESGATE OVERPASS,,,,,233590.9411,900212.3308
3414470,BOSTON,22-Apr-2013,8:03 AM,Property damage only (none injured),2,0,0,"Sideswipe, opposite direction",V1: Travelling straight ahead / V2:Not reported,V1:Northbound / V2:Northbound ,V1: Collision with motor vehicle in traffic / V2: Not reported ,"V1: Passenger car / V2:Light truck(van, mini-van, panel, pickup, sport utility) with only four tires",Dry,Daylight,Not Reported,,VETERANS OF FOREIGN WARS PARKWAY / BAKER STREET,,,,,227086.7657,893107.1877
3393507,BOSTON,22-Apr-2013,8:06 AM,Property damage only (none injured),2,0,0,Rear-end,V1: Travelling straight ahead / V2:Slowing or stopped in traffic,V1:Westbound / V2:Westbound ,V1: Collision with motor vehicle in traffic / V2: Collision with motor vehicle in traffic ,"V1: Passenger car / V2:Light truck(van, mini-van, panel, pickup, sport utility) with only four tires",Dry,Daylight,Clear,,Rte 90 W,Rte 90  W Milemarker 132.0,,,,232572.2182,899870.4883
3414358,BOSTON,22-Apr-2013,8:29 AM,Property damage only (none injured),2,0,0,Rear-end,V1: Travelling straight ahead / V2:Slowing or stopped in traffic,V1:Eastbound / V2:Eastbound ,V1: Collision with motor vehicle in traffic / V2: Collision with motor vehicle in traffic ,V1: Passenger car / V2:Passenger car,Dry,Daylight,Not Reported,,WEST ROXBURY PARKWAY / CHURCH STREET,,,,,229107.1406,893354.8751
3425212,BOSTON,22-Apr-2013,9:00 AM,Property damage only (none injured),1,0,0,"Sideswipe, same direction",V1: Changing lanes,V1:Southbound ,V1: Collision with motor vehicle in traffic ,"V1: Light truck(van, mini-van, panel, pickup, sport utility) with only four tires",Dry,Daylight,Clear,,GALLIVAN BOULEVARD / WESSEX STREET,,,,,236183.254,892405.8816
3452333,BOSTON,22-Apr-2013,9:48 AM,Not Reported,2,0,0,Not reported,V1: Not reported / V2:Not reported,V1:Not reported / V2:Not reported ,V1: Not reported / V2: Not reported ,"V1: Light truck(van, mini-van, panel, pickup, sport utility) with only four tires / V2:Passenger car",Not reported,Not reported,Not Reported,,150 FREEPORT STREET,,,,,236633.7256,894976.3603
3414458,BOSTON,22-Apr-2013,10:43 AM,Property damage only (none injured),2,0,0,Head-on,V1: Turning left / V2:Travelling straight ahead,V1:Northbound / V2:Southbound ,V1: Collision with motor vehicle in traffic / V2: Collision with motor vehicle in traffic ,V1: Passenger car / V2:Passenger car,Dry,Daylight,Clear,,WILLIAM DAY BOULEVARD / I STREET,,,,,237929.5154,897835.3748
3452237,BOSTON (DORCHESTER),22-Apr-2013,12:00 PM,Not Reported,1,0,0,Single vehicle crash,V1: Not reported,V1:Not reported ,V1: Not reported ,V1: Unknown vehicle configuration,Dry,Daylight,Clear,,1133 DORCHESTER AVENUE,,,,,236485.5365,895810.0346
3414359,BOSTON,22-Apr-2013,3:45 PM,Property damage only (none injured),2,0,0,"Sideswipe, opposite direction",V1: Travelling straight ahead / V2:Travelling straight ahead,V1:Northbound / V2:Westbound ,V1: Not reported / V2: Not reported ,V1: Passenger car / V2:Passenger car,Dry,Daylight,Not Reported,,VETERANS OF FOREIGN WARS PARKWAY / LA GRANGE STREET,,,,,227356.7344,893407.1877
3452236,BOSTON (DORCHESTER),22-Apr-2013,8:14 PM,Not Reported,1,0,0,Single vehicle crash,V1: Not reported,V1:Not reported ,V1: Not reported ,V1: Unknown vehicle configuration,Dry,Dark - lighted roadway,Clear,,452 GENEVA AVENUE,,,,P2:Pedestrian,235805.7471,894488.9898
3394341,BOSTON,22-Apr-2013,10:08 PM,Property damage only (none injured),3,0,0,Rear-end,V1: Travelling straight ahead / V2:Travelling straight ahead / V3:Travelling straight ahead,V1:Southbound / V2:Southbound / V3:Southbound ,V1: Collision with motor vehicle in traffic / V2: Collision with motor vehicle in traffic / V3: Collision with motor vehicle in traffic ,"V1: Light truck(van, mini-van, panel, pickup, sport utility) with only four tires / V2:Passenger car / V3:Passenger car",Dry,Dark - lighted roadway,Clear,,GENERAL CASIMIR PULASKI SKYWAY Rte 93 S / JOHN F FITZGERALD EXPRESSWAY,,,NORTH  OF RS RAMP,,235937.5459,898217.0198
3501992,BOSTON,22-Apr-2013,10:42 PM,Property damage only (none injured),1,0,0,Single vehicle crash,V1: Backing,V1:Northbound ,V1: Collision with fence ,V1: Passenger car,Dry,Dark - roadway not lighted,Clear,,,,,BLACK FALCON DOCK,,,
3414342,BOSTON,23-Apr-2013,7:20 AM,Non-fatal injury,2,1,0,Rear-end,V1: Slowing or stopped in traffic / V2:Travelling straight ahead,V1:Northbound / V2:Northbound ,V1: Collision with motor vehicle in traffic / V2: Collision with motor vehicle in traffic ,"V1: Light truck(van, mini-van, panel, pickup, sport utility) with only four tires / V2:Light truck(van, mini-van, panel, pickup, sport utility) with only four tires",Wet,Daylight,Rain,,Rte 93 N,,Exit 15 on Rte 93 N,,,236972.2496,896473.4282
3452211,BOSTON,23-Apr-2013,7:59 AM,Not Reported,1,0,0,Single vehicle crash,V1: Travelling straight ahead,V1:Southbound ,"V1: Collision with other fixed object (wall, building, tunnel, etc.) ",V1: Passenger car,Wet,Daylight,Rain/Rain,,1161 ADAMS STREET,,,,,235833.6315,891449.22
3414213,BOSTON,23-Apr-2013,8:30 AM,Property damage only (none injured),2,0,0,Rear-end,V1: Travelling straight ahead / V2:Travelling straight ahead,V1:Northbound / V2:Northbound ,V1: Collision with motor vehicle in traffic / V2: Collision with motor vehicle in traffic ,V1: Passenger car / V2:Passenger car,Dry,Other,Other,,Rte 93,,Exit 23 on Rte 93,,,236957.4837,900943.9828
3392502,BOSTON,23-Apr-2013,11:28 AM,Property damage only (none injured),1,0,0,Single vehicle crash,V1: Travelling straight ahead,V1:Westbound ,V1: Collision with guardrail ,V1: Passenger car,Wet,Daylight,Rain,,SOLDIERS FIELD ROAD / NORTH HARVARD STREET,,,,,230992.3482,902048.2872
3394334,BOSTON,23-Apr-2013,12:10 PM,Property damage only (none injured),1,0,0,Single vehicle crash,V1: Other,V1:Eastbound ,V1: Collision with median barrier ,V1: Passenger car,Wet,Daylight,Rain,,Rte 90 E,Rte 90  E Milemarker 129.0,,,,228164.3301,900848.8102
3414459,BOSTON,23-Apr-2013,1:28 PM,Not Reported,2,0,0,"Sideswipe, same direction",V1: Entering traffic lane / V2:Entering traffic lane,V1:Eastbound / V2:Eastbound ,V1: Collision with motor vehicle in traffic / V2: Collision with motor vehicle in traffic ,V1: Passenger car / V2:Passenger car,Dry,Dusk,Clear,COLUMBIA ROAD / BUTTONWOOD STREET,,,,,,236609.8841,896827.4434
3393526,BOSTON,23-Apr-2013,3:42 PM,Non-fatal injury,2,1,0,Rear-end,V1: Slowing or stopped in traffic / V2:Travelling straight ahead,V1:Westbound / V2:Westbound ,V1: Collision with motor vehicle in traffic / V2: Collision with motor vehicle in traffic ,V1: Passenger car / V2:Passenger car,Dry,Daylight,Clear,SOLDIERS FIELD ROAD EXTENSION / SOLDIERS FIELD ROAD,,,,ELIOT BRIDGE TO SOLDIERS FIELD R,,230341.9376,902500.9999
3393527,BOSTON,23-Apr-2013,5:35 PM,Property damage only (none injured),2,0,0,"Sideswipe, same direction",V1: Changing lanes / V2:Travelling straight ahead,V1:Northbound / V2:Westbound ,V1: Collision with motor vehicle in traffic / V2: Collision with motor vehicle in traffic ,V1: Passenger car / V2:Passenger car,Wet,Daylight,Rain,,SOLDIERS FIELD ROAD,,,ELIOT BRIDGE,,230452.2604,902469.303
3394342,BOSTON,23-Apr-2013,6:05 PM,Property damage only (none injured),4,0,0,Rear-end,V1: Travelling straight ahead / V2:Travelling straight ahead / V3:Travelling straight ahead / V4:Travelling straight ahead,V1:Southbound / V2:Southbound / V3:Southbound / V4:Southbound ,V1: Collision with motor vehicle in traffic / V2: Collision with motor vehicle in traffic / V3: Collision with motor vehicle in traffic / V4: Collision with motor vehicle in traffic ,"V1: Passenger car / V2:Passenger car / V3:Passenger car / V4:Light truck(van, mini-van, panel, pickup, sport utility) with only four tires",Dry,Dawn,Clear,,Rte 93 S / LEVERETT AVENUE,,Exit 26 on Rte 93 S,EXIT 26,,234851.4113,903728.5151
3402974,BOSTON,23-Apr-2013,6:18 PM,Property damage only (none injured),2,0,0,Rear-end,V1: Travelling straight ahead / V2:Slowing or stopped in traffic,V1:Eastbound / V2:Eastbound ,V1: Collision with motor vehicle in traffic / V2: Collision with motor vehicle in traffic ,"V1: Light truck(van, mini-van, panel, pickup, sport utility) with only four tires / V2:Light truck(van, mini-van, panel, pickup, sport utility) with only four tires",Dry,Daylight,Clear,,STORROW DRIVE / RAMP - BERKELEY ST TO RT 28 NB,,,STORROW TUNNELL,,235145.9276,900717.9224
3414360,BOSTON,23-Apr-2013,6:45 PM,Non-fatal injury,2,1,0,Rear-end,V1: Slowing or stopped in traffic / V2:Travelling straight ahead,V1:Westbound / V2:Westbound ,V1: Collision with motor vehicle in traffic / V2: Collision with motor vehicle in traffic ,V1: Passenger car / V2:Passenger car,Wet,Daylight,Rain,,MORTON STREET Rte UNKNOW / JAMES SHEA CIRCLE,,,,,232426.4151,894490.4999
3394343,BOSTON,23-Apr-2013,7:15 PM,Property damage only (none injured),2,0,0,Rear-end,V1: Travelling straight ahead / V2:Travelling straight ahead,V1:Southbound / V2:Southbound ,V1: Collision with motor vehicle in traffic / V2: Collision with motor vehicle in traffic ,V1: Passenger car / V2:Passenger car,Dry,Dark - lighted roadway,Clear,,Rte 93 S,,Exit 23 on Rte 93 S,SOUTH OF EXIT 23,,236856.2793,901152.8251
3394355,BOSTON,24-Apr-2013,6:50 AM,Property damage only (none injured),3,0,0,Not reported,V1: Slowing or stopped in traffic / V2:Slowing or stopped in traffic / V3:Slowing or stopped in traffic,V1:Southbound / V2:Southbound / V3:Southbound ,V1: Collision with motor vehicle in traffic / V2: Collision with motor vehicle in traffic / V3: Collision with median barrier ,V1: Passenger car / V2:Passenger car / V3:Passenger car,Dry,Daylight,Clear,,Rte 93 S,,Exit 11A on Rte 93 S,"93S, 1/4 MILE BEFORE EXIT 11",,237086.912,891375.951
3403083,BOSTON,24-Apr-2013,7:52 AM,Property damage only (none injured),2,0,0,Rear-end,V1: Travelling straight ahead / V2:Travelling straight ahead,V1:Northbound / V2:Northbound ,V1: Collision with motor vehicle in traffic / V2: Collision with motor vehicle in traffic ,"V1: Light truck(van, mini-van, panel, pickup, sport utility) with only four tires / V2:Passenger car",Dry,Daylight,Clear,,Rte 93 N,Rte 93  N Milemarker 16.9,,O&AMP;APOS;NEILL TUNNEL,,236742.6233,900426.5825
3393528,BOSTON,24-Apr-2013,8:58 AM,Non-fatal injury,3,1,0,Rear-end,V1: Slowing or stopped in traffic / V2:Slowing or stopped in traffic / V3:Travelling straight ahead,V1:Eastbound / V2:Eastbound / V3:Eastbound ,V1: Collision with motor vehicle in traffic / V2: Collision with motor vehicle in traffic / V3: Collision with motor vehicle in traffic ,"V1: Passenger car / V2:Light truck(van, mini-van, panel, pickup, sport utility) with only four tires / V3:Passenger car",Dry,Daylight,Clear,STORROW DRIVE / CHARLESGATE WEST,,,,,,233331.5159,900085.8125
3394444,BOSTON,24-Apr-2013,9:12 AM,Non-fatal injury,2,1,0,"Sideswipe, same direction",V1: Travelling straight ahead / V2:Travelling straight ahead,V1:Southbound / V2:Southbound ,V1: Collision with median barrier / V2: Collision with motor vehicle in traffic ,"V1: Passenger car / V2:Single-unit truck (2-axle, 6-tire)",Dry,Daylight,Clear,,WILLIAM T MORRISSEY BOULEVARD / NEPONSET AVENUE,,,NEPONSET CIRCLE,,237696.0819,892924.3425
3414443,BOSTON,24-Apr-2013,9:16 AM,Property damage only (none injured),2,0,0,Rear-end,V1: Travelling straight ahead / V2:Travelling straight ahead,V1:Eastbound / V2:Eastbound ,V1: Collision with motor vehicle in traffic / V2: Collision with motor vehicle in traffic ,"V1: Passenger car / V2:Light truck(van, mini-van, panel, pickup, sport utility) with only four tires",Dry,Daylight,Clear,,SOLDIERS FIELD ROAD / CAMBRIDGE STREET,,,NEAR DOUBLETREE HOTEL,,231508.7367,901129.967
3394344,BOSTON,24-Apr-2013,10:17 AM,Property damage only (none injured),3,0,0,Rear-end,V1: Travelling straight ahead / V2:Travelling straight ahead / V3:Travelling straight ahead,V1:Northbound / V2:Northbound / V3:Northbound ,V1: Collision with motor vehicle in traffic / V2: Collision with motor vehicle in traffic / V3: Collision with motor vehicle in traffic ,"V1: Light truck(van, mini-van, panel, pickup, sport utility) with only four tires / V2:Light truck(van, mini-van, panel, pickup, sport utility) with only four tires / V3:Passenger car",Dry,Daylight,Not Reported,,Rte 93 N,Rte 93  N Milemarker 15.7,,SOUTH OF EXIT 20,,235943.114,898828.9688