Crash Number,City/Town Name,Crash Date,Crash Time,Crash Severity,Number of Vehicles,Total Nonfatal Injuries,Total Fatal Injuries,Manner of Collision,Vehicle Action Prior to Crash,Vehicle Travel Directions,Most Harmful Events,Vehicle Configuration,Road Surface Condition,Ambient Light,Weather Condition,At Roadway Intersection,Distance from Nearest Roadway Intersection,Distance from Nearest Milemarker,Distance from Nearest Exit,Distance from Nearest Landmark,Non Motorist Type,X Coordinate,Y Coordinate
3738416,BOSTON (MATTAPAN),30-Apr-2013,12:00 PM,Not Reported,2,0,0,Not reported,V1: Not reported / V2:Not reported,V1:Not reported / V2:Not reported ,V1: Not reported / V2: Not reported ,"V1: Passenger car / V2:Light truck(van, mini-van, panel, pickup, sport utility) with only four tires",Dry,Daylight,Clear,HAZELTON STREET / HILLSBORO ROAD,,,,,,233179.5159,892495.2502
3420729,BOSTON,30-Apr-2013,12:30 PM,Property damage only (none injured),3,0,0,Rear-end,V1: Travelling straight ahead / V2:Slowing or stopped in traffic / V3:Slowing or stopped in traffic,V1:Southbound / V2:Southbound / V3:Southbound ,V1: Collision with motor vehicle in traffic / V2: Collision with motor vehicle in traffic / V3: Collision with motor vehicle in traffic ,"V1: Light truck(van, mini-van, panel, pickup, sport utility) with only four tires / V2:Passenger car / V3:Passenger car",Dry,Daylight,Clear,,Rte 93 S,,Exit 12 on Rte 93 S,93S EXIT 12,,237620.5493,892713.0989
3424258,BOSTON (BRIGHTON),30-Apr-2013,1:01 PM,Not Reported,1,0,0,Single vehicle crash,V1: Backing,V1:Not reported ,V1: Collision with curb ,V1: Passenger car,Dry,Daylight,Clear/Clear,,930 COMMONWEALTH AVENUE,,,,,231510.067,900153.4314
3397833,BOSTON,30-Apr-2013,4:15 PM,Property damage only (none injured),2,0,0,Rear-end,V1: Slowing or stopped in traffic / V2:Travelling straight ahead,V1:Northbound / V2:Northbound ,V1: Collision with motor vehicle in traffic / V2: Collision with motor vehicle in traffic ,"V1: Passenger car / V2:Light truck(van, mini-van, panel, pickup, sport utility) with only four tires",Dry,Daylight,Clear,,LEVERETT CONNECTOR NORTH / INTERSTATE 93 Rte 93 N,,,SN RAMP,,234870.6513,903793.2517
3399022,BOSTON,30-Apr-2013,4:45 PM,Property damage only (none injured),2,0,0,"Sideswipe, same direction",V1: Turning left / V2:Travelling straight ahead,V1:Northbound / V2:Northbound ,V1: Collision with motor vehicle in traffic / V2: Collision with motor vehicle in traffic ,"V1: Passenger car / V2:Light truck(van, mini-van, panel, pickup, sport utility) with only four tires",Dry,Daylight,Not Reported,FRONTAGE ROAD / MASSACHUSETTS AVENUE CONNECTOR / RAMP - FRONTAGE ROAD TO RT 93 NB,,,,AT MASS AVE CONNECTOR LIGHTS,,235865.0173,898419.1854
3738417,BOSTON (MATTAPAN),30-Apr-2013,5:11 PM,Not Reported,2,0,0,"Sideswipe, same direction",V1: Slowing or stopped in traffic / V2:Changing lanes,V1:Northbound / V2:Northbound ,V1: Collision with motor vehicle in traffic / V2: Collision with motor vehicle in traffic ,V1: Unknown vehicle configuration / V2:Unknown vehicle configuration,Dry,Dusk,Clear/Clear,,1282 BLUE HILL AVENUE,,,,,233593.2697,892261.3921
3450542,BOSTON (ROSLINDALE),30-Apr-2013,9:00 PM,Property damage only (none injured),2,0,0,"Sideswipe, same direction",V1: Travelling straight ahead / V2:Parked,V1:Not reported / V2:Not reported ,V1: Not reported / V2: Not reported ,"V1: Light truck(van, mini-van, panel, pickup, sport utility) with only four tires / V2:Passenger car",Dry,Dark - roadway not lighted,Clear,,BUSSEY STREET / WALTER STREET,,,,,230566.5313,894068.3747
3430234,BOSTON,30-Apr-2013,10:10 PM,Non-fatal injury,2,1,0,Angle,V1: Travelling straight ahead / V2:Turning left,V1:Eastbound / V2:Eastbound ,V1: Collision with motor vehicle in traffic / V2: Collision with motor vehicle in traffic ,V1: Passenger car / V2:Other,Dry,Dark - lighted roadway,Clear,,ALBANY STREET / Rte 93 S,,,UNDER I93 SOUTH,,235956.6798,898950.3127
3414215,BOSTON,01-May-2013,8:00 AM,Non-fatal injury,2,1,0,Rear-end,V1: Travelling straight ahead / V2:Slowing or stopped in traffic,V1:Westbound / V2:Westbound ,V1: Collision with motor vehicle in traffic / V2: Collision with motor vehicle in traffic ,V1: Passenger car / V2:Passenger car,Dry,Daylight,Clear,,Rte 90 W,Rte 90  W Milemarker 133.0,,,,234170.1927,899773.2896
3430249,BOSTON,01-May-2013,10:10 AM,Property damage only (none injured),2,0,0,"Sideswipe, same direction",V1: Travelling straight ahead / V2:Changing lanes,V1:Westbound / V2:Westbound ,V1: Collision with motor vehicle in traffic / V2: Collision with motor vehicle in traffic ,V1: Passenger car / V2:Passenger car,Dry,Daylight,Clear,RAMP - LEVERETT CONNECTOR TO STORROW DRI Rte 3A N / RAMP-RT 93 NB TO STORROW DRIVE Rte 3 N / LEVERETT CONNECTOR SOUTH,,,,,,235752.9932,901867.4291
3415038,BOSTON,01-May-2013,10:40 AM,Non-fatal injury,2,1,0,"Sideswipe, same direction",V1: Turning right / V2:Travelling straight ahead,V1:Southbound / V2:Northbound ,V1: Collision with motor vehicle in traffic / V2: Collision with motor vehicle in traffic ,"V1: Passenger car / V2:Light truck(van, mini-van, panel, pickup, sport utility) with only four tires",Dry,Daylight,Clear/Clear,CAMBRIDGE STREET / NORTH ANDERSON STREET,,,,,,235597.6309,901281.3965
3422721,BOSTON,01-May-2013,11:59 AM,Non-fatal injury,1,1,0,Single vehicle crash,V1: Travelling straight ahead,V1:Southbound ,V1: Collision with light pole or other post/support ,V1: Motorcycle,Dry,Daylight,Clear,,CENTRE STREET / HILLCROFT ROAD,,,,,231123.4534,895386.1455
3452239,BOSTON (DORCHESTER),01-May-2013,2:13 PM,Property damage only (none injured),1,0,0,"Sideswipe, same direction",V1: Travelling straight ahead,V1:Not reported ,V1: Collision with motor vehicle in traffic ,V1: Passenger car,Dry,Daylight,Clear/Clear,,863 WASHINGTON STREET,,,,P4:Pedestrian,235911.5627,899859.3748
3423099,BOSTON,01-May-2013,3:43 PM,Property damage only (none injured),2,0,0,Angle,V1: Travelling straight ahead / V2:Making U-turn,V1:Westbound / V2:Eastbound ,V1: Collision with motor vehicle in traffic / V2: Collision with motor vehicle in traffic ,V1: Passenger car / V2:Motorcycle,Dry,Daylight,Clear,,MORTON STREET Rte UNKNOW,,,,,234365.2253,892318.0301
3425350,BOSTON,01-May-2013,4:00 PM,Property damage only (none injured),2,0,0,Rear-end,V1: Travelling straight ahead / V2:Travelling straight ahead,V1:Northbound / V2:Northbound ,V1: Collision with motor vehicle in traffic / V2: Collision with motor vehicle in traffic ,V1: Passenger car / V2:Passenger car,Dry,Daylight,Clear,,Rte 93 N / SOUTHAMPTON STREET,,,SOUTH HAMPTON STREERT AND RAMP T,,236177.2184,897849.5222
3414465,BOSTON,01-May-2013,6:20 PM,Property damage only (none injured),2,0,0,Head-on,V1: Travelling straight ahead / V2:Turning left,V1:Northbound / V2:Southbound ,V1: Collision with motor vehicle in traffic / V2: Collision with motor vehicle in traffic ,"V1: Passenger car / V2:Light truck(van, mini-van, panel, pickup, sport utility) with only four tires",Dry,Daylight,Clear,WILLIAM DAY BOULEVARD / N STREET,,,,,,238641.9374,897901.9999
3427946,BOSTON,02-May-2013,2:28 AM,Non-fatal injury,2,1,0,Rear-end,V1: Slowing or stopped in traffic / V2:Slowing or stopped in traffic,V1:Southbound / V2:Southbound ,V1: Collision with motor vehicle in traffic / V2: Collision with motor vehicle in traffic ,V1: Passenger car / V2:Passenger car,Dry,Dark - lighted roadway,Clear,ALBANY STREET / HERALD STREET,,,,@ RAMP TO RTE. 93 SB,,236151.5786,899586.8009
3404652,BOSTON,02-May-2013,3:59 AM,Non-fatal injury,1,1,0,Single vehicle crash,V1: Travelling straight ahead,V1:Eastbound ,V1: Collision with pedestrian ,V1: Passenger car,Dry,Dark - lighted roadway,Not Reported,RAMP - STORROW DRIVE TO LEVERETT CONNECT / EMBANKMENT ROAD Rte 28 N,,,,ACROSS FROM BLOSSON STREET,P2:Pedestrian,235446.4686,901669.7367
3414326,BOSTON,02-May-2013,9:30 AM,Property damage only (none injured),2,0,0,"Sideswipe, same direction",V1: Travelling straight ahead / V2:Slowing or stopped in traffic,V1:Eastbound / V2:Eastbound ,V1: Collision with motor vehicle in traffic / V2: Collision with motor vehicle in traffic ,V1: Motorcycle / V2:Passenger car,Dry,Daylight,Clear,,MASSACHUSETTS TURNPIKE Rte 90 E / RAMP - RT 90 EB TO STUART STREET & HUNTI,,,PRU TUNNEL,,234142.2673,899758.5796
3439954,BOSTON,02-May-2013,9:33 AM,Property damage only (none injured),2,0,0,Rear-end,V1: Slowing or stopped in traffic / V2:Travelling straight ahead,V1:Southbound / V2:Southbound ,V1: Collision with motor vehicle in traffic / V2: Collision with motor vehicle in traffic ,"V1: Light truck(van, mini-van, panel, pickup, sport utility) with only four tires / V2:Passenger car",Dry,Dark - lighted roadway,Clear,,,,,IN TUNNEL,,,
3422517,BOSTON,02-May-2013,11:00 AM,Property damage only (none injured),2,0,0,Rear-end,V1: Travelling straight ahead / V2:Travelling straight ahead,V1:Westbound / V2:Westbound ,V1: Collision with motor vehicle in traffic / V2: Collision with motor vehicle in traffic ,"V1: Light truck(van, mini-van, panel, pickup, sport utility) with only four tires / V2:Passenger car",Dry,Daylight,Clear,,STORROW DRIVE / MASSACHUSETTS AVENUE,,,,,233795.0565,900247.6928
3439970,BOSTON,02-May-2013,11:08 AM,Property damage only (none injured),2,0,0,"Sideswipe, same direction",V1: Travelling straight ahead / V2:Travelling straight ahead,V1:Not reported / V2:Not reported ,V1: Collision with motor vehicle in traffic / V2: Collision with motor vehicle in traffic ,"V1: Light truck(van, mini-van, panel, pickup, sport utility) with only four tires / V2:Passenger car",Dry,Daylight,Clear,,VETERANS OF FOREIGN WARS PARKWAY,,,,,,
3414223,BOSTON,02-May-2013,1:30 PM,Property damage only (none injured),2,0,0,"Sideswipe, same direction",V1: Entering traffic lane / V2:Overtaking/passing,V1:Eastbound / V2:Eastbound ,V1: Collision with other movable object / V2: Collision with motor vehicle in traffic ,"V1: Light truck(van, mini-van, panel, pickup, sport utility) with only four tires / V2:Passenger car",Dry,Daylight,Not Reported,AIRPORT ROAD - DEPARTURE LEVEL / LOGAN AIRPORT TERMINAL B,,,,,,239638.8439,901717.8749
3414216,BOSTON,02-May-2013,1:50 PM,Property damage only (none injured),3,0,0,Rear-end,V1: Travelling straight ahead / V2:Travelling straight ahead / V3:Travelling straight ahead,V1:Southbound / V2:Southbound / V3:Southbound ,V1: Collision with motor vehicle in traffic / V2: Collision with motor vehicle in traffic / V3: Collision with motor vehicle in traffic ,"V1: Light truck(van, mini-van, panel, pickup, sport utility) with only four tires / V2:Light truck(van, mini-van, panel, pickup, sport utility) with only four tires / V3:Passenger car",Dry,Daylight,Clear,,JOHN F FITZGERALD EXPRESSWAY Rte 1 S / TEMPORARY RAMP,,,CANA TUNNEL,,236056.7704,902374.6159
3414327,BOSTON,02-May-2013,4:32 PM,Property damage only (none injured),2,0,0,Rear-end,V1: Travelling straight ahead / V2:Slowing or stopped in traffic,V1:Southbound / V2:Southbound ,V1: Collision with motor vehicle in traffic / V2: Collision with motor vehicle in traffic ,"V1: Light truck(van, mini-van, panel, pickup, sport utility) with only four tires / V2:Light truck(van, mini-van, panel, pickup, sport utility) with only four tires",Dry,Dark - lighted roadway,Clear,,Rte 93 S,,Exit 20 on Rte 93 S,,,236954.209,900826.9442
3415236,BOSTON (SOUTH BOSTON),02-May-2013,7:15 PM,Non-fatal injury,1,1,0,Single vehicle crash,V1: Turning right,V1:Northbound ,V1: Not reported ,"V1: Light truck(van, mini-van, panel, pickup, sport utility) with only four tires",Dry,Dusk,Cloudy,ELLERY STREET / SOUTHAMPTON STREET,,,,,P2:Pedestrian,236409.1561,897788.0624
3419968,BOSTON,03-May-2013,00:00 AM,Non-fatal injury,1,1,0,Single vehicle crash,V1: Turning left,V1:Westbound ,V1: Collision with motor vehicle in traffic ,"V1: Light truck(van, mini-van, panel, pickup, sport utility) with only four tires",Dry,Dark - lighted roadway,Clear,,MORTON STREET Rte UNKNOW / NORFOLK STREET,,,,P1:Pedestrian,234066.8436,892435.125
3403086,BOSTON,03-May-2013,1:55 AM,Property damage only (none injured),1,0,0,Single vehicle crash,V1: Travelling straight ahead,V1:Southbound ,V1: Collision with curb ,V1: Passenger car,Dry,Dark - lighted roadway,Clear,,SAINT THOMAS MORE ROAD,,,,,227662.7951,898625.2399
3424734,BOSTON (SOUTH BOSTON),03-May-2013,7:10 AM,Property damage only (none injured),2,0,0,"Sideswipe, same direction",V1: Turning right / V2:Parked,V1:Northbound / V2:Not reported ,V1: Collision with parked motor vehicle / V2: Collision with parked motor vehicle ,"V1: Bus (seats for more than 15 people, including driver) / V2:Passenger car",Dry,Daylight,Clear/Clear,L STREET / EAST FOURTH STREET,,,,,,238288.3435,898355.9375
3403085,BOSTON,03-May-2013,8:49 AM,Property damage only (none injured),2,0,0,Angle,V1: Travelling straight ahead / V2:Travelling straight ahead,V1:Southbound / V2:Southbound ,V1: Collision with motor vehicle in traffic / V2: Collision with motor vehicle in traffic ,"V1: Passenger car / V2:Single-unit truck (2-axle, 6-tire)",Dry,Daylight,Clear,,52 feet S from Intersection GENERAL CASIMIR PULASKI SKYWAY Rte 93 S / SOUTHBOUND FRONTAGE ROAD,,,BOSTON STREET OVERPASS,,236405.9413,897490.418
3414217,BOSTON,03-May-2013,12:56 PM,Non-fatal injury,2,1,0,Rear-end,V1: Slowing or stopped in traffic / V2:Travelling straight ahead,V1:Southbound / V2:Southbound ,V1: Collision with motor vehicle in traffic / V2: Collision with motor vehicle in traffic ,V1: Passenger car / V2:Passenger car,Dry,Daylight,Clear,RAMP - LEVERETT CONNECTOR TO NASHUA STRE / LEVERETT CONNECTOR SOUTH,,,,RAMP CN-L FROM 93 SB,,235824.4551,901854.1765
3404735,BOSTON,03-May-2013,3:54 PM,Property damage only (none injured),2,0,0,"Sideswipe, same direction",V1: Changing lanes / V2:Entering traffic lane,V1:Westbound / V2:Westbound ,V1: Collision with motor vehicle in traffic / V2: Collision with motor vehicle in traffic ,"V1: Passenger car / V2:Light truck(van, mini-van, panel, pickup, sport utility) with only four tires",Dry,Daylight,Clear,STORROW DRIVE Rte 28 S / RAMP - RT 3 TO RT 28 SB,,,,THE RAMP FROM CHARLES CIRCLE,,235200.8678,901325.5785
3542833,BOSTON,03-May-2013,4:13 PM,Not Reported,2,0,0,Rear-end,V1: Slowing or stopped in traffic / V2:Slowing or stopped in traffic,V1:Northbound / V2:Northbound ,V1: Collision with motor vehicle in traffic / V2: Collision with motor vehicle in traffic ,V1: Motorcycle / V2:Passenger car,Dry,Daylight,Clear,,STORROW DRIVE / CHARLESGATE OVERPASS,,,BOWKER OVERPASS,,233448.5195,900110.1316
3482073,BOSTON (DORCHESTER),03-May-2013,4:16 PM,Property damage only (none injured),2,0,0,Single vehicle crash,V1: Parked / V2:Travelling straight ahead,V1:Not reported / V2:Not reported ,V1: Not reported / V2: Collision with parked motor vehicle ,"V1: Passenger car / V2:Bus (seats for more than 15 people, including driver)",Dry,Daylight,Clear/Clear,,18 VICTORY ROAD,,,,,236680.5133,894026.3514
3485534,BOSTON,03-May-2013,5:21 PM,Property damage only (none injured),2,0,0,Rear-end,V1: Travelling straight ahead / V2:Slowing or stopped in traffic,V1:Southbound / V2:Southbound ,V1: Collision with motor vehicle in traffic / V2: Collision with motor vehicle in traffic ,"V1: Passenger car / V2:Light truck(van, mini-van, panel, pickup, sport utility) with only four tires",Dry,Daylight,Cloudy,,Rte 93 S,,Exit 12 on Rte 93 S,,,237620.5493,892713.0989
3414351,BOSTON,03-May-2013,6:32 PM,Property damage only (none injured),2,0,0,Rear-end,V1: Slowing or stopped in traffic / V2:Slowing or stopped in traffic,V1:Eastbound / V2:Eastbound ,V1: Collision with motor vehicle in traffic / V2: Collision with motor vehicle in traffic ,V1: Passenger car / V2:Motorcycle,Dry,Daylight,Clear,,WILLIAM T MORRISSEY BOULEVARD,,,,,237149.8439,894580.3748
3425379,BOSTON,03-May-2013,8:34 PM,Property damage only (none injured),2,0,0,Rear-end,V1: Travelling straight ahead / V2:Slowing or stopped in traffic,V1:Southbound / V2:Southbound ,V1: Collision with motor vehicle in traffic / V2: Collision with motor vehicle in traffic ,V1: Passenger car / V2:Other,Dry,Dark - lighted roadway,Cloudy,,Rte 93 S,,Exit 12 on Rte 93 S,,,237620.5493,892713.0989
3419702,BOSTON,03-May-2013,9:19 PM,Non-fatal injury,1,2,0,Angle,V1: Leaving traffic lane,V1:Northbound ,V1: Collision with guardrail ,V1: Passenger car,Dry,Dark - lighted roadway,Cloudy,,RAMP - RT 93 NB TO RT 90 (RAMP K) Rte 1A N / GENERAL CASIMIR PULASKI SKYWAY Rte 93 N,,,K-RAMP,,235875.4047,898424.2998
3421339,BOSTON,03-May-2013,9:20 PM,Property damage only (none injured),1,0,0,Single vehicle crash,V1: Travelling straight ahead,V1:Southbound ,V1: Collision with light pole or other post/support ,"V1: Light truck(van, mini-van, panel, pickup, sport utility) with only four tires",Dry,Dark - lighted roadway,Clear,,0 feet S from Intersection WILLIAM T MORRISSEY BOULEVARD Rte UNKNOW S / VICTORY ROAD,,,CVS,,237177.5626,894270.7499
3414328,BOSTON,04-May-2013,9:18 AM,Property damage only (none injured),2,0,0,Rear-end,V1: Slowing or stopped in traffic / V2:Travelling straight ahead,V1:Westbound / V2:Westbound ,V1: Collision with motor vehicle in traffic / V2: Collision with motor vehicle in traffic ,"V1: Light truck(van, mini-van, panel, pickup, sport utility) with only four tires / V2:Passenger car",Dry,Daylight,Clear/Cloudy,,Rte 90 W,Rte 90  W Milemarker 132.0,,MASS AVE AREA,,232572.2182,899870.4883
3414449,BOSTON,04-May-2013,9:53 AM,Non-fatal injury,2,1,0,Rear-end,V1: Entering traffic lane / V2:Entering traffic lane,V1:Westbound / V2:Westbound ,V1: Collision with motor vehicle in traffic / V2: Collision with motor vehicle in traffic ,"V1: Passenger car / V2:Light truck(van, mini-van, panel, pickup, sport utility) with only four tires",Dry,Daylight,Clear,STORROW DRIVE / CHARLESGATE OVERPASS,,,,BOWKER OVERPASS,,233287.6718,900098.5623
3415445,BOSTON (SOUTH BOSTON),04-May-2013,12:50 PM,Non-fatal injury,2,1,0,Angle,V1: Entering traffic lane / V2:Travelling straight ahead,V1:Not reported / V2:Eastbound ,V1: Collision with motor vehicle in traffic / V2: Collision with motor vehicle in traffic ,"V1: Light truck(van, mini-van, panel, pickup, sport utility) with only four tires / V2:Passenger car",Dry,Daylight,Clear,DORCHESTER STREET / SILVER STREET,,,,,,237391.9846,898402.8751
3415037,BOSTON,04-May-2013,1:14 PM,Non-fatal injury,1,1,0,Single vehicle crash,V1: Travelling straight ahead,V1:Northbound ,V1: Collision with pedestrian ,V1: Passenger car,Dry,Daylight,Clear,,6 CONGRESS STREET,,,,P3:Pedestrian,236515.0081,901004.558
3430493,BOSTON,04-May-2013,4:37 PM,Non-fatal injury,3,1,0,Rear-end,V1: Travelling straight ahead / V2:Slowing or stopped in traffic / V3:Slowing or stopped in traffic,V1:Eastbound / V2:Eastbound / V3:Eastbound ,V1: Collision with motor vehicle in traffic / V2: Collision with motor vehicle in traffic / V3: Collision with motor vehicle in traffic ,"V1: Passenger car / V2:Passenger car / V3:Light truck(van, mini-van, panel, pickup, sport utility) with only four tires",Dry,Daylight,Clear,,MASSACHUSETTS TURNPIKE Rte 90 E,,Exit I/C 19 on Rte 90 E,BEFORE TOLL BOOTHS,,231058.3525,900817.4022
3452256,BOSTON (DORCHESTER),04-May-2013,6:30 PM,Not Reported,2,0,0,Head-on,V1: Slowing or stopped in traffic / V2:Travelling straight ahead,V1:Southbound / V2:Eastbound ,V1: Collision with motor vehicle in traffic / V2: Collision with motor vehicle in traffic ,V1: Unknown vehicle configuration / V2:Unknown vehicle configuration,Dry,Daylight,Clear,,BOWDOIN STREET / QUINCY STREET,,,,,235861.8905,895379.9375
3466233,BOSTON,04-May-2013,6:35 PM,Non-fatal injury,1,1,0,Single vehicle crash,V1: Travelling straight ahead,V1:Westbound ,V1: Collision with pedestrian ,V1: Passenger car,Dry,Daylight,Clear,,FENWAY Rte UNKNOW,,,,P1:Pedestrian,233037.0994,898819.1715
3422229,BOSTON (BRIGHTON),05-May-2013,2:00 PM,Not Reported,1,0,0,Single vehicle crash,V1: Turning left,V1:Not reported ,V1: Not reported ,V1: Passenger car,Dry,Daylight,Clear/Other,EGREMONT ROAD / WASHINGTON STREET,,,,,,229539.4216,899224.0627
3430255,BOSTON,05-May-2013,2:28 PM,Property damage only (none injured),1,0,0,Single vehicle crash,V1: Travelling straight ahead,V1:Westbound ,V1: Collision with tree ,"V1: Single-unit truck (2-axle, 6-tire)",Dry,Daylight,Clear,,BEACON STREET / BEACON STREET,,,,,228821.755,898435.0046
3414224,BOSTON,05-May-2013,5:02 PM,Property damage only (none injured),2,0,0,Angle,V1: Travelling straight ahead / V2:Turning right,V1:Westbound / V2:Westbound ,V1: Collision with motor vehicle in traffic / V2: Collision with motor vehicle in traffic ,V1: Passenger car / V2:Passenger car,Dry,Daylight,Clear,,HARBORSIDE DRIVE / JEFFRIES STREET,,,,,238894.2187,901939.1874
3403087,BOSTON,05-May-2013,10:50 PM,Non-fatal injury,2,1,0,Head-on,V1: Turning left / V2:Travelling straight ahead,V1:Southbound / V2:Eastbound ,V1: Collision with motor vehicle in traffic / V2: Collision with motor vehicle in traffic ,"V1: Passenger car / V2:Light truck(van, mini-van, panel, pickup, sport utility) with only four tires",Dry,Dark - lighted roadway,Clear,,COLUMBIA ROAD / Rte 93,,,,,236781.1123,896875.477
3428366,BOSTON,06-May-2013,00:00 AM,Property damage only (none injured),2,0,0,"Sideswipe, same direction",V1: Parked / V2:Entering traffic lane,V1:Eastbound / V2:Eastbound ,V1: Collision with motor vehicle in traffic / V2: Collision with parked motor vehicle ,"V1: Passenger car / V2:Light truck(van, mini-van, panel, pickup, sport utility) with only four tires",Dry,Dark - lighted roadway,Clear,,MASSACHUSETTS TURNPIKE Rte 90 E / TED WILLIAMS TUNNEL,,,,,239051.4028,900924.2439
3414329,BOSTON,06-May-2013,2:13 AM,Property damage only (none injured),1,0,0,Single vehicle crash,V1: Travelling straight ahead,V1:Northbound ,V1: Collision with median barrier ,V1: Passenger car,Dry,Dark - lighted roadway,Clear,,Rte 93,,Exit 23 on Rte 93,,,236957.4837,900943.9828
3414352,BOSTON,06-May-2013,7:45 AM,Non-fatal injury,2,1,0,Rear-end,V1: Slowing or stopped in traffic / V2:Travelling straight ahead,V1:Northbound / V2:Northbound ,V1: Collision with motor vehicle in traffic / V2: Collision with motor vehicle in traffic ,V1: Passenger car / V2:Passenger car,Dry,Daylight,Clear,,Rte 93 N / UNKNOWN,,Exit 16 on Rte 93 N,,,236403.9842,897524.312
3502082,BOSTON,06-May-2013,11:30 AM,Property damage only (none injured),2,0,0,Rear-end,V1: Backing / V2:Parked,V1:Northbound / V2:Northbound ,V1: Collision with motor vehicle in traffic / V2: Collision with motor vehicle in traffic ,"V1: Light truck(van, mini-van, panel, pickup, sport utility) with only four tires / V2:Passenger car",Dry,Daylight,Clear,,AIRPORT ROAD - ARRIVAL LEVEL / LOGAN AIRPORT TERMINAL B,,,TERMINAL A - DELTA,,239659.9296,901766.8851
3414467,BOSTON,06-May-2013,1:10 PM,Not Reported,2,0,0,Rear-end,V1: Parked / V2:Backing,V1:Not reported / V2:Southbound ,V1: Collision with motor vehicle in traffic / V2: Collision with parked motor vehicle ,V1: Passenger car / V2:Not reported,Dry,Daylight,Clear,,,,,CASTLE ISLAND PARKING LOT,,,
3778155,BOSTON (HYDE PARK),06-May-2013,1:40 PM,Not Reported,3,0,0,Not reported,V1: Not reported / V2:Not reported / V3:Not reported,V1:Not reported / V2:Not reported / V3:Not reported ,V1: Not reported / V2: Not reported / V3: Not reported ,V1: Passenger car / V2:Passenger car / V3:Passenger car,Not reported,Not reported,Not Reported,,1048 HYDE PARK AVENUE,,,,,231231.4871,890407.8003
3430265,BOSTON,06-May-2013,3:57 PM,Property damage only (none injured),2,0,0,"Sideswipe, same direction",V1: Changing lanes / V2:Travelling straight ahead,V1:Southbound / V2:Southbound ,V1: Collision with motor vehicle in traffic / V2: Collision with motor vehicle in traffic ,V1: Truck tractor (bobtail) / V2:Passenger car,Dry,Daylight,Clear,,Rte 93 S,,Exit 12 on Rte 93 S,,,237620.5493,892713.0989
3414330,BOSTON,06-May-2013,5:10 PM,Property damage only (none injured),2,0,0,Single vehicle crash,V1: Travelling straight ahead / V2:Travelling straight ahead,V1:Eastbound / V2:Eastbound ,V1: Collision with motor vehicle in traffic / V2: Collision with motor vehicle in traffic ,V1: Passenger car / V2:Passenger car,Dry,Daylight,Clear,,Rte 90 E,,Exit 24 on Rte 90 E,WEST  OF EXIT 24,,236020.7529,899669.4659
3414219,BOSTON,06-May-2013,5:50 PM,Property damage only (none injured),3,0,0,Rear-end,V1: Entering traffic lane / V2:Travelling straight ahead / V3:Travelling straight ahead,V1:Northbound / V2:Northbound / V3:Northbound ,V1: Collision with motor vehicle in traffic / V2: Collision with motor vehicle in traffic / V3: Collision with motor vehicle in traffic ,"V1: Passenger car / V2:Light truck(van, mini-van, panel, pickup, sport utility) with only four tires / V3:Passenger car",Dry,Daylight,Clear,RAMP - RT 90 TO RT 93 NB / JOHN F FITZGERALD EXPRESSWAY Rte 93 N,,,,"AT "D" RAMP MERGE""T "D" RAMP ME"" "D" RAMP """D" RAMP""D" RAMP""" RAM"" RAM",,236586.4586,900220.4936
3414353,BOSTON,06-May-2013,5:58 PM,Property damage only (none injured),1,0,0,Single vehicle crash,V1: Travelling straight ahead,V1:Westbound ,V1: Collision with pedestrian ,V1: Passenger car,Dry,Daylight,Clear,,COLUMBIA ROAD / RAMP - RT 93 SB TO COLUMBIA RD,,,JFK/UMASS T STATION,P3:Pedestrian / P4:Pedestrian,236794.3048,896875.4196
3415041,BOSTON (CHARLESTOWN),06-May-2013,6:38 PM,Not Reported,2,0,0,Rear-end,V1: Turning right / V2:Turning right,V1:Not reported / V2:Westbound ,V1: Not reported / V2: Not reported ,"V1: Unknown vehicle configuration / V2:Light truck(van, mini-van, panel, pickup, sport utility) with only four tires",Dry,Daylight,Clear/Clear,MAFFA WAY / CAMBRIDGE STREET,,,,,,235056.4526,903813.4822
3404653,BOSTON,06-May-2013,6:45 PM,Property damage only (none injured),2,0,0,Rear-end,V1: Travelling straight ahead / V2:Slowing or stopped in traffic,V1:Westbound / V2:Westbound ,V1: Collision with motor vehicle in traffic / V2: Collision with motor vehicle in traffic ,"V1: Passenger car / V2:Light truck(van, mini-van, panel, pickup, sport utility) with only four tires",Dry,Daylight,Clear,,STORROW DRIVE / CHARLESGATE OVERPASS,,,BY MASSACHUSETTS AVE OVERPASS,,233775.716,900244.6123
3414450,BOSTON,06-May-2013,6:46 PM,Property damage only (none injured),2,0,0,Rear-end,V1: Slowing or stopped in traffic / V2:Travelling straight ahead,V1:Eastbound / V2:Eastbound ,V1: Collision with motor vehicle in traffic / V2: Collision with motor vehicle in traffic ,"V1: Light truck(van, mini-van, panel, pickup, sport utility) with only four tires / V2:Passenger car",Dry,Daylight,Clear,,SOLDIERS FIELD ROAD / UNIVERSITY ROAD,,,,,232064.6615,900220.8401