Crash Number,City/Town Name,Crash Date,Crash Time,Crash Severity,Number of Vehicles,Total Nonfatal Injuries,Total Fatal Injuries,Manner of Collision,Vehicle Action Prior to Crash,Vehicle Travel Directions,Most Harmful Events,Vehicle Configuration,Road Surface Condition,Ambient Light,Weather Condition,At Roadway Intersection,Distance from Nearest Roadway Intersection,Distance from Nearest Milemarker,Distance from Nearest Exit,Distance from Nearest Landmark,Non Motorist Type,X Coordinate,Y Coordinate
3439966,BOSTON,06-May-2013,7:30 PM,Property damage only (none injured),2,0,0,Rear-end,V1: Travelling straight ahead / V2:Slowing or stopped in traffic,V1:Eastbound / V2:Eastbound ,V1: Collision with motor vehicle in traffic / V2: Collision with motor vehicle in traffic ,V1: Passenger car / V2:Passenger car,Dry,Dusk,Clear,WASHINGTON STREET / LA GRANGE STREET,,,,ST. JOHN'S CHURCH,,229387.8435,891448.375
3414466,BOSTON,06-May-2013,7:48 PM,Non-fatal injury,2,1,0,Rear-end,V1: Travelling straight ahead / V2:Slowing or stopped in traffic,V1:Northbound / V2:Northbound ,V1: Collision with motor vehicle in traffic / V2: Collision with motor vehicle in traffic ,"V1: Light truck(van, mini-van, panel, pickup, sport utility) with only four tires / V2:Light truck(van, mini-van, panel, pickup, sport utility) with only four tires",Dry,Dusk,Clear,,WILLIAM T MORRISSEY BOULEVARD / FREEPORT STREET,,,,,237199.7773,894629.3343
3414354,BOSTON,06-May-2013,8:16 PM,Non-fatal injury,2,1,0,Rear-end,V1: Slowing or stopped in traffic / V2:Travelling straight ahead,V1:Eastbound / V2:Eastbound ,V1: Collision with motor vehicle in traffic / V2: Collision with motor vehicle in traffic ,V1: Passenger car / V2:Passenger car,Dry,Dark - lighted roadway,Clear,,WILLIAM DAY BOULEVARD / G STREET,,,H ST,,237574.4594,897847.2389
3492524,BOSTON,07-May-2013,1:40 AM,Property damage only (none injured),2,0,0,Rear-end,V1: Slowing or stopped in traffic / V2:Not reported,V1:Northbound / V2:Northbound ,V1: Collision with motor vehicle in traffic / V2: Not reported ,V1: Passenger car / V2:Passenger car,Dry,Dark - lighted roadway,Clear,COLUMBUS AVENUE / CLARENDON STREET,,,,,,235138.7023,899730.828
3404739,BOSTON,07-May-2013,7:06 AM,Non-fatal injury,2,1,0,Rear-end,V1: Travelling straight ahead / V2:Slowing or stopped in traffic,V1:Southbound / V2:Southbound ,V1: Collision with motor vehicle in traffic / V2: Collision with motor vehicle in traffic ,V1: Motorcycle / V2:Passenger car,Dry,Daylight,Clear,,VETERANS OF FOREIGN WARS PARKWAY / BAKER STREET,,,,,227086.7657,893107.1877
3421340,BOSTON,07-May-2013,7:29 AM,Property damage only (none injured),2,0,0,Rear-end,V1: Slowing or stopped in traffic / V2:Travelling straight ahead,V1:Northbound / V2:Northbound ,V1: Collision with motor vehicle in traffic / V2: Collision with motor vehicle in traffic ,"V1: Single-unit truck (2-axle, 6-tire) / V2:Passenger car",Dry,Daylight,Clear,,JOHN F FITZGERALD EXPRESSWAY Rte 93 N,,,,,236798.0828,895191.83
3414355,BOSTON,07-May-2013,8:29 AM,Property damage only (none injured),2,0,0,Rear-end,V1: Slowing or stopped in traffic / V2:Travelling straight ahead,V1:Southbound / V2:Southbound ,V1: Collision with motor vehicle in traffic / V2: Collision with motor vehicle in traffic ,"V1: Light truck(van, mini-van, panel, pickup, sport utility) with only four tires / V2:Light truck(van, mini-van, panel, pickup, sport utility) with only four tires",Dry,Daylight,Clear,,Rte 93 S,,Exit 12 on Rte 93 S,93S EXIT 12,,237620.5493,892713.0989
3439963,BOSTON (WEST ROXBURY),07-May-2013,8:51 AM,Non-fatal injury,2,2,0,Single vehicle crash,V1: Travelling straight ahead / V2:Turning left,V1:Not reported / V2:Not reported ,V1: Collision with motor vehicle in traffic / V2: Collision with motor vehicle in traffic ,"V1: Light truck(van, mini-van, panel, pickup, sport utility) with only four tires / V2:Passenger car",Dry,Daylight,Clear,BROOK FARM ROAD / LA GRANGE STREET,,,,,,227325.2387,893448.1999
3415446,BOSTON,07-May-2013,8:56 AM,Property damage only (none injured),2,0,0,Single vehicle crash,V1: Travelling straight ahead / V2:Turning left,V1:Not reported / V2:Not reported ,V1: Collision with motor vehicle in traffic / V2: Collision with motor vehicle in traffic ,"V1: Light truck(van, mini-van, panel, pickup, sport utility) with only four tires / V2:Unknown vehicle configuration",Dry,Daylight,Clear/Clear,BOSTON WHARF ROAD / CONGRESS STREET,,,,,,237306.4289,899994.8874
3420730,BOSTON,07-May-2013,9:00 AM,Property damage only (none injured),2,0,0,Rear-end,V1: Slowing or stopped in traffic / V2:Slowing or stopped in traffic,V1:Southbound / V2:Southbound ,V1: Collision with motor vehicle in traffic / V2: Collision with motor vehicle in traffic ,V1: Passenger car / V2:Passenger car,Dry,Daylight,Clear,,WILLIAM T MORRISSEY BOULEVARD / RAMP - MORRISSEY BLVD TO RT 93 SB,,,,,237685.8851,893079.7488
3415451,BOSTON (SOUTH BOSTON),07-May-2013,11:06 AM,Property damage only (none injured),3,0,0,Unknown,V1: Travelling straight ahead / V2:Turning left / V3:Not reported,V1:Not reported / V2:Not reported / V3:Not reported ,V1: Collision with motor vehicle in traffic / V2: Collision with motor vehicle in traffic / V3: Not reported ,"V1: Light truck(van, mini-van, panel, pickup, sport utility) with only four tires / V2:Light truck(van, mini-van, panel, pickup, sport utility) with only four tires / V3:Light truck(van, mini-van, panel, pickup, sport utility) with only four tires",Dry,Daylight,Clear/Clear,L STREET / EMERSON STREET,,,,,,238292.4221,898312.8752
3430250,BOSTON,07-May-2013,1:55 PM,Property damage only (none injured),2,0,0,Rear-end,V1: Slowing or stopped in traffic / V2:Travelling straight ahead,V1:Southbound / V2:Southbound ,V1: Collision with motor vehicle in traffic / V2: Collision with motor vehicle in traffic ,"V1: Light truck(van, mini-van, panel, pickup, sport utility) with only four tires / V2:Passenger car",Dry,Daylight,Clear,RAMP - RT 9 TO JAMAICAWAY / JAMAICAWAY,,,,,,231904.5468,897861.5626
3414220,BOSTON,07-May-2013,3:08 PM,Property damage only (none injured),2,0,0,"Sideswipe, same direction",V1: Travelling straight ahead / V2:Changing lanes,V1:Southbound / V2:Southbound ,V1: Collision with motor vehicle in traffic / V2: Collision with motor vehicle in traffic ,"V1: Passenger car / V2:Light truck(van, mini-van, panel, pickup, sport utility) with only four tires",Dry,Daylight,Clear,,Rte 93 S,,Exit 18 on Rte 93 S,,,236013.2783,899092.9981
3414468,BOSTON,07-May-2013,4:00 PM,Property damage only (none injured),2,0,0,Not reported,V1: Slowing or stopped in traffic / V2:Slowing or stopped in traffic,V1:Southbound / V2:Southbound ,V1: Collision with motor vehicle in traffic / V2: Collision with motor vehicle in traffic ,"V1: Light truck(van, mini-van, panel, pickup, sport utility) with only four tires / V2:Passenger car",Dry,Daylight,Clear,,Rte 93 S,,Exit 18 on Rte 93 S,,,236013.2783,899092.9981
3414331,BOSTON,07-May-2013,4:04 PM,Property damage only (none injured),2,0,0,Rear-end,V1: Travelling straight ahead / V2:Slowing or stopped in traffic,V1:Southbound / V2:Southbound ,V1: Collision with motor vehicle in traffic / V2: Collision with motor vehicle in traffic ,V1: Passenger car / V2:Passenger car,Dry,Daylight,Clear,,Rte 93 S,,Exit 24 on Rte 93 S,TUNNEL PORTAL,,236397.1933,901565.6511
3414438,BOSTON,08-May-2013,3:35 AM,Property damage only (none injured),1,0,0,Single vehicle crash,V1: Travelling straight ahead,V1:Eastbound ,V1: Other ,V1: Passenger car,Dry,Dark - lighted roadway,Cloudy,RAMP - STORROW DRIVE TO CLARENDON STREET / STORROW DRIVE,,,,STORROW TUNNEL,,234627.2,900496.4933
3414221,BOSTON,08-May-2013,6:30 AM,Property damage only (none injured),3,0,0,Rear-end,V1: Slowing or stopped in traffic / V2:Slowing or stopped in traffic / V3:Slowing or stopped in traffic,V1:Northbound / V2:Northbound / V3:Northbound ,V1: Collision with motor vehicle in traffic / V2: Collision with motor vehicle in traffic / V3: Collision with motor vehicle in traffic ,"V1: Light truck(van, mini-van, panel, pickup, sport utility) with only four tires / V2:Passenger car / V3:Passenger car",Dry,Daylight,Clear,,JOHN F FITZGERALD EXPRESSWAY Rte 93 N,,,ZAKIM BRIDGE,,236012.3922,902090.2537
3422511,BOSTON,08-May-2013,8:22 AM,Property damage only (none injured),2,0,0,Rear-end,V1: Slowing or stopped in traffic / V2:Travelling straight ahead,V1:Northbound / V2:Northbound ,V1: Collision with motor vehicle in traffic / V2: Collision with motor vehicle in traffic ,V1: Passenger car / V2:Passenger car,Dry,Daylight,Clear/Cloudy,,JOHN F FITZGERALD EXPRESSWAY Rte 93 N / RAMP - RT 93 NB TO NORTH STREET,,,O'NEILL TUNNEL,,236973.4714,900888.4984
3414332,BOSTON,08-May-2013,10:37 AM,Property damage only (none injured),2,0,0,Angle,V1: Travelling straight ahead / V2:Turning left,V1:Northbound / V2:Northbound ,V1: Collision with motor vehicle in traffic / V2: Collision with motor vehicle in traffic ,"V1: Light truck(van, mini-van, panel, pickup, sport utility) with only four tires / V2:Passenger car",Wet,Daylight,Cloudy/Rain,FRONTAGE ROAD / MASSACHUSETTS AVENUE CONNECTOR / RAMP - FRONTAGE ROAD TO RT 93 NB,,,,MA AVE CONNECTOR,,235865.0173,898419.1854
3422702,BOSTON,08-May-2013,12:05 PM,Non-fatal injury,2,1,0,Angle,V1: Turning left / V2:Travelling straight ahead,V1:Northbound / V2:Northbound ,V1: Collision with motor vehicle in traffic / V2: Collision with motor vehicle in traffic ,V1: Passenger car / V2:Passenger car,Wet,Daylight,Cloudy/Rain,FRONTAGE ROAD / MASSACHUSETTS AVENUE CONNECTOR / RAMP - FRONTAGE ROAD TO RT 93 NB,,,,@ MASS AVE CONNECTOR,,235865.0173,898419.1854
3414222,BOSTON,08-May-2013,12:43 PM,Property damage only (none injured),2,0,0,Rear-end,V1: Travelling straight ahead / V2:Travelling straight ahead,V1:Northbound / V2:Northbound ,V1: Collision with motor vehicle in traffic / V2: Collision with motor vehicle in traffic ,"V1: Light truck(van, mini-van, panel, pickup, sport utility) with only four tires / V2:Passenger car",Wet,Daylight,Cloudy/Rain,,JOHN F FITZGERALD EXPRESSWAY Rte 93 N / RAMP - RT 93 NB TO FRONTAGE ROAD,,,SOUTHHAMPTON ST,,236175.2091,897852.3119
3425215,BOSTON,08-May-2013,1:10 PM,Property damage only (none injured),2,0,0,Rear-end,V1: Slowing or stopped in traffic / V2:Travelling straight ahead,V1:Northbound / V2:Northbound ,V1: Collision with motor vehicle in traffic / V2: Collision with motor vehicle in traffic ,"V1: Passenger car / V2:Light truck(van, mini-van, panel, pickup, sport utility) with only four tires",Dry,Daylight,Clear,,Rte 93 N,,Exit 15 on Rte 93 N,,,236972.2496,896473.4282
3432925,BOSTON,08-May-2013,2:00 PM,Not Reported,3,0,0,"Sideswipe, same direction",V1: Turning left / V2:Parked / V3:Parked,V1:Not reported / V2:Not reported / V3:Not reported ,V1: Collision with motor vehicle in traffic / V2: Collision with motor vehicle in traffic / V3: Collision with motor vehicle in traffic ,"V1: Light truck(van, mini-van, panel, pickup, sport utility) with only four tires / V2:Light truck(van, mini-van, panel, pickup, sport utility) with only four tires / V3:Passenger car",Wet,Daylight,Clear,,533 CAMBRIDGE STREET / IMRIE STREET,,,,,229742.4844,900340.1249
3422704,BOSTON,08-May-2013,4:10 PM,Property damage only (none injured),2,0,0,Angle,V1: Turning left / V2:Travelling straight ahead,V1:Westbound / V2:Eastbound ,V1: Collision with motor vehicle in traffic / V2: Collision with motor vehicle in traffic ,"V1: Light truck(van, mini-van, panel, pickup, sport utility) with only four tires / V2:Passenger car",Dry,Daylight,Clear,,KNEELAND STREET / SURFACE ARTERY,,,,,236274.497,900050.9872
3425352,BOSTON,08-May-2013,4:15 PM,Property damage only (none injured),2,0,0,"Sideswipe, same direction",V1: Travelling straight ahead / V2:Travelling straight ahead,V1:Eastbound / V2:Eastbound ,V1: Collision with motor vehicle in traffic / V2: Collision with motor vehicle in traffic ,V1: Passenger car / V2:Tractor/semi-trailer,Dry,Daylight,Clear,,MASSACHUSETTS TURNPIKE Rte 90 E,,Exit 19 on Rte 90,700&AMP;APOS; EAST OF IC 19,,231343.3224,900726.808
3421053,BOSTON,08-May-2013,4:34 PM,Property damage only (none injured),2,0,0,Angle,V1: Turning right / V2:Turning right,V1:Westbound / V2:Westbound ,V1: Collision with motor vehicle in traffic / V2: Collision with motor vehicle in traffic ,V1: Passenger car / V2:Passenger car,Dry,Daylight,Clear,,COLUMBIA ROAD Rte UNKNOW / KOSCIUSZKO CIRCLE,,,,,236980.4846,896866.3749
3426451,BOSTON,08-May-2013,5:50 PM,Property damage only (none injured),3,0,0,Rear-end,V1: Travelling straight ahead / V2:Slowing or stopped in traffic / V3:Slowing or stopped in traffic,V1:Eastbound / V2:Eastbound / V3:Eastbound ,V1: Collision with motor vehicle in traffic / V2: Collision with motor vehicle in traffic / V3: Collision with motor vehicle in traffic ,V1: Passenger car / V2:Passenger car / V3:Passenger car,Dry,Daylight,Clear,,Rte 90 E,Rte 90  E Milemarker 134.0,,,,235750.5848,899752.0839
3419962,BOSTON,08-May-2013,11:50 PM,Property damage only (none injured),2,0,0,Angle,V1: Travelling straight ahead / V2:Travelling straight ahead,V1:Westbound / V2:Westbound ,V1: Collision with motor vehicle in traffic / V2: Collision with motor vehicle in traffic ,V1: Passenger car / V2:Passenger car,Wet,Dark - lighted roadway,Rain,,Rte 90 W,Rte 90  W Milemarker 133.0,,,,234170.1927,899773.2896
3422512,BOSTON,09-May-2013,00:00 AM,Property damage only (none injured),1,0,0,Single vehicle crash,V1: Other,V1:Westbound ,V1: Collision with median barrier ,V1: Passenger car,Wet,Dark - lighted roadway,Rain,,Rte 90 W,,Exit 24 on Rte 90 W,,,238090.4393,899691.5691
3422703,BOSTON,09-May-2013,00:00 AM,Property damage only (none injured),1,0,0,Single vehicle crash,V1: Leaving traffic lane,V1:Southbound ,V1: Other ,V1: Passenger car,Wet,Dark - lighted roadway,Rain,,Rte 90 W,,Exit 24 on Rte 90 W,D RAMP TO 93SB,,238090.4393,899691.5691
3422720,BOSTON,09-May-2013,6:25 AM,Property damage only (none injured),2,0,0,Rear-end,V1: Slowing or stopped in traffic / V2:Slowing or stopped in traffic,V1:Northbound / V2:Northbound ,V1: Collision with motor vehicle in traffic / V2: Collision with motor vehicle in traffic ,"V1: Passenger car / V2:Light truck(van, mini-van, panel, pickup, sport utility) with only four tires",Wet,Dawn,Rain,WILLIAM T MORRISSEY BOULEVARD / DOMINIC J BANCULLI BOULEVARD / UNNAMED ROAD,,,,@ UMASS,,237369.7223,896004.065
3484316,BOSTON,09-May-2013,12:24 PM,Property damage only (none injured),2,0,0,"Sideswipe, same direction",V1: Slowing or stopped in traffic / V2:Changing lanes,V1:Southbound / V2:Southbound ,V1: Collision with motor vehicle in traffic / V2: Collision with motor vehicle in traffic ,"V1: Bus (seats for more than 15 people, including driver) / V2:Passenger car",Wet,Daylight,Rain,TREMONT STREET / SCHOOL STREET,,,,,,236211.6198,900926.8616
3457958,BOSTON,09-May-2013,2:12 PM,Property damage only (none injured),1,0,0,Single vehicle crash,V1: Travelling straight ahead,V1:Westbound ,V1: Collision with guardrail ,V1: Passenger car,Wet,Daylight,Not Reported,,SOLDIERS FIELD ROAD / NORTH HARVARD STREET,,,,,230992.3482,902048.2872
3421136,BOSTON,09-May-2013,3:20 PM,Non-fatal injury,2,2,0,"Sideswipe, opposite direction",V1: Travelling straight ahead / V2:Travelling straight ahead,V1:Northbound / V2:Westbound ,V1: Collision with motor vehicle in traffic / V2: Collision with motor vehicle in traffic ,"V1: Light truck(van, mini-van, panel, pickup, sport utility) with only four tires / V2:Passenger car",Wet,Daylight,Cloudy/Rain,,MORTON STREET / HARVARD STREET,,,,,233493.5311,893100.9999
3542834,BOSTON,09-May-2013,5:15 PM,Property damage only (none injured),2,0,0,Rear-end,V1: Travelling straight ahead / V2:Slowing or stopped in traffic,V1:Northbound / V2:Northbound ,V1: Collision with motor vehicle in traffic / V2: Collision with motor vehicle in traffic ,V1: Passenger car / V2:Passenger car,Wet,Daylight,Rain,,MASSACHUSETTS AVENUE Rte 2A W / RAMP - STORROW DR TO RT 2A WB,,,ON BRIDGE,,233765.3068,900276.4595
3421050,BOSTON,09-May-2013,5:20 PM,Property damage only (none injured),2,0,0,Rear-end,V1: Slowing or stopped in traffic / V2:Overtaking/passing,V1:Northbound / V2:Northbound ,V1: Collision with motor vehicle in traffic / V2: Collision with motor vehicle in traffic ,"V1: Light truck(van, mini-van, panel, pickup, sport utility) with only four tires / V2:Passenger car",Wet,Daylight,Rain,,MASSACHUSETTS AVENUE Rte 2A W / RAMP - STORROW DR TO RT 2A WB,,,ON BRIDGE,,233735.4864,900357.0175
3430235,BOSTON,09-May-2013,6:00 PM,Non-fatal injury,2,1,0,"Sideswipe, same direction",V1: Changing lanes / V2:Travelling straight ahead,V1:Northbound / V2:Northbound ,V1: Collision with motor vehicle in traffic / V2: Collision with motor vehicle in traffic ,"V1: Bus (seats for more than 15 people, including driver) / V2:Passenger car",Wet,Dark - lighted roadway,Rain,,Rte 93 N,,Exit 26 on Rte 93 N,,,236402.7433,901600.0342
3430768,BOSTON (BRIGHTON),09-May-2013,6:48 PM,Fatal injury,1,0,1,Single vehicle crash,V1: Travelling straight ahead,V1:Northbound ,V1: Collision with pedestrian ,"V1: Light truck(van, mini-van, panel, pickup, sport utility) with only four tires",Wet,Dawn,Cloudy/Rain,,460 CAMBRIDGE STREET,,,BOSTON FIRE STATION,,229969.6938,900459.8466
3439972,BOSTON (ROSLINDALE),09-May-2013,6:50 PM,Not Reported,2,0,0,Not reported,V1: Travelling straight ahead / V2:Travelling straight ahead,V1:Not reported / V2:Not reported ,V1: Collision with motor vehicle in traffic / V2: Collision with motor vehicle in traffic ,V1: Passenger car / V2:Passenger car,Not reported,Not reported,Not Reported,METROPOLITAN AVENUE / KITTREDGE STREET,,,,,,230391.2811,892250.8751
3453236,BOSTON,09-May-2013,7:05 PM,Property damage only (none injured),1,0,0,Single vehicle crash,V1: Turning left,V1:Westbound ,V1: Collision with guardrail ,V1: Passenger car,Dry,Daylight,Clear,,SOLDIERS FIELD ROAD Rte UNKNOW W / NORTH HARVARD STREET,,,,,230992.3482,902048.2872
3421054,BOSTON,09-May-2013,7:15 PM,Property damage only (none injured),6,0,0,Rear-end,V1: Slowing or stopped in traffic / V2:Slowing or stopped in traffic / V3:Slowing or stopped in traffic / V4:Slowing or stopped in traffic / V5:Slowing or stopped in traffic / V6:Slowing or stopped in traffic,V1:Northbound / V2:Northbound / V3:Northbound / V4:Northbound / V5:Northbound / V6:Northbound ,V1: Collision with motor vehicle in traffic / V2: Collision with motor vehicle in traffic / V3: Collision with motor vehicle in traffic / V4: Collision with motor vehicle in traffic / V5: Collision with motor vehicle in traffic / V6: Collision with motor vehicle in traffic ,"V1: Light truck(van, mini-van, panel, pickup, sport utility) with only four tires / V2:Passenger car / V3:Passenger car / V4:Passenger car / V5:Light truck(van, mini-van, panel, pickup, sport utility) with only four tires / V6:Passenger car",Wet,Dusk,Cloudy/Rain,,Rte 93 N,,Exit 13 on Rte 93 N,,,237420.1414,894076.5227
3426394,BOSTON,09-May-2013,9:30 PM,Property damage only (none injured),1,0,0,Single vehicle crash,V1: Leaving traffic lane,V1:Eastbound ,V1: Collision with light pole or other post/support ,"V1: Light truck(van, mini-van, panel, pickup, sport utility) with only four tires",Dry,Dark - lighted roadway,Not Reported,,NEPONSET VALLEY PARKWAY / RIVER STREET,,,,,230016.8463,888352.0791
3422513,BOSTON,10-May-2013,00:00 AM,Non-fatal injury,2,3,0,"Sideswipe, same direction",V1: Overtaking/passing / V2:Changing lanes,V1:Westbound / V2:Westbound ,V1: Reported but invalid / V2: Collision with motor vehicle in traffic ,"V1: Light truck(van, mini-van, panel, pickup, sport utility) with only four tires / V2:Passenger car",Dry,Dark - lighted roadway,Other,,Rte 90 W,Rte 90  W Milemarker 133.0,,,,234170.1927,899773.2896
3452739,BOSTON (ROSLINDALE),10-May-2013,3:57 AM,Not Reported,2,0,0,Not reported,V1: Not reported / V2:Not reported,V1:Not reported / V2:Not reported ,V1: Not reported / V2: Not reported ,"V1: Bus (seats for more than 15 people, including driver) / V2:Passenger car",Not reported,Not reported,Not Reported,WASHINGTON STREET / UKRAINE WAY,,,,,,231678.1342,894272.4052
3425197,BOSTON,10-May-2013,6:00 AM,Property damage only (none injured),3,0,0,Rear-end,V1: Travelling straight ahead / V2:Travelling straight ahead / V3:Slowing or stopped in traffic,V1:Westbound / V2:Westbound / V3:Westbound ,V1: Collision with motor vehicle in traffic / V2: Collision with motor vehicle in traffic / V3: Collision with motor vehicle in traffic ,"V1: Passenger car / V2:Light truck(van, mini-van, panel, pickup, sport utility) with only four tires / V3:Light truck(van, mini-van, panel, pickup, sport utility) with only four tires",Wet,Dawn,Cloudy,,RAMP - LEVERETT CONNECTOR TO STORROW DRI Rte 3A N / RAMP-RT 93 NB TO STORROW DRIVE Rte 3 N,,,93S TO LEVERETT/STORROW,,235707.6245,901880.5877
3423089,BOSTON,10-May-2013,8:20 AM,Property damage only (none injured),2,0,0,Angle,V1: Travelling straight ahead / V2:Travelling straight ahead,V1:Northbound / V2:Westbound ,V1: Collision with motor vehicle in traffic / V2: Collision with motor vehicle in traffic ,"V1: Passenger car / V2:Bus (seats for 7-15 people, including driver)",Dry,Daylight,Not Reported,PARK DRIVE / RIVERWAY,,,,LANDMARK CENTER EXIT,,232662.4861,899376.1213
3482070,BOSTON (ROXBURY),10-May-2013,9:03 AM,Property damage only (none injured),2,0,0,Angle,V1: Backing / V2:Backing,V1:Not reported / V2:Not reported ,V1: Collision with other movable object / V2: Collision with other movable object ,V1: Passenger car / V2:Passenger car,Dry,Daylight,Clear/Unknown,,42A DUDLEY STREET,,,,,233965.8811,897727.8487
3414225,BOSTON,10-May-2013,9:30 AM,Property damage only (none injured),2,0,0,Angle,V1: Parked / V2:Turning right,V1:Northbound / V2:Northbound ,V1: Collision with motor vehicle in traffic / V2: Collision with motor vehicle in traffic ,"V1: Passenger car / V2:Light truck(van, mini-van, panel, pickup, sport utility) with only four tires",Dry,Daylight,Clear,,LOGAN AIRPORT TERMINAL B / LOGAN AIRPORT TERMINAL B,,,,,239600.3995,901584.0298
3421132,BOSTON,10-May-2013,10:00 AM,Property damage only (none injured),2,0,0,Angle,V1: Changing lanes / V2:Travelling straight ahead,V1:Southbound / V2:Southbound ,V1: Collision with moped / V2: Collision with motor vehicle in traffic ,"V1: Light truck(van, mini-van, panel, pickup, sport utility) with only four tires / V2:Light truck(van, mini-van, panel, pickup, sport utility) with only four tires",Dry,Daylight,Clear,,Rte 93,,Exit 15 on Rte 93,HOV BUILDING,,236629.6253,897168.5001
3457960,BOSTON,10-May-2013,12:15 PM,Non-fatal injury,2,1,0,Angle,V1: Changing lanes / V2:Travelling straight ahead,V1:Westbound / V2:Westbound ,V1: Collision with motor vehicle in traffic / V2: Collision with motor vehicle in traffic ,"V1: Passenger car / V2:Light truck(van, mini-van, panel, pickup, sport utility) with only four tires",Dry,Daylight,Not Reported,,SOLDIERS FIELD ROAD / NORTH BEACON STREET,,,IHOP,,228076.4976,901010.8434
3422710,BOSTON,10-May-2013,12:40 PM,Property damage only (none injured),2,0,0,Angle,V1: Travelling straight ahead / V2:Travelling straight ahead,V1:Southbound / V2:Eastbound ,V1: Collision with motor vehicle in traffic / V2: Collision with motor vehicle in traffic ,V1: Passenger car / V2:Passenger car,Dry,Daylight,Not Reported,RIVERWAY / NETHERLANDS ROAD,,,,,,232080.5294,898632.4523
3430236,BOSTON,10-May-2013,3:12 PM,Non-fatal injury,2,1,0,Rear-end,V1: Travelling straight ahead / V2:Slowing or stopped in traffic,V1:Northbound / V2:Northbound ,V1: Collision with motor vehicle in traffic / V2: Collision with motor vehicle in traffic ,"V1: Bus (seats for more than 15 people, including driver) / V2:Light truck(van, mini-van, panel, pickup, sport utility) with only four tires",Dry,Daylight,Clear,,GENERAL CASIMIR PULASKI SKYWAY Rte 93 N / JOHN F FITZGERALD EXPRESSWAY,,,O&AMP;APOS;NEILL TUNNEL,,235937.5459,898217.0198
3421055,BOSTON,10-May-2013,3:25 PM,Property damage only (none injured),2,0,0,Rear-end,V1: Travelling straight ahead / V2:Slowing or stopped in traffic,V1:Northbound / V2:Northbound ,V1: Collision with motor vehicle in traffic / V2: Collision with motor vehicle in traffic ,"V1: Light truck(van, mini-van, panel, pickup, sport utility) with only four tires / V2:Passenger car",Dry,Daylight,Clear,,Rte 93,,Exit 11 on Rte 93,,,237094.7253,891674.8051
3450601,BOSTON (ROSLINDALE),10-May-2013,3:56 PM,Unknown,1,0,0,Single vehicle crash,V1: Travelling straight ahead,V1:Northbound ,V1: Collision with pedestrian ,V1: Passenger car,Dry,Daylight,Clear/Clear,,308 CUMMINS HIGHWAY,,,BARBER SHOP,,231537.3667,892177.0243
3414333,BOSTON,10-May-2013,5:05 PM,Property damage only (none injured),2,0,0,Rear-end,V1: Slowing or stopped in traffic / V2:Travelling straight ahead,V1:Northbound / V2:Northbound ,V1: Collision with motor vehicle in traffic / V2: Collision with motor vehicle in traffic ,"V1: Passenger car / V2:Light truck(van, mini-van, panel, pickup, sport utility) with only four tires",Dry,Daylight,Clear,JOHN F FITZGERALD EXPRESSWAY Rte 93 N / GENERAL CASIMIR PULASKI SKYWAY Rte 1 N / RAMP - RT 93 NB TO RT 90 (RAMP K) Rte 1A N,,,,XX RAMP,,235937.5457,898217.0201
3419703,BOSTON,10-May-2013,5:44 PM,Property damage only (none injured),2,0,0,Angle,V1: Travelling straight ahead / V2:Changing lanes,V1:Westbound / V2:Westbound ,V1: Collision with motor vehicle in traffic / V2: Collision with motor vehicle in traffic ,"V1: Light truck(van, mini-van, panel, pickup, sport utility) with only four tires / V2:Light truck(van, mini-van, panel, pickup, sport utility) with only four tires",Dry,Daylight,Clear,,MASSACHUSETTS TURNPIKE Rte 90 W / RAMP - RT 90 WB TO RT 93/ CONGRESS STREE Rte 1A S,,,IN TED WILLIAMS TUNNEL,,238822.3058,900432.1313
3419755,BOSTON,10-May-2013,7:35 PM,Property damage only (none injured),2,0,0,Angle,V1: Travelling straight ahead / V2:Turning left,V1:Westbound / V2:Eastbound ,V1: Collision with motor vehicle in traffic / V2: Collision with motor vehicle in traffic ,V1: Passenger car / V2:Passenger car,Dry,Dusk,Clear,,TRUMAN HIGHWAY Rte UNKNOW / NEPONSET VALLEY PARKWAY,,,,,230941.0155,887276.4376
3430520,BOSTON,10-May-2013,8:28 PM,Non-fatal injury,1,1,0,Angle,V1: Entering traffic lane,V1:Northbound ,"V1: Collision with cyclist (bicycle, tricycle, unicycle, pedal car) ","V1: Light truck(van, mini-van, panel, pickup, sport utility) with only four tires",Dry,Dark - lighted roadway,Clear,,MORTON STREET Rte UNKNOW / LESTON STREET,,,,"P2:Pedalcyclist (bicycle, tricycle, unicycle, pedal car)",233852.781,892675.6252
3452242,BOSTON (DORCHESTER),11-May-2013,00:00 AM,Non-fatal injury,2,2,0,Angle,V1: Turning left / V2:Travelling straight ahead,V1:Westbound / V2:Northbound ,V1: Unknown / V2: Not reported ,V1: Passenger car / V2:Unknown vehicle configuration,Dry,Dark - lighted roadway,Clear/Clear,ADAMS STREET / LINDEN STREET,,,,,,236154.1565,895080.4375