Crash Number,City/Town Name,Crash Date,Crash Time,Crash Severity,Number of Vehicles,Total Nonfatal Injuries,Total Fatal Injuries,Manner of Collision,Vehicle Action Prior to Crash,Vehicle Travel Directions,Most Harmful Events,Vehicle Configuration,Road Surface Condition,Ambient Light,Weather Condition,At Roadway Intersection,Distance from Nearest Roadway Intersection,Distance from Nearest Milemarker,Distance from Nearest Exit,Distance from Nearest Landmark,Non Motorist Type,X Coordinate,Y Coordinate
3425199,BOSTON,11-May-2013,00:00 AM,Property damage only (none injured),3,0,0,Rear-end,V1: Travelling straight ahead / V2:Slowing or stopped in traffic / V3:Slowing or stopped in traffic,V1:Northbound / V2:Northbound / V3:Northbound ,V1: Collision with motor vehicle in traffic / V2: Collision with motor vehicle in traffic / V3: Collision with motor vehicle in traffic ,V1: Passenger car / V2:Passenger car / V3:Passenger car,Dry,Dark - lighted roadway,Clear,,Rte 93 N,,Exit 26 on Rte 93 N,,,236402.7433,901600.0342
3453238,BOSTON,11-May-2013,00:00 AM,Non-fatal injury,2,1,0,Rear-end,V1: Travelling straight ahead / V2:Travelling straight ahead,V1:Southbound / V2:Southbound ,V1: Collision with median barrier / V2: Collision with motor vehicle in traffic ,V1: Passenger car / V2:Passenger car,Dry,Dark - lighted roadway,Clear,,Rte 93 S / UNKNOWN,,Exit 15 on Rte 93 S,,,236629.6253,897168.5001
3430747,BOSTON,11-May-2013,1:00 AM,Property damage only (none injured),2,0,0,"Sideswipe, same direction",V1: Changing lanes / V2:Travelling straight ahead,V1:Southbound / V2:Southbound ,V1: Collision with motor vehicle in traffic / V2: Collision with motor vehicle in traffic ,V1: Passenger car / V2:Tractor/semi-trailer,Dry,Dark - lighted roadway,Clear,,Rte 93 S,,Exit 15 on Rte 93,15,,236629.6253,897168.5001
3425198,BOSTON,11-May-2013,1:10 AM,Property damage only (none injured),1,0,0,Single vehicle crash,V1: Travelling straight ahead,V1:Westbound ,V1: Collision with median barrier ,V1: Passenger car,Dry,Dark - lighted roadway,Cloudy,RAMP - RT 90 EB TO RT 93 SB / RAMP - RT 90 EB TO RT 93 / RAMP - RT 90 EB TO RT 93 NB,,,,D RAMP TO 93 S,,236391.6062,899676.0005
3452247,BOSTON (DORCHESTER),11-May-2013,1:38 AM,Non-fatal injury,1,1,0,Single vehicle crash,V1: Travelling straight ahead,V1:Not reported ,V1: Other ,V1: Passenger car,Dry,Dark - lighted roadway,Clear,,1114 DORCHESTER AVENUE,,,,,236495.6957,895873.435
3450600,BOSTON (HYDE PARK),11-May-2013,6:22 AM,Non-fatal injury,2,3,0,Head-on,V1: Travelling straight ahead / V2:Travelling straight ahead,V1:Southbound / V2:Northbound ,V1: Collision with motor vehicle in traffic / V2: Collision with motor vehicle in traffic ,V1: Passenger car / V2:Passenger car,Wet,Daylight,Cloudy/Rain,,65 WOOD AVENUE,,,,,232152.201,891406.9635
3425200,BOSTON,11-May-2013,3:06 PM,Property damage only (none injured),3,0,0,Rear-end,V1: Slowing or stopped in traffic / V2:Slowing or stopped in traffic / V3:Travelling straight ahead,V1:Southbound / V2:Southbound / V3:Southbound ,V1: Collision with motor vehicle in traffic / V2: Collision with motor vehicle in traffic / V3: Collision with motor vehicle in traffic ,"V1: Light truck(van, mini-van, panel, pickup, sport utility) with only four tires / V2:Light truck(van, mini-van, panel, pickup, sport utility) with only four tires / V3:Passenger car",Dry,Daylight,Clear,,Rte 93 S,,Exit 18 on Rte 93 S,,,236013.2783,899092.9981
3414335,BOSTON,11-May-2013,4:19 PM,Property damage only (none injured),2,0,0,Rear-end,V1: Travelling straight ahead / V2:Travelling straight ahead,V1:Westbound / V2:Westbound ,V1: Not reported / V2: Not reported ,"V1: Passenger car / V2:Light truck(van, mini-van, panel, pickup, sport utility) with only four tires",Dry,Daylight,Clear,CONGRESS STREET / B STREET,,,,,,237603.6449,899966.4448
3427947,BOSTON,11-May-2013,5:27 PM,Non-fatal injury,2,1,0,Angle,V1: Travelling straight ahead / V2:Turning left,V1:Northbound / V2:Westbound ,V1: Collision with motor vehicle in traffic / V2: Collision with motor vehicle in traffic ,V1: Passenger car / V2:Passenger car,Dry,Daylight,Clear,FRONTAGE ROAD / MASSACHUSETTS AVENUE CONNECTOR / RAMP - FRONTAGE ROAD TO RT 93 NB,,,,MASS AV CONNECTOR AT FRONTAGE RD,,235865.0173,898419.1854
3452249,BOSTON,11-May-2013,9:38 PM,Non-fatal injury,2,2,0,Rear-end,V1: Travelling straight ahead / V2:Travelling straight ahead,V1:Southbound / V2:Not reported ,V1: Collision with motor vehicle in traffic / V2: Collision with motor vehicle in traffic ,V1: Passenger car / V2:Passenger car,Wet,Dark - lighted roadway,Cloudy/Cloudy,,1209 DORCHESTER AVENUE,,,,,236436.675,895514.4878
3425354,BOSTON,11-May-2013,10:08 PM,Property damage only (none injured),2,0,0,"Sideswipe, same direction",V1: Travelling straight ahead / V2:Changing lanes,V1:Westbound / V2:Westbound ,V1: Collision with motor vehicle in traffic / V2: Collision with motor vehicle in traffic ,"V1: Light truck(van, mini-van, panel, pickup, sport utility) with only four tires / V2:Passenger car",Dry,Dark - lighted roadway,Clear,RAMP - RT 90 WB/CONGRESS STREET TO RT 93 Rte 1A S / RAMP - RT 90 WB TO RT 93 SB Rte 1A S / RAMP - RT 90 WB TO RT 93 NB,,,,D RAMP AT SPLIT FOR 93 N/S,,236475.7222,899745.5214
3423090,BOSTON,12-May-2013,2:19 AM,Non-fatal injury,2,2,0,Angle,V1: Entering traffic lane / V2:Travelling straight ahead,V1:Eastbound / V2:Eastbound ,V1: Collision with motor vehicle in traffic / V2: Collision with motor vehicle in traffic ,V1: Passenger car / V2:Passenger car,Dry,Dark - lighted roadway,Clear,STORROW DRIVE / DAVID G MUGAR WAY Rte 28 N,,,,PICKNEY ST,,235214.6816,900915.4701
3425355,BOSTON,12-May-2013,4:11 AM,Non-fatal injury,1,1,0,Single vehicle crash,V1: Entering traffic lane,V1:Westbound ,V1: Collision with guardrail ,V1: Passenger car,Dry,Dark - lighted roadway,Clear,MASSACHUSETTS TURNPIKE Rte 90 W / RAMP - MASSACHUSETTS AVENUE TO RT 90 WB,,,,WEST OF PRU TUNNEL,,233650.7371,899794.9294
3421133,BOSTON,12-May-2013,7:42 AM,Non-fatal injury,1,2,0,Single vehicle crash,V1: Travelling straight ahead,V1:Southbound ,V1: Collision with guardrail ,V1: Passenger car,Wet,Daylight,Cloudy/Rain,,JOHN F FITZGERALD EXPRESSWAY Rte 93 S / RAMP - FREEPORT ST TO RT 93 SB,,,OVER VICTORY ROAD,,237298.1551,894331.3169
3419748,BOSTON,12-May-2013,8:11 AM,Property damage only (none injured),1,0,0,Single vehicle crash,V1: Travelling straight ahead,V1:Northbound ,V1: Collision with median barrier ,V1: Passenger car,Wet,Daylight,Cloudy,,Rte 93 N / UNKNOWN,,Exit 23 on Rte 93 N,,,236957.4837,900943.9828
3422714,BOSTON,12-May-2013,9:10 AM,Non-fatal injury,2,1,0,Angle,V1: Travelling straight ahead / V2:Travelling straight ahead,V1:Eastbound / V2:Eastbound ,V1: Collision with motor vehicle in traffic / V2: Collision with motor vehicle in traffic ,V1: Passenger car / V2:Passenger car,Wet,Daylight,Rain,STORROW DRIVE / CHARLESGATE WEST,,,,BOWKER EXCHANGE,,233331.5159,900085.8125
3422711,BOSTON,12-May-2013,9:18 AM,Property damage only (none injured),1,0,0,Single vehicle crash,V1: Travelling straight ahead,V1:Eastbound ,V1: Collision with median barrier ,V1: Passenger car,Wet,Daylight,Cloudy/Rain,,STORROW DRIVE / RAMP - STORROW DRIVE TO BEACON STREET,,,END OF THE COPLEY TUNNEL,,235021.904,900654.1664
3511335,BOSTON,12-May-2013,9:35 AM,Not Reported,2,0,0,Single vehicle crash,V1: Not reported / V2:Not reported,V1:Not reported / V2:Not reported ,V1: Not reported / V2: Not reported ,V1: Passenger car / V2:Unknown vehicle configuration,Wet,Daylight,Rain,AMERICAN LEGION HIGHWAY / WALK HILL STREET,,,,,,232440.7966,893095.5
3419704,BOSTON,12-May-2013,10:15 AM,Property damage only (none injured),1,0,0,Single vehicle crash,V1: Travelling straight ahead,V1:Southbound ,V1: Collision with guardrail ,"V1: Light truck(van, mini-van, panel, pickup, sport utility) with only four tires",Wet,Daylight,Cloudy/Rain,,RAMP - RT 1 SB FROM TOBIN BRIDGE Rte 1 S / RAMP - RT 1 SB TO LEVERETT CONNECTOR,,,RAMP TC CANA LOOP,,235468.9976,902478.0477
3531818,BOSTON,12-May-2013,11:00 AM,Non-fatal injury,1,1,0,Single vehicle crash,V1: Turning left,V1:Not reported ,V1: Collision with pedestrian ,"V1: Light truck(van, mini-van, panel, pickup, sport utility) with only four tires",Dry,Daylight,Clear/Clear,,601 CONGRESS STREET,,,,P2:Pedestrian,237896.7986,899813.7584
3421134,BOSTON,12-May-2013,1:45 PM,Non-fatal injury,4,1,0,Rear-end,V1: Slowing or stopped in traffic / V2:Slowing or stopped in traffic / V3:Slowing or stopped in traffic / V4:Travelling straight ahead,V1:Southbound / V2:Southbound / V3:Southbound / V4:Southbound ,V1: Collision with motor vehicle in traffic / V2: Collision with motor vehicle in traffic / V3: Collision with motor vehicle in traffic / V4: Collision with motor vehicle in traffic ,"V1: Passenger car / V2:Passenger car / V3:Light truck(van, mini-van, panel, pickup, sport utility) with only four tires / V4:Light truck(van, mini-van, panel, pickup, sport utility) with only four tires",Dry,Daylight,Clear,,Rte 93 S,,Exit 12 on Rte 93 S,,,237620.5493,892713.0989
3430769,BOSTON (BRIGHTON),12-May-2013,2:38 PM,Not Reported,1,0,0,Single vehicle crash,V1: Turning left,V1:Not reported ,"V1: Collision with cyclist (bicycle, tricycle, unicycle, pedal car) ",V1: Passenger car,Dry,Daylight,Clear/Other,NORTH BEACON STREET / EVERETT STREET,,,,,,229736.3906,900428.8125
3413274,BOSTON,12-May-2013,2:53 PM,Property damage only (none injured),2,0,0,Angle,V1: Turning left / V2:Travelling straight ahead,V1:Eastbound / V2:Northbound ,V1: Collision with motor vehicle in traffic / V2: Collision with motor vehicle in traffic ,"V1: Single-unit truck (2-axle, 6-tire) / V2:Light truck(van, mini-van, panel, pickup, sport utility) with only four tires",Dry,Daylight,Cloudy,,85 SOUTHAMPTON STREET,,,,,235394.0002,898054.5
3422521,BOSTON,12-May-2013,7:45 PM,Non-fatal injury,1,2,0,Single vehicle crash,V1: Turning right,V1:Eastbound ,V1: Collision with tree ,V1: Passenger car,Dry,Daylight,Clear,,300 feet S from Intersection RAMP -WESTERN AV TO SOLDIERS FIELD RD EB / WESTERN AVENUE,,,NEAR GENZYME,,231455.4569,901503.1791
3427812,BOSTON,13-May-2013,00:00 AM,Non-fatal injury,1,1,0,Single vehicle crash,V1: Travelling straight ahead,V1:Northbound ,V1: Collision with curb ,V1: Passenger car,Dry,Dark - lighted roadway,Not Reported,,90 BIRMINGHAM PARKWAY / 90 MARKET STREET,,,,,228991.6858,900978.9977
3432921,BOSTON (HYDE PARK),13-May-2013,6:36 AM,Property damage only (none injured),2,0,0,Rear-end,V1: Overtaking/passing / V2:Travelling straight ahead,V1:Eastbound / V2:Eastbound ,V1: Collision with motor vehicle in traffic / V2: Collision with motor vehicle in traffic ,"V1: Passenger car / V2:Bus (seats for more than 15 people, including driver)",Dry,Daylight,Clear,RIVER STREET / HYDE PARK AVENUE,,,,,,231014.8439,889552.0002
3425201,BOSTON,13-May-2013,7:58 AM,Non-fatal injury,2,1,0,Rear-end,V1: Changing lanes / V2:Travelling straight ahead,V1:Southbound / V2:Southbound ,V1: Collision with motor vehicle in traffic / V2: Collision with motor vehicle in traffic ,V1: Passenger car / V2:Passenger car,Dry,Daylight,Clear,,Rte 93 S,,Exit 24 on Rte 93 S,,,236397.1933,901565.6511
3422715,BOSTON,13-May-2013,8:05 AM,Non-fatal injury,2,1,0,"Sideswipe, same direction",V1: Travelling straight ahead / V2:Changing lanes,V1:Westbound / V2:Westbound ,V1: Collision with motor vehicle in traffic / V2: Collision with motor vehicle in traffic ,"V1: Light truck(van, mini-van, panel, pickup, sport utility) with only four tires / V2:Passenger car",Dry,Daylight,Clear,,SOLDIERS FIELD ROAD / STORROW DRIVE,,,BU BRIDGE,,231915.4699,900245.1995
3425357,BOSTON,13-May-2013,9:57 AM,Property damage only (none injured),2,0,0,"Sideswipe, same direction",V1: Travelling straight ahead / V2:Slowing or stopped in traffic,V1:Not reported / V2:Southbound ,V1: Collision with motor vehicle in traffic / V2: Collision with motor vehicle in traffic ,"V1: Passenger car / V2:Light truck(van, mini-van, panel, pickup, sport utility) with only four tires",Dry,Daylight,Clear,,TEMPORARY RAMP Rte 1 S / MAURICE TOBIN BRIDGE,,,TOBIN BRIDGE,,235853.0976,902245.2623
3425358,BOSTON,13-May-2013,3:14 PM,Property damage only (none injured),2,0,0,Not reported,V1: Travelling straight ahead / V2:Travelling straight ahead,V1:Northbound / V2:Northbound ,V1: Collision with other movable object / V2: Collision with other movable object ,"V1: Passenger car / V2:Single-unit truck (2-axle, 6-tire)",Dry,Daylight,Clear,,TEMPORARY RAMP Rte 1 N / MAURICE TOBIN BRIDGE,,,TOBIN BRIDGE,,235848.1406,902282.2336
3452258,BOSTON (DORCHESTER),13-May-2013,4:02 PM,Property damage only (none injured),2,0,0,Unknown,V1: Turning left / V2:Turning left,V1:Southbound / V2:Southbound ,V1: Unknown / V2: Unknown ,V1: Passenger car / V2:Passenger car,Dry,Daylight,Clear/Clear,,GENEVA AVENUE / BOWDOIN STREET,,,,,235337.1719,894858.1875
3452255,BOSTON (DORCHESTER),13-May-2013,4:05 PM,Not Reported,2,0,0,Rear-end,V1: Travelling straight ahead / V2:Travelling straight ahead,V1:Southbound / V2:Southbound ,V1: Not reported / V2: Not reported ,V1: Unknown vehicle configuration / V2:Unknown vehicle configuration,Dry,Daylight,Clear,,628 WASHINGTON STREET,,,,,236034.7623,900288.7941
3427214,BOSTON,13-May-2013,5:30 PM,Property damage only (none injured),2,0,0,"Sideswipe, same direction",V1: Travelling straight ahead / V2:Changing lanes,V1:Eastbound / V2:Eastbound ,V1: Collision with motor vehicle in traffic / V2: Collision with motor vehicle in traffic ,V1: Passenger car / V2:Tractor/semi-trailer,Dry,Daylight,Clear,,MASSACHUSETTS TURNPIKE Rte 90 E / RAMP - RT 90 EB TO STUART STREET & HUNTI,,,PRU TUNNEL,,234246.9686,899761.4987
3419749,BOSTON,13-May-2013,5:50 PM,Property damage only (none injured),2,0,0,"Sideswipe, same direction",V1: Travelling straight ahead / V2:Changing lanes,V1:Southbound / V2:Southbound ,V1: Collision with motor vehicle in traffic / V2: Collision with motor vehicle in traffic ,"V1: Light truck(van, mini-van, panel, pickup, sport utility) with only four tires / V2:Light truck(van, mini-van, panel, pickup, sport utility) with only four tires",Dry,Daylight,Clear,,JOHN F FITZGERALD EXPRESSWAY Rte 93 S / RAMP - SURFACE ARTERY TO RT 93 SB,,,TIP O'NEIL TUNNEL EXIT PORTAL,,236247.7289,899896.6453
3738418,BOSTON (MATTAPAN),13-May-2013,8:53 PM,Non-fatal injury,1,1,0,Head-on,V1: Travelling straight ahead,V1:Not reported ,V1: Collision with pedestrian ,"V1: Light truck(van, mini-van, panel, pickup, sport utility) with only four tires",Dry,Dark - roadway not lighted,Clear/Clear,,536 RIVER STREET,,,,P2:Pedestrian,233432.4334,890826.0471
3422716,BOSTON,14-May-2013,7:50 AM,Non-fatal injury,2,1,0,Rear-end,V1: Entering traffic lane / V2:Entering traffic lane,V1:Eastbound / V2:Eastbound ,V1: Collision with motor vehicle in traffic / V2: Collision with motor vehicle in traffic ,V1: Passenger car / V2:Passenger car,Dry,Daylight,Not Reported,UNIVERSITY ROAD / STORROW DRIVE,,,,,,232286.1875,900193.4999
3502236,BOSTON (DORCHESTER),14-May-2013,9:43 AM,Non-fatal injury,1,2,0,Single vehicle crash,V1: Unknown,V1:Southbound ,V1: Collision with light pole or other post/support ,V1: Passenger car,Dry,Daylight,Clear/Clear,,757 GALLIVAN BOULEVARD,,,,,237603.6994,892825.0471
3738420,BOSTON (DORCHESTER),14-May-2013,12:00 PM,Non-fatal injury,2,1,0,"Sideswipe, opposite direction",V1: Turning right / V2:Travelling straight ahead,V1:Not reported / V2:Not reported ,V1: Collision with motor vehicle in traffic / V2: Collision with motor vehicle in traffic ,"V1: Passenger car / V2:Light truck(van, mini-van, panel, pickup, sport utility) with only four tires",Dry,Dark - unknown roadway lighting,Clear,,70 TALBOT AVENUE,,,,,234280.2779,893790.0153
3448440,BOSTON,14-May-2013,1:16 PM,Non-fatal injury,2,1,0,Angle,V1: Travelling straight ahead / V2:Travelling straight ahead,V1:Westbound / V2:Northbound ,V1: Collision with motor vehicle in traffic / V2: Collision with motor vehicle in traffic ,"V1: Light truck(van, mini-van, panel, pickup, sport utility) with only four tires / V2:Light truck(van, mini-van, panel, pickup, sport utility) with only four tires",Dry,Daylight,Clear,COMMONWEALTH AVENUE / CHARLESGATE EAST,,,,,,233649.9732,899935.8523
3454096,BOSTON,14-May-2013,2:56 PM,Non-fatal injury,2,1,0,"Sideswipe, same direction",V1: Entering traffic lane / V2:Entering traffic lane,V1:Southbound / V2:Southbound ,V1: Collision with motor vehicle in traffic / V2: Collision with motor vehicle in traffic ,V1: Truck/trailer / V2:Passenger car,Dry,Daylight,Clear,BIRMINGHAM PARKWAY / MARKET STREET,,,,,,229043.7386,900988.2166
3451833,BOSTON (DORCHESTER),14-May-2013,6:07 PM,Unknown,2,0,0,Rear-end,V1: Not reported / V2:Not reported,V1:Not reported / V2:Not reported ,V1: Not reported / V2: Not reported ,V1: Passenger car / V2:Passenger car,Dry,Daylight,Cloudy/Cloudy,,1935 DORCHESTER AVENUE,,,,,235910.3414,892776.8619
3453174,BOSTON,14-May-2013,10:20 PM,Property damage only (none injured),2,0,0,Rear-end,V1: Travelling straight ahead / V2:Slowing or stopped in traffic,V1:Southbound / V2:Southbound ,V1: Collision with motor vehicle in traffic / V2: Collision with motor vehicle in traffic ,"V1: Motorcycle / V2:Light truck(van, mini-van, panel, pickup, sport utility) with only four tires",Dry,Dark - lighted roadway,Cloudy,,Rte 93 / UNKNOWN,,Exit 18 on Rte 93,,,236013.2783,899092.9981
3450598,BOSTON (ROSLINDALE),15-May-2013,8:36 AM,Not Reported,2,0,0,"Sideswipe, opposite direction",V1: Travelling straight ahead / V2:Turning left,V1:Not reported / V2:Not reported ,V1: Not reported / V2: Not reported ,V1: Passenger car / V2:Passenger car,Not reported,Daylight,Clear/Clear,CUMMINS HIGHWAY / HARVARD STREET,,,,,,232238.1562,891617.1876
3425217,BOSTON,15-May-2013,11:28 AM,Property damage only (none injured),2,0,0,"Sideswipe, same direction",V1: Entering traffic lane / V2:Entering traffic lane,V1:Northbound / V2:Northbound ,V1: Collision with motor vehicle in traffic / V2: Collision with motor vehicle in traffic ,V1: Passenger car / V2:Not reported,Dry,Daylight,Clear,,Rte 93 N,,Exit 15 on Rte 93 N,,,236972.2496,896473.4282
3422503,BOSTON,15-May-2013,12:00 PM,Property damage only (none injured),2,0,0,"Sideswipe, same direction",V1: Travelling straight ahead / V2:Changing lanes,V1:Eastbound / V2:Eastbound ,V1: Collision with motor vehicle in traffic / V2: Collision with motor vehicle in traffic ,V1: Passenger car / V2:Passenger car,Dry,Daylight,Clear,,Rte 90 E,,Exit 18 on Rte 90 E,,,230714.9765,900764.6942
3738423,BOSTON,15-May-2013,12:00 PM,Non-fatal injury,2,3,0,Rear-end,V1: Travelling straight ahead / V2:Travelling straight ahead,V1:Not reported / V2:Not reported ,V1: Collision with motor vehicle in traffic / V2: Collision with motor vehicle in traffic ,"V1: Passenger car / V2:Light truck(van, mini-van, panel, pickup, sport utility) with only four tires",Dry,Daylight,Clear/Cloudy,CUMMINS HIGHWAY / WOODHAVEN STREET,,,,,,233142.509,891165.7945
3423317,BOSTON,15-May-2013,12:30 PM,Property damage only (none injured),2,0,0,Angle,V1: Travelling straight ahead / V2:Travelling straight ahead,V1:Southbound / V2:Westbound ,V1: Collision with motor vehicle in traffic / V2: Collision with motor vehicle in traffic ,V1: Passenger car / V2:Passenger car,Dry,Daylight,Clear,,NONANTUM ROAD / BROOKS STREET,,,,,227893.8746,900926.2354
3467774,BOSTON,15-May-2013,7:30 PM,Property damage only (none injured),2,0,0,"Sideswipe, same direction",V1: Travelling straight ahead / V2:Changing lanes,V1:Westbound / V2:Westbound ,V1: Collision with motor vehicle in traffic / V2: Collision with motor vehicle in traffic ,"V1: Light truck(van, mini-van, panel, pickup, sport utility) with only four tires / V2:Light truck(van, mini-van, panel, pickup, sport utility) with only four tires",Wet,Daylight,Cloudy,,STORROW DRIVE Rte 28 S / RAMP - RT 3 TO RT 28 SB,,,BY LONGFELLOW BRIDGE,,235193.4967,901256.8943
3426448,BOSTON,15-May-2013,9:44 PM,Property damage only (none injured),1,0,0,Single vehicle crash,V1: Changing lanes,V1:Northbound ,V1: Collision with median barrier ,V1: Passenger car,Dry,Dark - lighted roadway,Cloudy,,JOHN F FITZGERALD EXPRESSWAY Rte 93 N,,,ZAKIM BRIDGE,,236018.9457,902082.5368
3428368,BOSTON,15-May-2013,11:32 PM,Non-fatal injury,3,1,0,Rear-end,V1: Travelling straight ahead / V2:Slowing or stopped in traffic / V3:Slowing or stopped in traffic,V1:Northbound / V2:Northbound / V3:Northbound ,V1: Collision with motor vehicle in traffic / V2: Collision with motor vehicle in traffic / V3: Collision with motor vehicle in traffic ,V1: Passenger car / V2:Passenger car / V3:Passenger car,Dry,Dark - lighted roadway,Clear,,TEMPORARY RAMP Rte 1 N / MAURICE TOBIN BRIDGE,,,,,235848.1406,902282.2336
3428385,BOSTON,16-May-2013,00:00 AM,Property damage only (none injured),2,0,0,Rear-end,V1: Travelling straight ahead / V2:Slowing or stopped in traffic,V1:Westbound / V2:Westbound ,V1: Collision with motor vehicle in traffic / V2: Collision with motor vehicle in traffic ,"V1: Light truck(van, mini-van, panel, pickup, sport utility) with only four tires / V2:Passenger car",Dry,Dark - lighted roadway,Clear,NONANTUM ROAD / BROOKS STREET,,,,,,227893.8746,900926.2354
3428369,BOSTON,16-May-2013,2:43 AM,Property damage only (none injured),2,0,0,Rear-end,V1: Travelling straight ahead / V2:Parked,V1:Southbound / V2:Southbound ,V1: Collision with parked motor vehicle / V2: Collision with motor vehicle in traffic ,V1: Passenger car / V2:Other,Dry,Dark - roadway not lighted,Clear,,Rte 93 S,,Exit 26 on Rte 93 S,,,234851.4113,903728.5151
3422725,BOSTON,16-May-2013,7:15 AM,Property damage only (none injured),3,0,0,Rear-end,V1: Slowing or stopped in traffic / V2:Travelling straight ahead / V3:Travelling straight ahead,V1:Westbound / V2:Westbound / V3:Westbound ,V1: Collision with motor vehicle in traffic / V2: Collision with motor vehicle in traffic / V3: Collision with motor vehicle in traffic ,V1: Passenger car / V2:Passenger car / V3:Passenger car,Dry,Daylight,Not Reported,,MORTON STREET / CEMETERY ROAD,,,REAR OF SHATTUCK HOSPITAL,,232598.4532,894496.6249
3422518,BOSTON,16-May-2013,7:39 AM,Non-fatal injury,1,1,0,"Sideswipe, same direction",V1: Travelling straight ahead,V1:Eastbound ,V1: Collision with motor vehicle in traffic ,V1: Passenger car,Dry,Daylight,Clear,RIVERWAY / PARK DRIVE,,,,,"P2:Pedalcyclist (bicycle, tricycle, unicycle, pedal car)",232691.7032,899332.1131
3446270,BOSTON,16-May-2013,8:58 AM,Property damage only (none injured),1,0,0,Not reported,V1: Turning left,V1:Southbound ,V1: Not reported ,V1: Passenger car,Not reported,Not reported,Not Reported,FRANCIS STREET / BINNEY STREET,,,,,P2:Pedestrian,232286.0856,898495.7151
3425219,BOSTON,16-May-2013,11:05 AM,Non-fatal injury,2,1,0,Rear-end,V1: Travelling straight ahead / V2:Slowing or stopped in traffic,V1:Northbound / V2:Northbound ,V1: Collision with motor vehicle in traffic / V2: Collision with motor vehicle in traffic ,V1: Passenger car / V2:Passenger car,Dry,Daylight,Clear,,Rte 93 N,,Exit 14 on Rte 93 N,,,237258.9796,894483.3974
3425366,BOSTON,16-May-2013,11:45 AM,Property damage only (none injured),2,0,0,Rear-end,V1: Travelling straight ahead / V2:Travelling straight ahead,V1:Northbound / V2:Northbound ,V1: Collision with motor vehicle in traffic / V2: Collision with motor vehicle in traffic ,V1: Passenger car / V2:Passenger car,Dry,Daylight,Clear,,Rte 93 N,,Exit 13 on Rte 93 N,,,237420.1414,894076.5227
3452264,BOSTON (DORCHESTER),16-May-2013,12:54 PM,Unknown,1,0,0,Single vehicle crash,V1: Turning left,V1:Westbound ,V1: Collision with pedestrian ,"V1: Light truck(van, mini-van, panel, pickup, sport utility) with only four tires",Dry,Daylight,Clear/Clear,GENEVA AVENUE / DAKOTA STREET,,,,,P2:Pedestrian,235767.5939,894518.1248
3422712,BOSTON,16-May-2013,2:45 PM,Non-fatal injury,2,1,0,Rear-end,V1: Slowing or stopped in traffic / V2:Slowing or stopped in traffic,V1:Westbound / V2:Westbound ,V1: Collision with motor vehicle in traffic / V2: Collision with motor vehicle in traffic ,"V1: Passenger car / V2:Light truck(van, mini-van, panel, pickup, sport utility) with only four tires",Dry,Daylight,Clear,,JAMAICAWAY Rte UNKNOW / KELLEY CIRCLE,,,KELLEY CIRCLE,,231228.8755,895994.75
3426383,BOSTON,16-May-2013,3:08 PM,Property damage only (none injured),3,0,0,Rear-end,V1: Slowing or stopped in traffic / V2:Slowing or stopped in traffic / V3:Travelling straight ahead,V1:Southbound / V2:Northbound / V3:Southbound ,V1: Collision with motor vehicle in traffic / V2: Collision with motor vehicle in traffic / V3: Collision with motor vehicle in traffic ,"V1: Passenger car / V2:Passenger car / V3:Light truck(van, mini-van, panel, pickup, sport utility) with only four tires",Dry,Daylight,Clear,,Rte 93 S,,Exit 23 on Rte 93 S,,,236856.2793,901152.8251
3450255,BOSTON,16-May-2013,3:10 PM,Not Reported,1,0,0,Single vehicle crash,V1: Slowing or stopped in traffic,V1:Not reported ,V1: Not reported ,V1: Passenger car,Dry,Daylight,Clear,WASHINGTON STREET / KNEELAND STREET,,,,,"P2:Pedalcyclist (bicycle, tricycle, unicycle, pedal car)",236001.5815,900139.4772
3430771,BOSTON,16-May-2013,3:23 PM,Not Reported,2,0,0,Head-on,V1: Turning left / V2:Travelling straight ahead,V1:Eastbound / V2:Westbound ,V1: Collision with motor vehicle in traffic / V2: Collision with motor vehicle in traffic ,"V1: Passenger car / V2:Light truck(van, mini-van, panel, pickup, sport utility) with only four tires",Dry,Daylight,Clear,WESTERN AVENUE / EVERETT STREET,,,,,,230039.6252,901472.5
3425367,BOSTON,16-May-2013,3:25 PM,Non-fatal injury,2,1,0,Rear-end,V1: Slowing or stopped in traffic / V2:Travelling straight ahead,V1:Northbound / V2:Northbound ,V1: Collision with motor vehicle in traffic / V2: Collision with motor vehicle in traffic ,"V1: Light truck(van, mini-van, panel, pickup, sport utility) with only four tires / V2:Passenger car",Dry,Daylight,Clear,WILLIAM T MORRISSEY BOULEVARD / FREEPORT STREET,,,,,,237175.7656,894558.6879
3430772,BOSTON (ALLSTON),16-May-2013,3:46 PM,Non-fatal injury,2,1,0,Rear-end,V1: Slowing or stopped in traffic / V2:Travelling straight ahead,V1:Not reported / V2:Not reported ,V1: Collision with motor vehicle in traffic / V2: Collision with motor vehicle in traffic ,"V1: Light truck(van, mini-van, panel, pickup, sport utility) with only four tires / V2:Passenger car",Dry,Daylight,Clear/Clear,,855 COMMONWEALTH AVENUE,,,,,231755.0358,900136.011
3430371,BOSTON,16-May-2013,3:55 PM,Property damage only (none injured),2,0,0,Rear-end,V1: Slowing or stopped in traffic / V2:Travelling straight ahead,V1:Southbound / V2:Southbound ,V1: Collision with motor vehicle in traffic / V2: Collision with motor vehicle in traffic ,"V1: Light truck(van, mini-van, panel, pickup, sport utility) with only four tires / V2:Light truck(van, mini-van, panel, pickup, sport utility) with only four tires",Dry,Daylight,Not Reported,,MASSACHUSETTS AVENUE Rte 2A W / RAMP - STORROW DR TO RT 2A WB,,,MASS AVE BRIDGE,,233751.3755,900314.0942