Crash Number,City/Town Name,Crash Date,Crash Time,Crash Severity,Number of Vehicles,Total Nonfatal Injuries,Total Fatal Injuries,Manner of Collision,Vehicle Action Prior to Crash,Vehicle Travel Directions,Most Harmful Events,Vehicle Configuration,Road Surface Condition,Ambient Light,Weather Condition,At Roadway Intersection,Distance from Nearest Roadway Intersection,Distance from Nearest Milemarker,Distance from Nearest Exit,Distance from Nearest Landmark,Non Motorist Type,X Coordinate,Y Coordinate
3426449,BOSTON,16-May-2013,4:08 PM,Property damage only (none injured),2,0,0,Rear-end,V1: Slowing or stopped in traffic / V2:Travelling straight ahead,V1:Southbound / V2:Southbound ,V1: Collision with motor vehicle in traffic / V2: Collision with motor vehicle in traffic ,V1: Passenger car / V2:Passenger car,Dry,Daylight,Clear,,JOHN F FITZGERALD EXPRESSWAY Rte 1 S / RAMP - RT 93 SB TO CALLAHAN TUNNEL,,,O'NEILL TUNNEL PORTAL,,236375.2987,901596.742
3426384,BOSTON,16-May-2013,4:25 PM,Property damage only (none injured),2,0,0,Rear-end,V1: Slowing or stopped in traffic / V2:Travelling straight ahead,V1:Southbound / V2:Southbound ,V1: Collision with motor vehicle in traffic / V2: Collision with motor vehicle in traffic ,"V1: Light truck(van, mini-van, panel, pickup, sport utility) with only four tires / V2:Passenger car",Dry,Daylight,Clear,,Rte 93 S,,Exit 24 on Rte 93 S,,,236397.1933,901565.6511
3439955,BOSTON (WEST ROXBURY),16-May-2013,5:51 PM,Not Reported,1,0,0,Not reported,V1: Travelling straight ahead,V1:Not reported ,V1: Collision with parked motor vehicle ,"V1: Light truck(van, mini-van, panel, pickup, sport utility) with only four tires",Not reported,Not reported,Not Reported,,PARK STREET,,,,,,
3454061,BOSTON,16-May-2013,6:00 PM,Property damage only (none injured),2,0,0,Angle,V1: Travelling straight ahead / V2:Turning left,V1:Southbound / V2:Southbound ,V1: Collision with motor vehicle in traffic / V2: Collision with motor vehicle in traffic ,"V1: Light truck(van, mini-van, panel, pickup, sport utility) with only four tires / V2:Light truck(van, mini-van, panel, pickup, sport utility) with only four tires",Dry,Daylight,Clear,,Rte 93 S / UNKNOWN,,Exit 20 on Rte 93 S,,,236954.209,900826.9442
3430729,BOSTON,16-May-2013,7:15 PM,Property damage only (none injured),2,0,0,Rear-end,V1: Slowing or stopped in traffic / V2:Travelling straight ahead,V1:Eastbound / V2:Eastbound ,V1: Collision with motor vehicle in traffic / V2: Collision with motor vehicle in traffic ,V1: Passenger car / V2:Passenger car,Dry,Dusk,Clear,,MASSACHUSETTS TURNPIKE Rte 90 E / RAMP - RT 90 EB TO STUART STREET & HUNTI,,,PRU TUNNEL,,234467.4975,899767.6472
3427216,BOSTON,16-May-2013,9:25 PM,Property damage only (none injured),2,0,0,Rear-end,V1: Slowing or stopped in traffic / V2:Slowing or stopped in traffic,V1:Northbound / V2:Northbound ,V1: Collision with motor vehicle in traffic / V2: Collision with motor vehicle in traffic ,"V1: Bus (seats for more than 15 people, including driver) / V2:Light truck(van, mini-van, panel, pickup, sport utility) with only four tires",Dry,Dark - lighted roadway,Clear,,HAUL ROAD,,,,,237627.2291,899817.3934
3454101,BOSTON,16-May-2013,11:30 PM,Property damage only (none injured),2,0,0,Angle,V1: Travelling straight ahead / V2:Travelling straight ahead,V1:Eastbound / V2:Southbound ,V1: Collision with motor vehicle in traffic / V2: Collision with motor vehicle in traffic ,V1: Passenger car / V2:Passenger car,Dry,Dark - lighted roadway,Clear,,KOSCIUSZKO CIRCLE / OLD COLONY AVENUE,,,,,237020.6238,896892.1848
3452262,BOSTON (DORCHESTER),17-May-2013,00:00 AM,Non-fatal injury,2,2,0,Angle,V1: Travelling straight ahead / V2:Turning right,V1:Northbound / V2:Westbound ,V1: Other / V2: Other ,V1: Passenger car / V2:Passenger car,Dry,Dark - lighted roadway,Clear/Unknown,PLEASANT STREET / SAVIN HILL AVENUE,,,,,,236366.1875,895903.5625
3580242,BOSTON,17-May-2013,1:14 AM,Property damage only (none injured),2,0,0,Angle,V1: Travelling straight ahead / V2:Not reported,V1:Southbound / V2:Not reported ,V1: Collision with motor vehicle in traffic / V2: Not reported ,V1: Passenger car / V2:Passenger car,Dry,Dark - lighted roadway,Clear,,Rte 93 S / UNKNOWN,,,DYC,,236767.6302,895231.3826
3422705,BOSTON,17-May-2013,8:25 AM,Property damage only (none injured),2,0,0,Rear-end,V1: Slowing or stopped in traffic / V2:Travelling straight ahead,V1:Eastbound / V2:Eastbound ,V1: Collision with motor vehicle in traffic / V2: Collision with motor vehicle in traffic ,"V1: Light truck(van, mini-van, panel, pickup, sport utility) with only four tires / V2:Light truck(van, mini-van, panel, pickup, sport utility) with only four tires",Dry,Daylight,Clear,,Rte 90 E,,Exit 22 on Rte 90 E,,,234741.7413,899775.696
3427815,BOSTON,17-May-2013,10:13 AM,Property damage only (none injured),2,0,0,Rear-end,V1: Slowing or stopped in traffic / V2:Travelling straight ahead,V1:Southbound / V2:Southbound ,V1: Collision with motor vehicle in traffic / V2: Collision with motor vehicle in traffic ,"V1: Light truck(van, mini-van, panel, pickup, sport utility) with only four tires / V2:Light truck(van, mini-van, panel, pickup, sport utility) with only four tires",Dry,Daylight,Clear,GALLIVAN BOULEVARD / MARSH STREET,,,,,,237104.299,892631.7376
3425220,BOSTON,17-May-2013,12:20 PM,Property damage only (none injured),2,0,0,Rear-end,V1: Slowing or stopped in traffic / V2:Slowing or stopped in traffic,V1:Southbound / V2:Southbound ,V1: Collision with motor vehicle in traffic / V2: Collision with motor vehicle in traffic ,"V1: Passenger car / V2:Light truck(van, mini-van, panel, pickup, sport utility) with only four tires",Dry,Daylight,Clear,,Rte 93 S,,Exit 11 on Rte 93 S,,,237076.8671,891681.5326
3422519,BOSTON,17-May-2013,5:00 PM,Non-fatal injury,2,2,0,Angle,V1: Travelling straight ahead / V2:Entering traffic lane,V1:Westbound / V2:Northbound ,V1: Collision with motor vehicle in traffic / V2: Collision with motor vehicle in traffic ,"V1: Passenger car / V2:Light truck(van, mini-van, panel, pickup, sport utility) with only four tires",Dry,Daylight,Clear,,200 feet E from Intersection 261 PARK DRIVE / BOYLSTON STREET,,,TURNAROUND FROM RIVERWAY EXT,,232779.8005,899230.3774
3427224,BOSTON,17-May-2013,5:30 PM,Non-fatal injury,1,2,0,Single vehicle crash,V1: Travelling straight ahead,V1:Northbound ,V1: Collision with tree ,V1: Passenger car,Dry,Daylight,Clear,,VETERANS OF FOREIGN WARS PARKWAY / VINCENT ROAD,,,,,229799.4801,893976.1799
3426385,BOSTON,17-May-2013,5:32 PM,Property damage only (none injured),2,0,0,Rear-end,V1: Travelling straight ahead / V2:Travelling straight ahead,V1:Northbound / V2:Northbound ,V1: Collision with motor vehicle in traffic / V2: Collision with motor vehicle in traffic ,V1: Passenger car / V2:Passenger car,Dry,Daylight,Clear,,Rte 93 N / UNKNOWN,,Exit 28 on Rte 93 N,SOUTH OF EXIT 28,,234953.5188,903173.3157
3430381,BOSTON,17-May-2013,7:30 PM,Non-fatal injury,2,1,0,Angle,V1: Travelling straight ahead / V2:Travelling straight ahead,V1:Northbound / V2:Eastbound ,V1: Collision with motor vehicle in traffic / V2: Collision with motor vehicle in traffic ,"V1: Light truck(van, mini-van, panel, pickup, sport utility) with only four tires / V2:Passenger car",Dry,Daylight,Clear,MORTON STREET / HARVARD STREET,,,,,,233493.5311,893100.9999
3436195,BOSTON,18-May-2013,00:00 AM,Property damage only (none injured),4,0,0,Rear-end,V1: Slowing or stopped in traffic / V2:Travelling straight ahead / V3:Travelling straight ahead / V4:Parked,V1:Southbound / V2:Southbound / V3:Southbound / V4:Southbound ,V1: Collision with motor vehicle in traffic / V2: Collision with motor vehicle in traffic / V3: Collision with motor vehicle in traffic / V4: Collision with parked motor vehicle ,"V1: Passenger car / V2:Light truck(van, mini-van, panel, pickup, sport utility) with only four tires / V3:Passenger car / V4:Passenger car",Dry,Dark - lighted roadway,Clear,,Rte 93 S / UNKNOWN,,Exit 12 on Rte 93 S,,,237620.5493,892713.0989
3425221,BOSTON,18-May-2013,2:00 PM,Property damage only (none injured),2,0,0,Rear-end,V1: Slowing or stopped in traffic / V2:Slowing or stopped in traffic,V1:Northbound / V2:Northbound ,V1: Collision with motor vehicle in traffic / V2: Collision with motor vehicle in traffic ,"V1: Light truck(van, mini-van, panel, pickup, sport utility) with only four tires / V2:Light truck(van, mini-van, panel, pickup, sport utility) with only four tires",Dry,Daylight,Clear,,Rte 93,,Exit 11 on Rte 93,,,237094.7253,891674.8051
3425222,BOSTON,18-May-2013,4:25 PM,Property damage only (none injured),1,0,0,Single vehicle crash,V1: Not reported,V1:Eastbound ,V1: Collision with light pole or other post/support ,"V1: Light truck(van, mini-van, panel, pickup, sport utility) with only four tires",Dry,Daylight,Clear,,GALLIVAN BOULEVARD / NEPONSET AVENUE,,,,,237735.2263,892889.9254
3425223,BOSTON,18-May-2013,4:50 PM,Property damage only (none injured),1,0,0,Angle,V1: Travelling straight ahead,V1:Southbound ,"V1: Collision with cyclist (bicycle, tricycle, unicycle, pedal car) ",V1: Passenger car,Dry,Dusk,Cloudy,,135 WILLIAM T MORRISSEY BOULEVARD,,,THE BOSTON GLOBE ENTRANCE/EXIT S,"P2:Pedalcyclist (bicycle, tricycle, unicycle, pedal car)",237044.4504,896678.726
3427957,BOSTON,18-May-2013,5:11 PM,Non-fatal injury,1,1,0,Angle,V1: Turning left,V1:Southbound ,V1: Collision with other movable object ,V1: Passenger car,Dry,Daylight,Clear,,JAMAICAWAY Rte UNKNOW S / PERKINS STREET,,,,,231606.1562,896796.9999
3427217,BOSTON,18-May-2013,6:00 PM,Property damage only (none injured),2,0,0,"Sideswipe, same direction",V1: Changing lanes / V2:Travelling straight ahead,V1:Southbound / V2:Southbound ,V1: Collision with motor vehicle in traffic / V2: Collision with motor vehicle in traffic ,"V1: Other / V2:Bus (seats for 7-15 people, including driver)",Dry,Daylight,Clear,,Rte 93 S,,Exit 26 on Rte 93 S,,,234851.4113,903728.5151
3427807,BOSTON,18-May-2013,8:35 PM,Non-fatal injury,2,2,0,Angle,V1: Travelling straight ahead / V2:Travelling straight ahead,V1:Westbound / V2:Northbound ,V1: Collision with motor vehicle in traffic / V2: Collision with motor vehicle in traffic ,"V1: Passenger car / V2:Light truck(van, mini-van, panel, pickup, sport utility) with only four tires",Dry,Dark - lighted roadway,Cloudy,,COMMONWEALTH AVENUE Rte 2 W / CHARLESGATE EAST,,,CHARLESGATE EAST AND COMM. AVE.,,233645.5014,899935.654
3427823,BOSTON,19-May-2013,00:00 AM,Property damage only (none injured),2,0,0,"Sideswipe, same direction",V1: Travelling straight ahead / V2:Turning left,V1:Westbound / V2:Westbound ,V1: Collision with motor vehicle in traffic / V2: Collision with motor vehicle in traffic ,"V1: Passenger car / V2:Light truck(van, mini-van, panel, pickup, sport utility) with only four tires",Dry,Dark - lighted roadway,Clear,,MORTON STREET Rte UNKNOW / EVANS STREET,,,,,234273.0086,892342.2902
3454062,BOSTON,19-May-2013,00:00 AM,Non-fatal injury,1,2,0,Single vehicle crash,V1: Travelling straight ahead,V1:Southbound ,V1: Reported but invalid ,"V1: Light truck(van, mini-van, panel, pickup, sport utility) with only four tires",Dry,Dark - lighted roadway,Cloudy,,Rte 93 S,Rte 93  S Milemarker 16.6,,,,236295.577,900133.1416
3436186,BOSTON,19-May-2013,2:04 AM,Property damage only (none injured),2,0,0,"Sideswipe, opposite direction",V1: Travelling straight ahead / V2:Other,V1:Eastbound / V2:Westbound ,V1: Collision with motor vehicle in traffic / V2: Collision with motor vehicle in traffic ,"V1: Passenger car / V2:Light truck(van, mini-van, panel, pickup, sport utility) with only four tires",Dry,Dark - lighted roadway,Not Reported,,BOYLSTON STREET Rte UNKNOW / FENWAY,,,,,233753.6727,899644.6763
3426386,BOSTON,19-May-2013,2:09 AM,Non-fatal injury,1,1,0,Single vehicle crash,V1: Travelling straight ahead,V1:Westbound ,V1: Collision with median barrier ,V1: Passenger car,Dry,Dark - lighted roadway,Clear,,MASSACHUSETTS TURNPIKE Rte 90 W / RAMP - ARLINGTON STREET TO RT 90 WB,,,CLARENDON STREET,,235110.2379,899805.2955
3454064,BOSTON,19-May-2013,2:23 AM,Non-fatal injury,2,3,0,Rear-end,V1: Travelling straight ahead / V2:Travelling straight ahead,V1:Northbound / V2:Northbound ,V1: Collision with motor vehicle in traffic / V2: Collision with motor vehicle in traffic ,V1: Passenger car / V2:Passenger car,Dry,Dark - roadway not lighted,Clear,,Rte 93 N,,Exit 28 on Rte 93,,,234953.5188,903173.3157
3427904,BOSTON,19-May-2013,7:35 AM,Non-fatal injury,2,1,0,Not reported,V1: Slowing or stopped in traffic / V2:Backing,V1:Not reported / V2:Southbound ,V1: Collision with motor vehicle in traffic / V2: Collision with motor vehicle in traffic ,"V1: Light truck(van, mini-van, panel, pickup, sport utility) with only four tires / V2:Light truck(van, mini-van, panel, pickup, sport utility) with only four tires",Dry,Daylight,Clear,,,,,DEER ISLAND PARKING LOT,,,
3491502,BOSTON,19-May-2013,8:24 AM,Property damage only (none injured),2,0,0,"Sideswipe, same direction",V1: Travelling straight ahead / V2:Travelling straight ahead,V1:Southbound / V2:Southbound ,V1: Collision with motor vehicle in traffic / V2: Collision with motor vehicle in traffic ,"V1: Bus (seats for 7-15 people, including driver) / V2:Passenger car",Dry,Daylight,Clear,ALBANY STREET CONNECTOR / FRONTAGE ROAD / RAMP - ALBANY STREET TO RT 90 EB,,,,,,236004.2736,898934.2784
3471569,BOSTON,19-May-2013,2:39 PM,Non-fatal injury,1,2,0,Head-on,V1: Travelling straight ahead,V1:Westbound ,V1: Collision with pedestrian ,V1: Passenger car,Dry,Daylight,Cloudy,CONGRESS STREET / SEAPORT LANE,,,,CONGRESS ST AT SEAPORT LANE,P3:Pedestrian / P4:Pedestrian,237771.1959,899878.5902
4030074,BOSTON,19-May-2013,5:00 PM,Fatal injury,1,0,1,Not reported,V1: Not reported,V1:Not reported ,"V1: Collision with cyclist (bicycle, tricycle, unicycle, pedal car) ",V1: Single-unit truck (3-or-more axles),Not reported,Not reported,Not Reported,,45 BAY STATE ROAD,,,,"P2:Pedalcyclist (bicycle, tricycle, unicycle, pedal car)",233382.3125,900017.6255
3656748,BOSTON,19-May-2013,6:45 PM,Property damage only (none injured),2,0,0,Angle,V1: Travelling straight ahead / V2:Turning left,V1:Northbound / V2:Westbound ,V1: Collision with motor vehicle in traffic / V2: Collision with motor vehicle in traffic ,"V1: Bus (seats for more than 15 people, including driver) / V2:Passenger car",Wet,Dusk,Cloudy/Rain,SR-2 / PRESCOTT STREET / FRANKFORT STREET,,,,SERVICE RD AT PRESCOTT ST,,238945.0547,903031.6618
3436732,BOSTON,19-May-2013,6:52 PM,Property damage only (none injured),1,0,0,Single vehicle crash,V1: Travelling straight ahead,V1:Northbound ,V1: Collision with light pole or other post/support ,V1: Passenger car,Wet,Daylight,Rain,BERKELEY STREET / STORROW DRIVE,,,,ON RAMP FROM BEACON ST,,234799.0958,900581.8027
3491334,BOSTON,19-May-2013,7:37 PM,Property damage only (none injured),1,0,0,Single vehicle crash,V1: Travelling straight ahead,V1:Westbound ,V1: Collision with median barrier ,V1: Passenger car,Wet,Dusk,Rain,,MASSACHUSETTS TURNPIKE Rte 90 W,,,IC 19,,231015.864,900866.268
3502331,BOSTON (DORCHESTER),19-May-2013,7:40 PM,Non-fatal injury,2,1,0,Head-on,V1: Travelling straight ahead / V2:Travelling straight ahead,V1:Not reported / V2:Not reported ,V1: Not reported / V2: Not reported ,V1: Passenger car / V2:Passenger car,Wet,Dawn,Rain/Rain,NEPONSET AVENUE / ASHMONT STREET,,,,,,237242.0623,893385.3125
3452265,BOSTON (DORCHESTER),19-May-2013,9:04 PM,Non-fatal injury,2,1,0,Angle,V1: Turning left / V2:Travelling straight ahead,V1:Eastbound / V2:Not reported ,V1: Collision with motor vehicle in traffic / V2: Collision with motor vehicle in traffic ,V1: Passenger car / V2:Passenger car,Wet,Dark - lighted roadway,Rain/Rain,,DORCHESTER AVENUE / BAILEY STREET,,,,,235913.6716,892792.1252
3450063,BOSTON,20-May-2013,1:23 AM,Property damage only (none injured),1,0,0,Single vehicle crash,V1: Travelling straight ahead,V1:Eastbound ,V1: Collision with guardrail ,V1: Passenger car,Wet,Dark - lighted roadway,Cloudy,,STORROW DRIVE Rte 28 N / RAMP TO CHARLES CIRCLE,,,"LONGFELLOW "S" TURN""ONGFELL",,235238.4661,901208.1179
3561593,BOSTON,20-May-2013,4:47 AM,Property damage only (none injured),2,0,0,"Sideswipe, opposite direction",V1: Turning left / V2:Travelling straight ahead,V1:Westbound / V2:Eastbound ,V1: Collision with motor vehicle in traffic / V2: Collision with motor vehicle in traffic ,V1: Passenger car / V2:Passenger car,Dry,Daylight,Clear,,HOTEL DRIVE / SR-2,,,,,239099.0626,902275.4113
3450064,BOSTON,20-May-2013,5:55 AM,Property damage only (none injured),1,0,0,Single vehicle crash,V1: Travelling straight ahead,V1:Eastbound ,V1: Collision with guardrail ,V1: Passenger car,Wet,Dawn,Cloudy,,STORROW DRIVE Rte 28 N / RAMP TO CHARLES CIRCLE,,,S-TURN,,235266.7652,901378.428
3427963,BOSTON,20-May-2013,7:15 AM,Non-fatal injury,2,1,0,Rear-end,V1: Travelling straight ahead / V2:Slowing or stopped in traffic,V1:Northbound / V2:Northbound ,V1: Collision with motor vehicle in traffic / V2: Collision with motor vehicle in traffic ,"V1: Light truck(van, mini-van, panel, pickup, sport utility) with only four tires / V2:Light truck(van, mini-van, panel, pickup, sport utility) with only four tires",Dry,Daylight,Cloudy,NEPONSET AVENUE / WILLIAM T MORRISSEY BOULEVARD,,,,,,237696.0819,892924.3425
3484652,BOSTON (ROSLINDALE),20-May-2013,7:38 AM,Property damage only (none injured),2,0,0,"Sideswipe, same direction",V1: Not reported / V2:Not reported,V1:Not reported / V2:Not reported ,V1: Not reported / V2: Not reported ,"V1: Bus (seats for more than 15 people, including driver) / V2:Bus (seats for more than 15 people, including driver)",Wet,Daylight,Cloudy/Rain,HYDE PARK AVENUE / AMERICAN LEGION HIGHWAY,,,,,,231339.0781,891416.7713
3428383,BOSTON,20-May-2013,8:00 AM,Property damage only (none injured),2,0,0,"Sideswipe, same direction",V1: Travelling straight ahead / V2:Changing lanes,V1:Northbound / V2:Northbound ,V1: Collision with motor vehicle in traffic / V2: Collision with motor vehicle in traffic ,V1: Passenger car / V2:Passenger car,Dry,Daylight,Cloudy,CHARLESGATE EAST / BEACON STREET,,,,,,233644.865,900055.8984
3426450,BOSTON,20-May-2013,8:13 AM,Property damage only (none injured),2,0,0,Rear-end,V1: Slowing or stopped in traffic / V2:Travelling straight ahead,V1:Northbound / V2:Northbound ,V1: Collision with motor vehicle in traffic / V2: Collision with motor vehicle in traffic ,"V1: Light truck(van, mini-van, panel, pickup, sport utility) with only four tires / V2:Light truck(van, mini-van, panel, pickup, sport utility) with only four tires",Dry,Daylight,Clear,,Rte 93 N / UNKNOWN,,Exit 23 on Rte 93 N,,,236957.4837,900943.9828
3427816,BOSTON,20-May-2013,11:55 AM,Non-fatal injury,2,2,0,Rear-end,V1: Entering traffic lane / V2:Slowing or stopped in traffic,V1:Northbound / V2:Northbound ,V1: Collision with motor vehicle in traffic / V2: Collision with motor vehicle in traffic ,V1: Passenger car / V2:Passenger car,Dry,Daylight,Clear,,Rte 93 N / UNKNOWN,,Exit 15 on Rte 93 N,,,236972.2496,896473.4282
3556878,BOSTON,20-May-2013,1:15 PM,Property damage only (none injured),2,0,0,Angle,V1: Not reported / V2:Not reported,V1:Not reported / V2:Not reported ,V1: Not reported / V2: Not reported ,"V1: Light truck(van, mini-van, panel, pickup, sport utility) with only four tires / V2:Light truck(van, mini-van, panel, pickup, sport utility) with only four tires",Dry,Daylight,Clear,DORCHESTER AVENUE / WEST BROADWAY,,,,,,236489.1407,899255.9373
3476492,BOSTON (DORCHESTER),20-May-2013,1:55 PM,Not Reported,2,0,0,Rear-end,V1: Slowing or stopped in traffic / V2:Slowing or stopped in traffic,V1:Not reported / V2:Not reported ,V1: Collision with motor vehicle in traffic / V2: Collision with motor vehicle in traffic ,V1: Passenger car / V2:Unknown vehicle configuration,Dry,Daylight,Clear/Cloudy,ALLSTATE ROAD / MASSACHUSETTS AVENUE,,,,,,235842.2517,897233.6888
3425371,BOSTON,20-May-2013,2:45 PM,Property damage only (none injured),2,0,0,"Sideswipe, same direction",V1: Changing lanes / V2:Travelling straight ahead,V1:Westbound / V2:Westbound ,V1: Collision with motor vehicle in traffic / V2: Collision with motor vehicle in traffic ,"V1: Single-unit truck (2-axle, 6-tire) / V2:Passenger car",Dry,Daylight,Cloudy,,COLUMBIA ROAD Rte UNKNOW,,,,,236471.8815,896745.773
3428384,BOSTON,20-May-2013,3:30 PM,Property damage only (none injured),2,0,0,Angle,V1: Travelling straight ahead / V2:Entering traffic lane,V1:Eastbound / V2:Eastbound ,V1: Collision with motor vehicle in traffic / V2: Collision with motor vehicle in traffic ,"V1: Bus (seats for more than 15 people, including driver) / V2:Passenger car",Dry,Daylight,Cloudy,,275 CHARLES STREET Rte 3A S / BLOSSOM STREET,,,,,235411.2745,901547.2576
3423313,BOSTON,20-May-2013,3:59 PM,Property damage only (none injured),3,0,0,Rear-end,V1: Travelling straight ahead / V2:Slowing or stopped in traffic / V3:Slowing or stopped in traffic,V1:Northbound / V2:Northbound / V3:Northbound ,V1: Collision with motor vehicle in traffic / V2: Collision with motor vehicle in traffic / V3: Collision with motor vehicle in traffic ,"V1: Light truck(van, mini-van, panel, pickup, sport utility) with only four tires / V2:Passenger car / V3:Passenger car",Dry,Daylight,Clear,,651 HARBORSIDE DRIVE / HARBORSIDE DRIVE,,,,,239095.3381,901381.7788
3427219,BOSTON,20-May-2013,4:11 PM,Property damage only (none injured),2,0,0,"Sideswipe, same direction",V1: Travelling straight ahead / V2:Changing lanes,V1:Southbound / V2:Southbound ,V1: Collision with motor vehicle in traffic / V2: Collision with motor vehicle in traffic ,V1: Tractor/semi-trailer / V2:Passenger car,Dry,Daylight,Cloudy,,JOHN F FITZGERALD EXPRESSWAY Rte 93 S / RAMP - RT 93 SB TO RT 90 WB,,,,,236960.7009,900779.7686
3427958,BOSTON,20-May-2013,4:40 PM,Property damage only (none injured),3,0,0,Rear-end,V1: Slowing or stopped in traffic / V2:Slowing or stopped in traffic / V3:Travelling straight ahead,V1:Eastbound / V2:Eastbound / V3:Eastbound ,V1: Collision with motor vehicle in traffic / V2: Collision with motor vehicle in traffic / V3: Collision with motor vehicle in traffic ,V1: Passenger car / V2:Passenger car / V3:Passenger car,Dry,Daylight,Cloudy,,UNKNOWN,,,GILMORE BRIDGE,,235589.0628,902712.3014
3452267,BOSTON,20-May-2013,7:14 PM,Non-fatal injury,2,1,0,Rear-end,V1: Travelling straight ahead / V2:Parked,V1:Not reported / V2:Not reported ,V1: Collision with parked motor vehicle / V2: Collision with motor vehicle in traffic ,"V1: Motorcycle / V2:Light truck(van, mini-van, panel, pickup, sport utility) with only four tires",Wet,Dusk,Rain/Rain,MOUNT IDA ROAD / POTOSI STREET,,,,,,235835.7811,895222.8749
3430752,BOSTON,20-May-2013,8:40 PM,Property damage only (none injured),2,0,0,Angle,V1: Changing lanes / V2:Travelling straight ahead,V1:Northbound / V2:Northbound ,V1: Collision with motor vehicle in traffic / V2: Collision with motor vehicle in traffic ,V1: Passenger car / V2:Passenger car,Wet,Dark - lighted roadway,Cloudy,,Rte 93 N,,Exit 13 on Rte 93 N,,,237420.1414,894076.5227
3452260,BOSTON (DORCHESTER),20-May-2013,8:52 PM,Property damage only (none injured),2,0,0,Single vehicle crash,V1: Travelling straight ahead / V2:Travelling straight ahead,V1:Southbound / V2:Eastbound ,V1: Collision with motor vehicle in traffic / V2: Collision with motor vehicle in traffic ,V1: Passenger car / V2:Passenger car,Wet,Dark - lighted roadway,Rain/Cloudy,QUINCY STREET / CLARKSON STREET,,,,,,235756.7344,895499.7501
3510035,BOSTON,21-May-2013,1:27 AM,Non-fatal injury,2,3,0,"Sideswipe, opposite direction",V1: Travelling straight ahead / V2:Travelling straight ahead,V1:Not reported / V2:Eastbound ,V1: Collision with motor vehicle in traffic / V2: Collision with motor vehicle in traffic ,V1: Passenger car / V2:Passenger car,Dry,Dark - lighted roadway,Clear,COLUMBUS AVENUE / HEATH STREET,,,,,,233100.8312,897238.0956
3450066,BOSTON,21-May-2013,8:19 AM,Property damage only (none injured),2,0,0,Rear-end,V1: Slowing or stopped in traffic / V2:Travelling straight ahead,V1:Southbound / V2:Southbound ,V1: Collision with motor vehicle in traffic / V2: Collision with motor vehicle in traffic ,V1: Passenger car / V2:Passenger car,Dry,Daylight,"Cloudy/Fog, smog, smoke",,Rte 93 S / UNKNOWN,,Exit 15 on Rte 93 S,,,236629.6253,897168.5001
3737963,BOSTON,21-May-2013,2:30 PM,Property damage only (none injured),2,0,0,Rear-end,V1: Slowing or stopped in traffic / V2:Travelling straight ahead,V1:Westbound / V2:Westbound ,V1: Collision with motor vehicle in traffic / V2: Collision with motor vehicle in traffic ,V1: Passenger car / V2:Passenger car,Dry,Daylight,Clear,,86 AMERICAN LEGION HIGHWAY,,,,,233695.2415,894127.5258
3427808,BOSTON,21-May-2013,3:15 PM,Not Reported,3,0,0,"Sideswipe, same direction",V1: Other / V2:Changing lanes / V3:Travelling straight ahead,V1:Southbound / V2:Northbound / V3:Northbound ,V1: Collision with motor vehicle in traffic / V2: Collision with motor vehicle in traffic / V3: Collision with motor vehicle in traffic ,"V1: Passenger car / V2:Passenger car / V3:Light truck(van, mini-van, panel, pickup, sport utility) with only four tires",Dry,Daylight,Clear,JAMAICAWAY / BYNNER STREET,,,,,,231761.922,897172.3748
3428391,BOSTON,21-May-2013,3:16 PM,Property damage only (none injured),2,0,0,"Sideswipe, same direction",V1: Entering traffic lane / V2:Travelling straight ahead,V1:Northbound / V2:Northbound ,V1: Collision with motor vehicle in traffic / V2: Collision with motor vehicle in traffic ,V1: Passenger car / V2:Single-unit truck (3-or-more axles),Dry,Daylight,Cloudy,,Rte 93 N,,Exit 11 on Rte 93,,,237094.7253,891674.8051
3428370,BOSTON,21-May-2013,3:31 PM,Property damage only (none injured),2,0,0,Rear-end,V1: Travelling straight ahead / V2:Other,V1:Eastbound / V2:Not reported ,V1: Collision with motor vehicle in traffic / V2: Collision with motor vehicle in traffic ,"V1: Passenger car / V2:Unknown heavy truck, cannot classify",Dry,Daylight,Clear,MASSACHUSETTS AVENUE CONNECTOR / MASSACHUSETTS AVENUE,,,,CONNECTOR,,235229.5961,898138.591
3471467,BOSTON,21-May-2013,3:55 PM,Property damage only (none injured),1,0,0,Not reported,V1: Travelling straight ahead,V1:Southbound ,V1: Collision with pedestrian ,V1: Passenger car,Dry,Daylight,Clear,,LOGAN AIRPORT TERMINAL A / LOGAN AIRPORT TERMINAL A,,,,P3:Pedestrian / P4:Pedestrian / P5:Pedestrian,239430.6664,901706.2167
3454102,BOSTON,21-May-2013,6:49 PM,Non-fatal injury,2,1,0,Rear-end,V1: Travelling straight ahead / V2:Slowing or stopped in traffic,V1:Northbound / V2:Northbound ,V1: Collision with motor vehicle in traffic / V2: Collision with motor vehicle in traffic ,"V1: Passenger car / V2:Bus (seats for 7-15 people, including driver)",Wet,Dark - lighted roadway,Cloudy/Rain,,Rte 93 N,,Exit 14 on Rte 93 N,,,237258.9796,894483.3974