Crash Number,City/Town Name,Crash Date,Crash Time,Crash Severity,Number of Vehicles,Total Nonfatal Injuries,Total Fatal Injuries,Manner of Collision,Vehicle Action Prior to Crash,Vehicle Travel Directions,Most Harmful Events,Vehicle Configuration,Road Surface Condition,Ambient Light,Weather Condition,At Roadway Intersection,Distance from Nearest Roadway Intersection,Distance from Nearest Milemarker,Distance from Nearest Exit,Distance from Nearest Landmark,Non Motorist Type,X Coordinate,Y Coordinate
3430774,BOSTON,21-May-2013,11:00 PM,Not Reported,2,0,0,Angle,V1: Travelling straight ahead / V2:Parked,V1:Westbound / V2:Northbound ,V1: Collision with motor vehicle in traffic / V2: Not reported ,V1: Passenger car / V2:Passenger car,Dry,Dark - lighted roadway,Cloudy,,1918 BEACON STREET,,,,,228924.4616,898491.5076
3492527,BOSTON,22-May-2013,00:00 AM,Non-fatal injury,2,2,0,Angle,V1: Travelling straight ahead / V2:Turning left,V1:Southbound / V2:Northbound ,V1: Collision with motor vehicle in traffic / V2: Collision with motor vehicle in traffic ,V1: Passenger car / V2:Passenger car,Wet,Dark - lighted roadway,Cloudy/Rain,TREMONT STREET / ARLINGTON STREET,,,,,,235544.2657,899754.25
3425359,BOSTON,22-May-2013,2:29 AM,Property damage only (none injured),1,0,0,Single vehicle crash,V1: Travelling straight ahead,V1:Eastbound ,V1: Collision with motor vehicle in traffic ,"V1: Light truck(van, mini-van, panel, pickup, sport utility) with only four tires",Wet,Dark - lighted roadway,Cloudy,RAMP - STORROW DRIVE TO CLARENDON STREET / STORROW DRIVE,,,,,,234627.2,900496.4933
3427959,BOSTON,22-May-2013,2:40 AM,Non-fatal injury,1,1,0,Single vehicle crash,V1: Travelling straight ahead,V1:Westbound ,V1: Collision with curb ,V1: Passenger car,Wet,Dark - lighted roadway,Cloudy,EMBANKMENT ROAD Rte 28 S / CHARLES STREET Rte 3A N,,,,,,235407.2811,901607.8748
3492451,BOSTON,22-May-2013,7:05 AM,Not Reported,1,0,0,Angle,V1: Not reported,V1:Not reported ,V1: Not reported ,V1: Passenger car,Dry,Daylight,Clear,,1055 TREMONT STREET,,,,P2:Pedestrian,234106.1845,898489.8808
3481788,BOSTON,22-May-2013,7:21 AM,Property damage only (none injured),1,0,0,Not reported,V1: Travelling straight ahead,V1:Southbound ,V1: Collision with curb ,"V1: Light truck(van, mini-van, panel, pickup, sport utility) with only four tires",Wet,Dark - lighted roadway,Rain,,RAMP - LEVERETT CONNECTOR TO STORROW DRI Rte 3A N / RAMP-RT 93 NB TO STORROW DRIVE Rte 3 N,,,SN TUNNEL,,235610.9683,901888.1809
3427948,BOSTON,22-May-2013,8:03 AM,Property damage only (none injured),2,0,0,Rear-end,V1: Slowing or stopped in traffic / V2:Travelling straight ahead,V1:Northbound / V2:Northbound ,V1: Collision with motor vehicle in traffic / V2: Collision with motor vehicle in traffic ,V1: Passenger car / V2:Passenger car,Dry,Daylight,Clear/Cloudy,,JOHN F FITZGERALD EXPRESSWAY Rte 93 N,,,O'NEILL TUNNEL,,236471.8522,899912.011
3427798,BOSTON,22-May-2013,8:03 AM,Non-fatal injury,3,2,0,Rear-end,V1: Slowing or stopped in traffic / V2:Slowing or stopped in traffic / V3:Travelling straight ahead,V1:Northbound / V2:Northbound / V3:Northbound ,V1: Collision with motor vehicle in traffic / V2: Collision with motor vehicle in traffic / V3: Collision with motor vehicle in traffic ,V1: Passenger car / V2:Passenger car / V3:Passenger car,Dry,Daylight,Cloudy,,JOHN F FITZGERALD EXPRESSWAY Rte 93 N / RAMP - BROADWAY TO RT 93 NB,,,O'NEILL TUNNEL,,236465.4231,899895.3932
3430364,BOSTON,22-May-2013,8:03 AM,Non-fatal injury,2,1,0,Rear-end,V1: Slowing or stopped in traffic / V2:Travelling straight ahead,V1:Northbound / V2:Northbound ,V1: Collision with motor vehicle in traffic / V2: Collision with motor vehicle in traffic ,"V1: Light truck(van, mini-van, panel, pickup, sport utility) with only four tires / V2:Passenger car",Dry,Daylight,Clear/Cloudy,,JOHN F FITZGERALD EXPRESSWAY Rte 93 N / RAMP - BROADWAY TO RT 93 NB,,,O'NEILL TUNNEL,,236464.9826,899894.2546
3449961,BOSTON,22-May-2013,8:25 AM,Property damage only (none injured),2,0,0,Angle,V1: Turning right / V2:Travelling straight ahead,V1:Westbound / V2:Southbound ,V1: Collision with motor vehicle in traffic / V2: Collision with motor vehicle in traffic ,"V1: Light truck(van, mini-van, panel, pickup, sport utility) with only four tires / V2:Light truck(van, mini-van, panel, pickup, sport utility) with only four tires",Wet,Daylight,Cloudy,,WILLIAM T MORRISSEY BOULEVARD / FREEPORT STREET,,,,,237149.8439,894580.3748
3428371,BOSTON,22-May-2013,8:37 AM,Property damage only (none injured),2,0,0,Rear-end,V1: Travelling straight ahead / V2:Travelling straight ahead,V1:Westbound / V2:Westbound ,V1: Collision with motor vehicle in traffic / V2: Collision with motor vehicle in traffic ,"V1: Light truck(van, mini-van, panel, pickup, sport utility) with only four tires / V2:Single-unit truck (2-axle, 6-tire)",Dry,Daylight,Clear,,MASSACHUSETTS TURNPIKE Rte 90 W,,,TOLL PLAZA 37,,239067.8703,902032.4236
3430515,BOSTON,22-May-2013,8:48 AM,Non-fatal injury,1,1,0,Head-on,V1: Slowing or stopped in traffic,V1:Westbound ,V1: Collision with pedestrian ,"V1: Light truck(van, mini-van, panel, pickup, sport utility) with only four tires",Dry,Daylight,Cloudy,,Rte 93 N / UNKNOWN,,Exit 16 on Rte 93 N,FRONTAGE RD.,P2:Pedestrian / P3:Pedestrian,236403.9842,897524.312
3452259,BOSTON,22-May-2013,9:20 AM,Not Reported,2,0,0,Rear-end,V1: Not reported / V2:Not reported,V1:Not reported / V2:Not reported ,V1: Not reported / V2: Not reported ,V1: Unknown vehicle configuration / V2:Unknown vehicle configuration,Dry,Daylight,Cloudy,,5 PEARL STREET,,,,,236609.9122,900792.9479
3450254,BOSTON,22-May-2013,9:30 AM,Not Reported,1,0,0,Single vehicle crash,V1: Parked,V1:Not reported ,"V1: Collision with cyclist (bicycle, tricycle, unicycle, pedal car) ","V1: Light truck(van, mini-van, panel, pickup, sport utility) with only four tires",Dry,Daylight,Cloudy,,800 WASHINGTON STREET,,,,"P2:Pedalcyclist (bicycle, tricycle, unicycle, pedal car)",235939.8115,899981.2404
3430516,BOSTON,22-May-2013,9:30 AM,Property damage only (none injured),1,0,0,"Sideswipe, same direction",V1: Not reported,V1:Southbound ,V1: Collision with motor vehicle in traffic ,"V1: Light truck(van, mini-van, panel, pickup, sport utility) with only four tires",Dry,Dark - lighted roadway,Clear,,Rte 93 / UNKNOWN,,Exit 12 on Rte 93,,,237620.5493,892713.0989
3430376,BOSTON,22-May-2013,12:21 PM,Property damage only (none injured),2,0,0,"Sideswipe, same direction",V1: Travelling straight ahead / V2:Entering traffic lane,V1:Southbound / V2:Southbound ,V1: Collision with motor vehicle in traffic / V2: Collision with motor vehicle in traffic ,V1: Passenger car / V2:Passenger car,Dry,Daylight,Clear,,Rte 93 N / UNKNOWN,,Exit 12 on Rte 93 N,,,237641.3431,892708.5028
3426392,BOSTON,22-May-2013,5:24 PM,Property damage only (none injured),2,0,0,Angle,V1: Travelling straight ahead / V2:Changing lanes,V1:Northbound / V2:Northbound ,V1: Collision with motor vehicle in traffic / V2: Collision with motor vehicle in traffic ,V1: Passenger car / V2:Passenger car,Dry,Daylight,Cloudy,,Rte 93 N,,Exit 15 on Rte 93 N,,,236972.2496,896473.4282
3430501,BOSTON,22-May-2013,6:20 PM,Non-fatal injury,4,2,0,Rear-end,V1: Travelling straight ahead / V2:Travelling straight ahead / V3:Travelling straight ahead / V4:Travelling straight ahead,V1:Southbound / V2:Southbound / V3:Southbound / V4:Southbound ,V1: Collision with motor vehicle in traffic / V2: Collision with motor vehicle in traffic / V3: Collision with motor vehicle in traffic / V4: Collision with motor vehicle in traffic ,"V1: Light truck(van, mini-van, panel, pickup, sport utility) with only four tires / V2:Passenger car / V3:Passenger car / V4:Passenger car",Dry,Daylight,Clear,,Rte 93 S / UNKNOWN,,Exit 18 on Rte 93 S,,,236013.2783,899092.9981
3463900,BOSTON,23-May-2013,7:53 AM,Property damage only (none injured),2,0,0,Head-on,V1: Leaving traffic lane / V2:Travelling straight ahead,V1:Eastbound / V2:Westbound ,V1: Collision with light pole or other post/support / V2: Collision with light pole or other post/support ,V1: Passenger car / V2:Passenger car,Wet,Daylight,Not Reported,,ENNEKING PARKWAY Rte UNKNOW / TURTLE POND PARKWAY,,,,,229687.9375,889839.1252
3430776,BOSTON (BRIGHTON),23-May-2013,8:04 AM,Non-fatal injury,2,1,0,Angle,V1: Entering traffic lane / V2:Travelling straight ahead,V1:Not reported / V2:Not reported ,V1: Collision with moped / V2: Collision with motor vehicle in traffic ,V1: Passenger car / V2:Not reported,Dry,Daylight,Cloudy/Cloudy,ARLINGTON STREET / FANEUIL STREET,,,,,,227997.547,900299
3442832,BOSTON,23-May-2013,8:42 AM,Non-fatal injury,3,1,0,Rear-end,V1: Slowing or stopped in traffic / V2:Slowing or stopped in traffic / V3:Not reported,V1:Not reported / V2:Not reported / V3:Not reported ,V1: Not reported / V2: Collision with motor vehicle in traffic / V3: Not reported ,"V1: Passenger car / V2:Passenger car / V3:Unknown heavy truck, cannot classify",Dry,Daylight,Cloudy/Cloudy,NORTH BEACON STREET / MARKET STREET,,,,,,228910.1562,900687.5625
3446084,BOSTON,23-May-2013,9:00 AM,Property damage only (none injured),2,0,0,"Sideswipe, same direction",V1: Travelling straight ahead / V2:Changing lanes,V1:Eastbound / V2:Eastbound ,V1: Collision with motor vehicle in traffic / V2: Collision with motor vehicle in traffic ,"V1: Light truck(van, mini-van, panel, pickup, sport utility) with only four tires / V2:Light truck(van, mini-van, panel, pickup, sport utility) with only four tires",Dry,Daylight,Clear,,GALLIVAN BOULEVARD Rte 203 E / DORCHESTER AVENUE,,,GALLIVAN BLVD @ DORCHESTER AVE,,235785.0933,892245.5168
3427799,BOSTON,23-May-2013,12:30 PM,Property damage only (none injured),2,0,0,Rear-end,V1: Travelling straight ahead / V2:Travelling straight ahead,V1:Southbound / V2:Southbound ,V1: Collision with motor vehicle in traffic / V2: Collision with motor vehicle in traffic ,V1: Passenger car / V2:Passenger car,Dry,Daylight,Clear,,Rte 93 S / UNKNOWN,,Exit 26 on Rte 93 S,STATION TUNNEL,,234851.4113,903728.5151
3440041,BOSTON,23-May-2013,5:09 PM,Property damage only (none injured),2,0,0,Angle,V1: Changing lanes / V2:Slowing or stopped in traffic,V1:Northbound / V2:Northbound ,V1: Collision with motor vehicle in traffic / V2: Collision with motor vehicle in traffic ,"V1: Passenger car / V2:Light truck(van, mini-van, panel, pickup, sport utility) with only four tires",Dry,Daylight,Clear,JOHN F FITZGERALD EXPRESSWAY Rte 93 N / RAMP - RT 90 TO RT 93 NB,,,,AT D RAMP,,236586.4586,900220.4936
3427809,BOSTON,24-May-2013,1:39 AM,Property damage only (none injured),1,0,0,Single vehicle crash,V1: Travelling straight ahead,V1:Westbound ,V1: Collision with guardrail ,V1: Passenger car,Wet,Dark - lighted roadway,Rain,,STORROW DRIVE Rte 28 S / RAMP - RT 3 TO RT 28 SB,,,@ LONGFELLOW BRIDGE,,235194.3858,901293.0121
3430517,BOSTON,24-May-2013,2:39 AM,Property damage only (none injured),2,0,0,Rear-end,V1: Travelling straight ahead / V2:Slowing or stopped in traffic,V1:Northbound / V2:Northbound ,V1: Collision with motor vehicle in traffic / V2: Collision with motor vehicle in traffic ,V1: Passenger car / V2:Passenger car,Wet,Dark - lighted roadway,Rain,,GALLIVAN BOULEVARD Rte UNKNOW,,,NEPONSET CIRCLE,,237731.8737,892907.403
3491335,BOSTON,24-May-2013,3:07 AM,Non-fatal injury,1,1,0,Single vehicle crash,V1: Travelling straight ahead,V1:Eastbound ,V1: Collision with fence ,"V1: Light truck(van, mini-van, panel, pickup, sport utility) with only four tires",Wet,Dark - lighted roadway,Rain,RAMP - FRONTAGE ROAD TO RT 93 NB / MASSACHUSETTS AVENUE CONNECTOR / FRONTAGE ROAD,,,,MASS AVE. CONNECTOR @ FRONTAGE R,,235865.0173,898419.1854
3432924,BOSTON (BRIGHTON),24-May-2013,3:10 AM,Not Reported,3,0,0,Angle,V1: Not reported / V2:Not reported / V3:Not reported,V1:Eastbound / V2:Not reported / V3:Not reported ,V1: Not reported / V2: Not reported / V3: Not reported ,V1: Passenger car / V2:Passenger car / V3:Passenger car,Wet,Dark - lighted roadway,Rain,,466 WASHINGTON STREET,,,,,236153.7992,900578.3039
3492526,BOSTON,24-May-2013,3:30 AM,Not Reported,2,0,0,Angle,V1: Travelling straight ahead / V2:Travelling straight ahead,V1:Not reported / V2:Westbound ,V1: Collision with motor vehicle in traffic / V2: Collision with motor vehicle in traffic ,"V1: Light truck(van, mini-van, panel, pickup, sport utility) with only four tires / V2:Passenger car",Not reported,Dark - lighted roadway,Rain,BEACON STREET / BERKELEY STREET,,,,,,235029.2971,900567.8748
3430365,BOSTON,24-May-2013,5:35 AM,Property damage only (none injured),1,0,0,Single vehicle crash,V1: Travelling straight ahead,V1:Northbound ,V1: Collision with median barrier ,"V1: Light truck(van, mini-van, panel, pickup, sport utility) with only four tires",Wet,Dawn,Cloudy,,Rte 93 N / UNKNOWN,,Exit 20 on Rte 93 N,,,235935.6734,898219.8317
3436187,BOSTON,24-May-2013,6:29 AM,Property damage only (none injured),2,0,0,"Sideswipe, same direction",V1: Travelling straight ahead / V2:Travelling straight ahead,V1:Eastbound / V2:Eastbound ,V1: Collision with motor vehicle in traffic / V2: Collision with motor vehicle in traffic ,"V1: Passenger car / V2:Light truck(van, mini-van, panel, pickup, sport utility) with only four tires",Wet,Daylight,Rain,,STORROW DRIVE Rte 28 N / RAMP TO CHARLES CIRCLE,,,@ LONGFELLOW BRIDGE,,235229.1214,901286.9621
3440050,BOSTON,24-May-2013,12:22 PM,Property damage only (none injured),3,0,0,Rear-end,V1: Slowing or stopped in traffic / V2:Slowing or stopped in traffic / V3:Changing lanes,V1:Eastbound / V2:Eastbound / V3:Eastbound ,V1: Collision with motor vehicle in traffic / V2: Collision with motor vehicle in traffic / V3: Collision with motor vehicle in traffic ,V1: Passenger car / V2:Passenger car / V3:Passenger car,Dry,Daylight,Cloudy,,GALLIVAN BOULEVARD Rte UNKNOW / RANGELEY STREET,,,LANGLEY RD,,236229.3125,892424.5624
3430502,BOSTON,24-May-2013,12:53 PM,Property damage only (none injured),2,0,0,Rear-end,V1: Travelling straight ahead / V2:Slowing or stopped in traffic,V1:Southbound / V2:Southbound ,V1: Collision with motor vehicle in traffic / V2: Collision with motor vehicle in traffic ,"V1: Light truck(van, mini-van, panel, pickup, sport utility) with only four tires / V2:Passenger car",Wet,Daylight,Rain,,Rte 93 S / UNKNOWN,,Exit 26 on Rte 93 S,,,234851.4113,903728.5151
3430503,BOSTON,24-May-2013,12:53 PM,Property damage only (none injured),3,0,0,Rear-end,V1: Travelling straight ahead / V2:Slowing or stopped in traffic / V3:Slowing or stopped in traffic,V1:Southbound / V2:Southbound / V3:Southbound ,V1: Collision with motor vehicle in traffic / V2: Collision with motor vehicle in traffic / V3: Collision with motor vehicle in traffic ,V1: Passenger car / V2:Passenger car / V3:Passenger car,Wet,Daylight,Rain,,Rte 93 S / UNKNOWN,,Exit 26 on Rte 93 S,,,234851.4113,903728.5151
3451217,BOSTON (DORCHESTER),24-May-2013,1:01 PM,Non-fatal injury,1,3,0,Not reported,V1: Travelling straight ahead,V1:Eastbound ,V1: Not reported ,V1: Passenger car,Not reported,Not reported,Not Reported,,562 ASHMONT STREET,,,,,237069.4741,893328.507
3427960,BOSTON,24-May-2013,1:33 PM,Property damage only (none injured),2,0,0,Rear-end,V1: Travelling straight ahead / V2:Slowing or stopped in traffic,V1:Westbound / V2:Westbound ,V1: Collision with motor vehicle in traffic / V2: Collision with motor vehicle in traffic ,V1: Passenger car / V2:Passenger car,Dry,Daylight,Cloudy,,Rte UNKNOW W,,,GILMORE BRIDGE,,235589.0628,902712.3014
3449959,BOSTON,24-May-2013,9:43 PM,Property damage only (none injured),2,0,0,Rear-end,V1: Travelling straight ahead / V2:Travelling straight ahead,V1:Southbound / V2:Southbound ,V1: Collision with motor vehicle in traffic / V2: Collision with motor vehicle in traffic ,V1: Passenger car / V2:Passenger car,Wet,Dark - lighted roadway,Cloudy,,RAMP - RT 93 SB TO MASSACHUSETTS AVENUE / JOHN F FITZGERALD EXPRESSWAY Rte 93 S,,Exit #18 on Rte 93 S,,,235945.1017,898942.2618
3427966,BOSTON,24-May-2013,9:54 PM,Property damage only (none injured),2,0,0,Rear-end,V1: Travelling straight ahead / V2:Slowing or stopped in traffic,V1:Eastbound / V2:Eastbound ,V1: Collision with motor vehicle in traffic / V2: Collision with motor vehicle in traffic ,V1: Passenger car / V2:Passenger car,Wet,Dark - lighted roadway,Rain,GALLIVAN BOULEVARD Rte 203 E / DORCHESTER AVENUE,,,,,,235804.4062,892252.5627
3451221,BOSTON (DORCHESTER),25-May-2013,2:30 AM,Non-fatal injury,2,3,0,"Sideswipe, same direction",V1: Travelling straight ahead / V2:Travelling straight ahead,V1:Northbound / V2:Northbound ,V1: Collision with motor vehicle in traffic / V2: Collision with motor vehicle in traffic ,V1: Passenger car / V2:Passenger car,Wet,Dark - lighted roadway,Rain/Clear,,128 GENEVA AVENUE,,,,,234808.5354,895115.9473
3471463,BOSTON,25-May-2013,4:18 AM,Property damage only (none injured),1,0,0,Single vehicle crash,V1: Travelling straight ahead,V1:Northbound ,V1: Collision with median barrier ,V1: Passenger car,Wet,Dark - lighted roadway,Rain,,LEVERETT CONNECTOR NORTH / INTERSTATE 93 Rte 93 N,,,RAMP LCN,,234800.3342,903382.8293
3466138,BOSTON,25-May-2013,6:15 AM,Property damage only (none injured),2,0,0,Rear-end,V1: Travelling straight ahead / V2:Slowing or stopped in traffic,V1:Northbound / V2:Northbound ,V1: Collision with motor vehicle in traffic / V2: Collision with motor vehicle in traffic ,"V1: Passenger car / V2:Single-unit truck (2-axle, 6-tire)",Dry,Daylight,Clear,,Rte 93,,Exit 23 on Rte 93,,,236957.4837,900943.9828
3430513,BOSTON,25-May-2013,8:19 AM,Property damage only (none injured),1,0,0,Single vehicle crash,V1: Travelling straight ahead,V1:Westbound ,V1: Collision with guardrail ,V1: Passenger car,Wet,Daylight,Rain,,SOLDIERS FIELD ROAD Rte UNKNOW W / NORTH HARVARD STREET,,,,,230992.3482,902048.2872
3430518,BOSTON,25-May-2013,11:09 AM,Property damage only (none injured),2,0,0,Angle,V1: Turning left / V2:Travelling straight ahead,V1:Northbound / V2:Southbound ,V1: Collision with motor vehicle in traffic / V2: Collision with motor vehicle in traffic ,"V1: Light truck(van, mini-van, panel, pickup, sport utility) with only four tires / V2:Passenger car",Wet,Daylight,Rain,WILLIAM T MORRISSEY BOULEVARD / FREEPORT STREET,,,,,,237149.5644,894580.5785
3430504,BOSTON,25-May-2013,1:24 PM,Property damage only (none injured),2,0,0,Rear-end,V1: Travelling straight ahead / V2:Slowing or stopped in traffic,V1:Southbound / V2:Southbound ,V1: Collision with motor vehicle in traffic / V2: Collision with motor vehicle in traffic ,"V1: Light truck(van, mini-van, panel, pickup, sport utility) with only four tires / V2:Passenger car",Wet,Daylight,Rain,,Rte 93 S / UNKNOWN,,,,,235394.049,902660.7544
3446170,BOSTON,25-May-2013,1:31 PM,Property damage only (none injured),2,0,0,Angle,V1: Travelling straight ahead / V2:Entering traffic lane,V1:Westbound / V2:Southbound ,V1: Collision with other movable object / V2: Collision with other movable object ,V1: Passenger car / V2:Passenger car,Wet,Daylight,Cloudy/Rain,,GALLIVAN BOULEVARD Rte UNKNOW / MILTON AVENUE,,,,,235078.9376,892049.5623
3446269,BOSTON (ROXBURY),25-May-2013,1:35 PM,Non-fatal injury,2,2,0,Angle,V1: Turning left / V2:Travelling straight ahead,V1:Not reported / V2:Not reported ,V1: Collision with highway traffic sign post / V2: Not reported ,"V1: Light truck(van, mini-van, panel, pickup, sport utility) with only four tires / V2:Passenger car",Wet,Daylight,Cloudy,HOWARD AVENUE / HARLOW STREET,,,,,,235251.2967,896639.4375
3430373,BOSTON,25-May-2013,1:51 PM,Property damage only (none injured),1,0,0,Single vehicle crash,V1: Travelling straight ahead,V1:Westbound ,V1: Collision with guardrail ,V1: Passenger car,Wet,Daylight,Rain,,SOLDIERS FIELD ROAD Rte UNKNOW W / NORTH HARVARD STREET,,,,,230992.3482,902048.2872
3482046,BOSTON,25-May-2013,2:15 PM,Non-fatal injury,1,1,0,Single vehicle crash,V1: Turning right,V1:Eastbound ,V1: Collision with pedestrian ,"V1: Bus (seats for more than 15 people, including driver)",Wet,Daylight,Rain/Rain,CONGRESS STREET / WATER STREET,,,,,P2:Pedestrian,236543.7747,900883.5489
3453239,BOSTON,25-May-2013,3:15 PM,Property damage only (none injured),2,0,0,"Sideswipe, same direction",V1: Leaving traffic lane / V2:Entering traffic lane,V1:Southbound / V2:Southbound ,V1: Collision with motor vehicle in traffic / V2: Collision with motor vehicle in traffic ,"V1: Passenger car / V2:Light truck(van, mini-van, panel, pickup, sport utility) with only four tires",Dry,Daylight,Clear,,KOSCIUSZKO CIRCLE Rte UNKNOW S / COLUMBIA ROAD,,,,,236959.1828,896919.6787
3427949,BOSTON,25-May-2013,3:35 PM,Non-fatal injury,4,2,0,Rear-end,V1: Slowing or stopped in traffic / V2:Travelling straight ahead / V3:Slowing or stopped in traffic / V4:Travelling straight ahead,V1:Northbound / V2:Northbound / V3:Northbound / V4:Northbound ,V1: Collision with motor vehicle in traffic / V2: Collision with motor vehicle in traffic / V3: Collision with motor vehicle in traffic / V4: Collision with motor vehicle in traffic ,"V1: Light truck(van, mini-van, panel, pickup, sport utility) with only four tires / V2:Passenger car / V3:Passenger car / V4:Passenger car",Wet,Daylight,Rain,,JOHN F FITZGERALD EXPRESSWAY Rte 93 N / RAMP - BROADWAY TO RT 93 NB,,,O'NEILL TUNNEL ENTRANCE,,236458.5524,899877.6338
3449962,BOSTON,25-May-2013,4:35 PM,Property damage only (none injured),2,0,0,Rear-end,V1: Slowing or stopped in traffic / V2:Slowing or stopped in traffic,V1:Southbound / V2:Southbound ,V1: Collision with motor vehicle in traffic / V2: Collision with motor vehicle in traffic ,"V1: Passenger car / V2:Light truck(van, mini-van, panel, pickup, sport utility) with only four tires",Dry,Daylight,Clear,JOHN F FITZGERALD EXPRESSWAY Rte 93 S / RAMP - RT 93 SB TO MASSACHUSETTS AVENUE / RAMP - ALBANY STREET TO RT 93 SB,,,,,,236013.2782,899092.9984
3428388,BOSTON,25-May-2013,5:00 PM,Property damage only (none injured),1,0,0,Single vehicle crash,V1: Travelling straight ahead,V1:Westbound ,V1: Collision with tree ,"V1: Light truck(van, mini-van, panel, pickup, sport utility) with only four tires",Wet,Daylight,Cloudy,,SOLDIERS FIELD ROAD / SOLDIERS FIELD ROAD EXTENSION,,,APPROACH TO THE ELIOT BRIDGE,,230569.7883,902570.0171
3430366,BOSTON,25-May-2013,5:07 PM,Property damage only (none injured),1,0,0,Single vehicle crash,V1: Changing lanes,V1:Westbound ,V1: Collision with guardrail ,V1: Passenger car,Wet,Daylight,Rain,,Rte 90 W / UNKNOWN,,Exit 26 on Rte 90 W,TWT PRIOR TO,,238751.8074,902885.2835
3537424,BOSTON,25-May-2013,8:40 PM,Non-fatal injury,1,1,0,Single vehicle crash,V1: Travelling straight ahead,V1:Not reported ,V1: Not reported ,V1: Passenger car,Dry,Dark - roadway not lighted,Clear,ENNEKING PARKWAY / BEAVER STREET,,,,,,230601.9379,889782.1852
3427961,BOSTON,25-May-2013,9:27 PM,Property damage only (none injured),1,0,0,Single vehicle crash,V1: Travelling straight ahead,V1:Eastbound ,V1: Other ,"V1: Light truck(van, mini-van, panel, pickup, sport utility) with only four tires",Wet,Dark - lighted roadway,Cloudy,,RAMP - BERKELEY ST TO RT 28 NB / STORROW DRIVE,,,AT THE EXIT OF THESTORROW DRIVE,,235191.6473,900818.213
3492452,BOSTON,26-May-2013,2:31 AM,Property damage only (none injured),1,0,0,Not reported,V1: Not reported,V1:Not reported ,V1: Not reported ,V1: Passenger car,Not reported,Not reported,Not Reported,,251 MASSACHUSETTS AVENUE,,,,,234095.1806,899379.2644
3493101,BOSTON,26-May-2013,2:31 AM,Non-fatal injury,3,2,0,Rear-end,V1: Not reported / V2:Not reported / V3:Not reported,V1:Not reported / V2:Not reported / V3:Not reported ,V1: Not reported / V2: Not reported / V3: Not reported ,V1: Passenger car / V2:Passenger car / V3:Not reported,Wet,Dark - lighted roadway,Rain,,251 MASSACHUSETTS AVENUE,,,,,234095.1806,899379.2644
3450060,BOSTON,26-May-2013,4:04 AM,Not Reported,1,0,0,Single vehicle crash,V1: Travelling straight ahead,V1:Southbound ,V1: Collision with median barrier ,V1: Passenger car,Wet,Dark - lighted roadway,Rain,,Rte 93 S / UNKNOWN,,Exit 18 on Rte 93 S,,,236013.2783,899092.9981
3430514,BOSTON,26-May-2013,6:25 AM,Not Reported,1,0,0,Single vehicle crash,V1: Travelling straight ahead,V1:Eastbound ,V1: Collision with guardrail ,"V1: Light truck(van, mini-van, panel, pickup, sport utility) with only four tires",Wet,Daylight,Cloudy,,SOLDIERS FIELD ROAD Rte UNKNOW / NORTH HARVARD STREET,,,,,230992.3482,902048.2872
3737987,BOSTON,26-May-2013,2:48 PM,Non-fatal injury,1,1,0,Angle,V1: Travelling straight ahead,V1:Southbound ,"V1: Collision with cyclist (bicycle, tricycle, unicycle, pedal car) ",V1: Passenger car,Dry,Daylight,Clear/Clear,NORWELL STREET / HARVARD STREET,,,,,"P2:Pedalcyclist (bicycle, tricycle, unicycle, pedal car)",234761.8283,894120.8123
3427967,BOSTON,26-May-2013,2:50 PM,Non-fatal injury,2,1,0,Rear-end,V1: Slowing or stopped in traffic / V2:Travelling straight ahead,V1:Northbound / V2:Northbound ,V1: Collision with motor vehicle in traffic / V2: Collision with motor vehicle in traffic ,V1: Passenger car / V2:Passenger car,Dry,Daylight,Clear,JOHN F FITZGERALD EXPRESSWAY Rte 93 N / GENERAL CASIMIR PULASKI SKYWAY Rte 1 N,,,Exit 12-13 on Rte 93 N,,,237634.4299,893472.9536
3430379,BOSTON,26-May-2013,3:25 PM,Property damage only (none injured),2,0,0,"Sideswipe, same direction",V1: Travelling straight ahead / V2:Travelling straight ahead,V1:Northbound / V2:Northbound ,V1: Collision with motor vehicle in traffic / V2: Collision with motor vehicle in traffic ,V1: Passenger car / V2:Passenger car,Dry,Daylight,Clear,,WILLIAM T MORRISSEY BOULEVARD Rte UNKNOW / NORWOOD STREET,,,,,237587.7012,893296.4815
3430522,BOSTON,26-May-2013,6:11 PM,Non-fatal injury,1,1,0,Single vehicle crash,V1: Travelling straight ahead,V1:Eastbound ,V1: Collision with guardrail ,V1: Passenger car,Dry,Daylight,Clear,,ENNEKING PARKWAY Rte UNKNOW / GORDON AVENUE,,,,,230642.2655,889819.8126
3453175,BOSTON,26-May-2013,6:20 PM,Property damage only (none injured),2,0,0,Angle,V1: Travelling straight ahead / V2:Turning left,V1:Northbound / V2:Northbound ,V1: Collision with motor vehicle in traffic / V2: Collision with motor vehicle in traffic ,V1: Passenger car / V2:Passenger car,Dry,Daylight,Cloudy,FRONTAGE ROAD / MASSACHUSETTS AVENUE CONNECTOR / RAMP - FRONTAGE ROAD TO RT 93 NB,,,,MASS AVE.,,235865.0173,898419.1854
3453109,BOSTON,26-May-2013,8:10 PM,Property damage only (none injured),2,0,0,"Sideswipe, same direction",V1: Travelling straight ahead / V2:Travelling straight ahead,V1:Southbound / V2:Southbound ,V1: Other / V2: Collision with motor vehicle in traffic ,"V1: Passenger car / V2:Light truck(van, mini-van, panel, pickup, sport utility) with only four tires",Dry,Daylight,Clear,,Rte 93 S / UNKNOWN,,,LOWER DECK,,234893.215,903274.3093