Crash Number,City/Town Name,Crash Date,Crash Time,Crash Severity,Number of Vehicles,Total Nonfatal Injuries,Total Fatal Injuries,Manner of Collision,Vehicle Action Prior to Crash,Vehicle Travel Directions,Most Harmful Events,Vehicle Configuration,Road Surface Condition,Ambient Light,Weather Condition,At Roadway Intersection,Distance from Nearest Roadway Intersection,Distance from Nearest Milemarker,Distance from Nearest Exit,Distance from Nearest Landmark,Non Motorist Type,X Coordinate,Y Coordinate
3453241,BOSTON,01-Jun-2013,12:54 PM,Property damage only (none injured),2,0,0,Rear-end,V1: Travelling straight ahead / V2:Slowing or stopped in traffic,V1:Northbound / V2:Northbound ,V1: Collision with motor vehicle in traffic / V2: Collision with motor vehicle in traffic ,"V1: Passenger car / V2:Light truck(van, mini-van, panel, pickup, sport utility) with only four tires",Dry,Daylight,Clear,,GALLIVAN BOULEVARD Rte UNKNOW,,,NEPONSET CIRCLE,,237731.8737,892907.403
3472431,BOSTON,01-Jun-2013,1:10 PM,Property damage only (none injured),2,0,0,"Sideswipe, same direction",V1: Travelling straight ahead / V2:Entering traffic lane,V1:Southbound / V2:Southbound ,V1: Collision with motor vehicle in traffic / V2: Collision with motor vehicle in traffic ,V1: Passenger car / V2:Passenger car,Dry,Daylight,Clear,,EAST BOSTON EXPRESSWAY Rte 1A S / CALLAHAN TUNNEL,,,,,238035.7765,902633.3468
3451211,BOSTON (DORCHESTER),01-Jun-2013,1:24 PM,Non-fatal injury,1,1,0,Angle,V1: Turning right,V1:Northbound ,V1: Not reported ,V1: Passenger car,Dry,Daylight,Clear,DORCHESTER AVENUE / PARK STREET,,,,,"P2:Pedalcyclist (bicycle, tricycle, unicycle, pedal car)",236228.2762,894329.7784
3451228,BOSTON (DORCHESTER),01-Jun-2013,3:37 PM,Non-fatal injury,2,2,0,Head-on,V1: Travelling straight ahead / V2:Travelling straight ahead,V1:Southbound / V2:Northbound ,V1: Collision with motor vehicle in traffic / V2: Collision with motor vehicle in traffic ,V1: Passenger car / V2:Passenger car,Dry,Daylight,Clear/Clear,,2049 DORCHESTER AVENUE,,,,,235820.6609,892335.0967
3484933,BOSTON,01-Jun-2013,4:13 PM,Non-fatal injury,2,1,0,Head-on,V1: Turning right / V2:Travelling straight ahead,V1:Northbound / V2:Southbound ,V1: Collision with motor vehicle in traffic / V2: Collision with motor vehicle in traffic ,"V1: Light truck(van, mini-van, panel, pickup, sport utility) with only four tires / V2:Passenger car",Dry,Daylight,Clear,ADDINGTON ROAD / LA GRANGE STREET / VERMONT STREET,,,,,,227602.5154,893054.3751
3457961,BOSTON,01-Jun-2013,5:00 PM,Property damage only (none injured),2,0,0,Angle,V1: Travelling straight ahead / V2:Slowing or stopped in traffic,V1:Northbound / V2:Northbound ,V1: Collision with motor vehicle in traffic / V2: Collision with motor vehicle in traffic ,"V1: Passenger car / V2:Light truck(van, mini-van, panel, pickup, sport utility) with only four tires",Dry,Daylight,Cloudy,,WILLIAM T MORRISSEY BOULEVARD / FREEPORT STREET,,,,,237175.7656,894558.6879
3457971,BOSTON,01-Jun-2013,5:55 PM,Non-fatal injury,2,1,0,Angle,V1: Travelling straight ahead / V2:Making U-turn,V1:Eastbound / V2:Westbound ,V1: Collision with motor vehicle in traffic / V2: Collision with motor vehicle in traffic ,V1: Motorcycle / V2:Passenger car,Dry,Daylight,Clear,,730 MORTON STREET Rte 203 E / 730 MORTON STREET Rte 203 W,,,,,233781.2112,892700.9269
3509796,BOSTON,01-Jun-2013,9:24 PM,Not Reported,1,0,0,Single vehicle crash,V1: Turning left,V1:Westbound ,V1: Collision with pedestrian ,V1: Passenger car,Dry,Dark - lighted roadway,Clear,ATLANTIC AVENUE / PEARL STREET,,,,,,236839.7338,900488.6344
3510043,BOSTON,02-Jun-2013,00:00 AM,Not Reported,2,0,0,Angle,V1: Not reported / V2:Not reported,V1:Not reported / V2:Not reported ,V1: Not reported / V2: Not reported ,V1: Motorcycle / V2:Passenger car,Dry,Dark - lighted roadway,Clear,COLUMBIA ROAD / WASHINGTON STREET,,,,,,234591.703,895070.8124
3453193,BOSTON,02-Jun-2013,1:35 AM,Non-fatal injury,2,1,0,"Sideswipe, same direction",V1: Travelling straight ahead / V2:Turning right,V1:Southbound / V2:Westbound ,V1: Collision with motor vehicle in traffic / V2: Collision with other movable object ,V1: Motorcycle / V2:Passenger car,Dry,Dark - roadway not lighted,Not Reported,,NORTH HARVARD STREET Rte UNKNOW / SOLDIERS FIELD ROAD,,,,,230992.2801,902048.053
3453197,BOSTON,02-Jun-2013,3:42 AM,Non-fatal injury,1,2,0,Single vehicle crash,V1: Travelling straight ahead,V1:Northbound ,V1: Collision with median barrier ,V1: Passenger car,Dry,Dark - lighted roadway,Clear,,Rte 93 N / UNKNOWN,,Exit 16 on Rte 93 N,,,236403.9842,897524.312
3463942,BOSTON,02-Jun-2013,5:40 AM,Non-fatal injury,1,1,0,Single vehicle crash,V1: Travelling straight ahead,V1:Southbound ,V1: Collision with median barrier ,V1: Passenger car,Dry,Dawn,Clear,,Rte 93 S / UNKNOWN,,Exit 15 on Rte 93 S,,,236629.6253,897168.5001
3451229,BOSTON (DORCHESTER),02-Jun-2013,9:00 AM,Not Reported,2,0,0,Not reported,V1: Not reported / V2:Not reported,V1:Not reported / V2:Not reported ,V1: Not reported / V2: Not reported ,V1: Unknown vehicle configuration / V2:Unknown vehicle configuration,Not reported,Not reported,Not Reported,,1931 DORCHESTER AVENUE,,,,,235913.4517,892791.1172
3451230,BOSTON (DORCHESTER),02-Jun-2013,12:12 PM,Non-fatal injury,2,2,0,Angle,V1: Travelling straight ahead / V2:Turning left,V1:Northbound / V2:Westbound ,V1: Collision with motor vehicle in traffic / V2: Collision with motor vehicle in traffic ,V1: Passenger car / V2:Passenger car,Dry,Daylight,Clear/Clear,GENEVA AVENUE / VAUGHAN AVENUE,,,,,,234845.1563,895085.5626
3502332,BOSTON (DORCHESTER),02-Jun-2013,2:00 PM,Not Reported,1,0,0,Angle,V1: Travelling straight ahead,V1:Southbound ,V1: Collision with motor vehicle in traffic ,V1: Passenger car,Dry,Daylight,Clear/Clear,,1 GRANITE AVENUE / GALLIVAN BOULEVARD,,,MCDONALDS,,236661.4428,892505.6435
3436200,BOSTON,02-Jun-2013,2:53 PM,Property damage only (none injured),4,0,0,Rear-end,V1: Slowing or stopped in traffic / V2:Slowing or stopped in traffic / V3:Slowing or stopped in traffic / V4:Travelling straight ahead,V1:Northbound / V2:Northbound / V3:Northbound / V4:Northbound ,V1: Collision with motor vehicle in traffic / V2: Collision with motor vehicle in traffic / V3: Collision with motor vehicle in traffic / V4: Collision with motor vehicle in traffic ,"V1: Passenger car / V2:Passenger car / V3:Passenger car / V4:Light truck(van, mini-van, panel, pickup, sport utility) with only four tires",Dry,Daylight,Clear,,Rte 93 N / UNKNOWN,,Exit 11 on Rte 93 N,,,237094.7253,891674.8051
3453177,BOSTON,02-Jun-2013,5:40 PM,Property damage only (none injured),2,0,0,"Sideswipe, same direction",V1: Changing lanes / V2:Travelling straight ahead,V1:Southbound / V2:Southbound ,V1: Collision with motor vehicle in traffic / V2: Collision with motor vehicle in traffic ,"V1: Passenger car / V2:Light truck(van, mini-van, panel, pickup, sport utility) with only four tires",Dry,Daylight,Clear,RT 93 SB HOV LANE / RAMP - RT 93 SB HOV TO RT 90 EB HOV / RAMP - KNEELAND STREET TO RT 9S SB HOV,,,,HOV EXIT,,236212.3586,899606.1202
3602250,BOSTON,02-Jun-2013,5:57 PM,Non-fatal injury,1,1,0,Not reported,V1: Leaving traffic lane,V1:Westbound ,V1: Collision with pedestrian ,V1: Passenger car,Dry,Daylight,Clear,,LOGAN AIRPORT TERMINAL B / LOGAN AIRPORT TERMINAL B,,,,"P2:Other non-motorist (wheelchair, etc.)",239702.5029,901778.2311
3453205,BOSTON,02-Jun-2013,8:00 PM,Property damage only (none injured),5,0,0,"Sideswipe, same direction",V1: Not reported / V2:Parked / V3:Parked / V4:Parked / V5:Parked,V1:Westbound / V2:Not reported / V3:Not reported / V4:Not reported / V5:Not reported ,V1: Collision with parked motor vehicle / V2: Collision with motor vehicle in traffic / V3: Collision with parked motor vehicle / V4: Collision with parked motor vehicle / V5: Collision with parked motor vehicle ,"V1: Light truck(van, mini-van, panel, pickup, sport utility) with only four tires / V2:Passenger car / V3:Passenger car / V4:Light truck(van, mini-van, panel, pickup, sport utility) with only four tires / V5:Light truck(van, mini-van, panel, pickup, sport utility) with only four tires",Dry,Dark - lighted roadway,Clear,,800 MORTON STREET Rte 203 W / SUTTON STREET,,,800 BLOCK,,233946.9934,892531.6102
3502732,BOSTON,02-Jun-2013,9:43 PM,Non-fatal injury,2,1,0,Angle,V1: Travelling straight ahead / V2:Unknown,V1:Not reported / V2:Not reported ,V1: Collision with motor vehicle in traffic / V2: Collision with motor vehicle in traffic ,"V1: Passenger car / V2:Light truck(van, mini-van, panel, pickup, sport utility) with only four tires",Snow,Dark - lighted roadway,Clear,RICHFIELD STREET / PURITAN AVENUE,,,,,,235357.8752,895343.0623
3541188,BOSTON,02-Jun-2013,10:51 PM,Non-fatal injury,2,1,0,Angle,V1: Slowing or stopped in traffic / V2:Travelling straight ahead,V1:Eastbound / V2:Eastbound ,V1: Collision with motor vehicle in traffic / V2: Collision with motor vehicle in traffic ,"V1: Passenger car / V2:Light truck(van, mini-van, panel, pickup, sport utility) with only four tires",Dry,Dark - lighted roadway,Not Reported,,NORTH SEAPORT LANE / NORTH CONGRESS STREET,,,,,237785.4726,899906.5851
3463898,BOSTON,03-Jun-2013,1:33 AM,Property damage only (none injured),3,0,0,Rear-end,V1: Travelling straight ahead / V2:Travelling straight ahead / V3:Slowing or stopped in traffic,V1:Northbound / V2:Northbound / V3:Northbound ,V1: Collision with motor vehicle in traffic / V2: Collision with motor vehicle in traffic / V3: Collision with motor vehicle in traffic ,V1: Passenger car / V2:Passenger car / V3:Passenger car,Dry,Dark - lighted roadway,Clear,NEPONSET AVENUE Rte 3A N / WILLIAM T MORRISSEY BOULEVARD,,,,NEPONSET BRIDGE,,237753.7034,892977.1251
3452208,BOSTON (BRIGHTON),03-Jun-2013,7:50 AM,Non-fatal injury,2,1,0,Rear-end,V1: Travelling straight ahead / V2:Not reported,V1:Eastbound / V2:Eastbound ,V1: Collision with motor vehicle in traffic / V2: Not reported ,V1: Passenger car / V2:Passenger car,Wet,Daylight,Rain/Rain,WARREN STREET Rte 24,24 WARREN STREET,,,,,234352.2903,897818.5966
3484932,BOSTON (WEST ROXBURY),03-Jun-2013,8:08 AM,Not Reported,2,0,0,Not reported,V1: Turning right / V2:Travelling straight ahead,V1:Eastbound / V2:Eastbound ,V1: Not reported / V2: Not reported ,V1: Passenger car / V2:Passenger car,Not reported,Not reported,Not Reported,,1764 CENTRE STREET,,,,,228782.1573,893049.6621
3450062,BOSTON,03-Jun-2013,8:09 AM,Property damage only (none injured),1,0,0,Single vehicle crash,V1: Travelling straight ahead,V1:Northbound ,V1: Collision with median barrier ,V1: Passenger car,Wet,Daylight,Rain,,Rte 93 N / UNKNOWN,,Exit 27 on Rte 93 N,,,235655.07,902467.5364
3463896,BOSTON,03-Jun-2013,8:51 AM,Non-fatal injury,2,1,0,Head-on,V1: Other / V2:Other,V1:Northbound / V2:Southbound ,V1: Collision with motor vehicle in traffic / V2: Collision with motor vehicle in traffic ,"V1: Passenger car / V2:Light truck(van, mini-van, panel, pickup, sport utility) with only four tires",Wet,Daylight,Rain,,SOLDIERS FIELD ROAD Rte UNKNOW / 1660,,,STAPLES,,228655.4056,901114.9393
3446083,BOSTON,03-Jun-2013,9:50 AM,Property damage only (none injured),1,0,0,Single vehicle crash,V1: Travelling straight ahead,V1:Westbound ,V1: Collision with motor vehicle in traffic ,V1: Passenger car,Wet,Daylight,Rain,,SOLDIERS FIELD ROAD Rte UNKNOW W,,,WEEKS FOOTBRIDGE,,231377.8076,901969.8381
3463945,BOSTON,03-Jun-2013,10:30 AM,Property damage only (none injured),2,0,0,Angle,V1: Turning left / V2:Travelling straight ahead,V1:Northbound / V2:Southbound ,V1: Collision with motor vehicle in traffic / V2: Collision with motor vehicle in traffic ,V1: Passenger car / V2:Passenger car,Wet,Daylight,Not Reported,,MORTON STREET Rte UNKNOW / EVANS STREET,,,,,234273.0086,892342.2902
3440046,BOSTON,03-Jun-2013,10:45 AM,Property damage only (none injured),1,0,0,Single vehicle crash,V1: Changing lanes,V1:Eastbound ,V1: Collision with median barrier ,"V1: Light truck(van, mini-van, panel, pickup, sport utility) with only four tires",Wet,Daylight,Cloudy/Rain,,Rte 90 E / UNKNOWN,,Exit 24 on Rte 90 E,,,236020.7529,899669.4659
3453110,BOSTON,03-Jun-2013,11:25 AM,Property damage only (none injured),1,0,0,Single vehicle crash,V1: Travelling straight ahead,V1:Westbound ,V1: Collision with median barrier ,V1: Passenger car,Wet,Other,Rain,,RAMP - RT 90 WB/CONGRESS STREET TO RT 93 Rte 1A S / RAMP - RT 90 WB TO RT 93 SB Rte 1A S,,,RAMP D,,236494.2818,899725.4883
3452231,BOSTON (DORCHESTER),03-Jun-2013,12:05 PM,Property damage only (none injured),2,0,0,Angle,V1: Travelling straight ahead / V2:Unknown,V1:Westbound / V2:Southbound ,V1: Collision with motor vehicle in traffic / V2: Collision with motor vehicle in traffic ,"V1: Passenger car / V2:Light truck(van, mini-van, panel, pickup, sport utility) with only four tires",Wet,Daylight,Rain/Rain,PARK STREET / GREENBRIER STREET,,,,,,235438.3749,894035.4998
3453207,BOSTON,03-Jun-2013,1:25 PM,Non-fatal injury,1,1,0,Head-on,V1: Travelling straight ahead,V1:Eastbound ,V1: Collision with pedestrian ,V1: Passenger car,Dry,Daylight,Clear/Cloudy,,MORTON STREET Rte UNKNOW / HARVARD STREET,,,,P2:Pedestrian,233493.5311,893100.9999
3448437,BOSTON,03-Jun-2013,2:10 PM,Non-fatal injury,2,1,0,Angle,V1: Travelling straight ahead / V2:Turning left,V1:Northbound / V2:Northbound ,V1: Collision with motor vehicle in traffic / V2: Collision with motor vehicle in traffic ,V1: Passenger car / V2:Truck/trailer,Dry,Daylight,Clear,FRONTAGE ROAD / HAUL ROAD,,,,@ BYPASS RD,,235950.9524,898250.4215
3446072,BOSTON,03-Jun-2013,2:29 PM,Non-fatal injury,3,2,0,Angle,V1: Travelling straight ahead / V2:Travelling straight ahead / V3:Travelling straight ahead,V1:Southbound / V2:Southbound / V3:Southbound ,V1: Collision with motor vehicle in traffic / V2: Collision with motor vehicle in traffic / V3: Collision with motor vehicle in traffic ,V1: Passenger car / V2:Passenger car / V3:Passenger car,Dry,Daylight,Clear,,Rte 93 S / UNKNOWN,,Exit 20 on Rte 93 S,,,236954.209,900826.9442
3453252,BOSTON,03-Jun-2013,3:10 PM,Property damage only (none injured),2,0,0,"Sideswipe, opposite direction",V1: Travelling straight ahead / V2:Turning left,V1:Northbound / V2:Eastbound ,V1: Not reported / V2: Not reported ,V1: Passenger car / V2:Passenger car,Dry,Daylight,Not Reported,,CENTRE STREET Rte UNKNOW / WALTER STREET,,,,,230504.5157,894255.4377
3453242,BOSTON,03-Jun-2013,3:10 PM,Property damage only (none injured),2,0,0,Rear-end,V1: Travelling straight ahead / V2:Slowing or stopped in traffic,V1:Southbound / V2:Southbound ,V1: Collision with motor vehicle in traffic / V2: Collision with motor vehicle in traffic ,"V1: Light truck(van, mini-van, panel, pickup, sport utility) with only four tires / V2:Light truck(van, mini-van, panel, pickup, sport utility) with only four tires",Dry,Daylight,Clear,,Rte 93 S / UNKNOWN,,Exit 15 on Rte 93 S,,,236629.6253,897168.5001
3453178,BOSTON,03-Jun-2013,6:12 PM,Property damage only (none injured),2,0,0,Rear-end,V1: Slowing or stopped in traffic / V2:Travelling straight ahead,V1:Southbound / V2:Southbound ,V1: Collision with motor vehicle in traffic / V2: Collision with motor vehicle in traffic ,V1: Passenger car / V2:Passenger car,Dry,Daylight,Clear,,LEVERETT CONNECTOR SOUTH / INTERSTATE 93 Rte 93 S,,,,,235036.9846,902958.9026
3453243,BOSTON,03-Jun-2013,6:50 PM,Property damage only (none injured),3,0,0,Rear-end,V1: Slowing or stopped in traffic / V2:Slowing or stopped in traffic / V3:Slowing or stopped in traffic,V1:Northbound / V2:Northbound / V3:Northbound ,V1: Collision with motor vehicle in traffic / V2: Collision with motor vehicle in traffic / V3: Collision with motor vehicle in traffic ,"V1: Light truck(van, mini-van, panel, pickup, sport utility) with only four tires / V2:Passenger car / V3:Light truck(van, mini-van, panel, pickup, sport utility) with only four tires",Dry,Daylight,Not Reported,,Rte 93 S / UNKNOWN,,Exit 12 on Rte 93 S,,,237620.5493,892713.0989
3454104,BOSTON,03-Jun-2013,9:20 PM,Property damage only (none injured),2,0,0,Rear-end,V1: Slowing or stopped in traffic / V2:Travelling straight ahead,V1:Northbound / V2:Northbound ,V1: Collision with motor vehicle in traffic / V2: Collision with motor vehicle in traffic ,"V1: Light truck(van, mini-van, panel, pickup, sport utility) with only four tires / V2:Passenger car",Dry,Dark - lighted roadway,Clear,,WILLIAM T MORRISSEY BOULEVARD / KOSCIUSZKO CIRCLE,,,,,237017.0782,896879.6065
3482084,BOSTON,04-Jun-2013,00:00 AM,Property damage only (none injured),2,0,0,"Sideswipe, same direction",V1: Travelling straight ahead / V2:Travelling straight ahead,V1:Eastbound / V2:Eastbound ,V1: Collision with motor vehicle in traffic / V2: Collision with motor vehicle in traffic ,"V1: Light truck(van, mini-van, panel, pickup, sport utility) with only four tires / V2:Bus (seats for more than 15 people, including driver)",Dry,Daylight,Clear/Clear,MASSACHUSETTS AVENUE / ALBANY STREET,,,,,,235148.3704,898200.8671
3440059,BOSTON,04-Jun-2013,00:00 AM,Property damage only (none injured),1,0,0,Single vehicle crash,V1: Travelling straight ahead,V1:Northbound ,V1: Collision with curb ,V1: Passenger car,Dry,Dark - lighted roadway,Clear,,CENTRE STREET Rte UNKNOW / ARBORWAY,,,CENTRE STREET ROTARY,,231216.1249,895485.9374
3453244,BOSTON,04-Jun-2013,8:05 AM,Non-fatal injury,2,1,0,Rear-end,V1: Travelling straight ahead / V2:Slowing or stopped in traffic,V1:Northbound / V2:Northbound ,V1: Collision with motor vehicle in traffic / V2: Collision with motor vehicle in traffic ,V1: Passenger car / V2:Passenger car,Dry,Daylight,Clear,RAMP - COLUMBIA RD TO RT 93 NB / JOHN F FITZGERALD EXPRESSWAY Rte 93 N,,,,,,236673.8867,897131.4137
3458931,BOSTON,04-Jun-2013,8:15 AM,Property damage only (none injured),2,0,0,"Sideswipe, same direction",V1: Travelling straight ahead / V2:Changing lanes,V1:Northbound / V2:Northbound ,V1: Collision with motor vehicle in traffic / V2: Collision with motor vehicle in traffic ,V1: Single-unit truck (3-or-more axles) / V2:Passenger car,Dry,Daylight,Clear,,Rte 93 N / RAMP-RT 3A NB TO RT 93 NB,,,ON RAMP FROM NEPONSET CIRCLE,,237646.1124,893415.5699
3453199,BOSTON,04-Jun-2013,9:05 AM,Property damage only (none injured),1,0,0,Single vehicle crash,V1: Leaving traffic lane,V1:Southbound ,V1: Collision with median barrier ,V1: Passenger car,Dry,Daylight,Clear,,OLD COLONY AVENUE Rte UNKNOW S / LOGAN WAY,,,,,236880.664,897499.8576
3502532,BOSTON (DORCHESTER),04-Jun-2013,10:15 AM,Not Reported,2,0,0,Rear-end,V1: Not reported / V2:Not reported,V1:Northbound / V2:Northbound ,V1: Not reported / V2: Not reported ,V1: Passenger car / V2:Passenger car,Dry,Daylight,Clear/Clear,,1707 DORCHESTER AVENUE / WHITE STREET,,,,,236090.5569,893668.1404
3482128,BOSTON,04-Jun-2013,4:20 PM,Not Reported,2,0,0,Rear-end,V1: Travelling straight ahead / V2:Travelling straight ahead,V1:Not reported / V2:Not reported ,V1: Collision with motor vehicle in traffic / V2: Collision with motor vehicle in traffic ,"V1: Light truck(van, mini-van, panel, pickup, sport utility) with only four tires / V2:Passenger car",Dry,Daylight,Clear/Clear,LA GRANGE STREET / STURGES ROAD,,,,,,228330.6562,892202.4998
3454066,BOSTON,04-Jun-2013,5:08 PM,Property damage only (none injured),2,0,0,Angle,V1: Travelling straight ahead / V2:Travelling straight ahead,V1:Southbound / V2:Southbound ,V1: Collision with motor vehicle in traffic / V2: Collision with motor vehicle in traffic ,"V1: Passenger car / V2:Single-unit truck (2-axle, 6-tire)",Dry,Daylight,Not Reported,,Rte 93 S,,Exit 18 on Rte 93 S,,,236013.2783,899092.9981
3484635,BOSTON,04-Jun-2013,6:14 PM,Property damage only (none injured),2,0,0,"Sideswipe, same direction",V1: Leaving traffic lane / V2:Travelling straight ahead,V1:Eastbound / V2:Eastbound ,V1: Collision with motor vehicle in traffic / V2: Collision with motor vehicle in traffic ,V1: Passenger car / V2:Passenger car,Dry,Daylight,Clear,UNIVERSITY ROAD / STORROW DRIVE / SOLDIERS FIELD ROAD,,,,,,232084.5312,900218.7502
3463939,BOSTON,04-Jun-2013,7:05 PM,Property damage only (none injured),2,0,0,Angle,V1: Travelling straight ahead / V2:Travelling straight ahead,V1:Northbound / V2:Eastbound ,V1: Collision with motor vehicle in traffic / V2: Collision with motor vehicle in traffic ,V1: Passenger car / V2:Passenger car,Dry,Daylight,Clear,BIRMINGHAM PARKWAY / LOTHROP STREET,,,,,,229121.9947,901159.5246
3454106,BOSTON,04-Jun-2013,7:08 PM,Property damage only (none injured),2,0,0,"Sideswipe, same direction",V1: Travelling straight ahead / V2:Travelling straight ahead,V1:Southbound / V2:Southbound ,V1: Collision with motor vehicle in traffic / V2: Collision with motor vehicle in traffic ,V1: Passenger car / V2:Passenger car,Dry,Daylight,Clear,,Rte 93 S,Rte 93  S Milemarker 13.7,Exit 15 on Rte 93 S,SAVIN HILL OVERPASS,,236896.4168,895878.3017
3453182,BOSTON,04-Jun-2013,11:39 PM,Property damage only (none injured),2,0,0,Rear-end,V1: Other / V2:Parked,V1:Southbound / V2:Northbound ,V1: Collision with parked motor vehicle / V2: Collision with motor vehicle in traffic ,"V1: Light truck(van, mini-van, panel, pickup, sport utility) with only four tires / V2:Passenger car",Dry,Dark - lighted roadway,Not Reported,,AIRPORT ROAD - ARRIVAL LEVEL / LOGAN AIRPORT TERMINAL B,,,,,239660.039,901767.0661
3453179,BOSTON,05-Jun-2013,00:00 AM,Property damage only (none injured),2,0,0,"Sideswipe, same direction",V1: Overtaking/passing / V2:Travelling straight ahead,V1:Northbound / V2:Northbound ,V1: Collision with motor vehicle in traffic / V2: Collision with motor vehicle in traffic ,V1: Passenger car / V2:Passenger car,Dry,Dark - lighted roadway,Clear,,Rte 1 N / UNKNOWN,,,CANA TUNNEL,,236056.7704,902374.6159
3448442,BOSTON,05-Jun-2013,1:20 AM,Property damage only (none injured),1,0,0,"Sideswipe, same direction",V1: Not reported,V1:Southbound ,V1: Collision with guardrail ,"V1: Light truck(van, mini-van, panel, pickup, sport utility) with only four tires",Dry,Dark - lighted roadway,Clear,,WILLIAM T MORRISSEY BOULEVARD / MORRISSEY SERVICE ROAD,,,LAMBERTS,,237287.5043,893942.8713
3804520,BOSTON (DORCHESTER),05-Jun-2013,6:45 AM,Property damage only (none injured),2,0,0,"Sideswipe, same direction",V1: Travelling straight ahead / V2:Not reported,V1:Not reported / V2:Not reported ,V1: Collision with parked motor vehicle / V2: Not reported ,"V1: Bus (seats for more than 15 people, including driver) / V2:Light truck(van, mini-van, panel, pickup, sport utility) with only four tires",Dry,Daylight,Clear,,370 BOWDOIN STREET,,,,,235942.7388,895496.0574
3455658,BOSTON,05-Jun-2013,6:55 AM,Non-fatal injury,1,1,0,Angle,V1: Entering traffic lane,V1:Northbound ,"V1: Collision with cyclist (bicycle, tricycle, unicycle, pedal car) ",V1: Passenger car,Dry,Daylight,Clear,KOSCIUSZKO CIRCLE / WILLIAM T MORRISSEY BOULEVARD,,,,,"P2:Pedalcyclist (bicycle, tricycle, unicycle, pedal car) / P3:Other non-motorist (wheelchair, etc.)",237017.0782,896879.6065
3473035,BOSTON,05-Jun-2013,7:45 AM,Property damage only (none injured),2,0,0,"Sideswipe, same direction",V1: Entering traffic lane / V2:Entering traffic lane,V1:Westbound / V2:Westbound ,V1: Collision with motor vehicle in traffic / V2: Collision with motor vehicle in traffic ,"V1: Passenger car / V2:Single-unit truck (2-axle, 6-tire)",Dry,Daylight,Clear,,WILLIAM DAY BOULEVARD / KOSCIUSZKO CIRCLE,,,,,237000,896933.5626
3453111,BOSTON,05-Jun-2013,2:15 PM,Property damage only (none injured),3,0,0,Rear-end,V1: Slowing or stopped in traffic / V2:Slowing or stopped in traffic / V3:Travelling straight ahead,V1:Westbound / V2:Westbound / V3:Westbound ,V1: Collision with motor vehicle in traffic / V2: Collision with motor vehicle in traffic / V3: Collision with motor vehicle in traffic ,"V1: Light truck(van, mini-van, panel, pickup, sport utility) with only four tires / V2:Light truck(van, mini-van, panel, pickup, sport utility) with only four tires / V3:Passenger car",Dry,Daylight,Clear,RAMP - RT 90 WB TO RT 93 NB / RAMP - RT 90 WB TO RT 93 SB Rte 1A S / RAMP - RT 90 WB/CONGRESS STREET TO RT 93 Rte 1A S,,,,RAMP D AT THE 93 SPLIT,,236475.7222,899745.5214
3453180,BOSTON,05-Jun-2013,4:36 PM,Property damage only (none injured),2,0,0,Rear-end,V1: Slowing or stopped in traffic / V2:Slowing or stopped in traffic,V1:Eastbound / V2:Eastbound ,V1: Collision with motor vehicle in traffic / V2: Collision with motor vehicle in traffic ,"V1: Passenger car / V2:Light truck(van, mini-van, panel, pickup, sport utility) with only four tires",Dry,Daylight,Cloudy,,MASSACHUSETTS TURNPIKE Rte 90 E / RAMP - RT 90 EB TO STUART STREET & HUNTI,,,PRUDENTIAL TUNNEL,,234231.2548,899761.0606
3484935,BOSTON (ROSLINDALE),05-Jun-2013,5:55 PM,Not Reported,2,0,0,"Sideswipe, same direction",V1: Unknown / V2:Parked,V1:Not reported / V2:Not reported ,V1: Collision with parked motor vehicle / V2: Not reported ,"V1: Light truck(van, mini-van, panel, pickup, sport utility) with only four tires / V2:Passenger car",Dry,Daylight,Clear,,4139 WASHINGTON STREET,,,,,230861.4283,893196.0105
3453112,BOSTON,05-Jun-2013,11:37 PM,Property damage only (none injured),2,0,0,Rear-end,V1: Travelling straight ahead / V2:Travelling straight ahead,V1:Northbound / V2:Northbound ,V1: Collision with motor vehicle in traffic / V2: Collision with motor vehicle in traffic ,"V1: Light truck(van, mini-van, panel, pickup, sport utility) with only four tires / V2:Light truck(van, mini-van, panel, pickup, sport utility) with only four tires",Dry,Dark - lighted roadway,Clear,,Rte 93 N / UNKNOWN,,Exit 26 on Rte 93 N,,,236402.7433,901600.0342
3473141,BOSTON,06-Jun-2013,10:10 AM,Property damage only (none injured),2,0,0,"Sideswipe, same direction",V1: Slowing or stopped in traffic / V2:Not reported,V1:Eastbound / V2:Not reported ,V1: Collision with motor vehicle in traffic / V2: Not reported ,V1: Truck/trailer / V2:Passenger car,Dry,Daylight,Clear,,HOTEL DRIVE / AIRPORT WAY,,,,,239150.2356,902066.9176
3466934,BOSTON,06-Jun-2013,11:00 AM,Property damage only (none injured),2,0,0,Head-on,V1: Turning left / V2:Travelling straight ahead,V1:Northbound / V2:Southbound ,V1: Collision with motor vehicle in traffic / V2: Collision with motor vehicle in traffic ,"V1: Light truck(van, mini-van, panel, pickup, sport utility) with only four tires / V2:Light truck(van, mini-van, panel, pickup, sport utility) with only four tires",Dry,Daylight,Clear,CENTRE STREET / WALTER STREET,,,,,,230487.4844,894221.9374
3457963,BOSTON,06-Jun-2013,11:05 AM,Property damage only (none injured),2,0,0,Rear-end,V1: Slowing or stopped in traffic / V2:Travelling straight ahead,V1:Eastbound / V2:Eastbound ,V1: Collision with motor vehicle in traffic / V2: Collision with motor vehicle in traffic ,V1: Passenger car / V2:Passenger car,Dry,Daylight,Clear,,GALLIVAN BOULEVARD / NEPONSET AVENUE,,,GALLIVAN BLVD,,237707.308,892895.9525