Crash Number,City/Town Name,Crash Date,Crash Time,Crash Severity,Number of Vehicles,Total Nonfatal Injuries,Total Fatal Injuries,Manner of Collision,Vehicle Action Prior to Crash,Vehicle Travel Directions,Most Harmful Events,Vehicle Configuration,Road Surface Condition,Ambient Light,Weather Condition,At Roadway Intersection,Distance from Nearest Roadway Intersection,Distance from Nearest Milemarker,Distance from Nearest Exit,Distance from Nearest Landmark,Non Motorist Type,X Coordinate,Y Coordinate
3540828,BOSTON,06-Jun-2013,2:55 PM,Property damage only (none injured),2,0,0,Rear-end,V1: Travelling straight ahead / V2:Travelling straight ahead,V1:Eastbound / V2:Eastbound ,V1: Collision with motor vehicle in traffic / V2: Collision with motor vehicle in traffic ,"V1: Light truck(van, mini-van, panel, pickup, sport utility) with only four tires / V2:Passenger car",Dry,Daylight,Not Reported,,PORTER STREET,,,,,,
3453233,BOSTON,06-Jun-2013,3:08 PM,Property damage only (none injured),2,0,0,Angle,V1: Changing lanes / V2:Travelling straight ahead,V1:Northbound / V2:Northbound ,V1: Collision with motor vehicle in traffic / V2: Collision with motor vehicle in traffic ,"V1: Light truck(van, mini-van, panel, pickup, sport utility) with only four tires / V2:Passenger car",Dry,Daylight,Clear,,RIVERWAY / BROOKLINE AVENUE,,,JUST BEFORE TO BROOKLINE AVE,,232103.9227,898554.3546
3492519,BOSTON,06-Jun-2013,5:32 PM,Non-fatal injury,2,1,0,Not reported,V1: Slowing or stopped in traffic / V2:Travelling straight ahead,V1:Westbound / V2:Westbound ,V1: Collision with motor vehicle in traffic / V2: Collision with motor vehicle in traffic ,"V1: Light truck(van, mini-van, panel, pickup, sport utility) with only four tires / V2:Passenger car",Not reported,Not reported,Not Reported,COMMONWEALTH AVENUE / DARTMOUTH STREET,,,,,,234742.0743,900259.0507
3491514,BOSTON,06-Jun-2013,6:36 PM,Property damage only (none injured),2,0,0,Rear-end,V1: Slowing or stopped in traffic / V2:Slowing or stopped in traffic,V1:Northbound / V2:Northbound ,V1: Collision with motor vehicle in traffic / V2: Collision with motor vehicle in traffic ,"V1: Light truck(van, mini-van, panel, pickup, sport utility) with only four tires / V2:Light truck(van, mini-van, panel, pickup, sport utility) with only four tires",Dry,Daylight,Clear,,Rte 93 N,,Exit 15 on Rte 93 N,,,236972.2496,896473.4282
3479163,BOSTON,07-Jun-2013,00:00 AM,Non-fatal injury,1,1,0,Single vehicle crash,V1: Travelling straight ahead,V1:Northbound ,V1: Collision with tree ,V1: Passenger car,Wet,Dark - lighted roadway,Rain,JAMAICAWAY / CASTLETON STREET,,,,,,231727.8592,897080.9377
3491336,BOSTON,07-Jun-2013,7:51 AM,Property damage only (none injured),2,0,0,Angle,V1: Travelling straight ahead / V2:Changing lanes,V1:Northbound / V2:Northbound ,V1: Collision with motor vehicle in traffic / V2: Collision with motor vehicle in traffic ,"V1: Passenger car / V2:Light truck(van, mini-van, panel, pickup, sport utility) with only four tires",Dry,Daylight,Cloudy/Rain,,JOHN F FITZGERALD EXPRESSWAY Rte 3 N / RAMP - RT 93 NB TO NORTH STREET,,,O'NEIL TUNNEL,,236961.7161,900929.7068
3454099,BOSTON,07-Jun-2013,7:58 AM,Property damage only (none injured),1,0,0,Single vehicle crash,V1: Travelling straight ahead,V1:Westbound ,V1: Collision with overhead sign support ,V1: Single-unit truck (3-or-more axles),Wet,Daylight,Rain,,SOLDIERS FIELD ROAD / STORROW DRIVE,,,B.U.BRIDGE,,232012.0037,900234.8325
3463940,BOSTON,07-Jun-2013,8:31 AM,Property damage only (none injured),2,0,0,Rear-end,V1: Slowing or stopped in traffic / V2:Travelling straight ahead,V1:Eastbound / V2:Eastbound ,V1: Collision with motor vehicle in traffic / V2: Collision with motor vehicle in traffic ,"V1: Light truck(van, mini-van, panel, pickup, sport utility) with only four tires / V2:Passenger car",Wet,Daylight,Rain,,SOLDIERS FIELD ROAD / UNIVERSITY ROAD,,,PRIOR TO THE BU BRIDGE.,,232054.09,900221.952
3457964,BOSTON,07-Jun-2013,10:09 AM,Property damage only (none injured),2,0,0,"Sideswipe, same direction",V1: Travelling straight ahead / V2:Changing lanes,V1:Northbound / V2:Northbound ,V1: Collision with motor vehicle in traffic / V2: Collision with motor vehicle in traffic ,V1: Passenger car / V2:Passenger car,Wet,Daylight,Rain,,Rte 93 N,,Exit 15 on Rte 93 N,AT EXIT #15,,236972.2496,896473.4282
3453181,BOSTON,07-Jun-2013,12:20 PM,Non-fatal injury,2,2,0,Rear-end,V1: Travelling straight ahead / V2:Travelling straight ahead,V1:Southbound / V2:Southbound ,V1: Collision with motor vehicle in traffic / V2: Collision with guardrail ,"V1: Light truck(van, mini-van, panel, pickup, sport utility) with only four tires / V2:Passenger car",Wet,Daylight,Rain,,MAURICE TOBIN BRIDGE Rte 1 S / TOBIN BRIDGE Rte 1 S,,,,,237235.0916,903891.029
3510848,BOSTON,07-Jun-2013,12:49 PM,Property damage only (none injured),3,0,0,Rear-end,V1: Changing lanes / V2:Travelling straight ahead / V3:Not reported,V1:Northbound / V2:Northbound / V3:Not reported ,V1: Collision with motor vehicle in traffic / V2: Collision with motor vehicle in traffic / V3: Not reported ,"V1: Light truck(van, mini-van, panel, pickup, sport utility) with only four tires / V2:Light truck(van, mini-van, panel, pickup, sport utility) with only four tires / V3:Tractor/semi-trailer",Dry,Daylight,Clear,,Rte 93 N,,Exit 26 on Rte 93 N,,,236402.7433,901600.0342
3454094,BOSTON,07-Jun-2013,12:53 PM,Property damage only (none injured),2,0,0,Rear-end,V1: Travelling straight ahead / V2:Slowing or stopped in traffic,V1:Northbound / V2:Northbound ,V1: Collision with motor vehicle in traffic / V2: Collision with motor vehicle in traffic ,"V1: Passenger car / V2:Light truck(van, mini-van, panel, pickup, sport utility) with only four tires",Wet,Daylight,Cloudy/Rain,,MASSACHUSETTS AVENUE Rte 2A W / RAMP - STORROW DR TO RT 2A WB,,,BRIDGE,,233752.6872,900310.5507
3457965,BOSTON,07-Jun-2013,1:00 PM,Property damage only (none injured),2,0,0,Rear-end,V1: Travelling straight ahead / V2:Slowing or stopped in traffic,V1:Southbound / V2:Southbound ,V1: Collision with motor vehicle in traffic / V2: Collision with motor vehicle in traffic ,"V1: Light truck(van, mini-van, panel, pickup, sport utility) with only four tires / V2:Passenger car",Dry,Daylight,Clear,WILLIAM T MORRISSEY BOULEVARD / WILLIAM T MORRISSEY BOULEVARD / DOMINIC J BANCULLI BOULEVARD,,,,@ U MASS,,237343.1393,896000.098
3502731,BOSTON (DORCHESTER),07-Jun-2013,1:40 PM,Property damage only (none injured),2,0,0,"Sideswipe, opposite direction",V1: Travelling straight ahead / V2:Travelling straight ahead,V1:Northbound / V2:Eastbound ,V1: Collision with motor vehicle in traffic / V2: Not reported ,V1: Passenger car / V2:Passenger car,Wet,Daylight,Rain/Cloudy,BEACH STREET / FREEPORT STREET,,,,,,236750.4844,894913.8752
3471577,BOSTON,07-Jun-2013,2:11 PM,Non-fatal injury,2,1,0,Rear-end,V1: Changing lanes / V2:Travelling straight ahead,V1:Westbound / V2:Westbound ,V1: Collision with motor vehicle in traffic / V2: Collision with motor vehicle in traffic ,V1: Passenger car / V2:Passenger car,Wet,Daylight,Rain,GALLIVAN BOULEVARD / HALLET STREET,,,,,,237384.4843,892709.3752
3458833,BOSTON,07-Jun-2013,2:15 PM,Property damage only (none injured),2,0,0,Rear-end,V1: Slowing or stopped in traffic / V2:Travelling straight ahead,V1:Eastbound / V2:Eastbound ,V1: Collision with motor vehicle in traffic / V2: Collision with motor vehicle in traffic ,V1: Passenger car / V2:Passenger car,Wet,Daylight,Cloudy/Rain,,STORROW DRIVE / LONGFELLOW BRIDGE,,,0 feet W from LONGFELLOW BRIDGE,,235193.1629,901280.3507
3453200,BOSTON,07-Jun-2013,3:28 PM,Property damage only (none injured),2,0,0,Angle,V1: Turning left / V2:Travelling straight ahead,V1:Eastbound / V2:Westbound ,V1: Collision with motor vehicle in traffic / V2: Collision with motor vehicle in traffic ,"V1: Light truck(van, mini-van, panel, pickup, sport utility) with only four tires / V2:Passenger car",Wet,Daylight,Cloudy/Rain,GALLIVAN BOULEVARD Rte 203 W / ADAMS STREET,,,,,,236640.2032,892562.3124
3479435,BOSTON,07-Jun-2013,4:12 PM,Property damage only (none injured),2,0,0,Rear-end,V1: Travelling straight ahead / V2:Travelling straight ahead,V1:Northbound / V2:Northbound ,V1: Collision with motor vehicle in traffic / V2: Collision with motor vehicle in traffic ,V1: Truck/trailer / V2:Passenger car,Wet,Dusk,Rain,,RT 93 NB HOV LANE / JOHN F FITZGERALD EXPRESSWAY Rte 93 N,,,MASS. AVE,,235838.7897,898431.7728
3502233,BOSTON,07-Jun-2013,4:24 PM,Non-fatal injury,2,2,0,Angle,V1: Travelling straight ahead / V2:Travelling straight ahead,V1:Westbound / V2:Southbound ,V1: Collision with motor vehicle in traffic / V2: Collision with motor vehicle in traffic ,"V1: Light truck(van, mini-van, panel, pickup, sport utility) with only four tires / V2:Light truck(van, mini-van, panel, pickup, sport utility) with only four tires",Wet,Daylight,Cloudy/Rain,HANCOCK STREET / TRULL STREET,,,,,,235882.1406,895907.9375
3463894,BOSTON,07-Jun-2013,8:15 PM,Property damage only (none injured),1,0,0,Angle,V1: Travelling straight ahead,V1:Northbound ,V1: Other ,V1: Passenger car,Wet,Dusk,Cloudy/Rain,,PARKMAN DRIVE / PERKINS STREET,,,,,231001.9339,896548.6556
3453113,BOSTON,07-Jun-2013,8:36 PM,Property damage only (none injured),1,0,0,Single vehicle crash,V1: Travelling straight ahead,V1:Northbound ,V1: Collision with median barrier ,V1: Passenger car,Wet,Dark - lighted roadway,Rain,,Rte 93 N / UNKNOWN,,Exit 27 on Rte 93 N,,,235655.07,902467.5364
3475953,BOSTON,07-Jun-2013,11:56 PM,Property damage only (none injured),1,0,0,Single vehicle crash,V1: Travelling straight ahead,V1:Northbound ,V1: Collision with median barrier ,V1: Passenger car,Wet,Dark - lighted roadway,Cloudy/Rain,,Rte 93 N / UNKNOWN,,Exit 23 on Rte 93 N,,,236957.4837,900943.9828
3463885,BOSTON,08-Jun-2013,00:00 AM,Property damage only (none injured),2,0,0,"Sideswipe, same direction",V1: Slowing or stopped in traffic / V2:Travelling straight ahead,V1:Southbound / V2:Southbound ,V1: Collision with motor vehicle in traffic / V2: Collision with motor vehicle in traffic ,V1: Passenger car / V2:Passenger car,Wet,Dark - lighted roadway,Rain,,JOHN F FITZGERALD EXPRESSWAY Rte 93 S / RAMP - SURFACE ARTERY TO RT 93 SB,,,TUNNEL PORTAL,,236269.5042,899993.4619
3466832,BOSTON,08-Jun-2013,1:35 AM,Property damage only (none injured),1,0,0,Single vehicle crash,V1: Travelling straight ahead,V1:Southbound ,V1: Collision with light pole or other post/support ,V1: Passenger car,Wet,Dark - roadway not lighted,Rain,,OLD COLONY AVENUE / PREBLE STREET,,,,,236868.0702,897774.451
3491337,BOSTON,08-Jun-2013,1:55 AM,Non-fatal injury,1,1,0,Single vehicle crash,V1: Travelling straight ahead,V1:Northbound ,V1: Collision with median barrier ,"V1: Light truck(van, mini-van, panel, pickup, sport utility) with only four tires",Wet,Dark - lighted roadway,Rain,RAMP - FRONTAGE ROAD TO RT 93 NB / JOHN F FITZGERALD EXPRESSWAY Rte 93 N,,,,II RAMP,,236017.558,899013.108
3471477,BOSTON,08-Jun-2013,2:16 AM,Non-fatal injury,1,1,0,Single vehicle crash,V1: Travelling straight ahead,V1:Southbound ,V1: Collision with tree ,V1: Passenger car,Wet,Dark - lighted roadway,Not Reported,,WEST ROXBURY PARKWAY Rte UNKNOW / 700,,,,,229261.374,892444.0171
3463886,BOSTON,08-Jun-2013,3:02 AM,Property damage only (none injured),1,0,0,Single vehicle crash,V1: Travelling straight ahead,V1:Westbound ,V1: Collision with guardrail ,V1: Passenger car,Dry,Dark - lighted roadway,Clear,,RAMP - RT 90 WB TO RT 93 NB / RAMP - RT 90 WB TO RT 93 SB Rte 1A S,,,D-RAMP TO 93NB,,236462.5484,899798.8883
3502234,BOSTON (DORCHESTER),08-Jun-2013,4:20 AM,Non-fatal injury,2,2,0,Not reported,V1: Travelling straight ahead / V2:Travelling straight ahead,V1:Northbound / V2:Eastbound ,V1: Collision with motor vehicle in traffic / V2: Collision with motor vehicle in traffic ,V1: Passenger car / V2:Passenger car,Wet,Dark - lighted roadway,Rain/Rain,DORCHESTER AVENUE / PARK STREET,,,,,,236228.2762,894329.7784
3491310,BOSTON,08-Jun-2013,7:07 AM,Non-fatal injury,1,1,0,Single vehicle crash,V1: Travelling straight ahead,V1:Westbound ,V1: Collision with guardrail ,V1: Passenger car,Wet,Daylight,Not Reported,,SOLDIERS FIELD ROAD Rte UNKNOW W / NORTH HARVARD STREET,,,,,230992.3482,902048.2872
3510743,BOSTON,08-Jun-2013,9:26 AM,Property damage only (none injured),2,0,0,Rear-end,V1: Leaving traffic lane / V2:Leaving traffic lane,V1:Westbound / V2:Westbound ,V1: Collision with motor vehicle in traffic / V2: Collision with motor vehicle in traffic ,"V1: Passenger car / V2:Light truck(van, mini-van, panel, pickup, sport utility) with only four tires",Dry,Daylight,Clear,,Rte 90 W / UNKNOWN,,Exit 25 on Rte 90 W,,,238090.4393,899691.5691
3471570,BOSTON,08-Jun-2013,11:33 AM,Non-fatal injury,3,1,0,Rear-end,V1: Slowing or stopped in traffic / V2:Slowing or stopped in traffic / V3:Slowing or stopped in traffic,V1:Eastbound / V2:Eastbound / V3:Eastbound ,V1: Collision with motor vehicle in traffic / V2: Collision with motor vehicle in traffic / V3: Collision with motor vehicle in traffic ,"V1: Light truck(van, mini-van, panel, pickup, sport utility) with only four tires / V2:Light truck(van, mini-van, panel, pickup, sport utility) with only four tires / V3:MOPED",Dry,Daylight,Cloudy,,PORTER STREET,,,,,238860.2476,902135.8076
3457954,BOSTON,08-Jun-2013,12:45 PM,Non-fatal injury,2,1,0,Rear-end,V1: Leaving traffic lane / V2:Leaving traffic lane,V1:Eastbound / V2:Eastbound ,V1: Collision with motor vehicle in traffic / V2: Collision with motor vehicle in traffic ,V1: Passenger car / V2:Passenger car,Dry,Daylight,Cloudy,STORROW DRIVE / CHARLESGATE WEST,,,,,,233331.5159,900085.8125
3557331,BOSTON,08-Jun-2013,3:05 PM,Property damage only (none injured),4,0,0,Rear-end,V1: Travelling straight ahead / V2:Slowing or stopped in traffic / V3:Slowing or stopped in traffic / V4:Not reported,V1:Southbound / V2:Southbound / V3:Southbound / V4:Not reported ,V1: Collision with motor vehicle in traffic / V2: Collision with motor vehicle in traffic / V3: Collision with motor vehicle in traffic / V4: Not reported ,"V1: Passenger car / V2:Light truck(van, mini-van, panel, pickup, sport utility) with only four tires / V3:Light truck(van, mini-van, panel, pickup, sport utility) with only four tires / V4:Passenger car",Dry,Daylight,Clear,,Rte 93 S,,Exit 12 on Rte 93 S,,,237620.5493,892713.0989
3503835,BOSTON (ALLSTON),08-Jun-2013,4:47 PM,Non-fatal injury,1,1,0,Angle,V1: Turning right,V1:Southbound ,"V1: Collision with cyclist (bicycle, tricycle, unicycle, pedal car) ",V1: Passenger car,Dry,Daylight,Clear,CAMBRIDGE STREET / LINCOLN STREET,,,,,"P2:Pedalcyclist (bicycle, tricycle, unicycle, pedal car)",230636.1251,900830.0623
3453234,BOSTON,08-Jun-2013,10:05 PM,Non-fatal injury,3,1,0,Head-on,V1: Travelling straight ahead / V2:Travelling straight ahead / V3:Travelling straight ahead,V1:Southbound / V2:Northbound / V3:Southbound ,V1: Collision with motor vehicle in traffic / V2: Collision with motor vehicle in traffic / V3: Collision with motor vehicle in traffic ,V1: Passenger car / V2:Passenger car / V3:Passenger car,Dry,Dark - lighted roadway,Cloudy,JAMAICAWAY / BURROUGHS STREET,,,,,,231450.8052,896076.5069
3503332,BOSTON,08-Jun-2013,11:07 PM,Non-fatal injury,2,3,0,Angle,V1: Travelling straight ahead / V2:Travelling straight ahead,V1:Westbound / V2:Southbound ,V1: Collision with motor vehicle in traffic / V2: Collision with motor vehicle in traffic ,V1: Passenger car / V2:Passenger car,Dry,Dark - lighted roadway,Clear/Clear,GENEVA AVENUE / OLNEY STREET,,,,,,235110.8439,895024.0627
3503731,BOSTON (BRIGHTON),08-Jun-2013,11:35 PM,Not Reported,2,0,0,"Sideswipe, same direction",V1: Not reported / V2:Not reported,V1:Not reported / V2:Not reported ,V1: Not reported / V2: Not reported ,V1: Passenger car / V2:Motorcycle,Dry,Dark - lighted roadway,Clear,,1505 COMMONWEALTH AVENUE,,,,,229578.627,899715.0472
3510025,BOSTON (ROXBURY),08-Jun-2013,11:50 PM,Property damage only (none injured),4,0,0,Not reported,V1: Travelling straight ahead / V2:Parked / V3:Not reported / V4:Not reported,V1:Westbound / V2:Not reported / V3:Not reported / V4:Not reported ,V1: Not reported / V2: Not reported / V3: Not reported / V4: Not reported ,V1: Passenger car / V2:Passenger car / V3:Passenger car / V4:Passenger car,Not reported,Not reported,Not Reported,,47 DUBOIS STREET,,,,,234900.1602,897692.2936
3466833,BOSTON,09-Jun-2013,00:00 AM,Non-fatal injury,1,1,0,Single vehicle crash,V1: Slowing or stopped in traffic,V1:Northbound ,V1: Collision with curb ,V1: Motorcycle,Dry,Dark - lighted roadway,Clear,,RAMP - RT 3A NB TO RT 93 NB Rte 3A N / WILLIAM T MORRISSEY BOULEVARD,,,,,237746.2285,893055.8759
3475967,BOSTON,09-Jun-2013,4:05 AM,Property damage only (none injured),1,0,0,Single vehicle crash,V1: Travelling straight ahead,V1:Southbound ,V1: Collision with median barrier ,V1: Passenger car,Dry,Dark - lighted roadway,Clear,,Rte 93 / UNKNOWN,,Exit 15 on Rte 93,,,236629.6253,897168.5001
4030509,BOSTON,09-Jun-2013,6:21 AM,Fatal injury,1,0,1,Not reported,V1: Travelling straight ahead,V1:Not reported ,V1: Collision with pedestrian ,"V1: Light truck(van, mini-van, panel, pickup, sport utility) with only four tires",Not reported,Daylight,Clear,STUART STREET / CHURCH STREET,,,,,P2:Pedestrian,235536.875,900088.7498
3471565,BOSTON,09-Jun-2013,9:36 AM,Non-fatal injury,3,1,0,Rear-end,V1: Slowing or stopped in traffic / V2:Travelling straight ahead / V3:Travelling straight ahead,V1:Southbound / V2:Southbound / V3:Southbound ,V1: Collision with motor vehicle in traffic / V2: Collision with motor vehicle in traffic / V3: Collision with motor vehicle in traffic ,V1: Passenger car / V2:Passenger car / V3:Passenger car,Dry,Daylight,Clear,,LEVERETT CONNECTOR SOUTH / RAMP - RT 1 SB TO LEVERETT CONNECTOR,,,SB ENTRANCE TO SN TUNNEL,,235340.8212,902650.271
3472635,BOSTON,09-Jun-2013,1:33 PM,Non-fatal injury,2,1,0,Rear-end,V1: Travelling straight ahead / V2:Travelling straight ahead,V1:Northbound / V2:Northbound ,V1: Collision with motor vehicle in traffic / V2: Collision with motor vehicle in traffic ,"V1: Light truck(van, mini-van, panel, pickup, sport utility) with only four tires / V2:Light truck(van, mini-van, panel, pickup, sport utility) with only four tires",Dry,Daylight,Clear,,Rte 93,,Exit 11 on Rte 93,,,237094.7253,891674.8051
3453114,BOSTON,09-Jun-2013,1:55 PM,Property damage only (none injured),2,0,0,Rear-end,V1: Slowing or stopped in traffic / V2:Slowing or stopped in traffic,V1:Westbound / V2:Westbound ,V1: Collision with motor vehicle in traffic / V2: Collision with motor vehicle in traffic ,V1: Passenger car / V2:Passenger car,Dry,Daylight,Clear,HAUL ROAD / RAMP - HAUL ROAD TO RT 90 WB / RAMP - D STREET TO HAUL ROAD,,,,,,237627.2291,899817.3934
3491499,BOSTON,09-Jun-2013,5:58 PM,Non-fatal injury,3,1,0,Rear-end,V1: Turning left / V2:Slowing or stopped in traffic / V3:Travelling straight ahead,V1:Westbound / V2:Westbound / V3:Westbound ,V1: Collision with motor vehicle in traffic / V2: Collision with motor vehicle in traffic / V3: Collision with motor vehicle in traffic ,"V1: Light truck(van, mini-van, panel, pickup, sport utility) with only four tires / V2:Light truck(van, mini-van, panel, pickup, sport utility) with only four tires / V3:Bus (seats for more than 15 people, including driver)",Dry,Daylight,Clear,,Rte 90 W / MASSACHUSETTS AVENUE,,,MASS AV,,233950.1013,899770.3133
3502832,BOSTON,09-Jun-2013,6:00 PM,Non-fatal injury,2,1,0,Angle,V1: Turning left / V2:Travelling straight ahead,V1:Southbound / V2:Northbound ,V1: Collision with motor vehicle in traffic / V2: Collision with motor vehicle in traffic ,"V1: Light truck(van, mini-van, panel, pickup, sport utility) with only four tires / V2:Motorcycle",Dry,Daylight,Clear/Clear,WASHINGTON STREET / STRATHCONA ROAD,,,,,,234636.1251,895021.8125
3453202,BOSTON,09-Jun-2013,7:00 PM,Property damage only (none injured),2,0,0,Angle,V1: Travelling straight ahead / V2:Turning right,V1:Westbound / V2:Southbound ,V1: Collision with motor vehicle in traffic / V2: Collision with motor vehicle in traffic ,V1: Passenger car / V2:Passenger car,Dry,Daylight,Clear,,WILLIAM DAY BOULEVARD Rte UNKNOW / FARRAGUT ROAD,,,,,239146.713,898167.8717
3457968,BOSTON,09-Jun-2013,10:10 PM,Non-fatal injury,2,1,0,Single vehicle crash,V1: Travelling straight ahead / V2:Travelling straight ahead,V1:Southbound / V2:Southbound ,V1: Collision with other movable object / V2: Other ,V1: Motorcycle / V2:Passenger car,Dry,Dark - lighted roadway,Cloudy,,Rte 93 S,,Exit 11B on Rte 93 S,,,237192.6452,891943.742
3545545,BOSTON,09-Jun-2013,10:39 PM,Non-fatal injury,2,1,0,Rear-end,V1: Travelling straight ahead / V2:Travelling straight ahead,V1:Southbound / V2:Southbound ,V1: Collision with motor vehicle in traffic / V2: Collision with motor vehicle in traffic ,"V1: Passenger car / V2:Bus (seats for more than 15 people, including driver)",Dry,Dark - unknown roadway lighting,Clear/Clear,BLUE HILL AVENUE / WAYNE STREET,,,,,,234265.344,895229.5001
3466836,BOSTON,09-Jun-2013,10:50 PM,Non-fatal injury,1,1,0,Single vehicle crash,V1: Travelling straight ahead,V1:Northbound ,V1: Reported but invalid ,"V1: Light truck(van, mini-van, panel, pickup, sport utility) with only four tires",Dry,Dark - lighted roadway,Clear,,Rte 93 N,,Exit 15 on Rte 93 N,NORTH OF HOV BUILDING,,236972.2496,896473.4282
3473032,BOSTON,10-Jun-2013,1:38 AM,Property damage only (none injured),2,0,0,Rear-to-rear,V1: Travelling straight ahead / V2:Slowing or stopped in traffic,V1:Southbound / V2:Southbound ,V1: Collision with motor vehicle in traffic / V2: Not reported ,V1: Passenger car / V2:Not reported,Dry,Dark - lighted roadway,Clear,,Rte 93 S,,Exit 12 on Rte 93 S,,,237620.5493,892713.0989
3545543,BOSTON (ROSLINDALE),10-Jun-2013,5:50 AM,Property damage only (none injured),2,0,0,Angle,V1: Travelling straight ahead / V2:Travelling straight ahead,V1:Not reported / V2:Not reported ,V1: Collision with motor vehicle in traffic / V2: Collision with motor vehicle in traffic ,"V1: Passenger car / V2:Bus (seats for more than 15 people, including driver)",Dry,Daylight,Clear,BELGRADE AVENUE / WALWORTH STREET,,,,,,229903.5781,892927.3751
3463902,BOSTON,10-Jun-2013,7:15 AM,Non-fatal injury,1,1,0,Single vehicle crash,V1: Travelling straight ahead,V1:Eastbound ,V1: Other ,"V1: Light truck(van, mini-van, panel, pickup, sport utility) with only four tires",Dry,Daylight,Clear/Cloudy,,MORTON STREET Rte UNKNOW / CANTERBURY STREET,,,,,233302.1557,893677.645
3472339,BOSTON,10-Jun-2013,8:46 AM,Non-fatal injury,2,5,0,Rear-end,V1: Travelling straight ahead / V2:Slowing or stopped in traffic,V1:Southbound / V2:Southbound ,V1: Collision with motor vehicle in traffic / V2: Collision with motor vehicle in traffic ,"V1: Passenger car / V2:Bus (seats for 7-15 people, including driver)",Dry,Daylight,Cloudy,,Rte 93 S,Rte 93  S Milemarker 16.4,,,,236230.9505,899817.9615
3476633,BOSTON,10-Jun-2013,8:51 AM,Non-fatal injury,3,2,0,Rear-end,V1: Travelling straight ahead / V2:Travelling straight ahead / V3:Travelling straight ahead,V1:Northbound / V2:Northbound / V3:Northbound ,V1: Collision with motor vehicle in traffic / V2: Collision with motor vehicle in traffic / V3: Collision with motor vehicle in traffic ,"V1: Passenger car / V2:Passenger car / V3:Light truck(van, mini-van, panel, pickup, sport utility) with only four tires",Dry,Daylight,Clear,,Rte 93 N,,Exit 13 on Rte 93 N,,,237420.1414,894076.5227
3452206,BOSTON (BRIGHTON),10-Jun-2013,10:15 AM,Property damage only (none injured),2,0,0,Angle,V1: Travelling straight ahead / V2:Travelling straight ahead,V1:Northbound / V2:Westbound ,V1: Collision with impact attenuator/crash cushion / V2: Collision with impact attenuator/crash cushion ,V1: Passenger car / V2:Passenger car,Dry,Daylight,Clear,NORTH BEACON STREET / MARKET STREET,,,,,,228910.1562,900687.5625
3467133,BOSTON,10-Jun-2013,11:59 AM,Property damage only (none injured),1,0,0,Single vehicle crash,V1: Travelling straight ahead,V1:Eastbound ,V1: Collision with highway traffic sign post ,"V1: Single-unit truck (2-axle, 6-tire)",Dry,Daylight,Clear,,SOLDIERS FIELD ROAD / WESTERN AVENUE,,,WESTERN AVE BRIDGE OVERPASS,,231463.257,901597.9215
3453247,BOSTON,10-Jun-2013,3:25 PM,Property damage only (none injured),3,0,0,Rear-end,V1: Slowing or stopped in traffic / V2:Travelling straight ahead / V3:Slowing or stopped in traffic,V1:Northbound / V2:Northbound / V3:Northbound ,V1: Collision with motor vehicle in traffic / V2: Collision with motor vehicle in traffic / V3: Not reported ,V1: Passenger car / V2:Passenger car / V3:Motorcycle,Dry,Daylight,Cloudy,,Rte 93 N / UNKNOWN,,Exit 14 on Rte 93 N,,,237258.9796,894483.3974
3495737,BOSTON,10-Jun-2013,5:55 PM,Property damage only (none injured),2,0,0,"Sideswipe, same direction",V1: Slowing or stopped in traffic / V2:Travelling straight ahead,V1:Northbound / V2:Not reported ,V1: Not reported / V2: Not reported ,"V1: Light truck(van, mini-van, panel, pickup, sport utility) with only four tires / V2:Passenger car",Dry,Daylight,Not Reported,,MORTON STREET Rte UNKNOW / 755,,,,,233866.5946,892658.8121
3491281,BOSTON,10-Jun-2013,6:05 PM,Non-fatal injury,1,2,0,Single vehicle crash,V1: Travelling straight ahead,V1:Southbound ,V1: Collision with guardrail ,V1: Passenger car,Wet,Daylight,Rain,RAMP - RT 1A/ RT 90 WB TO AIRPORT ROAD D / LOGAN AIRPORT TERMINAL A / AIRPORT ROAD - DEPARTURE LEVEL,,,,,,239221.5854,901853.8222
3471566,BOSTON,10-Jun-2013,7:45 PM,Non-fatal injury,1,1,0,Single vehicle crash,V1: Travelling straight ahead,V1:Northbound ,V1: Collision with pedestrian ,"V1: Light truck(van, mini-van, panel, pickup, sport utility) with only four tires",Wet,Dark - lighted roadway,Rain,ATLANTIC AVENUE / SEAPORT BOULEVARD / RAMP - SEAPORT BOULEVARD TO RT 93 NB,,,,ACN  RAMP  FROM  HOOK  LOBSTER,P2:Pedestrian,236957.6765,900570.2341
3458932,BOSTON,10-Jun-2013,8:09 PM,Property damage only (none injured),3,0,0,"Sideswipe, same direction",V1: Travelling straight ahead / V2:Travelling straight ahead / V3:Not reported,V1:Northbound / V2:Northbound / V3:Not reported ,V1: Collision with median barrier / V2: Collision with motor vehicle in traffic / V3: Not reported ,V1: Passenger car / V2:Passenger car / V3:Not reported,Dry,Dark - lighted roadway,Not Reported,,Rte 93 N,,Exit 14 on Rte 93 N,,,237258.9796,894483.3974
3511222,BOSTON (BRIGHTON),11-Jun-2013,00:00 AM,Non-fatal injury,2,1,0,Rear-end,V1: Slowing or stopped in traffic / V2:Travelling straight ahead,V1:Eastbound / V2:Eastbound ,V1: Collision with motor vehicle in traffic / V2: Collision with motor vehicle in traffic ,"V1: Passenger car / V2:Bus (seats for more than 15 people, including driver)",Wet,Dark - lighted roadway,Rain/Rain,WASHINGTON STREET / LAKE STREET,,,,,,227977.8437,899880.1252
3463887,BOSTON,11-Jun-2013,5:49 AM,Not Reported,1,0,0,Single vehicle crash,V1: Travelling straight ahead,V1:Southbound ,V1: Collision with guardrail ,V1: Passenger car,Wet,Daylight,Rain,,Rte 93 S / UNKNOWN,,Exit 18 on Rte 93 S,,,236013.2783,899092.9981