Crash Number,City/Town Name,Crash Date,Crash Time,Crash Severity,Number of Vehicles,Total Nonfatal Injuries,Total Fatal Injuries,Manner of Collision,Vehicle Action Prior to Crash,Vehicle Travel Directions,Most Harmful Events,Vehicle Configuration,Road Surface Condition,Ambient Light,Weather Condition,At Roadway Intersection,Distance from Nearest Roadway Intersection,Distance from Nearest Milemarker,Distance from Nearest Exit,Distance from Nearest Landmark,Non Motorist Type,X Coordinate,Y Coordinate
3475948,BOSTON,11-Jun-2013,7:05 AM,Property damage only (none injured),1,0,0,Single vehicle crash,V1: Travelling straight ahead,V1:Westbound ,V1: Collision with median barrier ,V1: Passenger car,Wet,Daylight,Rain,,Rte 90 W / UNKNOWN,,,,,227833.3271,900850.8984
3471465,BOSTON,11-Jun-2013,7:15 AM,Non-fatal injury,1,1,0,Single vehicle crash,V1: Travelling straight ahead,V1:Eastbound ,V1: Collision with median barrier ,V1: Passenger car,Wet,Daylight,Rain,,Rte 90 E / UNKNOWN,,,,,232860.2635,899781.1184
3467776,BOSTON,11-Jun-2013,8:00 AM,Property damage only (none injured),2,0,0,Rear-end,V1: Slowing or stopped in traffic / V2:Travelling straight ahead,V1:Westbound / V2:Westbound ,V1: Collision with motor vehicle in traffic / V2: Collision with motor vehicle in traffic ,"V1: Passenger car / V2:Light truck(van, mini-van, panel, pickup, sport utility) with only four tires",Wet,Daylight,Cloudy/Rain,,ARBORWAY Rte 203 W,,,ON CASEY OVERPASS,,231907.8498,894630.3375
3457955,BOSTON,11-Jun-2013,9:01 AM,Property damage only (none injured),1,0,0,Single vehicle crash,V1: Travelling straight ahead,V1:Eastbound ,V1: Collision with guardrail ,V1: Passenger car,Wet,Daylight,Rain,,EMBANKMENT ROAD Rte 28 N / CHARLES RIVER SQUARE,,,LONGFELLOW BRIDGE,,235252.5066,901111.183
3476546,BOSTON,11-Jun-2013,12:53 PM,Property damage only (none injured),3,0,0,Angle,V1: Changing lanes / V2:Travelling straight ahead / V3:Travelling straight ahead,V1:Southbound / V2:Southbound / V3:Southbound ,V1: Collision with motor vehicle in traffic / V2: Collision with motor vehicle in traffic / V3: Collision with motor vehicle in traffic ,V1: Passenger car / V2:Passenger car / V3:Truck/trailer,Dry,Daylight,Cloudy,,JOHN F FITZGERALD EXPRESSWAY Rte 93 S / JOHN F FITZGERALD EXPRESSWAY Rte 1 S,,,SOUTHAMPTON STREET,,236151.876,897854.5213
3475954,BOSTON,11-Jun-2013,12:53 PM,Property damage only (none injured),2,0,0,Angle,V1: Travelling straight ahead / V2:Travelling straight ahead,V1:Southbound / V2:Southbound ,V1: Collision with motor vehicle in traffic / V2: Collision with motor vehicle in traffic ,"V1: Passenger car / V2:Light truck(van, mini-van, panel, pickup, sport utility) with only four tires",Dry,Daylight,Cloudy,,JOHN F FITZGERALD EXPRESSWAY Rte 93 S / JOHN F FITZGERALD EXPRESSWAY Rte 1 S,,,SOUTH BAY MALL,,236127.9706,897888.7999
3483531,BOSTON (WEST ROXBURY),11-Jun-2013,4:40 PM,Property damage only (none injured),2,0,0,Angle,V1: Travelling straight ahead / V2:Turning left,V1:Not reported / V2:Not reported ,V1: Collision with motor vehicle in traffic / V2: Collision with motor vehicle in traffic ,"V1: Bus (seats for more than 15 people, including driver) / V2:Passenger car",Dry,Daylight,Clear,GROVE STREET / CENTRE STREET,,,,,,227896.5002,890989.5626
3471567,BOSTON,11-Jun-2013,5:40 PM,Property damage only (none injured),3,0,0,Rear-end,V1: Travelling straight ahead / V2:Slowing or stopped in traffic / V3:Slowing or stopped in traffic,V1:Northbound / V2:Northbound / V3:Northbound ,V1: Collision with motor vehicle in traffic / V2: Collision with motor vehicle in traffic / V3: Collision with motor vehicle in traffic ,V1: Passenger car / V2:Passenger car / V3:Passenger car,Dry,Daylight,Cloudy,,JOHN F FITZGERALD EXPRESSWAY Rte 93 N,,,ZAKIM BRIDGE,,236044.0076,902053.0068
3453171,BOSTON,11-Jun-2013,6:15 PM,Property damage only (none injured),2,0,0,Angle,V1: Changing lanes / V2:Travelling straight ahead,V1:Eastbound / V2:Eastbound ,V1: Collision with motor vehicle in traffic / V2: Collision with motor vehicle in traffic ,"V1: Passenger car / V2:Light truck(van, mini-van, panel, pickup, sport utility) with only four tires",Dry,Daylight,Cloudy,,MASSACHUSETTS TURNPIKE Rte 90 E,,,BRIGHTON TOLL PLAZA,,231107.6664,900813.9131
3502235,BOSTON,11-Jun-2013,10:50 PM,Not Reported,2,0,0,Angle,V1: Unknown / V2:Unknown,V1:Not reported / V2:Not reported ,V1: Not reported / V2: Not reported ,"V1: Light truck(van, mini-van, panel, pickup, sport utility) with only four tires / V2:Light truck(van, mini-van, panel, pickup, sport utility) with only four tires",Wet,Dark - lighted roadway,Rain,SUMNER STREET / WILLIS STREET,,,,,,236132.7185,896525.4377
3492512,BOSTON,12-Jun-2013,6:56 AM,Non-fatal injury,1,1,0,Not reported,V1: Travelling straight ahead,V1:Not reported ,V1: Collision with light pole or other post/support ,V1: Passenger car,Not reported,Not reported,Not Reported,,58 WEST DEDHAM STREET,,,,,235213.1647,899122.7915
3471466,BOSTON,12-Jun-2013,7:40 AM,Property damage only (none injured),3,0,0,Rear-end,V1: Travelling straight ahead / V2:Travelling straight ahead / V3:Slowing or stopped in traffic,V1:Westbound / V2:Southbound / V3:Westbound ,V1: Collision with motor vehicle in traffic / V2: Collision with motor vehicle in traffic / V3: Collision with motor vehicle in traffic ,"V1: Passenger car / V2:Passenger car / V3:Light truck(van, mini-van, panel, pickup, sport utility) with only four tires",Dry,Daylight,Clear,,Rte 90 W / UNKNOWN,,,MASS AVE ON RAMP,,233849.5805,899785.5734
3510744,BOSTON,12-Jun-2013,7:45 AM,Property damage only (none injured),2,0,0,"Sideswipe, same direction",V1: Travelling straight ahead / V2:Turning left,V1:Northbound / V2:Northbound ,V1: Collision with motor vehicle in traffic / V2: Collision with motor vehicle in traffic ,V1: Passenger car / V2:Passenger car,Dry,Daylight,Clear,,FRONTAGE ROAD Rte UNKNOW N / BROADWAY,,,BYPASS RD,,236165.6755,899351.7012
3562120,BOSTON,12-Jun-2013,8:22 AM,Property damage only (none injured),2,0,0,Rear-end,V1: Travelling straight ahead / V2:Slowing or stopped in traffic,V1:Not reported / V2:Southbound ,V1: Collision with motor vehicle in traffic / V2: Collision with motor vehicle in traffic ,V1: Passenger car / V2:Passenger car,Dry,Daylight,Clear,,TRUMAN HIGHWAY Rte UNKNOW / GARFIELD AVENUE,,,,,231069.1933,888785.9644
3502226,BOSTON,12-Jun-2013,9:02 AM,Non-fatal injury,2,1,0,"Sideswipe, opposite direction",V1: Travelling straight ahead / V2:Turning left,V1:Northbound / V2:Southbound ,V1: Collision with motor vehicle in traffic / V2: Collision with motor vehicle in traffic ,"V1: Passenger car / V2:Light truck(van, mini-van, panel, pickup, sport utility) with only four tires",Dry,Daylight,Clear,SR-2 / HOTEL DRIVE,,,,LOGAN AIRPORT,,239100.7308,902296.287
3463899,BOSTON,12-Jun-2013,10:22 AM,Property damage only (none injured),3,0,0,Rear-end,V1: Slowing or stopped in traffic / V2:Travelling straight ahead / V3:Travelling straight ahead,V1:Southbound / V2:Southbound / V3:Southbound ,V1: Collision with motor vehicle in traffic / V2: Collision with motor vehicle in traffic / V3: Collision with motor vehicle in traffic ,"V1: Light truck(van, mini-van, panel, pickup, sport utility) with only four tires / V2:Passenger car / V3:Light truck(van, mini-van, panel, pickup, sport utility) with only four tires",Dry,Daylight,Clear,,Rte 93 S / UNKNOWN,,Exit 15 on Rte 93 S,,,236629.6253,897168.5001
3485036,BOSTON (WEST ROXBURY),12-Jun-2013,11:23 AM,Not Reported,1,0,0,Single vehicle crash,V1: Travelling straight ahead,V1:Not reported ,V1: Collision with light pole or other post/support ,"V1: Light truck(van, mini-van, panel, pickup, sport utility) with only four tires",Dry,Daylight,Cloudy,,1811 CENTRE STREET / MAPLE STREET,,,,P2:Pedestrian,228578.2353,893006.4631
3463888,BOSTON,12-Jun-2013,2:16 PM,Property damage only (none injured),2,0,0,Rear-end,V1: Travelling straight ahead / V2:Travelling straight ahead,V1:Northbound / V2:Northbound ,V1: Collision with motor vehicle in traffic / V2: Collision with motor vehicle in traffic ,V1: Passenger car / V2:Passenger car,Dry,Daylight,Clear,,MAURICE TOBIN BRIDGE Rte 1 N / TOBIN BRIDGE Rte 1 N,,,TOBIN BRIDGE,,237244.0475,903895.4379
3485035,BOSTON (WEST ROXBURY),12-Jun-2013,3:15 PM,Property damage only (none injured),2,0,0,Single vehicle crash,V1: Travelling straight ahead / V2:Parked,V1:Not reported / V2:Not reported ,V1: Collision with tree / V2: Collision with motor vehicle in traffic ,V1: Passenger car / V2:Passenger car,Dry,Daylight,Cloudy,,601 LA GRANGE STREET,,,,,227744.2842,892856.3175
3475955,BOSTON,12-Jun-2013,3:46 PM,Property damage only (none injured),3,0,0,Rear-end,V1: Travelling straight ahead / V2:Travelling straight ahead / V3:Travelling straight ahead,V1:Southbound / V2:Southbound / V3:Southbound ,V1: Collision with motor vehicle in traffic / V2: Collision with motor vehicle in traffic / V3: Collision with motor vehicle in traffic ,V1: Passenger car / V2:Passenger car / V3:Passenger car,Dry,Daylight,Cloudy,RAMP - RUTHERFORD AVENUE TO RT 1 SB / RAMP - RT 1 SB FROM TOBIN BRIDGE Rte 1 S,,,,RAMP FROM RUTHERFORD AVE TO STOR,,235622.1711,902249.1845
3475956,BOSTON,12-Jun-2013,4:15 PM,Property damage only (none injured),2,0,0,Rear-end,V1: Travelling straight ahead / V2:Travelling straight ahead,V1:Westbound / V2:Westbound ,V1: Collision with motor vehicle in traffic / V2: Collision with motor vehicle in traffic ,V1: Passenger car / V2:Passenger car,Dry,Daylight,Cloudy,,Rte 93 S / UNKNOWN,,Exit 26 on Rte 93 S,,,234851.4113,903728.5151
3510030,BOSTON (ROXBURY),12-Jun-2013,4:47 PM,Non-fatal injury,2,3,0,Not reported,V1: Travelling straight ahead / V2:Travelling straight ahead,V1:Not reported / V2:Not reported ,V1: Not reported / V2: Collision with motor vehicle in traffic ,V1: Passenger car / V2:Passenger car,Not reported,Not reported,Not Reported,HARRISON AVENUE / ZEIGLER STREET,,,,,,234411.094,897729.375
3547910,BOSTON,12-Jun-2013,5:56 PM,Property damage only (none injured),2,0,0,Angle,V1: Parked / V2:Backing,V1:Not reported / V2:Westbound ,V1: Collision with motor vehicle in traffic / V2: Collision with parked motor vehicle ,"V1: Light truck(van, mini-van, panel, pickup, sport utility) with only four tires / V2:Light truck(van, mini-van, panel, pickup, sport utility) with only four tires",Dry,Daylight,Not Reported,,,,,TERMINAL E GATE 6,,,
3491338,BOSTON,12-Jun-2013,10:26 PM,Property damage only (none injured),3,0,0,Rear-end,V1: Slowing or stopped in traffic / V2:Slowing or stopped in traffic / V3:Travelling straight ahead,V1:Northbound / V2:Northbound / V3:Northbound ,V1: Collision with motor vehicle in traffic / V2: Collision with motor vehicle in traffic / V3: Collision with motor vehicle in traffic ,"V1: Light truck(van, mini-van, panel, pickup, sport utility) with only four tires / V2:Light truck(van, mini-van, panel, pickup, sport utility) with only four tires / V3:Passenger car",Dry,Dark - lighted roadway,Cloudy,,JOHN F FITZGERALD EXPRESSWAY Rte 93 N,,,,,236474.6892,899919.344
3475970,BOSTON,12-Jun-2013,11:01 PM,Property damage only (none injured),2,0,0,"Sideswipe, same direction",V1: Travelling straight ahead / V2:Turning left,V1:Westbound / V2:Northbound ,V1: Collision with motor vehicle in traffic / V2: Collision with motor vehicle in traffic ,"V1: Light truck(van, mini-van, panel, pickup, sport utility) with only four tires / V2:Passenger car",Dry,Dark - lighted roadway,Clear,VETERANS OF FOREIGN WARS PARKWAY / CHARLES PARK ROAD,1275,,,,,227048.0563,891866.0907
3562542,BOSTON (MATTAPAN),13-Jun-2013,00:00 AM,Non-fatal injury,2,2,0,Rear-end,V1: Backing / V2:Travelling straight ahead,V1:Southbound / V2:Westbound ,V1: Collision with motor vehicle in traffic / V2: Collision with motor vehicle in traffic ,"V1: Passenger car / V2:Bus (seats for more than 15 people, including driver)",Dry,Dark - lighted roadway,Clear,CUMMINS HIGHWAY / MOUNT CALVARY ROAD,,,,,,231728.9221,892023.1877
3523199,BOSTON,13-Jun-2013,7:54 AM,Property damage only (none injured),3,0,0,Rear-end,V1: Slowing or stopped in traffic / V2:Travelling straight ahead / V3:Travelling straight ahead,V1:Westbound / V2:Westbound / V3:Westbound ,V1: Collision with motor vehicle in traffic / V2: Collision with motor vehicle in traffic / V3: Collision with motor vehicle in traffic ,"V1: Passenger car / V2:Passenger car / V3:Light truck(van, mini-van, panel, pickup, sport utility) with only four tires",Dry,Daylight,Cloudy,,Rte 90 W / UNKNOWN,,Exit 24 on Rte 90 W,,,238090.4393,899691.5691
3473038,BOSTON,13-Jun-2013,8:35 AM,Property damage only (none injured),2,0,0,"Sideswipe, same direction",V1: Travelling straight ahead / V2:Overtaking/passing,V1:Northbound / V2:Southbound ,V1: Collision with motor vehicle in traffic / V2: Collision with motor vehicle in traffic ,"V1: Light truck(van, mini-van, panel, pickup, sport utility) with only four tires / V2:Single-unit truck (2-axle, 6-tire)",Dry,Daylight,Clear,JOHN F FITZGERALD EXPRESSWAY Rte 93 N / RAMP - RT 93 NB TO FREEPORT ST,,,,,,237420.3765,894075.9242
3528011,BOSTON,13-Jun-2013,8:50 AM,Property damage only (none injured),2,0,0,Rear-end,V1: Travelling straight ahead / V2:Slowing or stopped in traffic,V1:Eastbound / V2:Eastbound ,V1: Collision with motor vehicle in traffic / V2: Collision with motor vehicle in traffic ,"V1: Passenger car / V2:Light truck(van, mini-van, panel, pickup, sport utility) with only four tires",Dry,Daylight,Cloudy,,MASSACHUSETTS TURNPIKE Rte 90 E / ALLSTON TOLL PLAZA,,,ADJACENT TO BU ARENA,,231474.6804,900483.3875
3475957,BOSTON,13-Jun-2013,9:20 AM,Non-fatal injury,3,1,0,Rear-end,V1: Slowing or stopped in traffic / V2:Slowing or stopped in traffic / V3:Travelling straight ahead,V1:Westbound / V2:Westbound / V3:Westbound ,V1: Collision with motor vehicle in traffic / V2: Collision with motor vehicle in traffic / V3: Collision with motor vehicle in traffic ,V1: Passenger car / V2:Passenger car / V3:Passenger car,Wet,Daylight,Cloudy,,RAMP - AIRPORT ROAD TO RT 90 WB / MASSACHUSETTS TURNPIKE Rte 90 W,,,PLAZA 37,,239087.1104,901847.2126
3491353,BOSTON,13-Jun-2013,2:05 PM,Non-fatal injury,1,1,0,Single vehicle crash,V1: Turning right,V1:Westbound ,"V1: Collision with cyclist (bicycle, tricycle, unicycle, pedal car) ",V1: Passenger car,Wet,Daylight,Cloudy/Rain,MORTON STREET / CANTERBURY STREET,,,,,"P2:Pedalcyclist (bicycle, tricycle, unicycle, pedal car)",233290.5113,893672.9874
3509931,BOSTON,13-Jun-2013,6:05 PM,Property damage only (none injured),2,0,0,Rear-end,V1: Slowing or stopped in traffic / V2:Slowing or stopped in traffic,V1:Southbound / V2:Southbound ,V1: Collision with motor vehicle in traffic / V2: Collision with motor vehicle in traffic ,"V1: Single-unit truck (2-axle, 6-tire) / V2:Passenger car",Dry,Daylight,Cloudy,,Rte 93 S / ALBANY STREET,,,,,235956.6798,898950.3127
3463936,BOSTON,13-Jun-2013,9:21 PM,Property damage only (none injured),1,0,0,Single vehicle crash,V1: Travelling straight ahead,V1:Eastbound ,V1: Collision with curb ,V1: Passenger car,Wet,Dark - lighted roadway,Not Reported,,STORROW DRIVE Rte 28 N / RAMP TO CHARLES CIRCLE,,,BY THE LONGFELLOW BRIDGE,,235252.2375,901166.6287
3485032,BOSTON (ROSLINDALE),13-Jun-2013,9:48 PM,Property damage only (none injured),2,0,0,"Sideswipe, same direction",V1: Travelling straight ahead / V2:Travelling straight ahead,V1:Not reported / V2:Not reported ,V1: Collision with motor vehicle in traffic / V2: Collision with motor vehicle in traffic ,V1: Passenger car / V2:Passenger car,Wet,Dark - lighted roadway,Rain,WASHINGTON STREET / BEECH STREET,,,,,,229942.4844,892046.9998
3510120,BOSTON,13-Jun-2013,10:37 PM,Property damage only (none injured),2,0,0,Rear-end,V1: Travelling straight ahead / V2:Backing,V1:Westbound / V2:Eastbound ,V1: Collision with motor vehicle in traffic / V2: Collision with motor vehicle in traffic ,V1: Passenger car / V2:Passenger car,Wet,Dark - lighted roadway,Rain,WEST SEVENTH STREET / D STREET,,,,,,236763.9843,898512.4999
3502333,BOSTON (DORCHESTER),14-Jun-2013,00:00 AM,Non-fatal injury,1,1,0,Single vehicle crash,V1: Travelling straight ahead,V1:Southbound ,V1: Collision with parked motor vehicle ,V1: Passenger car,Wet,Dark - lighted roadway,Rain,WALDECK STREET / LARCHMONT STREET,,,,,,235729.922,894209.7502
3466837,BOSTON,14-Jun-2013,1:20 AM,Property damage only (none injured),2,0,0,Angle,V1: Travelling straight ahead / V2:Travelling straight ahead,V1:Southbound / V2:Southbound ,V1: Collision with motor vehicle in traffic / V2: Collision with motor vehicle in traffic ,"V1: Passenger car / V2:Light truck(van, mini-van, panel, pickup, sport utility) with only four tires",Wet,Dark - lighted roadway,Rain,,Rte 93,,Exit 15 on Rte 93,,,236629.6253,897168.5001
3466331,BOSTON,14-Jun-2013,2:05 AM,Property damage only (none injured),2,0,0,"Sideswipe, same direction",V1: Turning right / V2:Travelling straight ahead,V1:Westbound / V2:Westbound ,V1: Collision with motor vehicle in traffic / V2: Collision with motor vehicle in traffic ,V1: Single-unit truck (3-or-more axles) / V2:Passenger car,Wet,Daylight,Clear,,NASHUA STREET Rte UNKNOW / LEVERETT CIRCLE,,,,,235565.4707,901894.5498
3502431,BOSTON (DORCHESTER),14-Jun-2013,3:50 AM,Not Reported,2,0,0,Rear-end,V1: Parked / V2:Parked,V1:Not reported / V2:Not reported ,V1: Not reported / V2: Not reported ,V1: Passenger car / V2:Passenger car,Wet,Dark - lighted roadway,Rain/Rain,,24 CHARLES STREET,,,,,235450.3518,900777.2901
3466838,BOSTON,14-Jun-2013,4:40 AM,Non-fatal injury,3,3,0,Rear-end,V1: Travelling straight ahead / V2:Travelling straight ahead / V3:Travelling straight ahead,V1:Southbound / V2:Southbound / V3:Southbound ,V1: Collision with motor vehicle in traffic / V2: Collision with motor vehicle in traffic / V3: Collision with motor vehicle in traffic ,"V1: Passenger car / V2:Passenger car / V3:Single-unit truck (2-axle, 6-tire)",Wet,Dark - lighted roadway,Rain,,Rte 93,,Exit 15 on Rte 93,,,236629.6253,897168.5001
3476491,BOSTON (SOUTH BOSTON),14-Jun-2013,5:01 AM,Not Reported,2,0,0,Single vehicle crash,V1: Travelling straight ahead / V2:Travelling straight ahead,V1:Northbound / V2:Westbound ,V1: Collision with motor vehicle in traffic / V2: Collision with motor vehicle in traffic ,"V1: Light truck(van, mini-van, panel, pickup, sport utility) with only four tires / V2:Passenger car",Dry,Daylight,Clear/Clear,WEST FIRST STREET / C STREET,,,,,,237068.2654,899119.8123
3476547,BOSTON,14-Jun-2013,6:45 AM,Property damage only (none injured),2,0,0,Rear-end,V1: Turning left / V2:Turning left,V1:Eastbound / V2:Eastbound ,V1: Collision with motor vehicle in traffic / V2: Collision with motor vehicle in traffic ,"V1: Unknown heavy truck, cannot classify / V2:Light truck(van, mini-van, panel, pickup, sport utility) with only four tires",Wet,Dawn,Rain,FRONTAGE ROAD / MASSACHUSETTS AVENUE CONNECTOR / RAMP - FRONTAGE ROAD TO RT 93 NB,,,,MASS AVE @FRONTAGE ROAD,,235865.0173,898419.1854
3502334,BOSTON (DORCHESTER),14-Jun-2013,8:48 AM,Non-fatal injury,2,1,0,"Sideswipe, same direction",V1: Parked / V2:Travelling straight ahead,V1:Not reported / V2:Southbound ,V1: Collision with unknown movable object / V2: Collision with parked motor vehicle ,"V1: Light truck(van, mini-van, panel, pickup, sport utility) with only four tires / V2:Light truck(van, mini-van, panel, pickup, sport utility) with only four tires",Wet,Daylight,Rain/Rain,,373 ADAMS STREET,,,,,236572.2503,894103.9127
3463889,BOSTON,14-Jun-2013,11:33 AM,Property damage only (none injured),2,0,0,Rear-end,V1: Slowing or stopped in traffic / V2:Slowing or stopped in traffic,V1:Southbound / V2:Southbound ,V1: Collision with motor vehicle in traffic / V2: Collision with motor vehicle in traffic ,"V1: Light truck(van, mini-van, panel, pickup, sport utility) with only four tires / V2:Passenger car",Dry,Daylight,Clear,,Rte 93 S / UNKNOWN,,Exit 26 on Rte 93 S,,,234851.4113,903728.5151
3491320,BOSTON,14-Jun-2013,12:42 PM,Non-fatal injury,1,1,0,Single vehicle crash,V1: Travelling straight ahead,V1:Northbound ,V1: Collision with median barrier ,V1: Passenger car,Dry,Daylight,Clear,,Rte 93 N / UNKNOWN,,Exit 14 on Rte 93 N,,,237258.9796,894483.3974
3540234,BOSTON,14-Jun-2013,2:38 PM,Non-fatal injury,2,1,0,Rear-end,V1: Travelling straight ahead / V2:Travelling straight ahead,V1:Eastbound / V2:Eastbound ,V1: Collision with motor vehicle in traffic / V2: Collision with motor vehicle in traffic ,V1: Passenger car / V2:Passenger car,Dry,Daylight,Clear,,LOGAN AIRPORT TERMINAL A / AIRPORT ROAD - ARRIVAL LEVEL,,,,,239246.8055,901854.0094
3479169,BOSTON,14-Jun-2013,2:39 PM,Non-fatal injury,2,1,0,Angle,V1: Travelling straight ahead / V2:Travelling straight ahead,V1:Northbound / V2:Westbound ,V1: Collision with motor vehicle in traffic / V2: Collision with motor vehicle in traffic ,V1: Passenger car / V2:Passenger car,Dry,Daylight,Cloudy,BIRMINGHAM PARKWAY / LINCOLN STREET,,,,,,229043.7386,900988.2166
3502432,BOSTON (DORCHESTER),14-Jun-2013,3:04 PM,Non-fatal injury,1,1,0,Head-on,V1: Travelling straight ahead,V1:Westbound ,V1: Not reported ,V1: Passenger car,Dry,Daylight,Clear/Clear,HAMILTON STREET / BOWDOIN STREET,,,,,P2:Pedestrian,235699.7969,895175.2502
3479436,BOSTON,14-Jun-2013,3:15 PM,Property damage only (none injured),2,0,0,Rear-end,V1: Travelling straight ahead / V2:Travelling straight ahead,V1:Northbound / V2:Northbound ,V1: Collision with motor vehicle in traffic / V2: Collision with motor vehicle in traffic ,"V1: Truck/trailer / V2:Light truck(van, mini-van, panel, pickup, sport utility) with only four tires",Dry,Daylight,Clear,,JOHN F FITZGERALD EXPRESSWAY Rte 93 N,,,ZAKIM BRIDGE,,236028.2731,902071.5537
3491515,BOSTON,14-Jun-2013,3:45 PM,Property damage only (none injured),3,0,0,Rear-end,V1: Travelling straight ahead / V2:Slowing or stopped in traffic / V3:Slowing or stopped in traffic,V1:Westbound / V2:Westbound / V3:Westbound ,V1: Collision with motor vehicle in traffic / V2: Collision with motor vehicle in traffic / V3: Collision with motor vehicle in traffic ,"V1: Light truck(van, mini-van, panel, pickup, sport utility) with only four tires / V2:Light truck(van, mini-van, panel, pickup, sport utility) with only four tires / V3:Light truck(van, mini-van, panel, pickup, sport utility) with only four tires",Dry,Daylight,Cloudy,,0 feet W from Intersection COLUMBIA ROAD / DORCHESTER AVENUE,,,,,236535.6564,896787.6252
3484088,BOSTON,14-Jun-2013,4:52 PM,Property damage only (none injured),3,0,0,"Sideswipe, opposite direction",V1: Travelling straight ahead / V2:Travelling straight ahead / V3:Travelling straight ahead,V1:Westbound / V2:Eastbound / V3:Eastbound ,V1: Collision with motor vehicle in traffic / V2: Collision with motor vehicle in traffic / V3: Collision with motor vehicle in traffic ,"V1: Light truck(van, mini-van, panel, pickup, sport utility) with only four tires / V2:Light truck(van, mini-van, panel, pickup, sport utility) with only four tires / V3:Passenger car",Dry,Daylight,Not Reported,,GALLIVAN BOULEVARD Rte UNKNOW / 440,,,,,236412.9097,892497.9473
3492522,BOSTON,14-Jun-2013,6:21 PM,Non-fatal injury,1,1,0,Not reported,V1: Travelling straight ahead,V1:Southbound ,V1: Collision with pedestrian ,V1: Passenger car,Not reported,Not reported,Not Reported,MASSACHUSETTS AVENUE / BOYLSTON STREET,,,,,P3:Pedestrian,233967.0154,899726.9373
3495660,BOSTON,14-Jun-2013,6:35 PM,Not Reported,2,0,0,Not reported,V1: Travelling straight ahead / V2:Travelling straight ahead,V1:Not reported / V2:Not reported ,V1: Collision with motor vehicle in traffic / V2: Collision with motor vehicle in traffic ,"V1: Light truck(van, mini-van, panel, pickup, sport utility) with only four tires / V2:Passenger car",Dry,Daylight,Clear,HYDE PARK AVENUE / DANA AVENUE,,,,,,230995.4529,889346.1875
3466431,BOSTON,14-Jun-2013,9:15 PM,Non-fatal injury,1,1,0,Single vehicle crash,V1: Travelling straight ahead,V1:Westbound ,V1: Collision with curb ,V1: Passenger car,Dry,Dark - lighted roadway,Clear,,STORROW DRIVE,,,HATCH SHELL,,235176.6897,900826.525
3466931,BOSTON,14-Jun-2013,10:30 PM,Property damage only (none injured),3,0,0,Rear-end,V1: Travelling straight ahead / V2:Slowing or stopped in traffic / V3:Slowing or stopped in traffic,V1:Southbound / V2:Southbound / V3:Southbound ,V1: Collision with motor vehicle in traffic / V2: Collision with motor vehicle in traffic / V3: Collision with motor vehicle in traffic ,"V1: Light truck(van, mini-van, panel, pickup, sport utility) with only four tires / V2:Passenger car / V3:Passenger car",Dry,Dark - lighted roadway,Clear,,Rte 93,,Exit 15 on Rte 93,,,236629.6253,897168.5001
3485034,BOSTON (ROSLINDALE),15-Jun-2013,3:40 AM,Non-fatal injury,1,1,0,Not reported,V1: Travelling straight ahead,V1:Southbound ,V1: Not reported ,V1: Passenger car,Not reported,Not reported,Not Reported,WALWORTH STREET / ROSLINDALE AVENUE,,,,,,229917.4062,892417.6873
3463931,BOSTON,15-Jun-2013,10:58 AM,Property damage only (none injured),3,0,0,Rear-end,V1: Slowing or stopped in traffic / V2:Slowing or stopped in traffic / V3:Travelling straight ahead,V1:Northbound / V2:Northbound / V3:Northbound ,V1: Collision with motor vehicle in traffic / V2: Collision with motor vehicle in traffic / V3: Collision with motor vehicle in traffic ,"V1: Light truck(van, mini-van, panel, pickup, sport utility) with only four tires / V2:Passenger car / V3:Passenger car",Dry,Daylight,Clear,,Rte 93 N / UNKNOWN,,,,,237000.642,900793.2505
3492513,BOSTON,15-Jun-2013,11:50 AM,Not Reported,2,0,0,Not reported,V1: Not reported / V2:Not reported,V1:Not reported / V2:Not reported ,V1: Not reported / V2: Not reported ,V1: Passenger car / V2:Passenger car,Not reported,Not reported,Not Reported,MELNEA CASS BOULEVARD / SHAWMUT AVENUE,,,,,,234405.6094,898229.0624
3463895,BOSTON,15-Jun-2013,12:44 PM,Property damage only (none injured),2,0,0,"Sideswipe, same direction",V1: Travelling straight ahead / V2:Travelling straight ahead,V1:Southbound / V2:Southbound ,V1: Collision with motor vehicle in traffic / V2: Collision with motor vehicle in traffic ,"V1: Passenger car / V2:Light truck(van, mini-van, panel, pickup, sport utility) with only four tires",Dry,Daylight,Not Reported,RIVERWAY / LONGWOOD AVENUE,,,,RIVERWAY AT LONGWOOD AVE,,232142.9084,898941.3686
3491500,BOSTON,15-Jun-2013,4:00 PM,Non-fatal injury,3,2,0,Angle,V1: Changing lanes / V2:Travelling straight ahead / V3:Changing lanes,V1:Southbound / V2:Southbound / V3:Southbound ,V1: Collision with motor vehicle in traffic / V2: Collision with motor vehicle in traffic / V3: Collision with motor vehicle in traffic ,"V1: Light truck(van, mini-van, panel, pickup, sport utility) with only four tires / V2:Passenger car / V3:Light truck(van, mini-van, panel, pickup, sport utility) with only four tires",Dry,Daylight,Clear,,Rte 93 S,,Exit 23 on Rte 93 S,,,236856.2793,901152.8251