Crash Number,City/Town Name,Crash Date,Crash Time,Crash Severity,Number of Vehicles,Total Nonfatal Injuries,Total Fatal Injuries,Manner of Collision,Vehicle Action Prior to Crash,Vehicle Travel Directions,Most Harmful Events,Vehicle Configuration,Road Surface Condition,Ambient Light,Weather Condition,At Roadway Intersection,Distance from Nearest Roadway Intersection,Distance from Nearest Milemarker,Distance from Nearest Exit,Distance from Nearest Landmark,Non Motorist Type,X Coordinate,Y Coordinate
3510769,BOSTON,27-Jun-2013,7:11 PM,Property damage only (none injured),2,0,0,Rear-end,V1: Slowing or stopped in traffic / V2:Slowing or stopped in traffic,V1:Northbound / V2:Northbound ,V1: Collision with motor vehicle in traffic / V2: Collision with motor vehicle in traffic ,"V1: Light truck(van, mini-van, panel, pickup, sport utility) with only four tires / V2:Light truck(van, mini-van, panel, pickup, sport utility) with only four tires",Dry,Daylight,Not Reported,,100 WILLIAM T MORRISSEY BOULEVARD,,,U MASS BOSTON,,237369.7223,896004.065
3513031,BOSTON,28-Jun-2013,1:37 AM,Non-fatal injury,2,1,0,Not reported,V1: Backing / V2:Parked,V1:Not reported / V2:Not reported ,V1: Collision with motor vehicle in traffic / V2: Collision with motor vehicle in traffic ,"V1: Light truck(van, mini-van, panel, pickup, sport utility) with only four tires / V2:Passenger car",Dry,Daylight,Cloudy,,130 BOYLSTON STREET,,,,,235749.5634,900310.3446
3491304,BOSTON,28-Jun-2013,6:25 AM,Non-fatal injury,2,1,0,Rear-end,V1: Slowing or stopped in traffic / V2:Travelling straight ahead,V1:Northbound / V2:Northbound ,V1: Collision with motor vehicle in traffic / V2: Collision with motor vehicle in traffic ,"V1: Passenger car / V2:Light truck(van, mini-van, panel, pickup, sport utility) with only four tires",Wet,Daylight,Rain,ARBORWAY / KELLEY CIRCLE,,,,,,231127.3231,895910.3818
3505758,BOSTON,28-Jun-2013,8:03 AM,Property damage only (none injured),1,0,0,Single vehicle crash,V1: Travelling straight ahead,V1:Westbound ,V1: Collision with motor vehicle in traffic ,V1: Passenger car,Wet,Daylight,Cloudy/Rain,,Rte 90 W / UNKNOWN,,Exit 20 on Rte 90 W,,,231452.5043,900558.3731
3491280,BOSTON,28-Jun-2013,8:22 AM,Non-fatal injury,2,1,0,Angle,V1: Travelling straight ahead / V2:Travelling straight ahead,V1:Northbound / V2:Northbound ,V1: Collision with median barrier / V2: Collision with motor vehicle in traffic ,"V1: Light truck(van, mini-van, panel, pickup, sport utility) with only four tires / V2:Passenger car",Wet,Daylight,Rain,,LEVERETT CONNECTOR NORTH / RAMP - LEVERETT CONNECTOR TO RT 1 NB,,,CONNECTOR NB,,235666.2979,902403.8103
3532829,BOSTON,28-Jun-2013,8:30 AM,Property damage only (none injured),2,0,0,Rear-end,V1: Slowing or stopped in traffic / V2:Travelling straight ahead,V1:Northbound / V2:Northbound ,V1: Collision with motor vehicle in traffic / V2: Collision with motor vehicle in traffic ,"V1: Passenger car / V2:Light truck(van, mini-van, panel, pickup, sport utility) with only four tires",Wet,Daylight,Cloudy/Rain,,RAMP - RT 3A NB TO RT 93 NB Rte 3A N,,,,,237646.8947,893426.0093
3560569,BOSTON,28-Jun-2013,1:45 PM,Non-fatal injury,2,1,0,Rear-end,V1: Parked / V2:Travelling straight ahead,V1:Not reported / V2:Not reported ,V1: Collision with parked motor vehicle / V2: Collision with parked motor vehicle ,"V1: Light truck(van, mini-van, panel, pickup, sport utility) with only four tires / V2:Passenger car",Dry,Daylight,Clear,,4113 WASHINGTON STREET,,,,,230942.092,893299.2433
3513131,BOSTON,28-Jun-2013,2:17 PM,Non-fatal injury,1,1,0,Single vehicle crash,V1: Turning left,V1:Northbound ,"V1: Collision with other fixed object (wall, building, tunnel, etc.) ",V1: Passenger car,Dry,Daylight,Clear/Clear,,275 WASHINGTON STREET,,,,,236400.884,900884.8482
3513132,BOSTON,28-Jun-2013,2:22 PM,Non-fatal injury,1,1,0,Single vehicle crash,V1: Backing,V1:Not reported ,V1: Not reported ,"V1: Light truck(van, mini-van, panel, pickup, sport utility) with only four tires",Dry,Daylight,Clear/Clear,,50 STANIFORD STREET,,,,P2:Pedestrian,235932.5829,901435.6839
3491305,BOSTON,28-Jun-2013,3:24 PM,Property damage only (none injured),2,0,0,Angle,V1: Travelling straight ahead / V2:Travelling straight ahead,V1:Northbound / V2:Eastbound ,V1: Collision with motor vehicle in traffic / V2: Collision with motor vehicle in traffic ,"V1: Light truck(van, mini-van, panel, pickup, sport utility) with only four tires / V2:Passenger car",Dry,Daylight,Not Reported,RIVERWAY / PILGRIM ROAD,,,,,,232080.5294,898632.4523
3544006,BOSTON (ROXBURY),28-Jun-2013,3:35 PM,Property damage only (none injured),2,0,0,"Sideswipe, opposite direction",V1: Backing / V2:Parked,V1:Eastbound / V2:Westbound ,V1: Collision with parked motor vehicle / V2: Collision with motor vehicle in traffic ,V1: Passenger car / V2:Passenger car,Dry,Daylight,Clear,,1631 TREMONT STREET,,,,,232671.4819,898216.0737
3551035,BOSTON (DORCHESTER),28-Jun-2013,4:02 PM,Non-fatal injury,2,2,0,Angle,V1: Turning left / V2:Travelling straight ahead,V1:Not reported / V2:Not reported ,V1: Collision with motor vehicle in traffic / V2: Collision with motor vehicle in traffic ,V1: Passenger car / V2:Passenger car,Dry,Daylight,Clear,DORCHESTER AVENUE / HANCOCK STREET,,,,,,236415.7967,895386.25
3523200,BOSTON,28-Jun-2013,5:50 PM,Property damage only (none injured),2,0,0,Not reported,V1: Slowing or stopped in traffic / V2:Slowing or stopped in traffic,V1:Southbound / V2:Southbound ,V1: Collision with motor vehicle in traffic / V2: Collision with motor vehicle in traffic ,"V1: Passenger car / V2:Light truck(van, mini-van, panel, pickup, sport utility) with only four tires",Dry,Daylight,Clear,,JOHN F FITZGERALD EXPRESSWAY Rte 93 S,,,ZAKIM BRIDGE,,236025.1523,902044.43
3510160,BOSTON,28-Jun-2013,7:11 PM,Property damage only (none injured),2,0,0,Rear-end,V1: Travelling straight ahead / V2:Travelling straight ahead,V1:Southbound / V2:Southbound ,V1: Collision with motor vehicle in traffic / V2: Collision with motor vehicle in traffic ,"V1: Passenger car / V2:Light truck(van, mini-van, panel, pickup, sport utility) with only four tires",Dry,Daylight,Clear,,Rte 93 S / UNKNOWN,,Exit 20 on Rte 93 S,,,236954.209,900826.9442
3510834,BOSTON,28-Jun-2013,9:30 PM,Property damage only (none injured),2,0,0,"Sideswipe, same direction",V1: Changing lanes / V2:Travelling straight ahead,V1:Southbound / V2:Southbound ,V1: Collision with motor vehicle in traffic / V2: Collision with motor vehicle in traffic ,"V1: Light truck(van, mini-van, panel, pickup, sport utility) with only four tires / V2:Passenger car",Dry,Dark - lighted roadway,Clear,,WILLIAM T MORRISSEY BOULEVARD / FREEPORT STREET,,,,,237149.8439,894580.3748
3495614,BOSTON,28-Jun-2013,10:22 PM,Property damage only (none injured),2,0,0,Rear-end,V1: Slowing or stopped in traffic / V2:Travelling straight ahead,V1:Eastbound / V2:Eastbound ,V1: Collision with motor vehicle in traffic / V2: Collision with motor vehicle in traffic ,"V1: Passenger car / V2:Light truck(van, mini-van, panel, pickup, sport utility) with only four tires",Dry,Dark - lighted roadway,Cloudy,,Rte 90 E / UNKNOWN,,,,,238696.3206,900148.5785
3509951,BOSTON,29-Jun-2013,00:00 AM,Property damage only (none injured),2,0,0,Angle,V1: Travelling straight ahead / V2:Turning left,V1:Northbound / V2:Eastbound ,V1: Collision with motor vehicle in traffic / V2: Collision with motor vehicle in traffic ,"V1: Light truck(van, mini-van, panel, pickup, sport utility) with only four tires / V2:Passenger car",Dry,Dark - lighted roadway,Clear,WILLIAM T MORRISSEY BOULEVARD / FREEPORT STREET,,,,,,237175.7655,894558.6875
3505765,BOSTON,29-Jun-2013,2:15 AM,Non-fatal injury,1,1,0,Single vehicle crash,V1: Changing lanes,V1:Southbound ,V1: Collision with median barrier ,"V1: Light truck(van, mini-van, panel, pickup, sport utility) with only four tires",Dry,Dark - lighted roadway,Clear,,Rte 93 S / UNKNOWN,,Exit 12 on Rte 93 S,,,237620.5493,892713.0989
3491528,BOSTON,29-Jun-2013,2:42 AM,Non-fatal injury,2,2,0,Head-on,V1: Travelling straight ahead / V2:Travelling straight ahead,V1:Southbound / V2:Northbound ,V1: Collision with motor vehicle in traffic / V2: Collision with motor vehicle in traffic ,V1: Passenger car / V2:Passenger car,Dry,Dark - lighted roadway,Clear,,WILLIAM T MORRISSEY BOULEVARD / KOSCIUSZKO CIRCLE,,,NEAR JFK T STOP,,237017.0782,896879.6065
3527844,BOSTON,29-Jun-2013,5:45 AM,Not Reported,1,0,0,Single vehicle crash,V1: Travelling straight ahead,V1:Eastbound ,V1: Collision with tree ,"V1: Light truck(van, mini-van, panel, pickup, sport utility) with only four tires",Dry,Daylight,Not Reported,,1190 VETERANS OF FOREIGN WARS PARKWAY,,,,,227159.103,892370.2139
3510835,BOSTON,29-Jun-2013,12:43 PM,Property damage only (none injured),3,0,0,Angle,V1: Travelling straight ahead / V2:Turning right / V3:Slowing or stopped in traffic,V1:Northbound / V2:Northbound / V3:Northbound ,V1: Collision with motor vehicle in traffic / V2: Collision with motor vehicle in traffic / V3: Collision with motor vehicle in traffic ,"V1: Light truck(van, mini-van, panel, pickup, sport utility) with only four tires / V2:Passenger car / V3:Light truck(van, mini-van, panel, pickup, sport utility) with only four tires",Dry,Daylight,Clear,,GALLIVAN BOULEVARD Rte UNKNOW N / NEPONSET AVENUE,,,CAR WASH/POPE JOHN PAUL PARK,,237775.3707,892890.0493
3505603,BOSTON,29-Jun-2013,1:25 PM,Property damage only (none injured),3,0,0,Rear-end,V1: Slowing or stopped in traffic / V2:Slowing or stopped in traffic / V3:Travelling straight ahead,V1:Northbound / V2:Northbound / V3:Northbound ,V1: Collision with motor vehicle in traffic / V2: Collision with motor vehicle in traffic / V3: Collision with motor vehicle in traffic ,"V1: Light truck(van, mini-van, panel, pickup, sport utility) with only four tires / V2:Light truck(van, mini-van, panel, pickup, sport utility) with only four tires / V3:Light truck(van, mini-van, panel, pickup, sport utility) with only four tires",Dry,Daylight,Clear,,Rte 93 N / RAMP - RT 93 NB TO MORRISSEY BLVD,,,93N AFTER EXIT 14,,237238.9568,894530.6616
3526099,BOSTON (BRIGHTON),29-Jun-2013,2:05 PM,Not Reported,1,0,0,Single vehicle crash,V1: Slowing or stopped in traffic,V1:Not reported ,V1: Collision with pedestrian ,V1: Passenger car,Dry,Daylight,Clear/Other,,155 NORTH BEACON STREET,,,,,229135.0822,900610.7709
3583696,BOSTON (DORCHESTER),29-Jun-2013,4:00 PM,Property damage only (none injured),2,0,0,Rear-end,V1: Not reported / V2:Not reported,V1:Not reported / V2:Not reported ,V1: Not reported / V2: Not reported ,V1: Passenger car / V2:Passenger car,Dry,Daylight,Clear/Clear,HAMILTON STREET / BOWDOIN STREET,,,,,,235699.7969,895175.2502
3491306,BOSTON,29-Jun-2013,5:29 PM,Property damage only (none injured),2,0,0,Head-on,V1: Turning left / V2:Travelling straight ahead,V1:Westbound / V2:Eastbound ,V1: Collision with motor vehicle in traffic / V2: Collision with motor vehicle in traffic ,"V1: Passenger car / V2:Light truck(van, mini-van, panel, pickup, sport utility) with only four tires",Dry,Daylight,Clear,RIVERWAY / BROOKLINE AVENUE,,,,,,232136.0747,898499.2837
3560331,BOSTON (DORCHESTER),30-Jun-2013,00:00 AM,Non-fatal injury,2,3,0,Rear-end,V1: Travelling straight ahead / V2:Travelling straight ahead,V1:Not reported / V2:Not reported ,V1: Collision with motor vehicle in traffic / V2: Not reported ,V1: Passenger car / V2:Passenger car,Dry,Dark - lighted roadway,Clear,ADAMS STREET / EAST STREET,,,,,,236054.3283,895315.6877
3738360,BOSTON (DORCHESTER),30-Jun-2013,00:00 AM,Not Reported,2,0,0,Not reported,V1: Slowing or stopped in traffic / V2:Not reported,V1:Not reported / V2:Not reported ,V1: Collision with parked motor vehicle / V2: Not reported ,V1: Passenger car / V2:Unknown vehicle configuration,Not reported,Not reported,Not Reported,DORCHESTER AVENUE / FREEPORT STREET,,,,,,236407.2345,895327.0623
3534931,BOSTON,30-Jun-2013,00:00 AM,Property damage only (none injured),1,0,0,Single vehicle crash,V1: Travelling straight ahead,V1:Southbound ,V1: Collision with median barrier ,V1: Passenger car,Dry,Dark - lighted roadway,Clear,,Rte 93 S,,Exit 12 on Rte 93 S,NEPONSET,,237620.5493,892713.0989
3495615,BOSTON,30-Jun-2013,1:52 AM,Property damage only (none injured),2,0,0,Rear-end,V1: Travelling straight ahead / V2:Slowing or stopped in traffic,V1:Northbound / V2:Northbound ,V1: Collision with motor vehicle in traffic / V2: Collision with motor vehicle in traffic ,"V1: Passenger car / V2:Light truck(van, mini-van, panel, pickup, sport utility) with only four tires",Dry,Dark - lighted roadway,Clear,,EAST BOSTON EXPRESSWAY / CALLAHAN TUNNEL,,,CALLAHAN TUNNEL EXIT,,238035.7766,902633.3469
3495616,BOSTON,30-Jun-2013,11:46 AM,Property damage only (none injured),2,0,0,Angle,V1: Travelling straight ahead / V2:Turning left,V1:Northbound / V2:Northbound ,V1: Collision with motor vehicle in traffic / V2: Collision with motor vehicle in traffic ,"V1: Light truck(van, mini-van, panel, pickup, sport utility) with only four tires / V2:Passenger car",Dry,Daylight,Clear,FRONTAGE ROAD / MASSACHUSETTS AVENUE CONNECTOR / RAMP - FRONTAGE ROAD TO RT 93 NB,,,,AT MASS AVE CONNECTOR,,235865.0173,898419.1854
3510770,BOSTON,30-Jun-2013,12:35 PM,Property damage only (none injured),2,0,0,Single vehicle crash,V1: Travelling straight ahead / V2:Other,V1:Westbound / V2:Southbound ,V1: Collision with curb / V2: Not reported ,V1: Passenger car / V2:Passenger car,Dry,Daylight,Clear,WILLIAM T MORRISSEY BOULEVARD / DOMINIC J BANCULLI BOULEVARD,,,,,,237369.7223,896004.065
3510836,BOSTON,30-Jun-2013,1:45 PM,Non-fatal injury,1,1,0,Single vehicle crash,V1: Slowing or stopped in traffic,V1:Eastbound ,"V1: Collision with cyclist (bicycle, tricycle, unicycle, pedal car) ",V1: Passenger car,Dry,Daylight,Clear,,WILLIAM T MORRISSEY BOULEVARD Rte UNKNOW S / OLD COLONY TERRACE,,,,"P2:Pedalcyclist (bicycle, tricycle, unicycle, pedal car)",237395.7657,895872.8752
3510771,BOSTON,30-Jun-2013,4:10 PM,Property damage only (none injured),3,0,0,Rear-end,V1: Travelling straight ahead / V2:Slowing or stopped in traffic / V3:Slowing or stopped in traffic,V1:Northbound / V2:Northbound / V3:Northbound ,V1: Collision with motor vehicle in traffic / V2: Collision with motor vehicle in traffic / V3: Collision with motor vehicle in traffic ,V1: Passenger car / V2:Passenger car / V3:Passenger car,Dry,Daylight,Not Reported,,Rte 93 N / UNKNOWN,,Exit 14 on Rte 93 N,,,237258.9796,894483.3974
3510860,BOSTON,30-Jun-2013,5:02 PM,Property damage only (none injured),2,0,0,Rear-end,V1: Travelling straight ahead / V2:Slowing or stopped in traffic,V1:Southbound / V2:Southbound ,V1: Collision with motor vehicle in traffic / V2: Collision with motor vehicle in traffic ,V1: Passenger car / V2:Passenger car,Dry,Daylight,Clear,,Rte 93 S,,Exit 15 on Rte 93,ACROSS FROM YALE ELECTRIC,,236629.6253,897168.5001
3560570,BOSTON,30-Jun-2013,8:02 PM,Non-fatal injury,2,2,0,Angle,V1: Entering traffic lane / V2:Travelling straight ahead,V1:Westbound / V2:Southbound ,V1: Collision with motor vehicle in traffic / V2: Collision with motor vehicle in traffic ,"V1: Light truck(van, mini-van, panel, pickup, sport utility) with only four tires / V2:Light truck(van, mini-van, panel, pickup, sport utility) with only four tires",Dry,Dusk,Clear,CUMMINS HIGHWAY / FLORENCE STREET,,,,,,230838.2346,892811.875
3510748,BOSTON,01-Jul-2013,00:00 AM,Non-fatal injury,2,1,0,Rear-end,V1: Travelling straight ahead / V2:Slowing or stopped in traffic,V1:Southbound / V2:Southbound ,V1: Collision with motor vehicle in traffic / V2: Collision with motor vehicle in traffic ,"V1: Light truck(van, mini-van, panel, pickup, sport utility) with only four tires / V2:Passenger car",Dry,Dark - lighted roadway,Clear,SOUTHBOUND FRONTAGE ROAD / HAUL ROAD,,,,HAUL RD,,235884.1717,898231.2671
3510068,BOSTON,01-Jul-2013,9:53 AM,Property damage only (none injured),2,0,0,Rear-end,V1: Slowing or stopped in traffic / V2:Travelling straight ahead,V1:Northbound / V2:Northbound ,V1: Collision with motor vehicle in traffic / V2: Collision with motor vehicle in traffic ,"V1: Light truck(van, mini-van, panel, pickup, sport utility) with only four tires / V2:Light truck(van, mini-van, panel, pickup, sport utility) with only four tires",Dry,Daylight,Cloudy,,Rte 93 N,,Exit 14 on Rte 93 N,,,237258.9796,894483.3974
3562691,BOSTON,01-Jul-2013,1:10 PM,Non-fatal injury,2,1,0,Rear-end,V1: Slowing or stopped in traffic / V2:Turning right,V1:Northbound / V2:Not reported ,V1: Collision with motor vehicle in traffic / V2: Collision with motor vehicle in traffic ,"V1: Passenger car / V2:Light truck(van, mini-van, panel, pickup, sport utility) with only four tires",Dry,Daylight,Clear/Clear,BROOKLINE AVENUE / COMMONWEALTH AVENUE,,,,,,233196.6837,899889.6776
3556581,BOSTON,01-Jul-2013,2:11 PM,Property damage only (none injured),2,0,0,Rear-end,V1: Slowing or stopped in traffic / V2:Travelling straight ahead,V1:Southbound / V2:Southbound ,V1: Collision with motor vehicle in traffic / V2: Collision with motor vehicle in traffic ,V1: Passenger car / V2:Passenger car,Not reported,Daylight,Cloudy,,Rte 93 S / UNKNOWN,,Exit 12 on Rte 93 S,,,237620.5493,892713.0989
3505767,BOSTON,01-Jul-2013,3:17 PM,Property damage only (none injured),2,0,0,"Sideswipe, same direction",V1: Travelling straight ahead / V2:Entering traffic lane,V1:Southbound / V2:Southbound ,V1: Collision with motor vehicle in traffic / V2: Collision with motor vehicle in traffic ,V1: Passenger car / V2:Passenger car,Dry,Daylight,Clear,,TRUMAN HIGHWAY Rte UNKNOW / NEPONSET VALLEY PARKWAY,,,,,230941.0155,887276.4376
3545828,BOSTON,01-Jul-2013,5:52 PM,Property damage only (none injured),2,0,0,Rear-end,V1: Slowing or stopped in traffic / V2:Travelling straight ahead,V1:Northbound / V2:Northbound ,V1: Collision with motor vehicle in traffic / V2: Collision with motor vehicle in traffic ,V1: Passenger car / V2:Passenger car,Wet,Daylight,Cloudy/Rain,CONGRESS STREET / SEAPORT LANE,,,,,,237776.8437,899890.827
3509645,BOSTON,01-Jul-2013,6:52 PM,Property damage only (none injured),2,0,0,Rear-end,V1: Slowing or stopped in traffic / V2:Travelling straight ahead,V1:Eastbound / V2:Eastbound ,V1: Collision with motor vehicle in traffic / V2: Collision with motor vehicle in traffic ,"V1: Light truck(van, mini-van, panel, pickup, sport utility) with only four tires / V2:Passenger car",Dry,Dark - lighted roadway,Clear,,MASSACHUSETTS TURNPIKE Rte 1A N,,,,,239155.6861,901734.9991
3495617,BOSTON,02-Jul-2013,1:55 AM,Property damage only (none injured),1,0,0,Single vehicle crash,V1: Changing lanes,V1:Eastbound ,V1: Collision with fence ,V1: Passenger car,Dry,Dark - lighted roadway,Cloudy,,Rte 90 E / UNKNOWN,,Exit 24A on Rte 90 E,,,236020.7529,899669.4659
3534932,BOSTON,02-Jul-2013,6:05 AM,Non-fatal injury,1,1,0,Single vehicle crash,V1: Travelling straight ahead,V1:Eastbound ,V1: Collision with pedestrian ,V1: Passenger car,Dry,Daylight,Clear,,WILLIAM DAY BOULEVARD / I STREET,,,H ST.,P1:Pedestrian,237794.0695,897850.4885
3548893,BOSTON,02-Jul-2013,7:25 AM,Non-fatal injury,2,1,0,Angle,V1: Slowing or stopped in traffic / V2:Travelling straight ahead,V1:Not reported / V2:Northbound ,V1: Collision with motor vehicle in traffic / V2: Collision with motor vehicle in traffic ,V1: Passenger car / V2:Passenger car,Dry,Daylight,Not Reported,,MORTON STREET Rte UNKNOW W / HARVARD STREET,,,,,233493.5311,893100.9999
3508959,BOSTON,02-Jul-2013,8:10 AM,Non-fatal injury,2,2,0,Rear-end,V1: Slowing or stopped in traffic / V2:Travelling straight ahead,V1:Southbound / V2:Southbound ,V1: Collision with motor vehicle in traffic / V2: Collision with motor vehicle in traffic ,V1: Passenger car / V2:Passenger car,Dry,Daylight,Cloudy,JOHN F FITZGERALD EXPRESSWAY Rte 93 S / RAMP - RT 93 SB TO RT 90 WB,,,,LEVERETT CONNECTOR S/B,,236954.1212,900827.5807
3512331,BOSTON (CHARLESTOWN),02-Jul-2013,8:45 AM,Non-fatal injury,2,1,0,Angle,V1: Travelling straight ahead / V2:Turning left,V1:Westbound / V2:Not reported ,V1: Collision with motor vehicle in traffic / V2: Collision with motor vehicle in traffic ,V1: Unknown vehicle configuration / V2:Passenger car,Dry,Daylight,Clear/Clear,BUNKER HILL STREET / ALLSTON STREET,,,,,,235898.6122,903332.0189
3655796,BOSTON,02-Jul-2013,11:00 AM,Property damage only (none injured),2,0,0,Rear-end,V1: Slowing or stopped in traffic / V2:Travelling straight ahead,V1:Southbound / V2:Southbound ,V1: Collision with motor vehicle in traffic / V2: Collision with motor vehicle in traffic ,"V1: Light truck(van, mini-van, panel, pickup, sport utility) with only four tires / V2:Passenger car",Dry,Daylight,Clear,,Rte 93 S,,Exit 15 on Rte 93,,,236629.6253,897168.5001
3513135,BOSTON,02-Jul-2013,12:01 PM,Non-fatal injury,1,1,0,"Sideswipe, same direction",V1: Parked,V1:Not reported ,"V1: Collision with cyclist (bicycle, tricycle, unicycle, pedal car) ","V1: Light truck(van, mini-van, panel, pickup, sport utility) with only four tires",Wet,Daylight,Cloudy/Cloudy,,22 BEACON STREET / PARK STREET,,,,,235979.8185,900894.3163
3510861,BOSTON,02-Jul-2013,3:21 PM,Property damage only (none injured),2,0,0,Rear-end,V1: Travelling straight ahead / V2:Slowing or stopped in traffic,V1:Southbound / V2:Southbound ,V1: Collision with motor vehicle in traffic / V2: Collision with motor vehicle in traffic ,"V1: Passenger car / V2:Light truck(van, mini-van, panel, pickup, sport utility) with only four tires",Dry,Daylight,Clear,,1100 feet S from Intersection WILLIAM T MORRISSEY BOULEVARD / FREEPORT STREET,,,NEAR CVS,,237171.9659,894246.9192
3523201,BOSTON,02-Jul-2013,3:46 PM,Property damage only (none injured),2,0,0,Rear-end,V1: Slowing or stopped in traffic / V2:Travelling straight ahead,V1:Northbound / V2:Northbound ,V1: Collision with motor vehicle in traffic / V2: Collision with motor vehicle in traffic ,V1: Passenger car / V2:Passenger car,Dry,Daylight,Cloudy,,LEVERETT CONNECTOR NORTH / INTERSTATE 93 Rte 93 N,,,,,234805.4115,903457.6773
3510862,BOSTON,02-Jul-2013,3:55 PM,Property damage only (none injured),3,0,0,Rear-end,V1: Travelling straight ahead / V2:Slowing or stopped in traffic / V3:Slowing or stopped in traffic,V1:Northbound / V2:Northbound / V3:Northbound ,V1: Collision with motor vehicle in traffic / V2: Collision with motor vehicle in traffic / V3: Collision with motor vehicle in traffic ,"V1: Passenger car / V2:Light truck(van, mini-van, panel, pickup, sport utility) with only four tires / V3:Light truck(van, mini-van, panel, pickup, sport utility) with only four tires",Dry,Daylight,Not Reported,,Rte 93 N,,Exit 13 on Rte 93 N,NORTH OF NEPONSET/SOUTH OF EX 13,,237420.1414,894076.5227
3534543,BOSTON,02-Jul-2013,9:20 PM,Property damage only (none injured),1,0,0,Single vehicle crash,V1: Travelling straight ahead,V1:Northbound ,V1: Collision with curb ,"V1: Light truck(van, mini-van, panel, pickup, sport utility) with only four tires",Dry,Dark - lighted roadway,Clear,,VETERANS OF FOREIGN WARS PARKWAY Rte UNKNOW / WEST ROXBURY VFW PARKWAY ROTARY,,,,,229244.3438,894033.7502
3523264,BOSTON,02-Jul-2013,9:23 PM,Non-fatal injury,1,2,0,Single vehicle crash,V1: Travelling straight ahead,V1:Eastbound ,V1: Collision with curb ,V1: Passenger car,Dry,Dark - lighted roadway,Clear,,MORTON STREET,,,,,,
3550011,BOSTON,03-Jul-2013,8:55 AM,Non-fatal injury,1,1,0,Single vehicle crash,V1: Travelling straight ahead,V1:Eastbound ,V1: Collision with unknown fixed object ,V1: Passenger car,Dry,Daylight,Clear,,44 HILL TOP STREET,,,,,237063.8237,892218.318
3510118,BOSTON,03-Jul-2013,9:03 AM,Property damage only (none injured),2,0,0,Rear-end,V1: Slowing or stopped in traffic / V2:Travelling straight ahead,V1:Eastbound / V2:Eastbound ,V1: Collision with motor vehicle in traffic / V2: Collision with motor vehicle in traffic ,"V1: Light truck(van, mini-van, panel, pickup, sport utility) with only four tires / V2:Light truck(van, mini-van, panel, pickup, sport utility) with only four tires",Dry,Daylight,Cloudy,RAMP - MASSACHUSETTS AVE TO SOUTHBOUND F / MASSACHUSETTS AVENUE CONNECTOR,,,,MASS AVE CONNECTOR EASTBOUND,,235536.8965,898342.2912
3523202,BOSTON,03-Jul-2013,9:44 AM,Non-fatal injury,1,1,0,Single vehicle crash,V1: Overtaking/passing,V1:Westbound ,V1: Collision with curb ,V1: Motorcycle,Dry,Daylight,Clear,,MASSACHUSETTS TURNPIKE Rte 90 W / BU OVERPASS,,Exit I/C 20 on Rte 90 W,BU OVERPASS,,232061.2477,900091.5415
3510161,BOSTON,03-Jul-2013,10:43 AM,Property damage only (none injured),2,0,0,Rear-end,V1: Slowing or stopped in traffic / V2:Travelling straight ahead,V1:Southbound / V2:Southbound ,V1: Collision with motor vehicle in traffic / V2: Collision with motor vehicle in traffic ,"V1: Light truck(van, mini-van, panel, pickup, sport utility) with only four tires / V2:Passenger car",Dry,Daylight,Cloudy,,Rte 93 S / UNKNOWN,,Exit 18 on Rte 93 S,,,236013.2783,899092.9981
3560231,BOSTON (DORCHESTER),03-Jul-2013,11:10 AM,Not Reported,2,0,0,Rear-end,V1: Not reported / V2:Not reported,V1:Not reported / V2:Not reported ,V1: Not reported / V2: Not reported ,"V1: Passenger car / V2:Light truck(van, mini-van, panel, pickup, sport utility) with only four tires",Dry,Daylight,Clear,FREEPORT STREET / ORCHARDFIELD STREET,,,,,,236562.4376,895025.6248
3579433,BOSTON (DORCHESTER),03-Jul-2013,11:42 AM,Not Reported,2,0,0,"Sideswipe, same direction",V1: Not reported / V2:Not reported,V1:Not reported / V2:Not reported ,V1: Not reported / V2: Not reported ,"V1: Unknown heavy truck, cannot classify / V2:Passenger car",Dry,Daylight,Clear/Clear,,1089 DORCHESTER AVENUE,,,,,236512.6904,895977.1854
3512431,BOSTON,03-Jul-2013,12:10 PM,Property damage only (none injured),2,0,0,Angle,V1: Backing / V2:Slowing or stopped in traffic,V1:Southbound / V2:Westbound ,V1: Collision with motor vehicle in traffic / V2: Collision with motor vehicle in traffic ,"V1: Light truck(van, mini-van, panel, pickup, sport utility) with only four tires / V2:Light truck(van, mini-van, panel, pickup, sport utility) with only four tires",Dry,Daylight,Clear,,40 BLOSSOM STREET,,,,,235677.5974,901432.4427
3498398,BOSTON,03-Jul-2013,1:55 PM,Property damage only (none injured),2,0,0,Rear-end,V1: Travelling straight ahead / V2:Slowing or stopped in traffic,V1:Southbound / V2:Southbound ,V1: Collision with motor vehicle in traffic / V2: Collision with motor vehicle in traffic ,"V1: Light truck(van, mini-van, panel, pickup, sport utility) with only four tires / V2:Light truck(van, mini-van, panel, pickup, sport utility) with only four tires",Dry,Daylight,Cloudy,RAMP - SOLDIERS FIELD RD EB TO WESTERN A / WESTERN AVENUE / RAMP - WESTERN AVE TO SOLDIERS FIELD RD,,,,WESTERN AVE BRIDGE,,231453.9064,901588.7501
3509939,BOSTON (ROSLINDALE),03-Jul-2013,2:00 PM,Property damage only (none injured),2,0,0,Not reported,V1: Travelling straight ahead / V2:Other,V1:Southbound / V2:Eastbound ,V1: Collision with motor vehicle in traffic / V2: Collision with motor vehicle in traffic ,"V1: Light truck(van, mini-van, panel, pickup, sport utility) with only four tires / V2:Light truck(van, mini-van, panel, pickup, sport utility) with only four tires",Not reported,Not reported,Not Reported,METROPOLITAN AVENUE / MAYNARD STREET,,,,,,230975.4531,891660.6251