Crash Number,City/Town Name,Crash Date,Crash Time,Crash Severity,Number of Vehicles,Total Nonfatal Injuries,Total Fatal Injuries,Manner of Collision,Vehicle Action Prior to Crash,Vehicle Travel Directions,Most Harmful Events,Vehicle Configuration,Road Surface Condition,Ambient Light,Weather Condition,At Roadway Intersection,Distance from Nearest Roadway Intersection,Distance from Nearest Milemarker,Distance from Nearest Exit,Distance from Nearest Landmark,Non Motorist Type,X Coordinate,Y Coordinate
3534497,BOSTON,03-Jul-2013,2:05 PM,Property damage only (none injured),1,0,0,Single vehicle crash,V1: Travelling straight ahead,V1:Eastbound ,V1: Other ,V1: Passenger car,Dry,Daylight,Clear,,ENNEKING PARKWAY Rte UNKNOW W / DEDHAM PARKWAY,,,,,229687.9375,889839.1252
3523203,BOSTON,03-Jul-2013,2:34 PM,Property damage only (none injured),3,0,0,Rear-end,V1: Slowing or stopped in traffic / V2:Travelling straight ahead / V3:Slowing or stopped in traffic,V1:Northbound / V2:Northbound / V3:Northbound ,V1: Collision with motor vehicle in traffic / V2: Collision with motor vehicle in traffic / V3: Other ,"V1: Light truck(van, mini-van, panel, pickup, sport utility) with only four tires / V2:Passenger car / V3:Passenger car",Dry,Daylight,Clear,,Rte 93 N,,,,,,
3510772,BOSTON,03-Jul-2013,5:06 PM,Property damage only (none injured),2,0,0,Rear-end,V1: Travelling straight ahead / V2:Slowing or stopped in traffic,V1:Northbound / V2:Northbound ,V1: Collision with motor vehicle in traffic / V2: Collision with motor vehicle in traffic ,"V1: Passenger car / V2:Light truck(van, mini-van, panel, pickup, sport utility) with only four tires",Dry,Daylight,Clear,,Rte 93 N / UNKNOWN,,Exit 11 on Rte 93 N,,,237094.7253,891674.8051
3523331,BOSTON,03-Jul-2013,8:49 PM,Property damage only (none injured),2,0,0,Rear-end,V1: Travelling straight ahead / V2:Travelling straight ahead,V1:Westbound / V2:Westbound ,V1: Collision with motor vehicle in traffic / V2: Collision with motor vehicle in traffic ,V1: Passenger car / V2:Passenger car,Dry,Dark - lighted roadway,Clear,,MORTON STREET Rte UNKNOW / CANTERBURY STREET,,,,,233302.1557,893677.645
3544015,BOSTON (DORCHESTER),03-Jul-2013,8:52 PM,Property damage only (none injured),2,0,0,Single vehicle crash,V1: Travelling straight ahead / V2:Slowing or stopped in traffic,V1:Northbound / V2:Northbound ,V1: Overturn/rollover / V2: Other non-collision ,V1: Motorcycle / V2:Passenger car,Dry,Dark - lighted roadway,Clear,COLUMBIA ROAD / HANCOCK STREET,,,,,,235748.0985,896243.9759
3562690,BOSTON,04-Jul-2013,4:32 AM,Non-fatal injury,2,2,0,"Sideswipe, opposite direction",V1: Travelling straight ahead / V2:Travelling straight ahead,V1:Eastbound / V2:Southbound ,V1: Collision with motor vehicle in traffic / V2: Collision with motor vehicle in traffic ,"V1: Light truck(van, mini-van, panel, pickup, sport utility) with only four tires / V2:Light truck(van, mini-van, panel, pickup, sport utility) with only four tires",Dry,Dawn,Clear,HARRISON AVENUE / HERALD STREET,,,,,,235986.6332,899631.092
3549332,BOSTON (DORCHESTER),04-Jul-2013,2:16 PM,Non-fatal injury,2,1,0,Rear-end,V1: Travelling straight ahead / V2:Slowing or stopped in traffic,V1:Northbound / V2:Northbound ,V1: Collision with motor vehicle in traffic / V2: Collision with motor vehicle in traffic ,"V1: Bus (seats for more than 15 people, including driver) / V2:Light truck(van, mini-van, panel, pickup, sport utility) with only four tires",Dry,Daylight,Clear/Clear,,1906 DORCHESTER AVENUE / ASHMONT STREET,,,,,235981.2121,892919.3766
3509944,BOSTON (HYDE PARK),04-Jul-2013,4:31 PM,Non-fatal injury,2,2,0,"Sideswipe, same direction",V1: Travelling straight ahead / V2:Travelling straight ahead,V1:Not reported / V2:Not reported ,V1: Not reported / V2: Collision with motor vehicle in traffic ,"V1: Light truck(van, mini-van, panel, pickup, sport utility) with only four tires / V2:Motorcycle",Dry,Daylight,Clear/Clear,,750 HYDE PARK AVENUE,,,,,231358.038,891670.0195
3583693,BOSTON,04-Jul-2013,10:51 PM,Not Reported,2,0,0,"Sideswipe, same direction",V1: Travelling straight ahead / V2:Not reported,V1:Not reported / V2:Not reported ,V1: Collision with parked motor vehicle / V2: Not reported ,V1: Passenger car / V2:Not reported,Dry,Dark - lighted roadway,Clear,WASHINGTON STREET / ASPINWALL ROAD,,,,,,235317.0626,893591.7499
3512432,BOSTON,05-Jul-2013,8:03 AM,Non-fatal injury,1,1,0,Single vehicle crash,V1: Travelling straight ahead,V1:Not reported ,V1: Not reported ,"V1: Light truck(van, mini-van, panel, pickup, sport utility) with only four tires",Dry,Daylight,Clear/Clear,GREEN STREET / MAIN STREET,,,,,"P2:Pedalcyclist (bicycle, tricycle, unicycle, pedal car)",235870.5781,902874.0001
3975664,BOSTON,05-Jul-2013,9:45 AM,Fatal injury,1,0,1,Not reported,V1: Turning left,V1:Not reported ,V1: Collision with pedestrian ,V1: Passenger car,Unknown,Unknown,Unknown,,1836 CENTRE STREET,,,,P2:Pedestrian,228536.6305,892964.2624
3590275,BOSTON,05-Jul-2013,12:20 PM,Property damage only (none injured),2,0,0,"Sideswipe, same direction",V1: Travelling straight ahead / V2:Changing lanes,V1:Eastbound / V2:Eastbound ,V1: Collision with motor vehicle in traffic / V2: Collision with motor vehicle in traffic ,"V1: Light truck(van, mini-van, panel, pickup, sport utility) with only four tires / V2:Passenger car",Dry,Daylight,Clear,,STORROW DRIVE Rte 28 N / CHARLES STREET Rte 3A S,,,LEVERETT CIRCLE,,235489.5893,901749.5451
3551034,BOSTON (DORCHESTER),05-Jul-2013,2:03 PM,Not Reported,1,0,0,Unknown,V1: Turning right,V1:Southbound ,V1: Collision with pedestrian ,V1: Passenger car,Dry,Daylight,Clear/Clear,ADAMS STREET / DORCHESTER AVENUE,,,,DUNKIN DONUTS/CREDIT UNION,,235635.735,891395.1854
3523207,BOSTON,05-Jul-2013,7:20 PM,Property damage only (none injured),1,0,0,Angle,V1: Travelling straight ahead,V1:Northbound ,V1: Not reported ,V1: Passenger car,Dry,Daylight,Cloudy,,Rte 93 N / UNKNOWN,,Exit 23 on Rte 93 N,,,236957.4837,900943.9828
3560560,BOSTON,06-Jul-2013,9:55 AM,Non-fatal injury,2,1,0,Angle,V1: Travelling straight ahead / V2:Turning left,V1:Not reported / V2:Not reported ,V1: Collision with motor vehicle in traffic / V2: Collision with motor vehicle in traffic ,V1: Passenger car / V2:Passenger car,Dry,Daylight,Clear,,106 BELGRADE AVENUE,,,,,230152.8416,892935.2761
3523204,BOSTON,06-Jul-2013,11:26 AM,Property damage only (none injured),3,0,0,Rear-end,V1: Travelling straight ahead / V2:Not reported / V3:Travelling straight ahead,V1:Northbound / V2:Northbound / V3:Northbound ,V1: Collision with motor vehicle in traffic / V2: Not reported / V3: Collision with motor vehicle in traffic ,"V1: Light truck(van, mini-van, panel, pickup, sport utility) with only four tires / V2:Light truck(van, mini-van, panel, pickup, sport utility) with only four tires / V3:Light truck(van, mini-van, panel, pickup, sport utility) with only four tires",Dry,Daylight,Clear,,Rte 93 N / UNKNOWN,,,,,,
3512932,BOSTON,06-Jul-2013,11:58 AM,Non-fatal injury,1,1,0,Rear-end,V1: Backing,V1:Not reported ,V1: Collision with pedestrian ,"V1: Light truck(van, mini-van, panel, pickup, sport utility) with only four tires",Dry,Daylight,Clear,NEW CHARDON STREET / CANAL STREET,,,,,P2:Pedestrian,236329.7525,901543.8333
3560557,BOSTON,06-Jul-2013,2:32 PM,Property damage only (none injured),1,0,0,Single vehicle crash,V1: Turning right,V1:Not reported ,V1: Collision with utility pole ,V1: Passenger car,Dry,Daylight,Clear,LA GRANGE STREET / ADDINGTON ROAD,,,,,,227602.5154,893054.3751
3580408,BOSTON (DORCHESTER),06-Jul-2013,3:55 PM,Not Reported,2,0,0,Not reported,V1: Not reported / V2:Not reported,V1:Not reported / V2:Not reported ,V1: Not reported / V2: Not reported ,V1: Passenger car / V2:Passenger car,Not reported,Not reported,Not Reported,COLUMBIA ROAD / HAMILTON STREET,,,,,,235262.0595,895595.2269
3523205,BOSTON,06-Jul-2013,5:30 PM,Property damage only (none injured),1,0,0,Single vehicle crash,V1: Other,V1:Westbound ,V1: Collision with median barrier ,V1: Passenger car,Dry,Dark - lighted roadway,Clear,,Rte 90 W / UNKNOWN,,,TED WILLIAMS TUNNEL,,239027.4869,900892.004
3510749,BOSTON,06-Jul-2013,6:37 PM,Property damage only (none injured),1,0,0,Single vehicle crash,V1: Travelling straight ahead,V1:Westbound ,V1: Collision with median barrier ,V1: Passenger car,Dry,Dark - lighted roadway,Clear,,Rte 90 W / UNKNOWN,,Exit 24 on Rte 90 W,RAMP D SPLIT,,238090.4393,899691.5691
3510750,BOSTON,06-Jul-2013,7:05 PM,Property damage only (none injured),1,0,0,"Sideswipe, same direction",V1: Travelling straight ahead,V1:Northbound ,V1: Collision with median barrier ,"V1: Light truck(van, mini-van, panel, pickup, sport utility) with only four tires",Dry,Daylight,Clear,,Rte 93 N / UNKNOWN,,Exit 28 on Rte 93 N,,,234953.5188,903173.3157
3534532,BOSTON,06-Jul-2013,9:30 PM,Property damage only (none injured),2,0,0,"Sideswipe, same direction",V1: Changing lanes / V2:Travelling straight ahead,V1:Southbound / V2:Southbound ,V1: Collision with motor vehicle in traffic / V2: Collision with motor vehicle in traffic ,"V1: Light truck(van, mini-van, panel, pickup, sport utility) with only four tires / V2:Light truck(van, mini-van, panel, pickup, sport utility) with only four tires",Dry,Dark - lighted roadway,Clear,,Rte 93 S / UNKNOWN,,Exit 11 on Rte 93 S,,,237076.8671,891681.5326
3583695,BOSTON (DORCHESTER),06-Jul-2013,10:05 PM,Non-fatal injury,2,2,0,Angle,V1: Unknown / V2:Unknown,V1:Not reported / V2:Not reported ,V1: Collision with motor vehicle in traffic / V2: Collision with motor vehicle in traffic ,V1: Passenger car / V2:Passenger car,Dry,Dark - lighted roadway,Clear/Clear,BOWDOIN STREET / GENEVA AVENUE,,,,,,235337.1719,894858.1875
3512131,BOSTON (CHARLESTOWN),06-Jul-2013,11:40 PM,Not Reported,1,0,0,Not reported,V1: Unknown,V1:Southbound ,V1: Not reported ,V1: Passenger car,Not reported,Dark - lighted roadway,Cloudy/Unknown,,RUTHERFORD AVENUE,,,,,,
3508965,BOSTON,07-Jul-2013,1:52 AM,Non-fatal injury,6,5,0,Rear-end,V1: Slowing or stopped in traffic / V2:Travelling straight ahead / V3:Travelling straight ahead / V4:Travelling straight ahead / V5:Travelling straight ahead / V6:Travelling straight ahead,V1:Southbound / V2:Southbound / V3:Southbound / V4:Southbound / V5:Southbound / V6:Southbound ,V1: Collision with motor vehicle in traffic / V2: Collision with motor vehicle in traffic / V3: Collision with motor vehicle in traffic / V4: Collision with motor vehicle in traffic / V5: Collision with motor vehicle in traffic / V6: Collision with motor vehicle in traffic ,"V1: Light truck(van, mini-van, panel, pickup, sport utility) with only four tires / V2:Passenger car / V3:Passenger car / V4:Passenger car / V5:Passenger car / V6:Passenger car",Dry,Dark - lighted roadway,Clear,,JOHN F FITZGERALD EXPRESSWAY Rte 93 S,,,800 FEET SOUTH OF RAMADA CUT OUT,,237503.0871,893810.2951
3560566,BOSTON,07-Jul-2013,1:55 AM,Non-fatal injury,1,1,0,Single vehicle crash,V1: Leaving traffic lane,V1:Westbound ,V1: Collision with parked motor vehicle ,"V1: Light truck(van, mini-van, panel, pickup, sport utility) with only four tires",Dry,Dark - lighted roadway,Clear,LA GRANGE STREET / ROBIN STREET,,,,,,229108.4999,891758.9998
3543432,BOSTON,07-Jul-2013,2:00 AM,Property damage only (none injured),2,0,0,"Sideswipe, same direction",V1: Travelling straight ahead / V2:Leaving traffic lane,V1:Southbound / V2:Southbound ,V1: Collision with motor vehicle in traffic / V2: Collision with motor vehicle in traffic ,V1: Passenger car / V2:Passenger car,Dry,Dark - lighted roadway,Cloudy,,Rte 93 S,,Exit 12 on Rte 93 S,,,237620.5493,892713.0989
3523499,BOSTON,07-Jul-2013,11:06 AM,Property damage only (none injured),2,0,0,Rear-end,V1: Travelling straight ahead / V2:Slowing or stopped in traffic,V1:Eastbound / V2:Eastbound ,V1: Collision with motor vehicle in traffic / V2: Collision with motor vehicle in traffic ,V1: Passenger car / V2:Passenger car,Dry,Daylight,Clear,,SOLDIERS FIELD ROAD / RAMP - WESTERN AVE TO SOLDIERS FIELD RD,,,UNDER RIVER STREET,,231495.648,901240.2214
3505605,BOSTON,07-Jul-2013,3:20 PM,Non-fatal injury,2,2,0,Head-on,V1: Travelling straight ahead / V2:Turning left,V1:Eastbound / V2:Westbound ,V1: Collision with motor vehicle in traffic / V2: Collision with motor vehicle in traffic ,"V1: Light truck(van, mini-van, panel, pickup, sport utility) with only four tires / V2:Passenger car",Dry,Daylight,Clear,,ENNEKING PARKWAY Rte UNKNOW / SMITH FIELD ROAD,,,,,230079.5939,889809.25
3534498,BOSTON,07-Jul-2013,5:35 PM,Property damage only (none injured),2,0,0,Rear-end,V1: Travelling straight ahead / V2:Slowing or stopped in traffic,V1:Westbound / V2:Westbound ,V1: Collision with motor vehicle in traffic / V2: Collision with motor vehicle in traffic ,V1: Passenger car / V2:Passenger car,Dry,Daylight,Cloudy,,MONSIGNOR CASEY HIGHWAY Rte 203 W / ARBORWAY,,,FOREST HILLS OVERPASS,,232236.5394,894631.5681
3738392,BOSTON,07-Jul-2013,5:43 PM,Non-fatal injury,2,2,0,Angle,V1: Travelling straight ahead / V2:Travelling straight ahead,V1:Southbound / V2:Westbound ,V1: Collision with motor vehicle in traffic / V2: Collision with motor vehicle in traffic ,V1: Passenger car / V2:Passenger car,Wet,Dusk,Rain,AMES STREET / STRATTON STREET EXTENSION / WESTVIEW STREET,,,,,,234101.953,893445.75
3543234,BOSTON (SOUTH BOSTON),07-Jul-2013,7:09 PM,Not Reported,2,0,0,Rear-end,V1: Slowing or stopped in traffic / V2:Travelling straight ahead,V1:Southbound / V2:Southbound ,V1: Collision with parked motor vehicle / V2: Collision with motor vehicle in traffic ,V1: Passenger car / V2:Passenger car,Dry,Daylight,Cloudy,OLD COLONY AVENUE / DORCHESTER AVENUE,,,,,,236496.9845,898695.9373
3560564,BOSTON,07-Jul-2013,8:35 PM,Property damage only (none injured),1,0,0,"Sideswipe, same direction",V1: Travelling straight ahead,V1:Northbound ,"V1: Collision with cyclist (bicycle, tricycle, unicycle, pedal car) ",V1: Passenger car,Dry,Dusk,Cloudy,SOUTH STREET / LESHER STREET,,,,,"P4:Pedalcyclist (bicycle, tricycle, unicycle, pedal car)",231083.203,893675.0625
3583690,BOSTON (DORCHESTER),07-Jul-2013,9:30 PM,Not Reported,2,0,0,Not reported,V1: Parked / V2:Not reported,V1:Not reported / V2:Not reported ,V1: Not reported / V2: Not reported ,V1: Passenger car / V2:Not reported,Not reported,Not reported,Not Reported,FENTON STREET / DUNCAN STREET,,,,,,236406.6718,894794.8751
3602156,BOSTON,07-Jul-2013,10:04 PM,Non-fatal injury,2,1,0,Rear-end,V1: Travelling straight ahead / V2:Slowing or stopped in traffic,V1:Westbound / V2:Westbound ,V1: Collision with motor vehicle in traffic / V2: Collision with motor vehicle in traffic ,"V1: Light truck(van, mini-van, panel, pickup, sport utility) with only four tires / V2:Light truck(van, mini-van, panel, pickup, sport utility) with only four tires",Dry,Dark - lighted roadway,Clear,,PORTER STREET,,,,,238879.9158,902190.6671
3543966,BOSTON,07-Jul-2013,11:22 PM,Non-fatal injury,1,1,0,Single vehicle crash,V1: Travelling straight ahead,V1:Southbound ,V1: Collision with median barrier ,V1: Motorcycle,Dry,Dark - lighted roadway,Clear,,RAMP - RT 1 SB TO RUTHERFORD AVENUE / RAMP - RT 1 SB TO RUTHERFORD AVENUE,,,T/C RAMP,,235805.0058,902428.0745
3510751,BOSTON,08-Jul-2013,3:10 PM,Property damage only (none injured),4,0,0,Rear-end,V1: Slowing or stopped in traffic / V2:Slowing or stopped in traffic / V3:Slowing or stopped in traffic / V4:Travelling straight ahead,V1:Northbound / V2:Northbound / V3:Northbound / V4:Northbound ,V1: Collision with motor vehicle in traffic / V2: Collision with motor vehicle in traffic / V3: Collision with motor vehicle in traffic / V4: Collision with motor vehicle in traffic ,"V1: Light truck(van, mini-van, panel, pickup, sport utility) with only four tires / V2:Passenger car / V3:Light truck(van, mini-van, panel, pickup, sport utility) with only four tires / V4:Passenger car",Dry,Daylight,Cloudy,,JOHN F FITZGERALD EXPRESSWAY Rte 93 N / RAMP - BROADWAY TO RT 93 NB,,,O'NEILL PORTAL,,236459.005,899878.8038
3512231,BOSTON,08-Jul-2013,6:26 PM,Non-fatal injury,1,1,0,Not reported,V1: Slowing or stopped in traffic,V1:Northbound ,"V1: Collision with other fixed object (wall, building, tunnel, etc.) ","V1: Light truck(van, mini-van, panel, pickup, sport utility) with only four tires",Not reported,Not reported,Not Reported,,100 CAMBRIDGE STREET,,,CAMBRIDGE STREET,"P3:Pedalcyclist (bicycle, tricycle, unicycle, pedal car)",236015.6889,901278.0142
3535034,BOSTON,08-Jul-2013,6:27 PM,Property damage only (none injured),2,0,0,Angle,V1: Travelling straight ahead / V2:Turning left,V1:Eastbound / V2:Westbound ,V1: Collision with motor vehicle in traffic / V2: Collision with motor vehicle in traffic ,"V1: Light truck(van, mini-van, panel, pickup, sport utility) with only four tires / V2:Light truck(van, mini-van, panel, pickup, sport utility) with only four tires",Dry,Daylight,Cloudy,,GALLIVAN BOULEVARD,,,,,234693.0599,892106.1394
3512232,BOSTON (CHARLESTOWN),08-Jul-2013,10:08 PM,Non-fatal injury,1,1,0,Single vehicle crash,V1: Travelling straight ahead,V1:Eastbound ,V1: Collision with pedestrian ,V1: Passenger car,Dry,Dark - lighted roadway,Clear/Clear,,226 MAIN STREET,,,,,235728.3441,903014.6775
3546365,BOSTON,09-Jul-2013,12:35 PM,Property damage only (none injured),2,0,0,"Sideswipe, same direction",V1: Parked / V2:Entering traffic lane,V1:Southbound / V2:Westbound ,V1: Collision with other movable object / V2: Collision with other movable object ,V1: Passenger car / V2:Truck/trailer,Dry,Daylight,Clear,,TOMAHAWK DRIVE,,,,,238984.9785,901706.3809
3510752,BOSTON,09-Jul-2013,12:53 PM,Property damage only (none injured),2,0,0,Angle,V1: Travelling straight ahead / V2:Changing lanes,V1:Northbound / V2:Northbound ,V1: Collision with motor vehicle in traffic / V2: Other ,V1: Passenger car / V2:Passenger car,Dry,Daylight,Clear,,Rte 93 N / UNKNOWN,,Exit 27 on Rte 93 N,,,235655.07,902467.5364
3543232,BOSTON,09-Jul-2013,1:00 PM,Non-fatal injury,2,2,0,Angle,V1: Travelling straight ahead / V2:Travelling straight ahead,V1:Southbound / V2:Not reported ,V1: Collision with motor vehicle in traffic / V2: Collision with motor vehicle in traffic ,"V1: Passenger car / V2:Light truck(van, mini-van, panel, pickup, sport utility) with only four tires",Dry,Daylight,Cloudy,ALLSTATE ROAD / UNNAMED ROAD,,,,,,235984.129,897356.9195
3510753,BOSTON,09-Jul-2013,2:10 PM,Property damage only (none injured),2,0,0,Rear-end,V1: Travelling straight ahead / V2:Travelling straight ahead,V1:Westbound / V2:Westbound ,V1: Collision with motor vehicle in traffic / V2: Collision with motor vehicle in traffic ,V1: Passenger car / V2:Passenger car,Dry,Daylight,Clear,,Rte 90 W / UNKNOWN,,Exit 20 on Rte 90 W,,,231452.5043,900558.3731
3534499,BOSTON,09-Jul-2013,4:30 PM,Non-fatal injury,2,1,0,Rear-end,V1: Slowing or stopped in traffic / V2:Slowing or stopped in traffic,V1:Southbound / V2:Southbound ,V1: Collision with motor vehicle in traffic / V2: Collision with motor vehicle in traffic ,V1: Passenger car / V2:Passenger car,Dry,Daylight,Clear,,CENTRE STREET Rte UNKNOW / 1005,,,,,230989.5498,895169.4672
3562117,BOSTON,09-Jul-2013,5:30 PM,Property damage only (none injured),2,0,0,"Sideswipe, same direction",V1: Parked / V2:Travelling straight ahead,V1:Westbound / V2:Westbound ,V1: Collision with motor vehicle in traffic / V2: Collision with parked motor vehicle ,"V1: Light truck(van, mini-van, panel, pickup, sport utility) with only four tires / V2:Passenger car",Dry,Daylight,Clear,,POPLAR STREET Rte UNKNOW / 216,,,,,230783.7109,892394.4987
3510119,BOSTON,09-Jul-2013,5:50 PM,Non-fatal injury,2,1,0,Rear-end,V1: Travelling straight ahead / V2:Travelling straight ahead,V1:Eastbound / V2:Eastbound ,V1: Collision with motor vehicle in traffic / V2: Collision with motor vehicle in traffic ,"V1: Passenger car / V2:Light truck(van, mini-van, panel, pickup, sport utility) with only four tires",Dry,Daylight,Clear,,MASSACHUSETTS TURNPIKE Rte 90 E / RAMP - RT 90 EB TO STUART STREET & HUNTI,,,EAST OF PRU TUNNELS,,235154.7901,899791.8438
3534546,BOSTON,09-Jul-2013,8:32 PM,Property damage only (none injured),1,0,0,Single vehicle crash,V1: Travelling straight ahead,V1:Westbound ,V1: Not reported ,V1: Passenger car,Dry,Dark - lighted roadway,Not Reported,,THEODORE STREET,,,,,233883.3943,892648.498
3526102,BOSTON,09-Jul-2013,9:27 PM,Not Reported,2,0,0,Angle,V1: Turning left / V2:Travelling straight ahead,V1:Eastbound / V2:Not reported ,V1: Not reported / V2: Not reported ,V1: Passenger car / V2:Passenger car,Dry,Dark - lighted roadway,Clear,WASHINGTON STREET / BROCK STREET,,,,,,227977.8437,899880.1252
3527838,BOSTON,10-Jul-2013,6:24 AM,Property damage only (none injured),2,0,0,"Sideswipe, same direction",V1: Travelling straight ahead / V2:Travelling straight ahead,V1:Northbound / V2:Northbound ,V1: Collision with motor vehicle in traffic / V2: Collision with motor vehicle in traffic ,"V1: Light truck(van, mini-van, panel, pickup, sport utility) with only four tires / V2:Light truck(van, mini-van, panel, pickup, sport utility) with only four tires",Dry,Daylight,Clear,,Rte 93 N / UNKNOWN,,Exit 16 on Rte 93 N,,,236403.9842,897524.312
3523206,BOSTON,10-Jul-2013,12:33 PM,Property damage only (none injured),2,0,0,Rear-end,V1: Slowing or stopped in traffic / V2:Slowing or stopped in traffic,V1:Southbound / V2:Southbound ,V1: Collision with motor vehicle in traffic / V2: Collision with motor vehicle in traffic ,"V1: Passenger car / V2:Light truck(van, mini-van, panel, pickup, sport utility) with only four tires",Dry,Daylight,Clear,,Rte 93 S / UNKNOWN,,Exit 18 on Rte 93 S,,,236013.2783,899092.9981
3523497,BOSTON,10-Jul-2013,1:40 PM,Property damage only (none injured),2,0,0,Rear-end,V1: Slowing or stopped in traffic / V2:Travelling straight ahead,V1:Westbound / V2:Westbound ,V1: Collision with motor vehicle in traffic / V2: Collision with motor vehicle in traffic ,V1: Passenger car / V2:Passenger car,Dry,Daylight,Clear,,STORROW DRIVE Rte 28 N / RAMP TO CHARLES CIRCLE,,,0 feet E from LONGFELLOW BRIDGE,,235233.3717,901325.8185
3523208,BOSTON,10-Jul-2013,2:45 PM,Non-fatal injury,3,1,0,Rear-end,V1: Travelling straight ahead / V2:Travelling straight ahead / V3:Not reported,V1:Northbound / V2:Northbound / V3:Northbound ,V1: Collision with motor vehicle in traffic / V2: Collision with motor vehicle in traffic / V3: Collision with motor vehicle in traffic ,"V1: Light truck(van, mini-van, panel, pickup, sport utility) with only four tires / V2:Passenger car / V3:Passenger car",Dry,Daylight,Clear,,LEVERETT CONNECTOR NORTH / INTERSTATE 93 Rte 93 N,,,,,234805.3764,903457.5375
3526104,BOSTON (BRIGHTON),10-Jul-2013,3:34 PM,Unknown,2,0,0,Rear-end,V1: Parked / V2:Slowing or stopped in traffic,V1:Not reported / V2:Not reported ,V1: Collision with motor vehicle in traffic / V2: Collision with motor vehicle in traffic ,V1: Passenger car / V2:Passenger car,Dry,Daylight,Clear,,920 COMMONWEALTH AVENUE,,,,,231548.6992,900147.3304
3510840,BOSTON,10-Jul-2013,3:34 PM,Property damage only (none injured),2,0,0,"Sideswipe, same direction",V1: Travelling straight ahead / V2:Travelling straight ahead,V1:Northbound / V2:Northbound ,V1: Collision with motor vehicle in traffic / V2: Collision with motor vehicle in traffic ,"V1: Light truck(van, mini-van, panel, pickup, sport utility) with only four tires / V2:Light truck(van, mini-van, panel, pickup, sport utility) with only four tires",Dry,Daylight,Clear,,Rte 93 N / UNKNOWN,,Exit 13 on Rte 93 N,,,237420.1414,894076.5227
3535936,BOSTON (CHARLESTOWN),10-Jul-2013,7:24 PM,Non-fatal injury,2,1,0,Rear-end,V1: Travelling straight ahead / V2:Travelling straight ahead,V1:Southbound / V2:Southbound ,"V1: Collision with motor vehicle in traffic / V2: Collision with cyclist (bicycle, tricycle, unicycle, pedal car) ",V1: Passenger car / V2:Passenger car,Wet,Dusk,Rain/Other,COOK STREET / BUNKER HILL STREET,,,,,,235865.0311,903354.4998
3566609,BOSTON,10-Jul-2013,10:31 PM,Non-fatal injury,2,1,0,Rear-end,V1: Changing lanes / V2:Travelling straight ahead,V1:Northbound / V2:Northbound ,V1: Collision with motor vehicle in traffic / V2: Collision with motor vehicle in traffic ,V1: Passenger car / V2:Passenger car,Wet,Dark - lighted roadway,Cloudy/Rain,,Rte 93 N / UNKNOWN,,,,,236612.9046,900287.568
3535037,BOSTON,11-Jul-2013,00:00 AM,Property damage only (none injured),2,0,0,Rear-end,V1: Changing lanes / V2:Travelling straight ahead,V1:Southbound / V2:Southbound ,V1: Collision with motor vehicle in traffic / V2: Collision with motor vehicle in traffic ,"V1: Light truck(van, mini-van, panel, pickup, sport utility) with only four tires / V2:Passenger car",Dry,Dark - lighted roadway,Not Reported,,Rte 93 S,,Exit 12 on Rte 93 S,,,237620.5493,892713.0989
3523209,BOSTON,11-Jul-2013,11:08 AM,Property damage only (none injured),1,0,0,Single vehicle crash,V1: Travelling straight ahead,V1:Northbound ,V1: Collision with guardrail ,"V1: Light truck(van, mini-van, panel, pickup, sport utility) with only four tires",Dry,Daylight,Clear,,RAMP-RT 93 NB TO STORROW DRIVE / RAMP-RT 93 NB TO STORROW DRIVE Rte 3 N,,,S-N TUNNEL,,235947.1725,901867.5258
3541449,BOSTON,11-Jul-2013,11:35 AM,Property damage only (none injured),2,0,0,Rear-end,V1: Travelling straight ahead / V2:Parked,V1:Eastbound / V2:Not reported ,V1: Collision with parked motor vehicle / V2: Not reported ,"V1: Passenger car / V2:Light truck(van, mini-van, panel, pickup, sport utility) with only four tires",Dry,Daylight,Not Reported,,STORROW DRIVE / LONGFELLOW BRIDGE,,,EAST OF THE STORROW TUNNEL,,235193.1629,901280.3507
3532826,BOSTON,11-Jul-2013,12:12 PM,Non-fatal injury,1,1,0,Single vehicle crash,V1: Travelling straight ahead,V1:Westbound ,V1: Collision with guardrail ,V1: Passenger car,Wet,Daylight,Clear/Rain,,SOLDIERS FIELD ROAD Rte UNKNOW W / NORTH HARVARD STREET,,,,,230992.3482,902048.2872
3523210,BOSTON,11-Jul-2013,2:40 PM,Property damage only (none injured),2,0,0,Rear-end,V1: Travelling straight ahead / V2:Slowing or stopped in traffic,V1:Southbound / V2:Southbound ,V1: Collision with motor vehicle in traffic / V2: Collision with motor vehicle in traffic ,"V1: Light truck(van, mini-van, panel, pickup, sport utility) with only four tires / V2:Light truck(van, mini-van, panel, pickup, sport utility) with only four tires",Dry,Daylight,Clear,,Rte 93 S / UNKNOWN,,,,,236265.3929,899975.0563
3523503,BOSTON,11-Jul-2013,2:44 PM,Non-fatal injury,3,1,0,Angle,V1: Travelling straight ahead / V2:Travelling straight ahead / V3:Parked,V1:Southbound / V2:Eastbound / V3:Southbound ,V1: Collision with motor vehicle in traffic / V2: Collision with motor vehicle in traffic / V3: Collision with motor vehicle in traffic ,"V1: Passenger car / V2:Passenger car / V3:Light truck(van, mini-van, panel, pickup, sport utility) with only four tires",Dry,Daylight,Clear,,MORTON STREET Rte UNKNOW / HARVARD STREET,,,,,233493.5311,893100.9999