Crash Number,City/Town Name,Crash Date,Crash Time,Crash Severity,Number of Vehicles,Total Nonfatal Injuries,Total Fatal Injuries,Manner of Collision,Vehicle Action Prior to Crash,Vehicle Travel Directions,Most Harmful Events,Vehicle Configuration,Road Surface Condition,Ambient Light,Weather Condition,At Roadway Intersection,Distance from Nearest Roadway Intersection,Distance from Nearest Milemarker,Distance from Nearest Exit,Distance from Nearest Landmark,Non Motorist Type,X Coordinate,Y Coordinate
3535935,BOSTON,11-Jul-2013,5:15 PM,Property damage only (none injured),1,0,0,Angle,V1: Slowing or stopped in traffic,V1:Not reported ,"V1: Collision with cyclist (bicycle, tricycle, unicycle, pedal car) ","V1: Light truck(van, mini-van, panel, pickup, sport utility) with only four tires",Dry,Daylight,Clear/Clear,SULLIVAN SQUARE / RUTHERFORD AVENUE / CAMBRIDGE STREET,,,,MAIN STREET,,235103.7143,903798.1873
3535039,BOSTON,11-Jul-2013,5:36 PM,Property damage only (none injured),3,0,0,Rear-end,V1: Slowing or stopped in traffic / V2:Slowing or stopped in traffic / V3:Slowing or stopped in traffic,V1:Northbound / V2:Northbound / V3:Northbound ,V1: Collision with motor vehicle in traffic / V2: Collision with motor vehicle in traffic / V3: Collision with motor vehicle in traffic ,"V1: Light truck(van, mini-van, panel, pickup, sport utility) with only four tires / V2:Light truck(van, mini-van, panel, pickup, sport utility) with only four tires / V3:Passenger car",Dry,Daylight,Cloudy,,Rte 93 N,,Exit 11 on Rte 93,,,237094.7253,891674.8051
3523211,BOSTON,11-Jul-2013,5:45 PM,Property damage only (none injured),3,0,0,Rear-end,V1: Travelling straight ahead / V2:Travelling straight ahead / V3:Travelling straight ahead,V1:Southbound / V2:Southbound / V3:Southbound ,V1: Collision with motor vehicle in traffic / V2: Collision with motor vehicle in traffic / V3: Collision with motor vehicle in traffic ,V1: Passenger car / V2:Passenger car / V3:Passenger car,Dry,Daylight,Clear,,JOHN F FITZGERALD EXPRESSWAY Rte 93 S / RAMP - RT 93 SB TO CALLAHAN TUNNEL,,,NORTH  OF EXIT 24,,236383.4862,901585.1158
3560986,BOSTON,11-Jul-2013,5:50 PM,Non-fatal injury,2,2,0,Angle,V1: Turning left / V2:Travelling straight ahead,V1:Northbound / V2:Eastbound ,V1: Collision with motor vehicle in traffic / V2: Collision with motor vehicle in traffic ,V1: Passenger car / V2:Passenger car,Dry,Daylight,Clear,RAMP - HARBORSIDE DRIVE TO RT 90 WB / HARBORSIDE DRIVE / TRANSPORTATION WAY,,,,TRANSPORTATION WAY AT JEFFRIES S,,238897.5626,901946.4947
3541448,BOSTON,11-Jul-2013,5:55 PM,Property damage only (none injured),2,0,0,"Sideswipe, same direction",V1: Travelling straight ahead / V2:Changing lanes,V1:Southbound / V2:Southbound ,V1: Collision with motor vehicle in traffic / V2: Collision with motor vehicle in traffic ,"V1: Bus (seats for 7-15 people, including driver) / V2:Passenger car",Dry,Daylight,Not Reported,,HARBORSIDE DRIVE / HOTEL DRIVE,,,HARBORSIDE DR,,239113.9529,901729.7122
3535040,BOSTON,11-Jul-2013,10:15 PM,Non-fatal injury,2,1,0,Single vehicle crash,V1: Changing lanes / V2:Leaving traffic lane,V1:Northbound / V2:Northbound ,"V1: Collision with cyclist (bicycle, tricycle, unicycle, pedal car) / V2: Collision with cyclist (bicycle, tricycle, unicycle, pedal car) ","V1: Passenger car / V2:Light truck(van, mini-van, panel, pickup, sport utility) with only four tires",Dry,Dark - lighted roadway,Clear,,KOSCIUSZKO CIRCLE,,,,"P1:Pedalcyclist (bicycle, tricycle, unicycle, pedal car)",237020.6238,896892.1848
3534486,BOSTON,12-Jul-2013,7:51 AM,Property damage only (none injured),2,0,0,Rear-end,V1: Slowing or stopped in traffic / V2:Travelling straight ahead,V1:Southbound / V2:Southbound ,V1: Collision with motor vehicle in traffic / V2: Collision with motor vehicle in traffic ,"V1: Light truck(van, mini-van, panel, pickup, sport utility) with only four tires / V2:Light truck(van, mini-van, panel, pickup, sport utility) with only four tires",Dry,Daylight,Clear,OLD COLONY AVENUE / MOUNT VERNON STREET,,,,KOSCIUSKO CIRCLE,,236937.771,896846.3844
3561681,BOSTON (ROSLINDALE),12-Jul-2013,9:05 AM,Property damage only (none injured),2,0,0,Rear-end,V1: Slowing or stopped in traffic / V2:Travelling straight ahead,V1:Not reported / V2:Not reported ,V1: Collision with motor vehicle in traffic / V2: Collision with motor vehicle in traffic ,V1: Passenger car / V2:Passenger car,Dry,Daylight,Clear,WALTER STREET / CENTRE STREET,,,,,,230516.1093,894243.8126
3527765,BOSTON,12-Jul-2013,10:11 AM,Property damage only (none injured),3,0,0,Rear-end,V1: Slowing or stopped in traffic / V2:Slowing or stopped in traffic / V3:Slowing or stopped in traffic,V1:Southbound / V2:Southbound / V3:Southbound ,V1: Collision with motor vehicle in traffic / V2: Collision with motor vehicle in traffic / V3: Collision with motor vehicle in traffic ,"V1: Passenger car / V2:Light truck(van, mini-van, panel, pickup, sport utility) with only four tires / V3:Light truck(van, mini-van, panel, pickup, sport utility) with only four tires",Dry,Daylight,Clear,RAMP - LEVERETT CIRCLE TO LEVERETT CONNE / RAMP - STORROW DRIVE TO LEVERETT CONNECT / LEVERETT CONNECTOR NORTH,,,,STATION TUNNEL,,235982.0288,901896.4144
3527839,BOSTON,12-Jul-2013,10:23 AM,Property damage only (none injured),1,0,0,Single vehicle crash,V1: Travelling straight ahead,V1:Southbound ,V1: Collision with overhead sign support ,V1: Passenger car,Dry,Daylight,Clear,,JOHN F FITZGERALD EXPRESSWAY Rte 93 S,,,ZAKIM BRIDGE,,235972.3133,902106.7433
3523257,BOSTON,12-Jul-2013,3:00 PM,Property damage only (none injured),2,0,0,Angle,V1: Travelling straight ahead / V2:Making U-turn,V1:Northbound / V2:Northbound ,V1: Collision with motor vehicle in traffic / V2: Collision with motor vehicle in traffic ,V1: Passenger car / V2:Passenger car,Dry,Daylight,Clear,,MASSACHUSETTS AVENUE Rte 2A W / RAMP - STORROW DR TO RT 2A WB,,,MASS AVE BRIDGE,,233747.2644,900325.2001
3527766,BOSTON,12-Jul-2013,3:55 PM,Property damage only (none injured),2,0,0,Rear-end,V1: Travelling straight ahead / V2:Travelling straight ahead,V1:Southbound / V2:Southbound ,V1: Collision with motor vehicle in traffic / V2: Collision with motor vehicle in traffic ,"V1: Passenger car / V2:Light truck(van, mini-van, panel, pickup, sport utility) with only four tires",Dry,Daylight,Clear,,Rte 93 S / UNKNOWN,,Exit 18 on Rte 93 S,,,236013.2783,899092.9981
3556644,BOSTON,12-Jul-2013,4:50 PM,Property damage only (none injured),3,0,0,Rear-end,V1: Travelling straight ahead / V2:Slowing or stopped in traffic / V3:Slowing or stopped in traffic,V1:Northbound / V2:Northbound / V3:Northbound ,V1: Collision with motor vehicle in traffic / V2: Collision with motor vehicle in traffic / V3: Collision with motor vehicle in traffic ,V1: Passenger car / V2:Passenger car / V3:Passenger car,Dry,Daylight,Cloudy,,WILLIAM T MORRISSEY BOULEVARD / DOMINIC J BANCULLI BOULEVARD,,,,,237375.8201,895982.1137
3560859,BOSTON,12-Jul-2013,5:15 PM,Property damage only (none injured),2,0,0,Rear-end,V1: Slowing or stopped in traffic / V2:Travelling straight ahead,V1:Northbound / V2:Northbound ,V1: Collision with motor vehicle in traffic / V2: Collision with motor vehicle in traffic ,"V1: Light truck(van, mini-van, panel, pickup, sport utility) with only four tires / V2:Passenger car",Dry,Daylight,Clear,RAMP - EAST BOSTON EXPRESSWAY TO FRANKFO / FRANKFORT STREET / SERVICE ROAD,,,,"1A NB RAMP TO SERVICE RD, LOGAN",,239030.0154,903128.9377
3556582,BOSTON,12-Jul-2013,5:20 PM,Property damage only (none injured),2,0,0,Angle,V1: Travelling straight ahead / V2:Travelling straight ahead,V1:Northbound / V2:Westbound ,V1: Collision with motor vehicle in traffic / V2: Collision with motor vehicle in traffic ,V1: Passenger car / V2:Passenger car,Dry,Daylight,Not Reported,,GALLIVAN BOULEVARD Rte UNKNOW / 432,,,,,236387.5819,892487.7685
3534488,BOSTON,12-Jul-2013,6:15 PM,Property damage only (none injured),3,0,0,Rear-end,V1: Travelling straight ahead / V2:Slowing or stopped in traffic / V3:Slowing or stopped in traffic,V1:Southbound / V2:Southbound / V3:Southbound ,V1: Collision with motor vehicle in traffic / V2: Collision with motor vehicle in traffic / V3: Collision with moped ,"V1: Passenger car / V2:Light truck(van, mini-van, panel, pickup, sport utility) with only four tires / V3:Light truck(van, mini-van, panel, pickup, sport utility) with only four tires",Dry,Daylight,Clear,,Rte 93 S / UNKNOWN,,Exit 12 on Rte 93 S,,,237620.5493,892713.0989
3543170,BOSTON (SOUTH BOSTON),12-Jul-2013,6:44 PM,Non-fatal injury,1,1,0,Not reported,V1: Not reported,V1:Not reported ,V1: Not reported ,V1: Passenger car,Not reported,Not reported,Not Reported,DORCHESTER AVENUE / SOUTHAMPTON STREET,,,,,P2:Pedestrian,236510.1312,897763.8146
3523212,BOSTON,12-Jul-2013,10:11 PM,Non-fatal injury,1,1,0,Single vehicle crash,V1: Travelling straight ahead,V1:Eastbound ,V1: Collision with pedestrian ,"V1: Light truck(van, mini-van, panel, pickup, sport utility) with only four tires",Dry,Dark - lighted roadway,Clear,MASSACHUSETTS AVENUE CONNECTOR / MELNEA CASS BOULEVARD / SOUTHAMPTON STREET,,,,MASS AVE CONNECTOR,P2:Pedestrian,235266.4401,898096.4559
3510755,BOSTON,12-Jul-2013,10:49 PM,Property damage only (none injured),2,0,0,Rear-end,V1: Turning left / V2:Travelling straight ahead,V1:Southbound / V2:Eastbound ,V1: Collision with motor vehicle in traffic / V2: Collision with motor vehicle in traffic ,"V1: Light truck(van, mini-van, panel, pickup, sport utility) with only four tires / V2:Passenger car",Dry,Dark - lighted roadway,Clear,SEAPORT BOULEVARDALIAS NORTHERN AVENUE / D STREET,,,,,,237931.7534,899946.2464
3543173,BOSTON,12-Jul-2013,11:20 PM,Property damage only (none injured),2,0,0,Rear-end,V1: Travelling straight ahead / V2:Not reported,V1:Not reported / V2:Not reported ,V1: Collision with motor vehicle in traffic / V2: Not reported ,V1: Passenger car / V2:Passenger car,Dry,Dark - lighted roadway,Clear/Clear,NORTHERN AVENUE / B STREET,,,,,,237665.6798,900091.5202
3527840,BOSTON,13-Jul-2013,8:46 AM,Property damage only (none injured),2,0,0,Rear-end,V1: Travelling straight ahead / V2:Travelling straight ahead,V1:Westbound / V2:Westbound ,V1: Collision with guardrail / V2: Collision with motor vehicle in traffic ,V1: Passenger car / V2:Motor home/recreational vehicle,Wet,Daylight,Rain,,Rte 90 W / UNKNOWN,,Exit 20 on Rte 90 W,,,231452.5043,900558.3731
3556645,BOSTON,13-Jul-2013,12:00 PM,Property damage only (none injured),2,0,0,"Sideswipe, same direction",V1: Entering traffic lane / V2:Entering traffic lane,V1:Westbound / V2:Westbound ,V1: Collision with motor vehicle in traffic / V2: Collision with motor vehicle in traffic ,V1: Passenger car / V2:Passenger car,Dry,Daylight,Clear,WILLIAM T MORRISSEY BOULEVARD / FREEPORT STREET,,,,,,237175.7655,894558.6875
3562836,BOSTON (CHARLESTOWN),13-Jul-2013,1:45 PM,Property damage only (none injured),2,0,0,Rear-end,V1: Slowing or stopped in traffic / V2:Travelling straight ahead,V1:Southbound / V2:Southbound ,V1: Collision with motor vehicle in traffic / V2: Collision with motor vehicle in traffic ,"V1: Bus (seats for more than 15 people, including driver) / V2:Passenger car",Dry,Daylight,Clear,,MAFFA WAY / CAMBRIDGE STREET,,,,,235056.4526,903813.4822
3523213,BOSTON,13-Jul-2013,3:00 PM,Property damage only (none injured),2,0,0,Rear-end,V1: Slowing or stopped in traffic / V2:Travelling straight ahead,V1:Northbound / V2:Northbound ,V1: Collision with motor vehicle in traffic / V2: Collision with motor vehicle in traffic ,"V1: Light truck(van, mini-van, panel, pickup, sport utility) with only four tires / V2:Light truck(van, mini-van, panel, pickup, sport utility) with only four tires",Dry,Daylight,Clear/Cloudy,,MAURICE TOBIN BRIDGE Rte 1 N / TOBIN BRIDGE Rte 1 N,,,TOBIN BRIDGE,,237276.0263,903944.3311
3541191,BOSTON,13-Jul-2013,3:05 PM,Non-fatal injury,2,1,0,Angle,V1: Travelling straight ahead / V2:Travelling straight ahead,V1:Southbound / V2:Westbound ,V1: Collision with motor vehicle in traffic / V2: Collision with motor vehicle in traffic ,"V1: Light truck(van, mini-van, panel, pickup, sport utility) with only four tires / V2:Passenger car",Dry,Daylight,Cloudy,CHARLESGATE EAST / COMMONWEALTH AVENUE,,,,,,233649.9732,899935.8523
3510849,BOSTON,13-Jul-2013,3:41 PM,Not Reported,2,0,0,Rear-end,V1: Backing / V2:Parked,V1:Not reported / V2:Not reported ,V1: Collision with parked motor vehicle / V2: Collision with motor vehicle in traffic ,"V1: Light truck(van, mini-van, panel, pickup, sport utility) with only four tires / V2:Passenger car",Dry,Daylight,Cloudy,,PUTNAM STREET / CHELSEA STREET,,,,,238664.3256,903052.3056
3527767,BOSTON,13-Jul-2013,3:55 PM,Property damage only (none injured),2,0,0,Rear-end,V1: Travelling straight ahead / V2:Slowing or stopped in traffic,V1:Westbound / V2:Westbound ,V1: Collision with motor vehicle in traffic / V2: Collision with motor vehicle in traffic ,"V1: Light truck(van, mini-van, panel, pickup, sport utility) with only four tires / V2:Light truck(van, mini-van, panel, pickup, sport utility) with only four tires",Dry,Dusk,Clear/Cloudy,,Rte 93 S / UNKNOWN,,Exit 26 on Rte 93 S,AT STATION TUNNEL ENTRANCE,,234851.4113,903728.5151
3583684,BOSTON (DORCHESTER),13-Jul-2013,9:28 PM,Not Reported,1,0,0,Single vehicle crash,V1: Not reported,V1:Not reported ,V1: Not reported ,"V1: Light truck(van, mini-van, panel, pickup, sport utility) with only four tires",Dry,Dark - lighted roadway,Clear/Clear,,4 FERNALD TERRACE,,,,P2:Pedestrian,235727.3786,895614.1264
3523214,BOSTON,14-Jul-2013,00:00 AM,Property damage only (none injured),2,0,0,Rear-end,V1: Travelling straight ahead / V2:Travelling straight ahead,V1:Southbound / V2:Northbound ,V1: Collision with motor vehicle in traffic / V2: Collision with motor vehicle in traffic ,"V1: Light truck(van, mini-van, panel, pickup, sport utility) with only four tires / V2:Light truck(van, mini-van, panel, pickup, sport utility) with only four tires",Dry,Dark - lighted roadway,Not Reported,,MAURICE TOBIN BRIDGE Rte 1 N / TOBIN BRIDGE Rte 1 N,,,,,237227.4167,903870.0105
3523246,BOSTON,14-Jul-2013,2:08 AM,Property damage only (none injured),1,0,0,Single vehicle crash,V1: Travelling straight ahead,V1:Eastbound ,V1: Collision with median barrier ,V1: Passenger car,Dry,Dark - lighted roadway,Clear,,Rte 90 E / UNKNOWN,,Exit 24B on Rte 90 E,,,236020.7529,899669.4659
3548543,BOSTON,14-Jul-2013,2:11 AM,Non-fatal injury,1,1,0,Single vehicle crash,V1: Not reported,V1:Eastbound ,V1: Not reported ,V1: Passenger car,Dry,Dark - lighted roadway,Clear,,STORROW DRIVE / RAMP - STORROW DRIVE TO CLARENDON STREET,,,,,234639.4968,900502.6548
3535933,BOSTON (CHARLESTOWN),14-Jul-2013,2:32 AM,Non-fatal injury,2,1,0,Rear-end,V1: Travelling straight ahead / V2:Travelling straight ahead,V1:Not reported / V2:Not reported ,V1: Not reported / V2: Not reported ,"V1: Light truck(van, mini-van, panel, pickup, sport utility) with only four tires / V2:Unknown vehicle configuration",Dry,Dark - lighted roadway,Clear,CAMBRIDGE STREET / SPICE STREET,,,,,,234965.6535,903759.4237
3526107,BOSTON (ROSLINDALE),14-Jul-2013,5:10 AM,Property damage only (none injured),1,0,0,Single vehicle crash,V1: Travelling straight ahead,V1:Not reported ,V1: Collision with light pole or other post/support ,"V1: Light truck(van, mini-van, panel, pickup, sport utility) with only four tires",Dry,Dawn,"Cloudy/Fog, smog, smoke",,757 AMERICAN LEGION HIGHWAY,,,,,231716.3321,892454.7468
3523225,BOSTON,14-Jul-2013,10:55 AM,Property damage only (none injured),2,0,0,Rear-end,V1: Travelling straight ahead / V2:Slowing or stopped in traffic,V1:Eastbound / V2:Eastbound ,V1: Collision with motor vehicle in traffic / V2: Collision with motor vehicle in traffic ,"V1: Light truck(van, mini-van, panel, pickup, sport utility) with only four tires / V2:Passenger car",Dry,Daylight,Cloudy,,STORROW DRIVE / CHARLESGATE OVERPASS,,,"WEST OF THE FAIRFIELD ST., FOOTB",,234223.3581,900346.8317
3523215,BOSTON,14-Jul-2013,2:11 PM,Property damage only (none injured),3,0,0,Rear-end,V1: Travelling straight ahead / V2:Travelling straight ahead / V3:Travelling straight ahead,V1:Southbound / V2:Southbound / V3:Southbound ,V1: Collision with motor vehicle in traffic / V2: Collision with motor vehicle in traffic / V3: Collision with motor vehicle in traffic ,"V1: Passenger car / V2:Light truck(van, mini-van, panel, pickup, sport utility) with only four tires / V3:Light truck(van, mini-van, panel, pickup, sport utility) with only four tires",Dry,Daylight,Clear,,Rte 93 S / UNKNOWN,,Exit 23 on Rte 93 S,,,236856.2793,901152.8251
3523247,BOSTON,14-Jul-2013,2:30 PM,Property damage only (none injured),3,0,0,Rear-end,V1: Slowing or stopped in traffic / V2:Slowing or stopped in traffic / V3:Travelling straight ahead,V1:Westbound / V2:Westbound / V3:Westbound ,V1: Collision with motor vehicle in traffic / V2: Collision with motor vehicle in traffic / V3: Collision with motor vehicle in traffic ,"V1: Light truck(van, mini-van, panel, pickup, sport utility) with only four tires / V2:Passenger car / V3:Light truck(van, mini-van, panel, pickup, sport utility) with only four tires",Dry,Daylight,Cloudy,,RAMP - LEVERETT CIRCLE TO RT 93 SB Rte 3 S / JOHN F FITZGERALD EXPRESSWAY Rte 1 S,,,STATION TUNNEL TO STORROW WB,,236015.1193,901998.9823
3523258,BOSTON,14-Jul-2013,3:35 PM,Property damage only (none injured),2,0,0,Angle,V1: Travelling straight ahead / V2:Travelling straight ahead,V1:Northbound / V2:Eastbound ,V1: Collision with motor vehicle in traffic / V2: Collision with motor vehicle in traffic ,"V1: Light truck(van, mini-van, panel, pickup, sport utility) with only four tires / V2:Light truck(van, mini-van, panel, pickup, sport utility) with only four tires",Dry,Daylight,Clear,RAMP - CHARLESGATE OVERPASS TO CHARLESGA / COMMONWEALTH AVENUE Rte 2 E / CHARLESGATE EAST,,,,CHARLESGATE EAST AND COMM. AVE.,,233650.5,899898.4998
3556646,BOSTON,14-Jul-2013,4:45 PM,Property damage only (none injured),3,0,0,Rear-end,V1: Slowing or stopped in traffic / V2:Travelling straight ahead / V3:Slowing or stopped in traffic,V1:Northbound / V2:Northbound / V3:Northbound ,V1: Collision with motor vehicle in traffic / V2: Collision with motor vehicle in traffic / V3: Collision with motor vehicle in traffic ,"V1: Light truck(van, mini-van, panel, pickup, sport utility) with only four tires / V2:Passenger car / V3:Passenger car",Dry,Daylight,Clear,,Rte 93 N / UNKNOWN,,Exit 11 on Rte 93 N,,,237094.7253,891674.8051
3523216,BOSTON,14-Jul-2013,5:25 PM,Non-fatal injury,1,2,0,Single vehicle crash,V1: Travelling straight ahead,V1:Westbound ,V1: Collision with median barrier ,V1: Motorcycle,Dry,Daylight,Clear/Cloudy,RAMP - RT 90 WB TO RT 93 SB Rte 1A S / RAMP - RT 90 WB TO RT 93 NB / RAMP - RT 90 WB/CONGRESS STREET TO RT 93 Rte 1A S,,,,RAMP D AT RT 93 SPLIT,,236475.7222,899745.5214
3526105,BOSTON,14-Jul-2013,6:53 PM,Not Reported,1,0,0,Not reported,V1: Not reported,V1:Not reported ,V1: Not reported ,"V1: Light truck(van, mini-van, panel, pickup, sport utility) with only four tires",Not reported,Not reported,Not Reported,CUMMINS HIGHWAY / WOOD AVENUE,,,,,,232238.1562,891617.1876
3541293,BOSTON,14-Jul-2013,7:15 PM,Property damage only (none injured),2,0,0,Angle,V1: Travelling straight ahead / V2:Backing,V1:Northbound / V2:Eastbound ,V1: Collision with motor vehicle in traffic / V2: Collision with motor vehicle in traffic ,"V1: Light truck(van, mini-van, panel, pickup, sport utility) with only four tires / V2:Light truck(van, mini-van, panel, pickup, sport utility) with only four tires",Dry,Daylight,Clear,,34 TREMONT STREET,,,,,227194.2637,900010.2009
3518331,BOSTON,14-Jul-2013,7:53 PM,Not Reported,2,0,0,Not reported,V1: Not reported / V2:Not reported,V1:Not reported / V2:Not reported ,V1: Not reported / V2: Not reported ,"V1: Light truck(van, mini-van, panel, pickup, sport utility) with only four tires / V2:Passenger car",Not reported,Not reported,Not Reported,CUMMINS HIGHWAY / WOOD AVENUE,,,,,,232238.1562,891617.1876
3523496,BOSTON,14-Jul-2013,11:15 PM,Property damage only (none injured),2,0,0,Rear-end,V1: Slowing or stopped in traffic / V2:Slowing or stopped in traffic,V1:Northbound / V2:Northbound ,V1: Collision with motor vehicle in traffic / V2: Collision with motor vehicle in traffic ,V1: Tractor/semi-trailer / V2:Tractor/semi-trailer,Dry,Dark - lighted roadway,Clear,,Rte 93 N,Rte 93  N Milemarker 16.6,,,,236555.8506,900137.1433
3535046,BOSTON,14-Jul-2013,11:21 PM,Property damage only (none injured),2,0,0,"Sideswipe, same direction",V1: Travelling straight ahead / V2:Parked,V1:Eastbound / V2:Eastbound ,V1: Not reported / V2: Not reported ,"V1: Passenger car / V2:Light truck(van, mini-van, panel, pickup, sport utility) with only four tires",Dry,Dark - lighted roadway,Not Reported,,MORTON STREET,,,,,,
3543957,BOSTON,14-Jul-2013,11:38 PM,Non-fatal injury,1,1,0,Single vehicle crash,V1: Entering traffic lane,V1:Eastbound ,V1: Collision with curb ,V1: Motorcycle,Dry,Dark - lighted roadway,Clear,,ARBORWAY / CENTRE STREET,,,ROTARY,,231269.4374,895461.1873
3543152,BOSTON,15-Jul-2013,9:05 AM,Non-fatal injury,1,1,0,Single vehicle crash,V1: Turning left,V1:Not reported ,V1: Not reported ,V1: Passenger car,Dry,Daylight,"Fog, smog, smoke",,283 WESTERN AVENUE,,,,"P2:Pedalcyclist (bicycle, tricycle, unicycle, pedal car)",230142.1853,901492.1395
3534489,BOSTON,15-Jul-2013,9:24 AM,Non-fatal injury,3,1,0,Rear-end,V1: Slowing or stopped in traffic / V2:Slowing or stopped in traffic / V3:Travelling straight ahead,V1:Northbound / V2:Northbound / V3:Northbound ,V1: Collision with motor vehicle in traffic / V2: Collision with motor vehicle in traffic / V3: Collision with motor vehicle in traffic ,"V1: Light truck(van, mini-van, panel, pickup, sport utility) with only four tires / V2:Passenger car / V3:Light truck(van, mini-van, panel, pickup, sport utility) with only four tires",Dry,Daylight,Clear,,Rte 93 N / UNKNOWN,,Exit 15 on Rte 93 N,,,236972.2496,896473.4282
3541187,BOSTON,15-Jul-2013,2:26 PM,Non-fatal injury,3,1,0,Rear-end,V1: Slowing or stopped in traffic / V2:Slowing or stopped in traffic / V3:Travelling straight ahead,V1:Northbound / V2:Northbound / V3:Northbound ,V1: Collision with motor vehicle in traffic / V2: Collision with motor vehicle in traffic / V3: Collision with motor vehicle in traffic ,"V1: Light truck(van, mini-van, panel, pickup, sport utility) with only four tires / V2:Light truck(van, mini-van, panel, pickup, sport utility) with only four tires / V3:Passenger car",Dry,Dawn,Clear,,FRONTAGE ROAD,,,,,,
3523229,BOSTON,15-Jul-2013,2:50 PM,Property damage only (none injured),2,0,0,Angle,V1: Travelling straight ahead / V2:Travelling straight ahead,V1:Westbound / V2:Westbound ,V1: Collision with motor vehicle in traffic / V2: Collision with motor vehicle in traffic ,"V1: Light truck(van, mini-van, panel, pickup, sport utility) with only four tires / V2:Light truck(van, mini-van, panel, pickup, sport utility) with only four tires",Dry,Daylight,Cloudy,,SOLDIERS FIELD ROAD / SOLDIERS FIELD ROAD,,,,,228417.183,901016.0582
3526106,BOSTON (HYDE PARK),15-Jul-2013,2:55 PM,Not Reported,2,0,0,Not reported,V1: Not reported / V2:Not reported,V1:Not reported / V2:Not reported ,V1: Not reported / V2: Not reported ,V1: Passenger car / V2:Passenger car,Not reported,Not reported,Not Reported,AMERICAN LEGION HIGHWAY / HYDE PARK AVENUE,,,,,,231339.0781,891416.7713
3545938,BOSTON,15-Jul-2013,3:25 PM,Property damage only (none injured),1,0,0,Single vehicle crash,V1: Travelling straight ahead,V1:Northbound ,"V1: Collision with cyclist (bicycle, tricycle, unicycle, pedal car) ","V1: Light truck(van, mini-van, panel, pickup, sport utility) with only four tires",Dry,Daylight,Not Reported,,TRUMAN HIGHWAY Rte UNKNOW / WAKEFIELD AVENUE,,,,"P2:Pedalcyclist (bicycle, tricycle, unicycle, pedal car)",230847.7655,888090.3749
3556584,BOSTON,15-Jul-2013,5:15 PM,Property damage only (none injured),2,0,0,"Sideswipe, same direction",V1: Entering traffic lane / V2:Travelling straight ahead,V1:Southbound / V2:Southbound ,V1: Collision with motor vehicle in traffic / V2: Collision with motor vehicle in traffic ,"V1: Light truck(van, mini-van, panel, pickup, sport utility) with only four tires / V2:Passenger car",Dry,Daylight,Clear,,Rte 93 / UNKNOWN,,Exit 18 on Rte 93,,,236013.2783,899092.9981
3534536,BOSTON,15-Jul-2013,6:40 PM,Property damage only (none injured),2,0,0,Rear-end,V1: Slowing or stopped in traffic / V2:Slowing or stopped in traffic,V1:Southbound / V2:Southbound ,V1: Collision with motor vehicle in traffic / V2: Collision with motor vehicle in traffic ,V1: Passenger car / V2:Passenger car,Dry,Daylight,Not Reported,,WILLIAM T MORRISSEY BOULEVARD Rte UNKNOW S / OLD COLONY TERRACE,,,,,237395.7657,895872.8752
3534490,BOSTON,15-Jul-2013,7:45 PM,Property damage only (none injured),2,0,0,Angle,V1: Slowing or stopped in traffic / V2:Turning left,V1:Northbound / V2:Eastbound ,V1: Collision with motor vehicle in traffic / V2: Collision with motor vehicle in traffic ,V1: Passenger car / V2:Passenger car,Dry,Daylight,Clear,,OLD COLONY AVENUE Rte UNKNOW / GAVIN WAY,,,,,236881.1719,897465.6873
3543883,BOSTON,16-Jul-2013,00:00 AM,Property damage only (none injured),1,0,0,Single vehicle crash,V1: Leaving traffic lane,V1:Southbound ,V1: Collision with light pole or other post/support ,V1: Passenger car,Dry,Dark - lighted roadway,Clear,,ARBORWAY Rte UNKNOW / CENTRE STREET,,,CENTRE STREET ROTARY,,231269.4377,895461.1869
3528013,BOSTON,16-Jul-2013,1:55 AM,Non-fatal injury,2,3,0,"Sideswipe, same direction",V1: Turning left / V2:Travelling straight ahead,V1:Eastbound / V2:Eastbound ,V1: Collision with median barrier / V2: Collision with light pole or other post/support ,"V1: Passenger car / V2:Light truck(van, mini-van, panel, pickup, sport utility) with only four tires",Dry,Dark - lighted roadway,Clear,FRONTAGE ROAD / MASSACHUSETTS AVENUE CONNECTOR / RAMP - FRONTAGE ROAD TO RT 93 NB,,,,AT MASS AVE,,235865.0173,898419.1854
3544031,BOSTON,16-Jul-2013,3:12 AM,Property damage only (none injured),2,0,0,Angle,V1: Travelling straight ahead / V2:Travelling straight ahead,V1:Not reported / V2:Not reported ,V1: Not reported / V2: Collision with motor vehicle in traffic ,"V1: Tractor/semi-trailer / V2:Light truck(van, mini-van, panel, pickup, sport utility) with only four tires",Dry,Dark - lighted roadway,Clear,CONGRESS STREET / PURCHASE STREET,,,,,,236737.7735,900497.1333