Crash Number,City/Town Name,Crash Date,Crash Time,Crash Severity,Number of Vehicles,Total Nonfatal Injuries,Total Fatal Injuries,Manner of Collision,Vehicle Action Prior to Crash,Vehicle Travel Directions,Most Harmful Events,Vehicle Configuration,Road Surface Condition,Ambient Light,Weather Condition,At Roadway Intersection,Distance from Nearest Roadway Intersection,Distance from Nearest Milemarker,Distance from Nearest Exit,Distance from Nearest Landmark,Non Motorist Type,X Coordinate,Y Coordinate
3543634,BOSTON,16-Jul-2013,1:54 PM,Property damage only (none injured),2,0,0,"Sideswipe, same direction",V1: Travelling straight ahead / V2:Travelling straight ahead,V1:Southbound / V2:Southbound ,V1: Collision with motor vehicle in traffic / V2: Collision with motor vehicle in traffic ,"V1: Unknown heavy truck, cannot classify / V2:Tractor/semi-trailer",Dry,Daylight,Clear,,Rte 93 S,Rte 93  S Milemarker 19.3,,,,234893.215,903274.3093
3543153,BOSTON (ALLSTON),16-Jul-2013,2:00 PM,Not Reported,1,0,0,Single vehicle crash,V1: Turning right,V1:Not reported ,V1: Not reported ,"V1: Light truck(van, mini-van, panel, pickup, sport utility) with only four tires",Dry,Daylight,Clear,LINCOLN STREET / CAMBRIDGE STREET,,,,,,230636.1251,900830.0623
3532815,BOSTON,16-Jul-2013,5:10 PM,Property damage only (none injured),4,0,0,Rear-end,V1: Travelling straight ahead / V2:Slowing or stopped in traffic / V3:Slowing or stopped in traffic / V4:Slowing or stopped in traffic,V1:Northbound / V2:Northbound / V3:Northbound / V4:Northbound ,V1: Collision with motor vehicle in traffic / V2: Collision with motor vehicle in traffic / V3: Collision with motor vehicle in traffic / V4: Collision with motor vehicle in traffic ,"V1: Passenger car / V2:Passenger car / V3:Passenger car / V4:Light truck(van, mini-van, panel, pickup, sport utility) with only four tires",Dry,Daylight,Clear,,JOHN F FITZGERALD EXPRESSWAY Rte 93 N,,,,,236468.1425,899902.4222
3556647,BOSTON,16-Jul-2013,8:31 PM,Non-fatal injury,2,1,0,Angle,V1: Travelling straight ahead / V2:Turning left,V1:Westbound / V2:Northbound ,V1: Collision with motor vehicle in traffic / V2: Collision with motor vehicle in traffic ,"V1: Light truck(van, mini-van, panel, pickup, sport utility) with only four tires / V2:Passenger car",Dry,Dark - lighted roadway,Clear,GALLIVAN BOULEVARD Rte 203 W / DORCHESTER AVENUE,,,,,,235804.4062,892252.5627
3535931,BOSTON,17-Jul-2013,9:21 AM,Not Reported,1,0,0,Single vehicle crash,V1: Slowing or stopped in traffic,V1:Not reported ,"V1: Collision with cyclist (bicycle, tricycle, unicycle, pedal car) ",V1: Unknown vehicle configuration,Dry,Daylight,Clear,Rte 93 N / MAFFA WAY,,,,,"P5:Pedalcyclist (bicycle, tricycle, unicycle, pedal car)",234874.5221,903737.3238
3583689,BOSTON,17-Jul-2013,9:40 AM,Not Reported,1,0,0,Single vehicle crash,V1: Not reported,V1:Not reported ,V1: Not reported ,V1: Passenger car,Dry,Dark - lighted roadway,Clear,SUMNER STREET / ANNABEL STREET,,,,,,236118.6114,896488.1088
3535844,BOSTON,17-Jul-2013,10:15 AM,Non-fatal injury,4,1,0,Rear-end,V1: Slowing or stopped in traffic / V2:Slowing or stopped in traffic / V3:Slowing or stopped in traffic / V4:Travelling straight ahead,V1:Southbound / V2:Southbound / V3:Southbound / V4:Southbound ,V1: Collision with motor vehicle in traffic / V2: Collision with motor vehicle in traffic / V3: Collision with motor vehicle in traffic / V4: Collision with motor vehicle in traffic ,V1: Passenger car / V2:Passenger car / V3:Passenger car / V4:Passenger car,Dry,Daylight,Clear,BEACON STREET / WALNUT STREET,,,,,,235771.3751,900813.5001
3534475,BOSTON,17-Jul-2013,12:44 PM,Property damage only (none injured),2,0,0,"Sideswipe, same direction",V1: Turning left / V2:Parked,V1:Southbound / V2:Southbound ,V1: Collision with parked motor vehicle / V2: Collision with motor vehicle in traffic ,"V1: Light truck(van, mini-van, panel, pickup, sport utility) with only four tires / V2:Passenger car",Dry,Daylight,Clear,,LOGAN AIRPORT TERMINAL B / LOGAN AIRPORT TERMINAL B,,,,,239652.1658,901588.2229
3534472,BOSTON,17-Jul-2013,1:06 PM,Non-fatal injury,1,1,0,Single vehicle crash,V1: Not reported,V1:Westbound ,V1: Collision with guardrail ,V1: Passenger car,Dry,Daylight,Clear,,Rte 90 W / UNKNOWN,,,,,232125.5563,900042.328
3535231,BOSTON,17-Jul-2013,3:03 PM,Property damage only (none injured),2,0,0,Single vehicle crash,V1: Travelling straight ahead / V2:Slowing or stopped in traffic,V1:Southbound / V2:Southbound ,V1: Collision with motor vehicle in traffic / V2: Collision with motor vehicle in traffic ,V1: Passenger car / V2:Passenger car,Dry,Daylight,Clear,,VETERANS OF FOREIGN WARS PARKWAY / CHARLES PARK ROAD,,,,,226997.2084,891792.8905
3535041,BOSTON,17-Jul-2013,3:10 PM,Property damage only (none injured),3,0,0,"Sideswipe, same direction",V1: Travelling straight ahead / V2:Parked / V3:Parked,V1:Eastbound / V2:Not reported / V3:Not reported ,V1: Collision with parked motor vehicle / V2: Collision with motor vehicle in traffic / V3: Collision with motor vehicle in traffic ,V1: Passenger car / V2:Passenger car / V3:Passenger car,Dry,Daylight,Not Reported,,0 feet E from Intersection COLUMBIA ROAD / POND STREET,,,,,236286.2971,896706.6877
3556585,BOSTON,17-Jul-2013,3:10 PM,Property damage only (none injured),2,0,0,Rear-end,V1: Slowing or stopped in traffic / V2:Travelling straight ahead,V1:Northbound / V2:Northbound ,V1: Collision with motor vehicle in traffic / V2: Collision with motor vehicle in traffic ,"V1: Light truck(van, mini-van, panel, pickup, sport utility) with only four tires / V2:Light truck(van, mini-van, panel, pickup, sport utility) with only four tires",Dry,Daylight,Clear,GALLIVAN BOULEVARD / NEPONSET AVENUE / WILLIAM T MORRISSEY BOULEVARD,,,,,,237731.8737,892907.403
3534503,BOSTON,17-Jul-2013,4:10 PM,Property damage only (none injured),2,0,0,Angle,V1: Travelling straight ahead / V2:Slowing or stopped in traffic,V1:Northbound / V2:Northbound ,V1: Collision with motor vehicle in traffic / V2: Collision with motor vehicle in traffic ,"V1: Light truck(van, mini-van, panel, pickup, sport utility) with only four tires / V2:Light truck(van, mini-van, panel, pickup, sport utility) with only four tires",Dry,Daylight,Clear,,CENTRE STREET / ALLANDALE STREET,,,,,230734.7687,894549.1478
3532816,BOSTON,17-Jul-2013,4:50 PM,Property damage only (none injured),2,0,0,Rear-end,V1: Travelling straight ahead / V2:Slowing or stopped in traffic,V1:Northbound / V2:Northbound ,V1: Collision with motor vehicle in traffic / V2: Collision with motor vehicle in traffic ,V1: Passenger car / V2:Passenger car,Dry,Daylight,Clear,,Rte 93 N / UNKNOWN,,Exit 28 on Rte 93 N,,,234953.5188,903173.3157
3956822,BOSTON (HYDE PARK),17-Jul-2013,5:27 PM,Not Reported,5,0,0,Head-on,V1: Not reported / V2:Not reported / V3:Not reported / V4:Not reported / V5:Not reported,V1:Not reported / V2:Not reported / V3:Not reported / V4:Not reported / V5:Not reported ,V1: Not reported / V2: Not reported / V3: Not reported / V4: Not reported / V5: Not reported ,"V1: Light truck(van, mini-van, panel, pickup, sport utility) with only four tires / V2:Passenger car / V3:Passenger car / V4:Passenger car / V5:Light truck(van, mini-van, panel, pickup, sport utility) with only four tires",Dry,Daylight,Clear,,42 WEBSTER STREET,,,,,238002.4776,901984.103
3523217,BOSTON,17-Jul-2013,6:23 PM,Property damage only (none injured),2,0,0,Rear-end,V1: Slowing or stopped in traffic / V2:Travelling straight ahead,V1:Eastbound / V2:Eastbound ,V1: Collision with motor vehicle in traffic / V2: Collision with motor vehicle in traffic ,V1: Passenger car / V2:Passenger car,Dry,Daylight,Clear,RT 90 EB HOV LANE / RAMP - MASSPORT HAUL ROAD TO RT 90 EB / MASSACHUSETTS TURNPIKE Rte 1A N,,,Exit ONRAMP on Rte 90 E,,,238085.6545,899669.4152
3535042,BOSTON,17-Jul-2013,9:20 PM,Non-fatal injury,3,1,0,Rear-end,V1: Slowing or stopped in traffic / V2:Slowing or stopped in traffic / V3:Slowing or stopped in traffic,V1:Southbound / V2:Southbound / V3:Southbound ,V1: Collision with motor vehicle in traffic / V2: Collision with motor vehicle in traffic / V3: Collision with motor vehicle in traffic ,V1: Passenger car / V2:Passenger car / V3:Passenger car,Dry,Dark - lighted roadway,Not Reported,,Rte 93 S,,Exit 15 on Rte 93,,,236629.6253,897168.5001
3534537,BOSTON,18-Jul-2013,6:40 AM,Property damage only (none injured),2,0,0,Rear-end,V1: Slowing or stopped in traffic / V2:Slowing or stopped in traffic,V1:Northbound / V2:Northbound ,V1: Collision with motor vehicle in traffic / V2: Collision with motor vehicle in traffic ,V1: Passenger car / V2:Passenger car,Dry,Daylight,Clear,,Rte 93 N / UNKNOWN,,Exit 14 on Rte 93 N,,,237258.9796,894483.3974
3609150,BOSTON,18-Jul-2013,6:45 AM,Property damage only (none injured),2,0,0,"Sideswipe, same direction",V1: Other / V2:Other,V1:Southbound / V2:Southbound ,V1: Collision with motor vehicle in traffic / V2: Collision with motor vehicle in traffic ,"V1: Truck/trailer / V2:Light truck(van, mini-van, panel, pickup, sport utility) with only four tires",Dry,Daylight,Clear,HOTEL DRIVE / HARBORSIDE DRIVE,,,,HOTEL DRIVE,,239115.9147,901723.3359
3543168,BOSTON,18-Jul-2013,7:30 AM,Non-fatal injury,1,1,0,Single vehicle crash,V1: Travelling straight ahead,V1:Northbound ,"V1: Collision with other fixed object (wall, building, tunnel, etc.) ","V1: Light truck(van, mini-van, panel, pickup, sport utility) with only four tires",Dry,Daylight,Clear,,555 DORCHESTER AVENUE,,,,,236514.3523,897871.8413
3535254,BOSTON,18-Jul-2013,8:08 AM,Property damage only (none injured),2,0,0,Angle,V1: Changing lanes / V2:Travelling straight ahead,V1:Westbound / V2:Westbound ,V1: Collision with motor vehicle in traffic / V2: Collision with motor vehicle in traffic ,V1: Passenger car / V2:Tractor/semi-trailer,Dry,Daylight,Cloudy,,MASSACHUSETTS TURNPIKE Rte 90 W / RAMP - RT 90 WB TO RT 93/ CONGRESS STREE Rte 1A S,,,TWT,,238649.6458,900100.1271
3546215,BOSTON,18-Jul-2013,8:20 AM,Property damage only (none injured),2,0,0,Rear-end,V1: Slowing or stopped in traffic / V2:Travelling straight ahead,V1:Southbound / V2:Southbound ,V1: Collision with motor vehicle in traffic / V2: Collision with motor vehicle in traffic ,"V1: Light truck(van, mini-van, panel, pickup, sport utility) with only four tires / V2:Passenger car",Dry,Daylight,Clear,,JAMAICAWAY / BYNNER STREET,,,,,231761.9221,897172.3749
3534541,BOSTON,18-Jul-2013,9:00 AM,Property damage only (none injured),2,0,0,"Sideswipe, same direction",V1: Entering traffic lane / V2:Leaving traffic lane,V1:Eastbound / V2:Eastbound ,V1: Collision with motor vehicle in traffic / V2: Collision with motor vehicle in traffic ,V1: Passenger car / V2:Passenger car,Dry,Daylight,Clear,RAMP - RT 93 NB TO MORRISSEY BLVD / JOHN F FITZGERALD EXPRESSWAY Rte 93 N,,,,,,237259.1687,894482.9519
3534491,BOSTON,18-Jul-2013,9:57 AM,Property damage only (none injured),2,0,0,"Sideswipe, same direction",V1: Travelling straight ahead / V2:Changing lanes,V1:Southbound / V2:Southbound ,V1: Collision with motor vehicle in traffic / V2: Collision with motor vehicle in traffic ,V1: Passenger car / V2:Passenger car,Dry,Daylight,Clear,,SERGEANT WILLIAM G WALSH EXPRESSWAY Rte 93 S / RAMP - RT 93 SB TO RT 3A SB Rte 3A S,,,KEYSTONE CUT OUT,,237513.4182,892519.626
3534480,BOSTON,18-Jul-2013,3:49 PM,Property damage only (none injured),2,0,0,Rear-end,V1: Slowing or stopped in traffic / V2:Travelling straight ahead,V1:Westbound / V2:Westbound ,V1: Collision with motor vehicle in traffic / V2: Collision with motor vehicle in traffic ,V1: Passenger car / V2:Passenger car,Dry,Daylight,Clear,CHARLESGATE OVERPASS / STORROW DRIVE,,,,,,233287.6718,900098.5623
3557335,BOSTON,18-Jul-2013,3:53 PM,Property damage only (none injured),2,0,0,"Sideswipe, same direction",V1: Changing lanes / V2:Travelling straight ahead,V1:Not reported / V2:Not reported ,V1: Collision with motor vehicle in traffic / V2: Collision with motor vehicle in traffic ,"V1: Light truck(van, mini-van, panel, pickup, sport utility) with only four tires / V2:Passenger car",Dry,Daylight,Clear,,KOSCIUSZKO CIRCLE,,,,,237020.6238,896892.1848
3803339,BOSTON,18-Jul-2013,7:46 PM,Property damage only (none injured),1,0,0,Not reported,V1: Travelling straight ahead,V1:Not reported ,V1: Collision with pedestrian ,V1: Passenger car,Not reported,Not reported,Not Reported,,237 WASHINGTON STREET / NORWELL STREET,,,,P2:Pedestrian,234867.29,894666.6162
3557337,BOSTON,18-Jul-2013,8:11 PM,Property damage only (none injured),2,0,0,Angle,V1: Making U-turn / V2:Travelling straight ahead,V1:Southbound / V2:Northbound ,V1: Collision with motor vehicle in traffic / V2: Collision with motor vehicle in traffic ,"V1: Light truck(van, mini-van, panel, pickup, sport utility) with only four tires / V2:Light truck(van, mini-van, panel, pickup, sport utility) with only four tires",Dry,Daylight,Clear,WILLIAM T MORRISSEY BOULEVARD / WILLIAM T MORRISSEY BOULEVARD,,,,,,237322.0782,896007.6249
3528020,BOSTON,19-Jul-2013,2:19 AM,Property damage only (none injured),1,0,0,Single vehicle crash,V1: Leaving traffic lane,V1:Southbound ,V1: Collision with guardrail ,V1: Passenger car,Dry,Dark - lighted roadway,Clear,,Rte 93 S / RAMP - RT 93 NB TO COLUMBIA RD,,,WALGREENS,,236998.9619,896259.1462
3534834,BOSTON,19-Jul-2013,7:10 AM,Property damage only (none injured),2,0,0,Not reported,V1: Slowing or stopped in traffic / V2:Travelling straight ahead,V1:Westbound / V2:Westbound ,V1: Collision with motor vehicle in traffic / V2: Collision with motor vehicle in traffic ,"V1: Single-unit truck (2-axle, 6-tire) / V2:Light truck(van, mini-van, panel, pickup, sport utility) with only four tires",Dry,Daylight,Clear,,D STREET / DORCHESTER AVENUE,,,CMF DRIVEWAY,,236559.0817,898277.9236
3560975,BOSTON,19-Jul-2013,10:55 AM,Property damage only (none injured),3,0,0,Rear-end,V1: Travelling straight ahead / V2:Travelling straight ahead / V3:Travelling straight ahead,V1:Northbound / V2:Northbound / V3:Northbound ,V1: Collision with motor vehicle in traffic / V2: Collision with motor vehicle in traffic / V3: Collision with motor vehicle in traffic ,"V1: Passenger car / V2:Passenger car / V3:Light truck(van, mini-van, panel, pickup, sport utility) with only four tires",Dry,Daylight,Clear,,Rte 93 N / UNKNOWN,,,,,236981.7446,900635.8998
3545940,BOSTON,19-Jul-2013,11:35 AM,Non-fatal injury,1,1,0,Single vehicle crash,V1: Travelling straight ahead,V1:Eastbound ,V1: Collision with moped ,V1: MOPED,Other,Daylight,Clear,,MORTON STREET Rte UNKNOW / CANTERBURY STREET,,,,,233302.1557,893677.645
3550005,BOSTON,19-Jul-2013,12:50 PM,Not Reported,1,0,0,Single vehicle crash,V1: Travelling straight ahead,V1:Northbound ,V1: Not reported ,V1: Passenger car,Dry,Dark - lighted roadway,Clear,COLUMBIA ROAD / QUINCY STREET,,,,,,235432.4218,895739.2499
3554513,BOSTON,19-Jul-2013,1:09 PM,Non-fatal injury,1,1,0,"Sideswipe, same direction",V1: Travelling straight ahead,V1:Southbound ,"V1: Collision with cyclist (bicycle, tricycle, unicycle, pedal car) ","V1: Light truck(van, mini-van, panel, pickup, sport utility) with only four tires",Dry,Daylight,Clear,,CONGRESS STREET / STATE STREET,,,,"P2:Pedalcyclist (bicycle, tricycle, unicycle, pedal car)",236509.0155,901025.4999
3532817,BOSTON,19-Jul-2013,3:30 PM,Non-fatal injury,2,2,0,"Sideswipe, same direction",V1: Not reported / V2:Not reported,V1:Eastbound / V2:Eastbound ,V1: Collision with motor vehicle in traffic / V2: Collision with motor vehicle in traffic ,V1: Passenger car / V2:Passenger car,Dry,Daylight,Clear,,Rte 90 E / UNKNOWN,,,,,232547.8686,899858.4408
3532818,BOSTON,19-Jul-2013,3:40 PM,Property damage only (none injured),3,0,0,Rear-end,V1: Slowing or stopped in traffic / V2:Slowing or stopped in traffic / V3:Travelling straight ahead,V1:Westbound / V2:Westbound / V3:Westbound ,V1: Collision with motor vehicle in traffic / V2: Collision with motor vehicle in traffic / V3: Collision with motor vehicle in traffic ,"V1: Passenger car / V2:Passenger car / V3:Light truck(van, mini-van, panel, pickup, sport utility) with only four tires",Dry,Daylight,Clear,,MASSACHUSETTS TURNPIKE Rte 90 W,,,TWT TUBNNEL,,239138.5399,901744.187
3587915,BOSTON,19-Jul-2013,3:50 PM,Non-fatal injury,2,1,0,Angle,V1: Travelling straight ahead / V2:Travelling straight ahead,V1:Northbound / V2:Eastbound ,V1: Collision with motor vehicle in traffic / V2: Collision with motor vehicle in traffic ,V1: Passenger car / V2:Passenger car,Dry,Daylight,Clear,,CENTRE STREET Rte UNKNOW / ARBORWAY,,,,,231318.7502,895455.5
3548894,BOSTON,19-Jul-2013,4:35 PM,Non-fatal injury,2,1,0,Rear-end,V1: Slowing or stopped in traffic / V2:Travelling straight ahead,V1:Eastbound / V2:Eastbound ,V1: Collision with motor vehicle in traffic / V2: Collision with motor vehicle in traffic ,"V1: Passenger car / V2:Light truck(van, mini-van, panel, pickup, sport utility) with only four tires",Dry,Daylight,Not Reported,,445 ARBORWAY / ARBORWAY,,,WEST ROXBURY DC,,232157.6584,894601.3418
3532819,BOSTON,19-Jul-2013,6:50 PM,Property damage only (none injured),2,0,0,"Sideswipe, same direction",V1: Travelling straight ahead / V2:Travelling straight ahead,V1:Southbound / V2:Southbound ,V1: Collision with motor vehicle in traffic / V2: Collision with motor vehicle in traffic ,"V1: Light truck(van, mini-van, panel, pickup, sport utility) with only four tires / V2:Passenger car",Dry,Dusk,Clear,,Rte 93 S / UNKNOWN,,Exit 26 on Rte 93 S,LEVERITT CONNECTOR EXIT,,234851.4113,903728.5151
3534835,BOSTON,19-Jul-2013,7:50 PM,Property damage only (none injured),2,0,0,Rear-end,V1: Travelling straight ahead / V2:Travelling straight ahead,V1:Southbound / V2:Southbound ,V1: Collision with motor vehicle in traffic / V2: Collision with motor vehicle in traffic ,"V1: Passenger car / V2:Light truck(van, mini-van, panel, pickup, sport utility) with only four tires",Dry,Dark - lighted roadway,Clear,,Rte 93 S,,Exit 24A on Rte 93 S,CONNECTOR,,236397.1933,901565.6511
3542822,BOSTON,20-Jul-2013,3:25 AM,Fatal injury,1,2,1,Single vehicle crash,V1: Changing lanes,V1:Southbound ,V1: Reported but invalid ,V1: Passenger car,Dry,Dark - lighted roadway,Not Reported,RAMP - SUMNER TUNNEL TO MARKET STREET / RAMP - SUMNER TUNNEL TO STORROW DRIVE / SUMNER TUNNEL,,,,STSA,,236652.6955,901439.7832
3738380,BOSTON,20-Jul-2013,3:25 AM,Not Reported,2,0,0,"Sideswipe, same direction",V1: Parked / V2:Not reported,V1:Not reported / V2:Not reported ,V1: Not reported / V2: Not reported ,V1: Unknown vehicle configuration / V2:Unknown vehicle configuration,Dry,Dark - lighted roadway,Clear/Unknown,,79 NELSON STREET,,,,,234490.7554,892365.1795
3543885,BOSTON,20-Jul-2013,4:23 AM,Non-fatal injury,1,2,0,Single vehicle crash,V1: Travelling straight ahead,V1:Eastbound ,V1: Collision with tree ,"V1: Light truck(van, mini-van, panel, pickup, sport utility) with only four tires",Dry,Dawn,Not Reported,VETERANS OF FOREIGN WARS PARKWAY / WEST ROXBURY VFW PARKWAY ROTARY,,,,,,229200.729,894038.3141
3532828,BOSTON,20-Jul-2013,6:13 AM,Property damage only (none injured),2,0,0,Angle,V1: Travelling straight ahead / V2:Travelling straight ahead,V1:Eastbound / V2:Northbound ,V1: Collision with other movable object / V2: Collision with motor vehicle in traffic ,"V1: Passenger car / V2:Light truck(van, mini-van, panel, pickup, sport utility) with only four tires",Dry,Dawn,Not Reported,RAMP - WESTERN AVE TO SOLDIERS FIELD RD / CAMBRIDGE STREET,,,,CAMBRIDGE ST -GUEST QUARTERS HOT,,231485.0626,901232.8752
3556557,BOSTON,20-Jul-2013,11:32 AM,Property damage only (none injured),2,0,0,Rear-end,V1: Slowing or stopped in traffic / V2:Travelling straight ahead,V1:Northbound / V2:Northbound ,V1: Collision with motor vehicle in traffic / V2: Collision with motor vehicle in traffic ,"V1: Light truck(van, mini-van, panel, pickup, sport utility) with only four tires / V2:Passenger car",Dry,Daylight,Clear,,Rte 93 N / UNKNOWN,,Exit 18 on Rte 93 N,,,236146.0342,897892.2406
3545825,BOSTON,20-Jul-2013,11:53 AM,Property damage only (none injured),2,0,0,Rear-end,V1: Travelling straight ahead / V2:Travelling straight ahead,V1:Southbound / V2:Southbound ,V1: Collision with motor vehicle in traffic / V2: Collision with motor vehicle in traffic ,"V1: Light truck(van, mini-van, panel, pickup, sport utility) with only four tires / V2:Passenger car",Dry,Other,Clear,,Rte 93 S / UNKNOWN,,,,,236518.1438,900338.2428
3540247,BOSTON,20-Jul-2013,12:01 PM,Property damage only (none injured),4,0,0,Rear-end,V1: Travelling straight ahead / V2:Travelling straight ahead / V3:Travelling straight ahead / V4:Slowing or stopped in traffic,V1:Southbound / V2:Southbound / V3:Southbound / V4:Southbound ,V1: Collision with motor vehicle in traffic / V2: Collision with motor vehicle in traffic / V3: Collision with motor vehicle in traffic / V4: Collision with motor vehicle in traffic ,"V1: Passenger car / V2:Light truck(van, mini-van, panel, pickup, sport utility) with only four tires / V3:Passenger car / V4:Light truck(van, mini-van, panel, pickup, sport utility) with only four tires",Dry,Daylight,Clear,,Rte 93 S / UNKNOWN,,Exit 15 on Rte 93 S,BY DORCHESTER AVE OVERPASS,,236629.6253,897168.5001
3532820,BOSTON,20-Jul-2013,1:21 PM,Non-fatal injury,2,2,0,Rear-end,V1: Slowing or stopped in traffic / V2:Travelling straight ahead,V1:Southbound / V2:Northbound ,V1: Collision with motor vehicle in traffic / V2: Collision with motor vehicle in traffic ,"V1: Passenger car / V2:Light truck(van, mini-van, panel, pickup, sport utility) with only four tires",Dry,Daylight,Clear,,Rte 93 S / UNKNOWN,,Exit 18 on Rte 93 S,,,236013.2783,899092.9981
3544016,BOSTON (DORCHESTER),20-Jul-2013,4:20 PM,Non-fatal injury,1,1,0,Single vehicle crash,V1: Travelling straight ahead,V1:Westbound ,V1: Collision with pedestrian ,V1: Passenger car,Dry,Daylight,Clear,,150 COLUMBIA ROAD,,,,P3:Pedestrian,234727.8678,895152.4424
3560553,BOSTON,20-Jul-2013,6:31 PM,Not Reported,2,0,0,Not reported,V1: Not reported / V2:Not reported,V1:Not reported / V2:Not reported ,V1: Not reported / V2: Not reported ,V1: Unknown vehicle configuration / V2:Unknown vehicle configuration,Not reported,Not reported,Not Reported,,WALWORTH STREET / TYNDALE STREET,,,,,229954.0241,893034.8647
3527768,BOSTON,20-Jul-2013,7:35 PM,Property damage only (none injured),2,0,0,Angle,V1: Travelling straight ahead / V2:Travelling straight ahead,V1:Eastbound / V2:Northbound ,V1: Collision with motor vehicle in traffic / V2: Collision with motor vehicle in traffic ,V1: Passenger car / V2:Passenger car,Dry,Daylight,Clear,,FRONTAGE ROAD Rte UNKNOW / BROADWAY,,,,,236165.6755,899351.7012
3580409,BOSTON (DORCHESTER),20-Jul-2013,11:17 PM,Not Reported,2,0,0,"Sideswipe, opposite direction",V1: Travelling straight ahead / V2:Parked,V1:Not reported / V2:Not reported ,V1: Collision with parked motor vehicle / V2: Not reported ,"V1: Light truck(van, mini-van, panel, pickup, sport utility) with only four tires / V2:Passenger car",Dry,Dark - lighted roadway,Clear/Clear,ADAMS STREET / DIX STREET,,,,,,236575.4219,894082.9376
3527841,BOSTON,21-Jul-2013,7:00 AM,Property damage only (none injured),1,0,0,Single vehicle crash,V1: Travelling straight ahead,V1:Northbound ,V1: Other ,V1: Passenger car,Dry,Daylight,Clear,,Rte 93 N / UNKNOWN,,,,,236956.219,900947.8086
3580411,BOSTON,21-Jul-2013,2:12 PM,Property damage only (none injured),2,0,0,Rear-end,V1: Travelling straight ahead / V2:Parked,V1:Eastbound / V2:Not reported ,V1: Collision with parked motor vehicle / V2: Not reported ,V1: Passenger car / V2:Passenger car,Dry,Daylight,Clear/Clear,,47 BAILEY STREET,,,,,235658.3045,892720.088
3556586,BOSTON,21-Jul-2013,6:44 PM,Property damage only (none injured),2,0,0,"Sideswipe, same direction",V1: Changing lanes / V2:Travelling straight ahead,V1:Northbound / V2:Northbound ,V1: Collision with motor vehicle in traffic / V2: Collision with motor vehicle in traffic ,V1: Passenger car / V2:Passenger car,Dry,Daylight,Clear,JOHN F FITZGERALD EXPRESSWAY Rte 93 N / RAMP - RT 3A NB TO RT 93 NB Rte 3A N,,,Exit @ 12 on Rte 93 N,,,237634.4299,893472.9536
3549561,BOSTON (DORCHESTER),21-Jul-2013,11:30 PM,Not Reported,3,0,0,"Sideswipe, same direction",V1: Parked / V2:Parked / V3:Travelling straight ahead,V1:Not reported / V2:Not reported / V3:Not reported ,V1: Collision with motor vehicle in traffic / V2: Collision with motor vehicle in traffic / V3: Collision with parked motor vehicle ,V1: Passenger car / V2:Passenger car / V3:Passenger car,Dry,Dark - unknown roadway lighting,Clear,,56 EVERTON STREET,,,,,235284.92,895001.5327
3544017,BOSTON,21-Jul-2013,11:59 PM,Not Reported,2,0,0,"Sideswipe, opposite direction",V1: Turning right / V2:Parked,V1:Northbound / V2:Not reported ,V1: Collision with parked motor vehicle / V2: Collision with parked motor vehicle ,V1: Passenger car / V2:Passenger car,Dry,Dark - unknown roadway lighting,Clear,,37 FOLSOM STREET,,,,,235270.1109,896500.1439
3534477,BOSTON,22-Jul-2013,1:20 AM,Non-fatal injury,2,1,0,"Sideswipe, same direction",V1: Travelling straight ahead / V2:Turning left,V1:Northbound / V2:Northbound ,V1: Collision with motor vehicle in traffic / V2: Collision with motor vehicle in traffic ,V1: Passenger car / V2:Passenger car,Dry,Dark - lighted roadway,Not Reported,PARK DRIVE / BROOKLINE AVENUE,,,,,,232742.1496,899278.3204
3556649,BOSTON,22-Jul-2013,4:03 AM,Non-fatal injury,1,1,0,Single vehicle crash,V1: Travelling straight ahead,V1:Northbound ,V1: Collision with tree ,V1: Passenger car,Dry,Dark - lighted roadway,Clear,,WILLIAM T MORRISSEY BOULEVARD Rte UNKNOW / POPES HILL STREET,,,BY DUNKIN DONUTS,,237240.2031,893757.7504
3549560,BOSTON (DORCHESTER),22-Jul-2013,7:45 AM,Non-fatal injury,1,1,0,Single vehicle crash,V1: Travelling straight ahead,V1:Not reported ,V1: Collision with pedestrian ,V1: Passenger car,Dry,Daylight,Clear/Clear,,153 PLEASANT STREET,,,,P2:Pedestrian,236303.1927,895640.9725
3534473,BOSTON,22-Jul-2013,9:10 AM,Property damage only (none injured),4,0,0,Rear-end,V1: Travelling straight ahead / V2:Travelling straight ahead / V3:Travelling straight ahead / V4:Slowing or stopped in traffic,V1:Southbound / V2:Southbound / V3:Southbound / V4:Southbound ,V1: Collision with motor vehicle in traffic / V2: Collision with motor vehicle in traffic / V3: Collision with motor vehicle in traffic / V4: Collision with motor vehicle in traffic ,V1: Passenger car / V2:Passenger car / V3:Passenger car / V4:Passenger car,Dry,Daylight,Clear,,JOHN F FITZGERALD EXPRESSWAY Rte 93 S,,,ZAKIM BRIDGE,,235968.2464,902111.5394
3542823,BOSTON,22-Jul-2013,9:20 AM,Property damage only (none injured),2,0,0,"Sideswipe, same direction",V1: Slowing or stopped in traffic / V2:Changing lanes,V1:Southbound / V2:Southbound ,V1: Collision with motor vehicle in traffic / V2: Collision with motor vehicle in traffic ,V1: Passenger car / V2:Passenger car,Dry,Daylight,Clear,,JOHN F FITZGERALD EXPRESSWAY Rte 93 S,,,ZAKIM BRIDGE,,236029.5103,902039.2907