Crash Number,City/Town Name,Crash Date,Crash Time,Crash Severity,Number of Vehicles,Total Nonfatal Injuries,Total Fatal Injuries,Manner of Collision,Vehicle Action Prior to Crash,Vehicle Travel Directions,Most Harmful Events,Vehicle Configuration,Road Surface Condition,Ambient Light,Weather Condition,At Roadway Intersection,Distance from Nearest Roadway Intersection,Distance from Nearest Milemarker,Distance from Nearest Exit,Distance from Nearest Landmark,Non Motorist Type,X Coordinate,Y Coordinate
3561596,BOSTON,22-Jul-2013,1:18 PM,Property damage only (none injured),1,0,0,Angle,V1: Turning left,V1:Southbound ,V1: Collision with guardrail ,"V1: Light truck(van, mini-van, panel, pickup, sport utility) with only four tires",Dry,Daylight,Clear,,VETERANS OF FOREIGN WARS PARKWAY Rte UNKNOW / SPRING STREET,,,,,227008.6251,891284.9375
3739351,BOSTON (DORCHESTER),22-Jul-2013,7:36 PM,Non-fatal injury,1,1,0,Single vehicle crash,V1: Travelling straight ahead,V1:Not reported ,"V1: Collision with cyclist (bicycle, tricycle, unicycle, pedal car) ",V1: Passenger car,Dry,Dusk,Clear/Clear,,45 HARVARD STREET,,,,"P3:Pedalcyclist (bicycle, tricycle, unicycle, pedal car)",236129.5562,899991.9314
3534492,BOSTON,22-Jul-2013,8:31 PM,Property damage only (none injured),2,0,0,Rear-end,V1: Changing lanes / V2:Travelling straight ahead,V1:Southbound / V2:Southbound ,V1: Collision with motor vehicle in traffic / V2: Collision with motor vehicle in traffic ,"V1: Light truck(van, mini-van, panel, pickup, sport utility) with only four tires / V2:Light truck(van, mini-van, panel, pickup, sport utility) with only four tires",Dry,Dark - lighted roadway,Clear,,Rte 93 S / UNKNOWN,,Exit 15 on Rte 93 S,,,236629.6253,897168.5001
3540829,BOSTON,23-Jul-2013,6:06 AM,Non-fatal injury,3,1,0,Angle,V1: Travelling straight ahead / V2:Travelling straight ahead / V3:Not reported,V1:Westbound / V2:Westbound / V3:Not reported ,V1: Collision with motor vehicle in traffic / V2: Collision with motor vehicle in traffic / V3: Not reported ,V1: Passenger car / V2:Motorcycle / V3:Passenger car,Wet,Dawn,Not Reported,,STORROW DRIVE Rte 28 S / RAMP - RT 3 TO RT 28 SB,,,WEST OF LONGFELLOW,,235193.7424,901287.6851
3532821,BOSTON,23-Jul-2013,8:54 AM,Property damage only (none injured),2,0,0,Rear-end,V1: Slowing or stopped in traffic / V2:Travelling straight ahead,V1:Northbound / V2:Northbound ,V1: Collision with motor vehicle in traffic / V2: Collision with motor vehicle in traffic ,"V1: Light truck(van, mini-van, panel, pickup, sport utility) with only four tires / V2:Passenger car",Wet,Daylight,Rain,,Rte 93 N / UNKNOWN,,,ONEIL TUNNEL,,236873.3679,900520.4569
3534474,BOSTON,23-Jul-2013,8:59 AM,Property damage only (none injured),2,0,0,Angle,V1: Travelling straight ahead / V2:Travelling straight ahead,V1:Northbound / V2:Northbound ,V1: Other / V2: Collision with motor vehicle in traffic ,"V1: Light truck(van, mini-van, panel, pickup, sport utility) with only four tires / V2:Passenger car",Wet,Daylight,Rain,,Rte 93 N / UNKNOWN,,Exit 27 on Rte 93 N,,,235655.07,902467.5364
3562118,BOSTON,23-Jul-2013,9:10 AM,Property damage only (none injured),2,0,0,Rear-end,V1: Slowing or stopped in traffic / V2:Slowing or stopped in traffic,V1:Northbound / V2:Northbound ,V1: Collision with motor vehicle in traffic / V2: Collision with motor vehicle in traffic ,V1: Passenger car / V2:Passenger car,Wet,Daylight,Cloudy/Rain,,MASSACHUSETTS AVENUE Rte 2A W / RAMP - STORROW DR TO RT 2A WB,,,MASS. AVE. BRIDGE N/B @ STORROW,,233780.9844,900234.1075
3651274,BOSTON,23-Jul-2013,9:21 AM,Property damage only (none injured),2,0,0,Head-on,V1: Travelling straight ahead / V2:Travelling straight ahead,V1:Westbound / V2:Eastbound ,V1: Collision with motor vehicle in traffic / V2: Collision with motor vehicle in traffic ,V1: Passenger car / V2:Passenger car,Dry,Daylight,Clear,,ENNEKING PARKWAY Rte UNKNOW / TURTLE POND PARKWAY,,,,,229687.9375,889839.1252
3534494,BOSTON,23-Jul-2013,10:10 AM,Property damage only (none injured),2,0,0,Rear-end,V1: Slowing or stopped in traffic / V2:Slowing or stopped in traffic,V1:Northbound / V2:Northbound ,V1: Collision with motor vehicle in traffic / V2: Collision with motor vehicle in traffic ,"V1: Passenger car / V2:Light truck(van, mini-van, panel, pickup, sport utility) with only four tires",Wet,Daylight,Cloudy,,Rte 93 N / UNKNOWN,,Exit 11 on Rte 93 N,,,237094.7253,891674.8051
3537415,BOSTON,23-Jul-2013,1:12 PM,Property damage only (none injured),2,0,0,Rear-end,V1: Slowing or stopped in traffic / V2:Travelling straight ahead,V1:Westbound / V2:Westbound ,V1: Collision with motor vehicle in traffic / V2: Collision with motor vehicle in traffic ,"V1: Single-unit truck (2-axle, 6-tire) / V2:Passenger car",Wet,Daylight,Rain,,MASSACHUSETTS TURNPIKE Rte 90 W / TED WILLIAMS TUNNEL,,,,,239051.4028,900924.2439
3541192,BOSTON,23-Jul-2013,3:00 PM,Non-fatal injury,3,1,0,Angle,V1: Travelling straight ahead / V2:Making U-turn / V3:Travelling straight ahead,V1:Northbound / V2:Southbound / V3:Northbound ,V1: Collision with motor vehicle in traffic / V2: Collision with motor vehicle in traffic / V3: Collision with motor vehicle in traffic ,"V1: Passenger car / V2:Passenger car / V3:Light truck(van, mini-van, panel, pickup, sport utility) with only four tires",Wet,Daylight,Cloudy,,COMMERCIAL STREET Rte UNKNOW,,,GILMORE BRIDGE,,235589.0628,902712.3014
3548971,BOSTON,23-Jul-2013,3:00 PM,Property damage only (none injured),1,0,0,Single vehicle crash,V1: Not reported,V1:Eastbound ,V1: Collision with guardrail ,"V1: Light truck(van, mini-van, panel, pickup, sport utility) with only four tires",Wet,Daylight,Clear/Rain,ENNEKING PARKWAY / GORDON AVENUE,,,,,,230642.2655,889819.8126
3543881,BOSTON,23-Jul-2013,4:00 PM,Property damage only (none injured),1,0,0,Angle,V1: Travelling straight ahead,V1:Westbound ,V1: Collision with median barrier ,"V1: Light truck(van, mini-van, panel, pickup, sport utility) with only four tires",Wet,Daylight,Cloudy/Rain,,SOLDIERS FIELD ROAD Rte UNKNOW W / NORTH HARVARD STREET,,,,,230992.3482,902048.2872
3532822,BOSTON,23-Jul-2013,4:10 PM,Property damage only (none injured),2,0,0,Rear-end,V1: Travelling straight ahead / V2:Not reported,V1:Eastbound / V2:Not reported ,V1: Collision with motor vehicle in traffic / V2: Not reported ,"V1: Light truck(van, mini-van, panel, pickup, sport utility) with only four tires / V2:Light truck(van, mini-van, panel, pickup, sport utility) with only four tires",Dry,Daylight,Cloudy,ALBANY STREET CONNECTOR / FRONTAGE ROAD / RAMP - ALBANY STREET TO RT 90 EB,,,,N FRONATGE AT RT 90 EAST/ CONNEC,,236004.2736,898934.2784
3556658,BOSTON,23-Jul-2013,4:45 PM,Non-fatal injury,2,1,0,Angle,V1: Travelling straight ahead / V2:Backing,V1:Eastbound / V2:Northbound ,V1: Collision with motor vehicle in traffic / V2: Collision with motor vehicle in traffic ,"V1: Light truck(van, mini-van, panel, pickup, sport utility) with only four tires / V2:Passenger car",Wet,Daylight,Rain,MORTON STREET / VERRILL STREET,,,,,,233986.7612,892497.7927
3548964,BOSTON,23-Jul-2013,4:47 PM,Property damage only (none injured),1,0,0,Single vehicle crash,V1: Turning left,V1:Westbound ,V1: Collision with light pole or other post/support ,V1: Passenger car,Wet,Daylight,Cloudy/Rain,,BIRMINGHAM PARKWAY Rte UNKNOW / LINCOLN STREET,,,,,229043.7386,900988.2166
3541193,BOSTON,23-Jul-2013,6:20 PM,Property damage only (none injured),2,0,0,Single vehicle crash,V1: Slowing or stopped in traffic / V2:Travelling straight ahead,V1:Eastbound / V2:Eastbound ,V1: Collision with motor vehicle in traffic / V2: Collision with motor vehicle in traffic ,V1: Passenger car / V2:MOPED,Wet,Daylight,Cloudy,,STORROW DRIVE Rte 28 N / REVERE STREET,,,MUGAR WAY,,235247.2204,901077.8381
3562123,BOSTON,23-Jul-2013,6:36 PM,Property damage only (none injured),1,0,0,Single vehicle crash,V1: Not reported,V1:Eastbound ,V1: Collision with tree ,V1: Passenger car,Wet,Daylight,Rain,,ENNEKING PARKWAY / SMITH FIELD ROAD,,,,,230085.0769,889805.0887
3557068,BOSTON,23-Jul-2013,11:52 PM,Property damage only (none injured),3,0,0,Rear-end,V1: Not reported / V2:Slowing or stopped in traffic / V3:Slowing or stopped in traffic,V1:Not reported / V2:Southbound / V3:Southbound ,V1: Not reported / V2: Collision with motor vehicle in traffic / V3: Collision with motor vehicle in traffic ,V1: Passenger car / V2:Passenger car / V3:Passenger car,Dry,Dark - lighted roadway,Clear,,Rte 93 S,,Exit 18 on Rte 93 S,,,236013.2783,899092.9981
3543875,BOSTON,24-Jul-2013,5:23 AM,Property damage only (none injured),2,0,0,Rear-end,V1: Travelling straight ahead / V2:Slowing or stopped in traffic,V1:Westbound / V2:Westbound ,V1: Collision with motor vehicle in traffic / V2: Collision with motor vehicle in traffic ,V1: Passenger car / V2:Passenger car,Dry,Daylight,Clear,RAMP - D STREET TO HAUL ROAD / RAMP - HAUL ROAD TO RT 90 WB / FARGO STREET,,,,,,237627.2291,899817.3934
3542824,BOSTON,24-Jul-2013,6:20 AM,Property damage only (none injured),2,0,0,"Sideswipe, same direction",V1: Changing lanes / V2:Travelling straight ahead,V1:Westbound / V2:Westbound ,V1: Collision with motor vehicle in traffic / V2: Collision with motor vehicle in traffic ,"V1: Passenger car / V2:Light truck(van, mini-van, panel, pickup, sport utility) with only four tires",Dry,Other,Clear,,MASSACHUSETTS TURNPIKE Rte 90 W / RAMP - DARTMOUTH STREET TO RT 90 WB,,,PRU TUNNEL,,234303.3874,899777.1888
3739350,BOSTON (MATTAPAN),24-Jul-2013,6:26 AM,Not Reported,2,0,0,Not reported,V1: Not reported / V2:Not reported,V1:Not reported / V2:Not reported ,V1: Not reported / V2: Not reported ,"V1: Light truck(van, mini-van, panel, pickup, sport utility) with only four tires / V2:Unknown vehicle configuration",Not reported,Not reported,Not Reported,,153 RIVER STREET,,,,,234838.9497,891324.4802
3541232,BOSTON,24-Jul-2013,7:35 AM,Non-fatal injury,1,1,0,Angle,V1: Turning right,V1:Northbound ,"V1: Collision with cyclist (bicycle, tricycle, unicycle, pedal car) ",V1: Passenger car,Dry,Daylight,Clear,,VETERANS OF FOREIGN WARS PARKWAY Rte UNKNOW / WEST ROXBURY VFW PARKWAY ROTARY,,,,"P2:Pedalcyclist (bicycle, tricycle, unicycle, pedal car)",229244.3438,894033.7502
3546218,BOSTON,24-Jul-2013,8:41 AM,Non-fatal injury,2,1,0,Rear-end,V1: Travelling straight ahead / V2:Travelling straight ahead,V1:Eastbound / V2:Eastbound ,V1: Collision with motor vehicle in traffic / V2: Collision with motor vehicle in traffic ,V1: Passenger car / V2:Passenger car,Dry,Daylight,Not Reported,,CHARLES STREET / BLOSSOM STREET,,,,,235439.8182,901626.7042
3540249,BOSTON,24-Jul-2013,10:30 AM,Property damage only (none injured),1,0,0,Single vehicle crash,V1: Travelling straight ahead,V1:Southbound ,V1: Collision with median barrier ,V1: Passenger car,Dry,Daylight,Clear,,Rte 93 S / UNKNOWN,,Exit 12 on Rte 93 S,,,237620.5493,892713.0989
3549106,BOSTON,24-Jul-2013,11:45 AM,Property damage only (none injured),2,0,0,Angle,V1: Travelling straight ahead / V2:Travelling straight ahead,V1:Southbound / V2:Southbound ,V1: Collision with motor vehicle in traffic / V2: Collision with motor vehicle in traffic ,V1: Truck/trailer / V2:Passenger car,Dry,Daylight,Clear,,Rte 93 S,,Exit 16 on Rte 93,,,236388.1605,897517.5198
3549562,BOSTON (DORCHESTER),24-Jul-2013,1:50 PM,Not Reported,2,0,0,Angle,V1: Turning left / V2:Not reported,V1:Eastbound / V2:Not reported ,"V1: Collision with other fixed object (wall, building, tunnel, etc.) / V2: Not reported ",V1: Passenger car / V2:Passenger car,Wet,Daylight,Rain,BOWDOIN STREET / TEBROC STREET,,,,,,235431.8592,894918.9373
3543155,BOSTON (BRIGHTON),24-Jul-2013,6:40 PM,Property damage only (none injured),1,0,0,Single vehicle crash,V1: Travelling straight ahead,V1:Northbound ,V1: Collision with light pole or other post/support ,"V1: Light truck(van, mini-van, panel, pickup, sport utility) with only four tires",Dry,Daylight,Clear,,84 LAKE STREET,,,,,227633.6532,899273.9136
3542825,BOSTON,24-Jul-2013,10:50 PM,Property damage only (none injured),2,0,0,"Sideswipe, same direction",V1: Travelling straight ahead / V2:Overtaking/passing,V1:Northbound / V2:Northbound ,V1: Collision with motor vehicle in traffic / V2: Collision with motor vehicle in traffic ,"V1: Light truck(van, mini-van, panel, pickup, sport utility) with only four tires / V2:Passenger car",Dry,Dark - lighted roadway,Clear,,EAST BOSTON EXPRESSWAY Rte 1A N / HAVRE STREET,,,CALLAHAN TUNNEL EXIT,,238161.8331,902668.6678
3541194,BOSTON,24-Jul-2013,11:26 PM,Property damage only (none injured),2,0,0,Rear-end,V1: Travelling straight ahead / V2:Travelling straight ahead,V1:Southbound / V2:Southbound ,V1: Collision with motor vehicle in traffic / V2: Collision with motor vehicle in traffic ,"V1: Light truck(van, mini-van, panel, pickup, sport utility) with only four tires / V2:Passenger car",Dry,Dark - lighted roadway,Clear,,Rte 93 S / UNKNOWN,,Exit 15 on Rte 93 S,,,236629.6253,897168.5001
3556587,BOSTON,24-Jul-2013,11:35 PM,Property damage only (none injured),2,0,0,Angle,V1: Turning left / V2:Travelling straight ahead,V1:Eastbound / V2:Westbound ,V1: Collision with motor vehicle in traffic / V2: Collision with motor vehicle in traffic ,V1: Passenger car / V2:Passenger car,Dry,Dark - lighted roadway,Clear,GALLIVAN BOULEVARD / DORCHESTER AVENUE,,,,,,235804.4062,892252.5627
3543887,BOSTON,25-Jul-2013,5:11 AM,Property damage only (none injured),2,0,0,Angle,V1: Travelling straight ahead / V2:Changing lanes,V1:Westbound / V2:Westbound ,V1: Collision with motor vehicle in traffic / V2: Collision with motor vehicle in traffic ,"V1: Light truck(van, mini-van, panel, pickup, sport utility) with only four tires / V2:Passenger car",Dry,Dark - lighted roadway,Clear,MORTON STREET / JAMES SHEA CIRCLE,,,,,,232426.4151,894490.4999
3543166,BOSTON,25-Jul-2013,7:47 AM,Non-fatal injury,1,1,0,Single vehicle crash,V1: Travelling straight ahead,V1:Southbound ,V1: Collision with pedestrian ,"V1: Light truck(van, mini-van, panel, pickup, sport utility) with only four tires",Dry,Daylight,Cloudy,,SOUTHAMPTON STREET / FRONTAGE ROAD Rte 93 S,,,,P2:Pedestrian,236150.988,897855.8214
3542826,BOSTON,25-Jul-2013,8:48 AM,Property damage only (none injured),2,0,0,Rear-end,V1: Travelling straight ahead / V2:Travelling straight ahead,V1:Northbound / V2:Northbound ,V1: Collision with motor vehicle in traffic / V2: Collision with motor vehicle in traffic ,V1: Passenger car / V2:Passenger car,Dry,Daylight,Clear,,Rte 93 N / UNKNOWN,,,O'NEILL TUNNEL,,236742.6233,900426.5825
3608598,BOSTON,25-Jul-2013,9:30 AM,Property damage only (none injured),2,0,0,Angle,V1: Travelling straight ahead / V2:Slowing or stopped in traffic,V1:Eastbound / V2:Northbound ,V1: Collision with motor vehicle in traffic / V2: Collision with motor vehicle in traffic ,V1: Passenger car / V2:Passenger car,Dry,Daylight,Cloudy,,RAMP - AIRPORT ROAD TO RT 90 WB / MASSACHUSETTS TURNPIKE Rte 90 W,,,,,239123.1877,901774.3963
3554495,BOSTON,25-Jul-2013,11:05 AM,Property damage only (none injured),2,0,0,Head-on,V1: Travelling straight ahead / V2:Not reported,V1:Northbound / V2:Southbound ,V1: Collision with motor vehicle in traffic / V2: Not reported ,"V1: Single-unit truck (2-axle, 6-tire) / V2:Passenger car",Dry,Daylight,Cloudy,,274 SOUTHAMPTON STREET,,,,,235990.2511,897898.4643
3561444,BOSTON,25-Jul-2013,11:55 AM,Property damage only (none injured),3,0,0,Rear-end,V1: Slowing or stopped in traffic / V2:Slowing or stopped in traffic / V3:Travelling straight ahead,V1:Eastbound / V2:Eastbound / V3:Eastbound ,V1: Collision with motor vehicle in traffic / V2: Collision with motor vehicle in traffic / V3: Collision with motor vehicle in traffic ,"V1: Passenger car / V2:Light truck(van, mini-van, panel, pickup, sport utility) with only four tires / V3:Light truck(van, mini-van, panel, pickup, sport utility) with only four tires",Dry,Daylight,Clear,,Rte 90 E / BERKELEY STREET,,,BERKELEY STREET,,235314.4446,899792.7502
3550594,BOSTON,25-Jul-2013,5:25 PM,Property damage only (none injured),2,0,0,"Sideswipe, same direction",V1: Changing lanes / V2:Travelling straight ahead,V1:Northbound / V2:Northbound ,V1: Collision with motor vehicle in traffic / V2: Collision with motor vehicle in traffic ,"V1: Passenger car / V2:Light truck(van, mini-van, panel, pickup, sport utility) with only four tires",Dry,Daylight,Cloudy/Rain,,Rte 93 N / UNKNOWN,,Exit 26 on Rte 93 N,,,236402.7433,901600.0342
3657618,BOSTON,25-Jul-2013,6:05 PM,Property damage only (none injured),2,0,0,"Sideswipe, same direction",V1: Changing lanes / V2:Travelling straight ahead,V1:Northbound / V2:Northbound ,V1: Collision with motor vehicle in traffic / V2: Collision with motor vehicle in traffic ,V1: Tractor/semi-trailer / V2:Passenger car,Dry,Daylight,Clear,,Rte 93 N,,Exit 13 on Rte 93 N,,,237420.1414,894076.5227
3556021,BOSTON,25-Jul-2013,6:08 PM,Non-fatal injury,3,1,0,Rear-end,V1: Travelling straight ahead / V2:Slowing or stopped in traffic / V3:Slowing or stopped in traffic,V1:Eastbound / V2:Eastbound / V3:Eastbound ,V1: Collision with motor vehicle in traffic / V2: Collision with motor vehicle in traffic / V3: Collision with motor vehicle in traffic ,V1: Passenger car / V2:Passenger car / V3:Passenger car,Wet,Daylight,Rain,,MASSACHUSETTS TURNPIKE Rte 90 E,,,COMMONWEALTH  AVE  OVERPASS,,232055.4802,900074.2155
3556650,BOSTON,25-Jul-2013,6:30 PM,Property damage only (none injured),2,0,0,Angle,V1: Travelling straight ahead / V2:Not reported,V1:Southbound / V2:Not reported ,V1: Collision with motor vehicle in traffic / V2: Not reported ,"V1: Light truck(van, mini-van, panel, pickup, sport utility) with only four tires / V2:Passenger car",Dry,Daylight,Clear,,Rte 93 S / UNKNOWN,,Exit 12 on Rte 93 S,,,237620.5493,892713.0989
3548631,BOSTON,26-Jul-2013,1:10 AM,Property damage only (none injured),2,0,0,"Sideswipe, same direction",V1: Slowing or stopped in traffic / V2:Travelling straight ahead,V1:Southbound / V2:Southbound ,V1: Collision with motor vehicle in traffic / V2: Collision with motor vehicle in traffic ,"V1: Light truck(van, mini-van, panel, pickup, sport utility) with only four tires / V2:Passenger car",Wet,Dark - lighted roadway,Not Reported,MASSACHUSETTS AVENUE Rte 2A W / BEACON STREET,,,,BOSTON SIDE OF MASS AVE BRIDGE,,233821.7968,900120.375
3544019,BOSTON,26-Jul-2013,2:54 AM,Not Reported,2,0,0,Angle,V1: Unknown / V2:Parked,V1:Northbound / V2:Northbound ,V1: Collision with parked motor vehicle / V2: Collision with motor vehicle in traffic ,"V1: Passenger car / V2:Light truck(van, mini-van, panel, pickup, sport utility) with only four tires",Wet,Dark - lighted roadway,Rain,,11 BELDEN STREET,,,,,235780.8618,896472.5628
3549105,BOSTON,26-Jul-2013,7:00 AM,Non-fatal injury,4,1,0,Rear-end,V1: Slowing or stopped in traffic / V2:Slowing or stopped in traffic / V3:Slowing or stopped in traffic / V4:Travelling straight ahead,V1:Westbound / V2:Westbound / V3:Westbound / V4:Westbound ,V1: Collision with motor vehicle in traffic / V2: Collision with motor vehicle in traffic / V3: Collision with motor vehicle in traffic / V4: Collision with motor vehicle in traffic ,"V1: Passenger car / V2:Passenger car / V3:Passenger car / V4:Light truck(van, mini-van, panel, pickup, sport utility) with only four tires",Wet,Daylight,Rain,,SOLDIERS FIELD ROAD / RAMP - SOLDIERS FIELD WB TO N HARVARD ST,,,NEAR THE NEWELL BOATHOUSE,,231048.6339,902041.4747
3557341,BOSTON,26-Jul-2013,9:36 AM,Property damage only (none injured),2,0,0,"Sideswipe, same direction",V1: Travelling straight ahead / V2:Turning right,V1:Southbound / V2:Southbound ,V1: Collision with motor vehicle in traffic / V2: Collision with motor vehicle in traffic ,"V1: Single-unit truck (2-axle, 6-tire) / V2:Bus (seats for more than 15 people, including driver)",Dry,Daylight,Clear,,Rte 93,,Exit 15 on Rte 93,DYC CUT OUT,,236629.6253,897168.5001
3556589,BOSTON,26-Jul-2013,10:17 AM,Property damage only (none injured),3,0,0,Rear-end,V1: Travelling straight ahead / V2:Slowing or stopped in traffic / V3:Slowing or stopped in traffic,V1:Southbound / V2:Southbound / V3:Southbound ,V1: Collision with motor vehicle in traffic / V2: Collision with motor vehicle in traffic / V3: Collision with motor vehicle in traffic ,V1: Passenger car / V2:Passenger car / V3:Passenger car,Dry,Daylight,Clear,,Rte 93 S / UNKNOWN,,Exit 15 on Rte 93 S,SOUTH OF SOUTH BAY MALL,,236629.6253,897168.5001
3545936,BOSTON,26-Jul-2013,10:55 AM,Property damage only (none injured),2,0,0,Rear-end,V1: Slowing or stopped in traffic / V2:Slowing or stopped in traffic,V1:Eastbound / V2:Eastbound ,V1: Collision with motor vehicle in traffic / V2: Collision with motor vehicle in traffic ,V1: Passenger car / V2:Passenger car,Wet,Daylight,Rain,,GALLIVAN BOULEVARD Rte UNKNOW / DORCHESTER AVENUE,,,,,235804.4062,892252.5627
3543048,BOSTON,26-Jul-2013,11:27 AM,Property damage only (none injured),1,0,0,Single vehicle crash,V1: Turning right,V1:Northbound ,V1: Collision with light pole or other post/support ,V1: Truck/trailer,Wet,Daylight,Rain,,FRONTAGE ROAD / WEST FOURTH STREET,,,,,236111.8694,899236.5468
3556651,BOSTON,26-Jul-2013,1:00 PM,Property damage only (none injured),2,0,0,Rear-end,V1: Travelling straight ahead / V2:Slowing or stopped in traffic,V1:Southbound / V2:Southbound ,V1: Collision with motor vehicle in traffic / V2: Collision with motor vehicle in traffic ,V1: Passenger car / V2:Passenger car,Dry,Daylight,Clear,,Rte 93 S / UNKNOWN,,Exit 15 on Rte 93 S,,,236629.6253,897168.5001
3548890,BOSTON,26-Jul-2013,3:57 PM,Property damage only (none injured),2,0,0,Not reported,V1: Backing / V2:Slowing or stopped in traffic,V1:Westbound / V2:Westbound ,V1: Collision with motor vehicle in traffic / V2: Collision with motor vehicle in traffic ,"V1: Light truck(van, mini-van, panel, pickup, sport utility) with only four tires / V2:Passenger car",Dry,Daylight,Clear,,SOLDIERS FIELD ROAD Rte UNKNOW W / EVERETT STREET,,,,,230032.9845,901646.3752
3543156,BOSTON (SOUTH BOSTON),26-Jul-2013,5:00 PM,Not Reported,2,0,0,Angle,V1: Travelling straight ahead / V2:Travelling straight ahead,V1:Eastbound / V2:Northbound ,V1: Collision with motor vehicle in traffic / V2: Collision with motor vehicle in traffic ,V1: Passenger car / V2:Passenger car,Wet,Daylight,Rain,D STREET / SUMMER STREET,,,,,,237728.4951,899633.9545
3557070,BOSTON,26-Jul-2013,5:00 PM,Property damage only (none injured),2,0,0,Rear-end,V1: Travelling straight ahead / V2:Not reported,V1:Westbound / V2:Not reported ,V1: Collision with motor vehicle in traffic / V2: Not reported ,V1: Passenger car / V2:Not reported,Dry,Daylight,Cloudy,,Rte 90 W,,Exit 25 on Rte 90,,,238090.4393,899691.5691
3563367,BOSTON,26-Jul-2013,5:08 PM,Non-fatal injury,1,1,0,Single vehicle crash,V1: Travelling straight ahead,V1:Not reported ,V1: Collision with motor vehicle in traffic ,V1: Passenger car,Dry,Daylight,Cloudy/Rain,,,,,ROTCH FIELD,P2:Pedestrian,,
3580407,BOSTON (DORCHESTER),27-Jul-2013,4:29 AM,Non-fatal injury,3,3,0,Angle,V1: Entering traffic lane / V2:Parked / V3:Parked,V1:Not reported / V2:Not reported / V3:Not reported ,V1: Collision with motor vehicle in traffic / V2: Collision with motor vehicle in traffic / V3: Not reported ,"V1: Light truck(van, mini-van, panel, pickup, sport utility) with only four tires / V2:Light truck(van, mini-van, panel, pickup, sport utility) with only four tires / V3:Unknown vehicle configuration",Dry,Dark - lighted roadway,Clear/Clear,DORCHESTER AVENUE / SAVIN HILL AVENUE,,,,,,236504.0624,895925.2498
3556022,BOSTON,27-Jul-2013,8:18 AM,Non-fatal injury,1,1,0,Single vehicle crash,V1: Other,V1:Northbound ,V1: Other ,V1: Motorcycle,"Sand, mud, dirt, oil, gravel",Daylight,Clear,,Rte 93 N / UNKNOWN,,,HOV LANE ENTRANCE,,236197.3481,899419.9727
3554519,BOSTON (CHARLESTOWN),27-Jul-2013,8:30 AM,Non-fatal injury,2,1,0,Rear-end,V1: Travelling straight ahead / V2:Travelling straight ahead,V1:Not reported / V2:Not reported ,V1: Collision with motor vehicle in traffic / V2: Collision with motor vehicle in traffic ,V1: Unknown vehicle configuration / V2:Passenger car,Dry,Daylight,Clear/Clear,,ALFORD STREET,,,ROTARY,,,
3655404,BOSTON,27-Jul-2013,2:05 PM,Non-fatal injury,2,1,0,Rear-end,V1: Slowing or stopped in traffic / V2:Travelling straight ahead,V1:Southbound / V2:Southbound ,V1: Collision with motor vehicle in traffic / V2: Collision with motor vehicle in traffic ,"V1: Light truck(van, mini-van, panel, pickup, sport utility) with only four tires / V2:Passenger car",Dry,Daylight,Clear,,Rte 93 S / UNKNOWN,,Exit 15 on Rte 93 S,,,236629.6253,897168.5001
4032157,BOSTON (WEST ROXBURY),27-Jul-2013,4:00 PM,Not Reported,2,0,0,Angle,V1: Not reported / V2:Not reported,V1:Not reported / V2:Not reported ,V1: Not reported / V2: Not reported ,"V1: Light truck(van, mini-van, panel, pickup, sport utility) with only four tires / V2:Passenger car",Dry,Daylight,Clear/Clear,BAKER STREET / JOYCE KILMER ROAD,,,,,,227715.9377,891365.9374
3560849,BOSTON,27-Jul-2013,8:56 PM,Property damage only (none injured),2,0,0,Single vehicle crash,V1: Slowing or stopped in traffic / V2:Slowing or stopped in traffic,V1:Southbound / V2:Southbound ,V1: Collision with motor vehicle in traffic / V2: Collision with motor vehicle in traffic ,V1: Passenger car / V2:Passenger car,Dry,Dark - lighted roadway,Clear,,Rte 93 S / UNKNOWN,,,,,235808.9872,898440.2212
3545934,BOSTON,27-Jul-2013,8:58 PM,Property damage only (none injured),2,0,0,Angle,V1: Travelling straight ahead / V2:Travelling straight ahead,V1:Eastbound / V2:Northbound ,V1: Collision with motor vehicle in traffic / V2: Collision with motor vehicle in traffic ,"V1: Light truck(van, mini-van, panel, pickup, sport utility) with only four tires / V2:Light truck(van, mini-van, panel, pickup, sport utility) with only four tires",Dry,Dark - lighted roadway,Clear,BACK STREET / BERKELEY STREET / RAMP - BERKELEY ST TO RT 28 NB,,,,,,235009.6998,900623.457
3557343,BOSTON,27-Jul-2013,9:50 PM,Non-fatal injury,2,2,0,Rear-end,V1: Slowing or stopped in traffic / V2:Slowing or stopped in traffic,V1:Southbound / V2:Southbound ,V1: Collision with motor vehicle in traffic / V2: Collision with motor vehicle in traffic ,V1: Passenger car / V2:Passenger car,Dry,Dark - lighted roadway,Not Reported,,Rte 93 S,,Exit 12 on Rte 93 S,,,237620.5493,892713.0989
3543954,BOSTON,27-Jul-2013,11:25 PM,Property damage only (none injured),2,0,0,Rear-end,V1: Slowing or stopped in traffic / V2:Slowing or stopped in traffic,V1:Westbound / V2:Westbound ,V1: Collision with motor vehicle in traffic / V2: Collision with motor vehicle in traffic ,V1: Passenger car / V2:Passenger car,Dry,Dark - roadway not lighted,Clear,,MASSACHUSETTS TURNPIKE Rte 90 W,,Exit 19 on Rte 90,,,231238.4734,900828.2242