Crash Number,City/Town Name,Crash Date,Crash Time,Crash Severity,Number of Vehicles,Total Nonfatal Injuries,Total Fatal Injuries,Manner of Collision,Vehicle Action Prior to Crash,Vehicle Travel Directions,Most Harmful Events,Vehicle Configuration,Road Surface Condition,Ambient Light,Weather Condition,At Roadway Intersection,Distance from Nearest Roadway Intersection,Distance from Nearest Milemarker,Distance from Nearest Exit,Distance from Nearest Landmark,Non Motorist Type,X Coordinate,Y Coordinate
3545863,BOSTON,27-Jul-2013,11:54 PM,Property damage only (none injured),1,0,0,Single vehicle crash,V1: Travelling straight ahead,V1:Northbound ,V1: Other ,V1: Passenger car,Dry,Dark - lighted roadway,Clear,,Rte 93 N / UNKNOWN,,Exit 23 on Rte 93 N,,,236957.4837,900943.9828
3739348,BOSTON,28-Jul-2013,00:00 AM,Non-fatal injury,2,4,0,Not reported,V1: Travelling straight ahead / V2:Travelling straight ahead,V1:Not reported / V2:Not reported ,V1: Collision with impact attenuator/crash cushion / V2: Collision with impact attenuator/crash cushion ,"V1: Passenger car / V2:Light truck(van, mini-van, panel, pickup, sport utility) with only four tires",Not reported,Not reported,Not Reported,HARVARD STREET / WALK HILL STREET,,,,,,233022.5157,892506.4998
3739349,BOSTON (DORCHESTER),28-Jul-2013,2:20 AM,Property damage only (none injured),2,0,0,Angle,V1: Entering traffic lane / V2:Travelling straight ahead,V1:Northbound / V2:Northbound ,V1: Not reported / V2: Collision with motor vehicle in traffic ,V1: Passenger car / V2:Motorcycle,Dry,Dark - lighted roadway,Clear/Clear,,616 BLUE HILL AVENUE,,,,,234206.5627,894830.4204
3739347,BOSTON,28-Jul-2013,2:52 AM,Not Reported,3,0,0,Not reported,V1: Parked / V2:Parked / V3:Parked,V1:Not reported / V2:Not reported / V3:Not reported ,V1: Collision with impact attenuator/crash cushion / V2: Collision with impact attenuator/crash cushion / V3: Collision with impact attenuator/crash cushion ,"V1: Passenger car / V2:Passenger car / V3:Light truck(van, mini-van, panel, pickup, sport utility) with only four tires",Not reported,Not reported,Not Reported,,70 STANBRO STREET,,,,,230669.0563,887162.3473
3544020,BOSTON,28-Jul-2013,3:15 AM,Non-fatal injury,3,3,0,"Sideswipe, opposite direction",V1: Travelling straight ahead / V2:Travelling straight ahead / V3:Not reported,V1:Northbound / V2:Eastbound / V3:Not reported ,V1: Collision with motor vehicle in traffic / V2: Collision with motor vehicle in traffic / V3: Not reported ,V1: Passenger car / V2:Passenger car / V3:Passenger car,Dry,Dark - lighted roadway,Clear,HUMBOLDT AVENUE / TOWNSEND STREET,,,,,,234086.2346,896367.7499
3560987,BOSTON,28-Jul-2013,3:15 AM,Non-fatal injury,1,1,0,Single vehicle crash,V1: Travelling straight ahead,V1:Eastbound ,V1: Not reported ,V1: Motorcycle,Dry,Dark - lighted roadway,Clear,,STORROW DRIVE,,,,,,
3556640,BOSTON,28-Jul-2013,6:07 AM,Property damage only (none injured),1,0,0,Single vehicle crash,V1: Travelling straight ahead,V1:Westbound ,V1: Collision with guardrail ,V1: Passenger car,Wet,Dawn,Rain,,SOLDIERS FIELD ROAD Rte UNKNOW W / NORTH HARVARD STREET,,,WEEKS FOOT BRIDGE,,230992.3482,902048.2872
3542835,BOSTON,28-Jul-2013,8:38 AM,Non-fatal injury,2,1,0,Angle,V1: Travelling straight ahead / V2:Travelling straight ahead,V1:Southbound / V2:Eastbound ,V1: Collision with motor vehicle in traffic / V2: Collision with motor vehicle in traffic ,"V1: Light truck(van, mini-van, panel, pickup, sport utility) with only four tires / V2:Light truck(van, mini-van, panel, pickup, sport utility) with only four tires",Dry,Daylight,Cloudy,CHARLESGATE WEST / COMMONWEALTH AVENUE,,,,,,233546.2737,899931.2545
3547924,BOSTON,28-Jul-2013,10:15 AM,Non-fatal injury,2,1,0,Angle,V1: Travelling straight ahead / V2:Turning left,V1:Southbound / V2:Westbound ,V1: Collision with motor vehicle in traffic / V2: Collision with motor vehicle in traffic ,V1: Passenger car / V2:Passenger car,Dry,Daylight,Clear,VETERANS OF FOREIGN WARS PARKWAY / CHARLES PARK ROAD,,,,,,227048.0563,891866.0907
3554514,BOSTON (CHARLESTOWN),28-Jul-2013,5:50 PM,Not Reported,1,0,0,"Sideswipe, opposite direction",V1: Travelling straight ahead,V1:Not reported ,V1: Unknown ,"V1: Light truck(van, mini-van, panel, pickup, sport utility) with only four tires",Dry,Daylight,Clear/Unknown,MEAD STREET / BUNKER HILL STREET,,,,,,235643.7498,903502.1463
3543879,BOSTON,28-Jul-2013,11:13 PM,Non-fatal injury,2,1,0,Rear-end,V1: Travelling straight ahead / V2:Travelling straight ahead,V1:Eastbound / V2:Eastbound ,V1: Collision with motor vehicle in traffic / V2: Collision with motor vehicle in traffic ,V1: Passenger car / V2:Passenger car,Dry,Dark - lighted roadway,Not Reported,,BACK STREET Rte UNKNOW / BERKELEY STREET,,,,,235009.7003,900623.4571
3543880,BOSTON,29-Jul-2013,1:05 AM,Property damage only (none injured),1,0,0,Single vehicle crash,V1: Not reported,V1:Not reported ,V1: Not reported ,V1: Passenger car,Dry,Dark - lighted roadway,Not Reported,,STORROW DRIVE Rte UNKNOW E / DAVID G MUGAR WAY,,,,,235214.6816,900915.4701
3554508,BOSTON,29-Jul-2013,8:35 AM,Non-fatal injury,2,2,0,Angle,V1: Travelling straight ahead / V2:Travelling straight ahead,V1:Eastbound / V2:Southbound ,V1: Collision with motor vehicle in traffic / V2: Collision with motor vehicle in traffic ,V1: Passenger car / V2:Passenger car,Dry,Dawn,Cloudy/Cloudy,,MAFFA WAY / BEACHAM STREET,,,SULLIVANSQUARE T,,234855.8284,903978.7719
3548632,BOSTON,29-Jul-2013,11:00 AM,Property damage only (none injured),2,0,0,Angle,V1: Slowing or stopped in traffic / V2:Travelling straight ahead,V1:Eastbound / V2:Northbound ,V1: Collision with motor vehicle in traffic / V2: Collision with motor vehicle in traffic ,"V1: Passenger car / V2:Light truck(van, mini-van, panel, pickup, sport utility) with only four tires",Dry,Daylight,Clear,,0 feet E from Intersection CHARLESGATE EAST / COMMONWEALTH AVENUE,,,,,233649.9732,899935.8523
3548892,BOSTON,29-Jul-2013,1:00 PM,Property damage only (none injured),2,0,0,Angle,V1: Travelling straight ahead / V2:Changing lanes,V1:Westbound / V2:Westbound ,V1: Collision with motor vehicle in traffic / V2: Collision with motor vehicle in traffic ,"V1: Passenger car / V2:Light truck(van, mini-van, panel, pickup, sport utility) with only four tires",Dry,Daylight,Clear,,GALLIVAN BOULEVARD Rte 203 W / CRADDOCK STREET,,,,,237571.7711,892818.5339
3548973,BOSTON,29-Jul-2013,1:50 PM,Non-fatal injury,1,1,0,Single vehicle crash,V1: Travelling straight ahead,V1:Northbound ,V1: Collision with curb ,"V1: Light truck(van, mini-van, panel, pickup, sport utility) with only four tires",Dry,Daylight,Clear,,ARBORWAY Rte UNKNOW / 125,,,,,231334.1175,895389.2864
3554520,BOSTON,29-Jul-2013,1:58 PM,Property damage only (none injured),2,0,0,"Sideswipe, same direction",V1: Turning left / V2:Turning left,V1:Eastbound / V2:Southbound ,V1: Collision with motor vehicle in traffic / V2: Collision with motor vehicle in traffic ,"V1: Light truck(van, mini-van, panel, pickup, sport utility) with only four tires / V2:Passenger car",Dry,Daylight,Clear,CAMBRIDGE STREET / GROVE STREET,,,,,,235525.25,901265.375
3557080,BOSTON,29-Jul-2013,2:21 PM,Not Reported,2,0,0,"Sideswipe, same direction",V1: Not reported / V2:Travelling straight ahead,V1:Not reported / V2:Westbound ,V1: Not reported / V2: Collision with motor vehicle in traffic ,"V1: Passenger car / V2:Light truck(van, mini-van, panel, pickup, sport utility) with only four tires",Dry,Daylight,Clear,,SOLDIERS FIELD ROAD / RAMP - WESTERN AVE TO SOLDIERS FIELD RD,,,NEAR DOUBLE TREE SUITES HOTEL,,231473.2701,901520.1168
3545826,BOSTON,29-Jul-2013,2:45 PM,Property damage only (none injured),2,0,0,Rear-end,V1: Travelling straight ahead / V2:Slowing or stopped in traffic,V1:Westbound / V2:Westbound ,V1: Collision with motor vehicle in traffic / V2: Collision with motor vehicle in traffic ,"V1: Light truck(van, mini-van, panel, pickup, sport utility) with only four tires / V2:Light truck(van, mini-van, panel, pickup, sport utility) with only four tires",Dry,Other,Clear,,MASSACHUSETTS TURNPIKE Rte 90 W / RAMP - RT 90 WB TO RT 93/ CONGRESS STREE Rte 1A S,,,TWT,,238310.5234,899777.7423
3573106,BOSTON,29-Jul-2013,3:20 PM,Property damage only (none injured),1,0,0,Single vehicle crash,V1: Turning right,V1:Eastbound ,V1: Collision with tree ,V1: Single-unit truck (3-or-more axles),Dry,Daylight,Cloudy/Cloudy,FULTON STREET / RICHMOND STREET,,,,,,236808.6297,901415.2788
3560334,BOSTON,29-Jul-2013,5:51 PM,Non-fatal injury,3,1,0,Rear-end,V1: Travelling straight ahead / V2:Travelling straight ahead / V3:Travelling straight ahead,V1:Westbound / V2:Not reported / V3:Westbound ,V1: Collision with motor vehicle in traffic / V2: Collision with motor vehicle in traffic / V3: Collision with motor vehicle in traffic ,"V1: Light truck(van, mini-van, panel, pickup, sport utility) with only four tires / V2:Passenger car / V3:Light truck(van, mini-van, panel, pickup, sport utility) with only four tires",Dry,Daylight,Clear,,855 COMMONWEALTH AVENUE,,,,,231755.0358,900136.011
3548969,BOSTON,30-Jul-2013,8:40 AM,Property damage only (none injured),2,0,0,"Sideswipe, same direction",V1: Leaving traffic lane / V2:Other,V1:Eastbound / V2:Eastbound ,V1: Collision with motor vehicle in traffic / V2: Collision with motor vehicle in traffic ,"V1: Passenger car / V2:Light truck(van, mini-van, panel, pickup, sport utility) with only four tires",Dry,Daylight,Clear,,KOSCIUSZKO CIRCLE Rte UNKNOW,,,,,237020.6238,896892.1848
3561680,BOSTON (WEST ROXBURY),30-Jul-2013,1:05 PM,Non-fatal injury,1,1,0,Single vehicle crash,V1: Travelling straight ahead,V1:Eastbound ,V1: Collision with guardrail ,"V1: Light truck(van, mini-van, panel, pickup, sport utility) with only four tires",Dry,Daylight,Clear/Clear,WASHINGTON STREET / COWING STREET,,,,,,229274.8748,891327.8123
3546208,BOSTON,30-Jul-2013,2:30 PM,Property damage only (none injured),2,0,0,"Sideswipe, same direction",V1: Travelling straight ahead / V2:Changing lanes,V1:Northbound / V2:Northbound ,V1: Collision with motor vehicle in traffic / V2: Collision with motor vehicle in traffic ,"V1: Single-unit truck (2-axle, 6-tire) / V2:Light truck(van, mini-van, panel, pickup, sport utility) with only four tires",Dry,Daylight,Clear,,Rte 93 N,,Exit 23 on Rte 93,,,236957.4837,900943.9828
3573104,BOSTON,30-Jul-2013,2:33 PM,Property damage only (none injured),2,0,0,Not reported,V1: Travelling straight ahead / V2:Turning right,V1:Southbound / V2:Southbound ,V1: Not reported / V2: Collision with motor vehicle in traffic ,V1: Truck/trailer / V2:Passenger car,Not reported,Not reported,Not Reported,SURFACE ARTERY / KNEELAND STREET,,,,,,236274.497,900050.9872
3561445,BOSTON,30-Jul-2013,2:45 PM,Fatal injury,2,0,1,Rear-end,V1: Slowing or stopped in traffic / V2:Travelling straight ahead,V1:Northbound / V2:Northbound ,V1: Collision with motor vehicle in traffic / V2: Collision with motor vehicle in traffic ,"V1: Single-unit truck (2-axle, 6-tire) / V2:Passenger car",Dry,Daylight,Clear,,JOHN F FITZGERALD EXPRESSWAY Rte 93 N,,,ZAKIM BRIDGE,,236093.4554,901994.1683
3655405,BOSTON,30-Jul-2013,4:05 PM,Property damage only (none injured),2,0,0,"Sideswipe, same direction",V1: Turning right / V2:Travelling straight ahead,V1:Eastbound / V2:Eastbound ,V1: Collision with motor vehicle in traffic / V2: Collision with motor vehicle in traffic ,V1: Passenger car / V2:Passenger car,Dry,Daylight,Not Reported,GRANITE AVENUE / GALLIVAN BOULEVARD Rte 203 E / ADAMS STREET,,,,,,236643.2967,892556.1249
3556558,BOSTON,30-Jul-2013,6:45 PM,Property damage only (none injured),2,0,0,Rear-end,V1: Slowing or stopped in traffic / V2:Travelling straight ahead,V1:Northbound / V2:Northbound ,V1: Collision with motor vehicle in traffic / V2: Collision with motor vehicle in traffic ,V1: Passenger car / V2:Passenger car,Dry,Daylight,Cloudy,,JOHN F FITZGERALD EXPRESSWAY Rte 93 N,,,ZAKIM BRIDGE,,235963.823,902146.8167
3712019,BOSTON,30-Jul-2013,7:12 PM,Non-fatal injury,3,1,0,Angle,V1: Making U-turn / V2:Travelling straight ahead / V3:Parked,V1:Southbound / V2:Eastbound / V3:Not reported ,V1: Collision with motor vehicle in traffic / V2: Collision with motor vehicle in traffic / V3: Collision with motor vehicle in traffic ,V1: Passenger car / V2:Motorcycle / V3:Passenger car,Dry,Dusk,Clear,,3912 WASHINGTON STREET,,,3904 WASHINGTON STREET,,231413.7034,893903.5759
3556590,BOSTON,30-Jul-2013,10:13 PM,Non-fatal injury,3,1,0,Rear-end,V1: Slowing or stopped in traffic / V2:Slowing or stopped in traffic / V3:Entering traffic lane,V1:Southbound / V2:Southbound / V3:Southbound ,V1: Collision with motor vehicle in traffic / V2: Collision with motor vehicle in traffic / V3: Collision with motor vehicle in traffic ,"V1: Passenger car / V2:Light truck(van, mini-van, panel, pickup, sport utility) with only four tires / V3:Passenger car",Dry,Dark - lighted roadway,Not Reported,,Rte 93 S / UNKNOWN,,,,,236220.5269,897754.1317
3545829,BOSTON,30-Jul-2013,11:12 PM,Non-fatal injury,1,1,0,Rear-end,V1: Slowing or stopped in traffic,V1:Westbound ,"V1: Collision with cyclist (bicycle, tricycle, unicycle, pedal car) ","V1: Light truck(van, mini-van, panel, pickup, sport utility) with only four tires",Dry,Dark - lighted roadway,Clear,,SEAPORT BOULEVARD / SEAPORT LANE,,,,"P1:Pedalcyclist (bicycle, tricycle, unicycle, pedal car) / P2:Pedalcyclist (bicycle, tricycle, unicycle, pedal car)",237771.3908,900045.8475
3545871,BOSTON,31-Jul-2013,2:11 AM,Non-fatal injury,1,1,0,Single vehicle crash,V1: Travelling straight ahead,V1:Northbound ,V1: Collision with median barrier ,V1: Passenger car,Dry,Dark - lighted roadway,Clear,,Rte 93 N / UNKNOWN,,Exit 15 on Rte 93 N,,,236972.2496,896473.4282
3560335,BOSTON (ALLSTON),31-Jul-2013,2:20 AM,Non-fatal injury,1,1,0,Single vehicle crash,V1: Not reported,V1:Not reported ,V1: Not reported ,V1: Motorcycle,Dry,Dark - lighted roadway,Clear,CAMBRIDGE STREET / WINDOM STREET,,,,,,231037.2659,901023.3751
3580400,BOSTON,31-Jul-2013,8:35 AM,Non-fatal injury,1,1,0,Single vehicle crash,V1: Turning left,V1:Not reported ,"V1: Collision with cyclist (bicycle, tricycle, unicycle, pedal car) ",V1: Passenger car,Dry,Dusk,Clear/Clear,BOWDOIN STREET / HAMILTON STREET,,,,,"P2:Pedalcyclist (bicycle, tricycle, unicycle, pedal car)",235699.7969,895175.2502
3556520,BOSTON,31-Jul-2013,11:36 AM,Non-fatal injury,2,1,0,Rear-end,V1: Travelling straight ahead / V2:Slowing or stopped in traffic,V1:Eastbound / V2:Eastbound ,V1: Collision with motor vehicle in traffic / V2: Collision with motor vehicle in traffic ,V1: Passenger car / V2:Passenger car,Dry,Daylight,Clear,,Rte 90 E / UNKNOWN,,Exit 18 on Rte 90 E,,,230714.9765,900764.6942
3556023,BOSTON,31-Jul-2013,2:15 PM,Property damage only (none injured),4,0,0,Rear-end,V1: Slowing or stopped in traffic / V2:Slowing or stopped in traffic / V3:Slowing or stopped in traffic / V4:Slowing or stopped in traffic,V1:Westbound / V2:Westbound / V3:Westbound / V4:Westbound ,V1: Collision with motor vehicle in traffic / V2: Collision with motor vehicle in traffic / V3: Collision with motor vehicle in traffic / V4: Collision with motor vehicle in traffic ,"V1: Passenger car / V2:Light truck(van, mini-van, panel, pickup, sport utility) with only four tires / V3:Passenger car / V4:Passenger car",Dry,Daylight,Clear,,Rte 93 S / UNKNOWN,,Exit 26 on Rte 93 S,STATION TUNNEL,,234851.4113,903728.5151
3545875,BOSTON,31-Jul-2013,2:45 PM,Not Reported,2,0,0,Rear-end,V1: Slowing or stopped in traffic / V2:Slowing or stopped in traffic,V1:Westbound / V2:Westbound ,V1: Collision with motor vehicle in traffic / V2: Collision with motor vehicle in traffic ,"V1: Light truck(van, mini-van, panel, pickup, sport utility) with only four tires / V2:Light truck(van, mini-van, panel, pickup, sport utility) with only four tires",Dry,Daylight,Clear,,MORTON STREET Rte UNKNOW / JAMES SHEA CIRCLE,,,,,232426.4151,894490.4999
3556653,BOSTON,31-Jul-2013,3:20 PM,Non-fatal injury,1,1,0,Single vehicle crash,V1: Travelling straight ahead,V1:Northbound ,V1: Collision with fence ,"V1: Light truck(van, mini-van, panel, pickup, sport utility) with only four tires",Dry,Daylight,Clear,,Rte 93 N / UNKNOWN,,Exit 13 on Rte 93 N,OFF RAMP,,237420.1414,894076.5227
3557831,BOSTON,31-Jul-2013,4:10 PM,Non-fatal injury,1,1,0,Single vehicle crash,V1: Travelling straight ahead,V1:Southbound ,V1: Collision with pedestrian ,"V1: Light truck(van, mini-van, panel, pickup, sport utility) with only four tires",Dry,Daylight,Clear,,GENERAL CASIMIR PULASKI SKYWAY Rte 93 S / RAMP - RT 93 SB TO COLUMBIA RD,,,ON RAMP TO 93 FROM SOUTH BAY,,236629.6248,897168.4999
3556654,BOSTON,31-Jul-2013,4:50 PM,Property damage only (none injured),2,0,0,Angle,V1: Travelling straight ahead / V2:Entering traffic lane,V1:Westbound / V2:Southbound ,V1: Collision with motor vehicle in traffic / V2: Collision with motor vehicle in traffic ,V1: Passenger car / V2:Passenger car,Dry,Daylight,Clear,,PREBLE STREET Rte UNKNOW / OLD COLONY AVENUE,,,,,236869.4374,897748.4377
3556559,BOSTON,31-Jul-2013,5:28 PM,Property damage only (none injured),2,0,0,Rear-end,V1: Slowing or stopped in traffic / V2:Slowing or stopped in traffic,V1:Northbound / V2:Northbound ,V1: Collision with motor vehicle in traffic / V2: Collision with motor vehicle in traffic ,V1: Passenger car / V2:Passenger car,Dry,Daylight,Clear,,Rte 93 N / UNKNOWN,,Exit 23 on Rte 93 N,,,236957.4837,900943.9828
3556024,BOSTON,31-Jul-2013,6:08 PM,Property damage only (none injured),2,0,0,Rear-end,V1: Travelling straight ahead / V2:Slowing or stopped in traffic,V1:Southbound / V2:Southbound ,V1: Collision with motor vehicle in traffic / V2: Collision with motor vehicle in traffic ,"V1: Light truck(van, mini-van, panel, pickup, sport utility) with only four tires / V2:Light truck(van, mini-van, panel, pickup, sport utility) with only four tires",Dry,Daylight,Clear,,Rte 93 S / UNKNOWN,,Exit 24 on Rte 93 S,,,236397.1933,901565.6511
3562645,BOSTON,31-Jul-2013,7:06 PM,Non-fatal injury,3,2,0,Rear-end,V1: Slowing or stopped in traffic / V2:Slowing or stopped in traffic / V3:Changing lanes,V1:Southbound / V2:Southbound / V3:Southbound ,V1: Collision with motor vehicle in traffic / V2: Collision with motor vehicle in traffic / V3: Collision with motor vehicle in traffic ,"V1: Passenger car / V2:Light truck(van, mini-van, panel, pickup, sport utility) with only four tires / V3:Passenger car",Dry,Dark - lighted roadway,Clear,,Rte 93 N,,Exit 23 on Rte 93,,,236856.2793,901152.8251
3611385,BOSTON,01-Aug-2013,1:40 AM,Non-fatal injury,2,1,0,Head-on,V1: Travelling straight ahead / V2:Changing lanes,V1:Southbound / V2:Northbound ,V1: Not reported / V2: Not reported ,"V1: Light truck(van, mini-van, panel, pickup, sport utility) with only four tires / V2:Passenger car",Dry,Dark - lighted roadway,Clear,,1200 DORCHESTER AVENUE,,,,,236441.3731,895546.4857
3556573,BOSTON,01-Aug-2013,7:37 AM,Property damage only (none injured),2,0,0,Rear-end,V1: Slowing or stopped in traffic / V2:Travelling straight ahead,V1:Westbound / V2:Westbound ,V1: Collision with motor vehicle in traffic / V2: Collision with motor vehicle in traffic ,V1: Passenger car / V2:Passenger car,Dry,Daylight,Clear,CHARLESGATE OVERPASS / STORROW DRIVE,,,,RAMP FROM BOWKER OVERPASS TO W/B,,233287.6718,900098.5623
3611030,BOSTON,01-Aug-2013,9:50 AM,Property damage only (none injured),2,0,0,"Sideswipe, opposite direction",V1: Entering traffic lane / V2:Travelling straight ahead,V1:Southbound / V2:Westbound ,V1: Collision with motor vehicle in traffic / V2: Collision with motor vehicle in traffic ,"V1: Light truck(van, mini-van, panel, pickup, sport utility) with only four tires / V2:Passenger car",Dry,Daylight,Clear,,GALLIVAN BOULEVARD Rte UNKNOW / SYLVESTER ROAD,,,,,237334.7655,892690.3124
3549107,BOSTON,01-Aug-2013,12:55 PM,Property damage only (none injured),2,0,0,"Sideswipe, same direction",V1: Travelling straight ahead / V2:Travelling straight ahead,V1:Southbound / V2:Southbound ,V1: Collision with motor vehicle in traffic / V2: Collision with motor vehicle in traffic ,"V1: Bus (seats for 7-15 people, including driver) / V2:Single-unit truck (3-or-more axles)",Dry,Daylight,Clear,,GENERAL CASIMIR PULASKI SKYWAY Rte 93 S / JOHN F FITZGERALD EXPRESSWAY,,,SAVIN HILL,,235937.5459,898217.0198
3662715,BOSTON,01-Aug-2013,2:30 PM,Non-fatal injury,2,1,0,Rear-end,V1: Travelling straight ahead / V2:Travelling straight ahead,V1:Westbound / V2:Westbound ,V1: Collision with motor vehicle in traffic / V2: Collision with motor vehicle in traffic ,V1: Passenger car / V2:Passenger car,Dry,Daylight,Clear/Clear,,30 MASSACHUSETTS AVENUE,,,,,233840.9396,900071.785
3561446,BOSTON,01-Aug-2013,2:38 PM,Property damage only (none injured),2,0,0,Rear-end,V1: Slowing or stopped in traffic / V2:Slowing or stopped in traffic,V1:Southbound / V2:Southbound ,V1: Collision with motor vehicle in traffic / V2: Collision with motor vehicle in traffic ,V1: Passenger car / V2:Passenger car,Dry,Daylight,Clear,,INTERSTATE 93 Rte 93 S / LEVERETT CONNECTOR SOUTH,,,LOWER DECK,,234855.6355,903569.1588
3554518,BOSTON,01-Aug-2013,3:10 PM,Non-fatal injury,1,1,0,Angle,V1: Making U-turn,V1:Southbound ,"V1: Collision with cyclist (bicycle, tricycle, unicycle, pedal car) ","V1: Light truck(van, mini-van, panel, pickup, sport utility) with only four tires",Dry,Daylight,Clear,,100 SUMMER STREET / HIGH STREET,,,,"P2:Pedalcyclist (bicycle, tricycle, unicycle, pedal car)",236499.3101,900399.1518
3554516,BOSTON (CHARLESTOWN),01-Aug-2013,6:50 PM,Non-fatal injury,2,2,0,Angle,V1: Travelling straight ahead / V2:Turning right,V1:Eastbound / V2:Northbound ,V1: Collision with motor vehicle in traffic / V2: Collision with motor vehicle in traffic ,V1: Passenger car / V2:Passenger car,Dry,Daylight,Clear,MAIN STREET / WALKER STREET,,,,,,235590.4066,903170.4522
3560850,BOSTON,01-Aug-2013,7:15 PM,Property damage only (none injured),3,0,0,Rear-end,V1: Slowing or stopped in traffic / V2:Slowing or stopped in traffic / V3:Travelling straight ahead,V1:Southbound / V2:Southbound / V3:Southbound ,V1: Collision with motor vehicle in traffic / V2: Collision with motor vehicle in traffic / V3: Collision with motor vehicle in traffic ,V1: MOPED / V2:Passenger car / V3:Passenger car,Dry,Daylight,Clear,,Rte 93 S / UNKNOWN,,Exit 24 on Rte 93 S,,,236397.1933,901565.6511
3739346,BOSTON,01-Aug-2013,7:51 PM,Not Reported,2,0,0,Rear-end,V1: Travelling straight ahead / V2:Travelling straight ahead,V1:Not reported / V2:Not reported ,V1: Collision with motor vehicle in traffic / V2: Collision with motor vehicle in traffic ,V1: Passenger car / V2:Passenger car,Dry,Dark - lighted roadway,Clear,OLD ROAD / COLUMBIA ROAD,,,,,,234287.9375,894852.6876
3739345,BOSTON (MATTAPAN),01-Aug-2013,10:34 PM,Property damage only (none injured),2,0,0,"Sideswipe, opposite direction",V1: Travelling straight ahead / V2:Travelling straight ahead,V1:Eastbound / V2:Westbound ,V1: Collision with motor vehicle in traffic / V2: Collision with motor vehicle in traffic ,V1: Passenger car / V2:Passenger car,Wet,Dark - lighted roadway,Rain,BABSON STREET / NORFOLK STREET,,,,,,233603.3904,891861.2498
3548968,BOSTON,02-Aug-2013,9:00 AM,Property damage only (none injured),1,0,0,Single vehicle crash,V1: Travelling straight ahead,V1:Westbound ,V1: Collision with median barrier ,V1: Passenger car,Wet,Daylight,Cloudy,,SOLDIERS FIELD ROAD Rte UNKNOW W / NORTH HARVARD STREET,,,,,230992.3482,902048.2872
3561591,BOSTON,02-Aug-2013,11:28 AM,Non-fatal injury,2,1,0,Rear-end,V1: Slowing or stopped in traffic / V2:Travelling straight ahead,V1:Northbound / V2:Northbound ,V1: Collision with motor vehicle in traffic / V2: Collision with motor vehicle in traffic ,V1: Passenger car / V2:Passenger car,Dry,Daylight,Cloudy,,Rte 93 N / UNKNOWN,,Exit 23 on Rte 93 N,,,236957.4837,900943.9828
3608856,BOSTON,02-Aug-2013,11:35 AM,Non-fatal injury,2,1,0,Rear-end,V1: Slowing or stopped in traffic / V2:Travelling straight ahead,V1:Westbound / V2:Not reported ,V1: Collision with motor vehicle in traffic / V2: Collision with motor vehicle in traffic ,"V1: Passenger car / V2:Light truck(van, mini-van, panel, pickup, sport utility) with only four tires",Dry,Daylight,Not Reported,,VETERANS OF FOREIGN WARS PARKWAY Rte UNKNOW / COREY STREET,,,,,227821.0467,893720.8752
3580403,BOSTON (DORCHESTER),02-Aug-2013,11:37 AM,Not Reported,2,0,0,Not reported,V1: Not reported / V2:Parked,V1:Not reported / V2:Not reported ,V1: Not reported / V2: Not reported ,V1: Passenger car / V2:Passenger car,Not reported,Not reported,Not Reported,,4 GLENDALE STREET,,,,,235831.2956,895980.0207
3739344,BOSTON (MATTAPAN),02-Aug-2013,12:00 PM,Not Reported,2,0,0,Rear-end,V1: Travelling straight ahead / V2:Not reported,V1:Not reported / V2:Not reported ,V1: Collision with motor vehicle in traffic / V2: Not reported ,V1: Unknown vehicle configuration / V2:Unknown vehicle configuration,Dry,Dark - lighted roadway,Clear/Unknown,,NORFOLK STREET / BLUE HILL AVENUE,,,,,233539.6874,891818.4998
3576887,BOSTON,02-Aug-2013,1:23 PM,Property damage only (none injured),3,0,0,Rear-end,V1: Slowing or stopped in traffic / V2:Slowing or stopped in traffic / V3:Travelling straight ahead,V1:Northbound / V2:Northbound / V3:Northbound ,V1: Collision with motor vehicle in traffic / V2: Collision with motor vehicle in traffic / V3: Collision with motor vehicle in traffic ,"V1: Light truck(van, mini-van, panel, pickup, sport utility) with only four tires / V2:Passenger car / V3:Light truck(van, mini-van, panel, pickup, sport utility) with only four tires",Dry,Daylight,Clear,,Rte 93 N / UNKNOWN,,Exit 15 on Rte 93 N,,,236972.2496,896473.4282
3561448,BOSTON,02-Aug-2013,1:38 PM,Property damage only (none injured),2,0,0,Rear-end,V1: Travelling straight ahead / V2:Turning right,V1:Southbound / V2:Southbound ,V1: Collision with motor vehicle in traffic / V2: Collision with motor vehicle in traffic ,"V1: Single-unit truck (2-axle, 6-tire) / V2:Passenger car",Dry,Daylight,Clear,,Rte 93 S,,Exit 23 on Rte 93 S,,,236856.2793,901152.8251
3556560,BOSTON,02-Aug-2013,1:55 PM,Property damage only (none injured),3,0,0,Rear-end,V1: Slowing or stopped in traffic / V2:Slowing or stopped in traffic / V3:Travelling straight ahead,V1:Northbound / V2:Northbound / V3:Northbound ,V1: Collision with motor vehicle in traffic / V2: Collision with motor vehicle in traffic / V3: Collision with motor vehicle in traffic ,"V1: Light truck(van, mini-van, panel, pickup, sport utility) with only four tires / V2:Light truck(van, mini-van, panel, pickup, sport utility) with only four tires / V3:Light truck(van, mini-van, panel, pickup, sport utility) with only four tires",Dry,Daylight,Clear,,Rte 93 N / UNKNOWN,,,,,236612.9046,900287.568