Crash Number,City/Town Name,Crash Date,Crash Time,Crash Severity,Number of Vehicles,Total Nonfatal Injuries,Total Fatal Injuries,Manner of Collision,Vehicle Action Prior to Crash,Vehicle Travel Directions,Most Harmful Events,Vehicle Configuration,Road Surface Condition,Ambient Light,Weather Condition,At Roadway Intersection,Distance from Nearest Roadway Intersection,Distance from Nearest Milemarker,Distance from Nearest Exit,Distance from Nearest Landmark,Non Motorist Type,X Coordinate,Y Coordinate
3560991,BOSTON,02-Aug-2013,2:30 PM,Property damage only (none injured),1,0,0,Single vehicle crash,V1: Travelling straight ahead,V1:Eastbound ,V1: Collision with motor vehicle in traffic ,"V1: Light truck(van, mini-van, panel, pickup, sport utility) with only four tires",Dry,Daylight,Clear,,MORTON STREET Rte UNKNOW E / CEMETERY ROAD,,,,,232598.4532,894496.6249
3549108,BOSTON,02-Aug-2013,3:45 PM,Property damage only (none injured),2,0,0,"Sideswipe, same direction",V1: Travelling straight ahead / V2:Not reported,V1:Northbound / V2:Not reported ,V1: Collision with motor vehicle in traffic / V2: Not reported ,V1: Passenger car / V2:Not reported,Dry,Daylight,Clear,,Rte 93 N,,,,,,
3556655,BOSTON,02-Aug-2013,6:53 PM,Property damage only (none injured),2,0,0,Rear-end,V1: Slowing or stopped in traffic / V2:Travelling straight ahead,V1:Northbound / V2:Northbound ,V1: Collision with motor vehicle in traffic / V2: Collision with motor vehicle in traffic ,V1: Passenger car / V2:Passenger car,Dry,Daylight,Clear,,Rte 93 N / UNKNOWN,,Exit 15 on Rte 93 N,,,236972.2496,896473.4282
3576859,BOSTON,02-Aug-2013,10:00 PM,Non-fatal injury,1,1,0,Not reported,V1: Travelling straight ahead,V1:Northbound ,V1: Collision with pedestrian ,V1: Passenger car,Dry,Dark - lighted roadway,Clear,,,,,ECONOMY PARKING GARAGE,P2:Pedestrian,,
3553037,BOSTON,03-Aug-2013,1:05 AM,Property damage only (none injured),2,0,0,"Sideswipe, same direction",V1: Travelling straight ahead / V2:Travelling straight ahead,V1:Eastbound / V2:Eastbound ,V1: Collision with motor vehicle in traffic / V2: Collision with motor vehicle in traffic ,V1: Passenger car / V2:Passenger car,Dry,Dark - lighted roadway,Clear,,0 feet E from Intersection GALLIVAN BOULEVARD / GRANITE AVENUE,,,,,236643.2967,892556.1249
3739343,BOSTON,03-Aug-2013,1:15 AM,Not Reported,2,0,0,Not reported,V1: Parked / V2:Parked,V1:Not reported / V2:Not reported ,V1: Collision with impact attenuator/crash cushion / V2: Collision with impact attenuator/crash cushion ,V1: Passenger car / V2:Passenger car,Not reported,Not reported,Not Reported,,31 BOSTON STREET,,,,,236455.2043,897649.1847
3551033,BOSTON,03-Aug-2013,2:00 AM,Property damage only (none injured),2,0,0,Angle,V1: Turning right / V2:Parked,V1:Westbound / V2:Not reported ,V1: Collision with parked motor vehicle / V2: Not reported ,"V1: Light truck(van, mini-van, panel, pickup, sport utility) with only four tires / V2:Light truck(van, mini-van, panel, pickup, sport utility) with only four tires",Dry,Daylight,Clear,,10 LINCOLN STREET,,,,,236426.6064,900388.786
3556025,BOSTON,03-Aug-2013,3:11 PM,Non-fatal injury,2,1,0,Angle,V1: Changing lanes / V2:Travelling straight ahead,V1:Northbound / V2:Northbound ,V1: Collision with motor vehicle in traffic / V2: Collision with motor vehicle in traffic ,"V1: Light truck(van, mini-van, panel, pickup, sport utility) with only four tires / V2:Passenger car",Dry,Daylight,Clear,,JOHN F FITZGERALD EXPRESSWAY Rte 93 N,,,OUTSIDE TIP O'NEIL TUNNEL,,236163.3688,901910.9776
3556561,BOSTON,03-Aug-2013,5:03 PM,Property damage only (none injured),2,0,0,Rear-end,V1: Travelling straight ahead / V2:Travelling straight ahead,V1:Northbound / V2:Northbound ,V1: Collision with motor vehicle in traffic / V2: Collision with motor vehicle in traffic ,"V1: Light truck(van, mini-van, panel, pickup, sport utility) with only four tires / V2:Passenger car",Dry,Daylight,Clear,,178 feet N from Intersection JOHN F FITZGERALD EXPRESSWAY Rte 93 N / RAMP - BROADWAY TO RT 93 NB,,,PORTAL TO O'NEILL TUNNEL,,236454.6709,899867.9284
3547889,BOSTON,03-Aug-2013,5:55 PM,Property damage only (none injured),2,0,0,"Sideswipe, same direction",V1: Turning left / V2:Travelling straight ahead,V1:Eastbound / V2:Eastbound ,V1: Collision with motor vehicle in traffic / V2: Collision with motor vehicle in traffic ,"V1: Light truck(van, mini-van, panel, pickup, sport utility) with only four tires / V2:Light truck(van, mini-van, panel, pickup, sport utility) with only four tires",Dry,Daylight,Clear,MASSACHUSETTS TURNPIKE Rte 90 E / ALLSTON TOLL PLAZA,,,Exit IC#18 on Rte 90 E,,,230714.5625,900764.5627
3557431,BOSTON,03-Aug-2013,7:20 PM,Property damage only (none injured),2,0,0,Angle,V1: Turning left / V2:Travelling straight ahead,V1:Northbound / V2:Northbound ,V1: Collision with motor vehicle in traffic / V2: Collision with motor vehicle in traffic ,V1: Passenger car / V2:Passenger car,Dry,Daylight,Clear,,WILLIAM DAY BOULEVARD / KOSCIUSZKO CIRCLE,,,,,237000,896933.5626
3560861,BOSTON,03-Aug-2013,10:36 PM,Non-fatal injury,1,1,0,Single vehicle crash,V1: Travelling straight ahead,V1:Eastbound ,V1: Other ,V1: Motorcycle,Dry,Dark - lighted roadway,Cloudy,,STORROW DRIVE / RAMP - STORROW DRIVE TO BEACON STREET,,,AT TUNNEL EXIT,,235023.5207,900654.8114
3547920,BOSTON,03-Aug-2013,11:15 PM,Property damage only (none injured),2,0,0,Angle,V1: Travelling straight ahead / V2:Not reported,V1:Northbound / V2:Northbound ,V1: Collision with motor vehicle in traffic / V2: Not reported ,V1: Passenger car / V2:Not reported,Dry,Dark - lighted roadway,Clear,CHARLESGATE OVERPASS / CHARLESGATE EAST,,,,SP BOSTON,,233740.6464,900167.2604
3580405,BOSTON (DORCHESTER),03-Aug-2013,11:47 PM,Non-fatal injury,2,2,0,Angle,V1: Travelling straight ahead / V2:Turning left,V1:Westbound / V2:Eastbound ,V1: Collision with motor vehicle in traffic / V2: Collision with motor vehicle in traffic ,V1: Passenger car / V2:Passenger car,Dry,Dark - lighted roadway,Clear,BOWDOIN STREET / HAMILTON STREET,,,,,,235699.7969,895175.2502
3560338,BOSTON (ALLSTON),04-Aug-2013,2:40 AM,Property damage only (none injured),2,0,0,Angle,V1: Travelling straight ahead / V2:Travelling straight ahead,V1:Southbound / V2:Southbound ,V1: Collision with motor vehicle in traffic / V2: Collision with motor vehicle in traffic ,V1: Passenger car / V2:Passenger car,Dry,Dark - lighted roadway,Clear,CAMBRIDGE STREET / WINDOM STREET,,,,,,231037.2659,901023.3751
3561456,BOSTON,04-Aug-2013,2:50 AM,Property damage only (none injured),1,0,0,Single vehicle crash,V1: Travelling straight ahead,V1:Eastbound ,V1: Not reported ,V1: Passenger car,Dry,Dark - unknown roadway lighting,Not Reported,ARBORWAY / CENTRE STREET,,,,,,231152.579,895470.3122
3547922,BOSTON,04-Aug-2013,12:15 PM,Property damage only (none injured),2,0,0,Rear-end,V1: Travelling straight ahead / V2:Entering traffic lane,V1:Northbound / V2:Eastbound ,V1: Collision with motor vehicle in traffic / V2: Collision with motor vehicle in traffic ,"V1: Light truck(van, mini-van, panel, pickup, sport utility) with only four tires / V2:Passenger car",Dry,Daylight,Clear,BERKELEY STREET / BACK STREET,,,,,,235009.6998,900623.457
3560851,BOSTON,04-Aug-2013,1:38 PM,Property damage only (none injured),4,0,0,Rear-end,V1: Slowing or stopped in traffic / V2:Slowing or stopped in traffic / V3:Slowing or stopped in traffic / V4:Travelling straight ahead,V1:Northbound / V2:Northbound / V3:Northbound / V4:Northbound ,V1: Collision with motor vehicle in traffic / V2: Collision with motor vehicle in traffic / V3: Collision with motor vehicle in traffic / V4: Collision with motor vehicle in traffic ,"V1: Passenger car / V2:Passenger car / V3:Light truck(van, mini-van, panel, pickup, sport utility) with only four tires / V4:Light truck(van, mini-van, panel, pickup, sport utility) with only four tires",Dry,Daylight,Cloudy,,Rte 93 N,,,O'NEILL TUNNEL,,,
3556028,BOSTON,04-Aug-2013,2:42 PM,Property damage only (none injured),2,0,0,"Sideswipe, same direction",V1: Turning right / V2:Entering traffic lane,V1:Northbound / V2:Northbound ,V1: Collision with motor vehicle in traffic / V2: Collision with motor vehicle in traffic ,"V1: Passenger car / V2:Light truck(van, mini-van, panel, pickup, sport utility) with only four tires",Dry,Daylight,Clear,,LOGAN AIRPORT TERMINAL C / LOGAN AIRPORT TERMINAL B,,,,,239756.7466,901896.7043
3556026,BOSTON,04-Aug-2013,6:50 PM,Property damage only (none injured),2,0,0,Rear-end,V1: Travelling straight ahead / V2:Travelling straight ahead,V1:Southbound / V2:Southbound ,V1: Collision with motor vehicle in traffic / V2: Collision with motor vehicle in traffic ,V1: Passenger car / V2:Passenger car,Dry,Daylight,Clear,RAMP - SUMNER TUNNEL TO I-93 NORTH / RAMP - SUMNER TUNNEL TO MARKET STREET,,,,SUMNER TUNNEL ST-SA RAMP,,236593.1683,901407.0945
3560992,BOSTON,05-Aug-2013,00:00 AM,Property damage only (none injured),2,0,0,Rear-end,V1: Slowing or stopped in traffic / V2:Travelling straight ahead,V1:Westbound / V2:Westbound ,V1: Collision with motor vehicle in traffic / V2: Collision with motor vehicle in traffic ,V1: Passenger car / V2:Passenger car,Dry,Dark - lighted roadway,Clear,DEDHAM PARKWAY / ALWIN STREET,,,,,,229412.1251,889419.1874
3561968,BOSTON,05-Aug-2013,3:13 AM,Non-fatal injury,2,1,0,"Sideswipe, same direction",V1: Travelling straight ahead / V2:Changing lanes,V1:Northbound / V2:Northbound ,V1: Reported but invalid / V2: Collision with motor vehicle in traffic ,"V1: Single-unit truck (2-axle, 6-tire) / V2:Passenger car",Dry,Dark - lighted roadway,Clear,,Rte 93 N,,Exit 28 on Rte 93,,,234953.5188,903173.3157
3601159,BOSTON,05-Aug-2013,7:05 AM,Unknown,1,0,0,Single vehicle crash,V1: Travelling straight ahead,V1:Northbound ,V1: Collision with light pole or other post/support ,V1: Passenger car,Dry,Dawn,Cloudy/Clear,SULLIVAN SQUARE / RUTHERFORD AVENUE,,,,MAIN STREET,,235151.1475,903802.8884
3551032,BOSTON (DORCHESTER),05-Aug-2013,8:09 AM,Non-fatal injury,2,2,0,Angle,V1: Travelling straight ahead / V2:Travelling straight ahead,V1:Eastbound / V2:Southbound ,V1: Collision with motor vehicle in traffic / V2: Collision with motor vehicle in traffic ,"V1: Light truck(van, mini-van, panel, pickup, sport utility) with only four tires / V2:Passenger car",Dry,Daylight,Clear,DORCHESTER AVENUE / ASHMONT STREET,,,,,,235981.2121,892919.3766
3576850,BOSTON,05-Aug-2013,8:10 AM,Property damage only (none injured),2,0,0,Rear-end,V1: Travelling straight ahead / V2:Slowing or stopped in traffic,V1:Northbound / V2:Northbound ,V1: Collision with motor vehicle in traffic / V2: Collision with motor vehicle in traffic ,V1: Passenger car / V2:Passenger car,Dry,Daylight,Clear,,Rte 93 N / UNKNOWN,,,O'NEILL TUNNEL ENTRANCE,,236050.7438,902044.9918
3556569,BOSTON,05-Aug-2013,9:01 AM,Property damage only (none injured),2,0,0,Rear-end,V1: Travelling straight ahead / V2:Travelling straight ahead,V1:Westbound / V2:Westbound ,V1: Collision with motor vehicle in traffic / V2: Collision with motor vehicle in traffic ,V1: Passenger car / V2:Passenger car,Dry,Daylight,Clear,,STORROW DRIVE / RAMP - STORROW DR TO RT 2A WB,,,,,233852.27,900256.8056
3556562,BOSTON,05-Aug-2013,10:28 AM,Property damage only (none injured),4,0,0,Rear-end,V1: Changing lanes / V2:Slowing or stopped in traffic / V3:Slowing or stopped in traffic / V4:Slowing or stopped in traffic,V1:Eastbound / V2:Eastbound / V3:Eastbound / V4:Eastbound ,V1: Collision with motor vehicle in traffic / V2: Collision with motor vehicle in traffic / V3: Collision with motor vehicle in traffic / V4: Collision with motor vehicle in traffic ,"V1: Light truck(van, mini-van, panel, pickup, sport utility) with only four tires / V2:Passenger car / V3:Passenger car / V4:Passenger car",Dry,Daylight,Clear,,Rte 90 E / UNKNOWN,,,,,235432.197,899793.544
3556593,BOSTON,05-Aug-2013,10:35 AM,Non-fatal injury,4,1,0,Angle,V1: Slowing or stopped in traffic / V2:Slowing or stopped in traffic / V3:Travelling straight ahead / V4:Travelling straight ahead,V1:Northbound / V2:Northbound / V3:Northbound / V4:Northbound ,V1: Collision with motor vehicle in traffic / V2: Collision with motor vehicle in traffic / V3: Collision with motor vehicle in traffic / V4: Collision with motor vehicle in traffic ,"V1: Light truck(van, mini-van, panel, pickup, sport utility) with only four tires / V2:Light truck(van, mini-van, panel, pickup, sport utility) with only four tires / V3:Light truck(van, mini-van, panel, pickup, sport utility) with only four tires / V4:Passenger car",Dry,Daylight,Clear,,Rte 93 N / UNKNOWN,,Exit 15 on Rte 93 N,,,236972.2496,896473.4282
3560976,BOSTON,05-Aug-2013,2:19 PM,Property damage only (none injured),3,0,0,Rear-end,V1: Slowing or stopped in traffic / V2:Slowing or stopped in traffic / V3:Slowing or stopped in traffic,V1:Northbound / V2:Northbound / V3:Northbound ,V1: Collision with motor vehicle in traffic / V2: Collision with motor vehicle in traffic / V3: Collision with motor vehicle in traffic ,"V1: Light truck(van, mini-van, panel, pickup, sport utility) with only four tires / V2:Passenger car / V3:Passenger car",Dry,Daylight,Clear,,JOHN F FITZGERALD EXPRESSWAY Rte 93 N,,,ZAKIM BRIDGE,,235974.0111,902135.1033
3791463,BOSTON,05-Aug-2013,3:28 PM,Non-fatal injury,2,1,0,Rear-end,V1: Slowing or stopped in traffic / V2:Travelling straight ahead,V1:Westbound / V2:Westbound ,V1: Collision with motor vehicle in traffic / V2: Collision with motor vehicle in traffic ,V1: Passenger car / V2:Motorcycle,Dry,Daylight,Clear,,WILLIAM DAY BOULEVARD,,,K STREET CROSSWALK,P3:Pedestrian,238138.8067,897774.2038
3562503,BOSTON,06-Aug-2013,1:04 AM,Property damage only (none injured),2,0,0,"Sideswipe, same direction",V1: Travelling straight ahead / V2:Slowing or stopped in traffic,V1:Eastbound / V2:Eastbound ,V1: Collision with motor vehicle in traffic / V2: Collision with motor vehicle in traffic ,V1: Truck/trailer / V2:Passenger car,Dry,Dark - lighted roadway,Clear,,STUART STREET / DARTMOUTH STREET,,,454 STUART STREET,,234897.9845,899841.1876
3580243,BOSTON,06-Aug-2013,2:46 AM,Property damage only (none injured),1,0,0,Single vehicle crash,V1: Leaving traffic lane,V1:Southbound ,V1: Collision with median barrier ,"V1: Light truck(van, mini-van, panel, pickup, sport utility) with only four tires",Dry,Dark - lighted roadway,Clear,,Rte 93 S / UNKNOWN,,Exit 15 on Rte 93 S,,,236629.6253,897168.5001
3556027,BOSTON,06-Aug-2013,9:13 AM,Non-fatal injury,2,1,0,Rear-end,V1: Slowing or stopped in traffic / V2:Slowing or stopped in traffic,V1:Westbound / V2:Westbound ,V1: Collision with motor vehicle in traffic / V2: Collision with motor vehicle in traffic ,"V1: Passenger car / V2:Light truck(van, mini-van, panel, pickup, sport utility) with only four tires",Dry,Daylight,Clear,,Rte 90 W / UNKNOWN,,,,,233689.1607,899794.4661
3550491,BOSTON,06-Aug-2013,9:20 AM,Non-fatal injury,2,1,0,Angle,V1: Travelling straight ahead / V2:Making U-turn,V1:Eastbound / V2:Eastbound ,V1: Collision with motor vehicle in traffic / V2: Collision with motor vehicle in traffic ,"V1: Motorcycle / V2:Light truck(van, mini-van, panel, pickup, sport utility) with only four tires",Dry,Daylight,Clear,,JAMAICAWAY Rte UNKNOW / ELIOT STREET,,,,,231358.6406,895992.0627
3656835,BOSTON (DORCHESTER),06-Aug-2013,3:10 PM,Non-fatal injury,1,1,0,Rear-end,V1: Turning right,V1:Southbound ,"V1: Collision with cyclist (bicycle, tricycle, unicycle, pedal car) ",V1: Passenger car,Dry,Daylight,Clear/Clear,HANCOCK STREET / PLEASANT STREET,,,,,"P2:Pedalcyclist (bicycle, tricycle, unicycle, pedal car)",236282.9818,895591.4217
3626811,BOSTON (DORCHESTER),06-Aug-2013,3:24 PM,Non-fatal injury,1,1,0,Not reported,V1: Not reported,V1:Not reported ,V1: Not reported ,"V1: Light truck(van, mini-van, panel, pickup, sport utility) with only four tires",Not reported,Not reported,Not Reported,,419 GENEVA AVENUE,,,,"P2:Pedalcyclist (bicycle, tricycle, unicycle, pedal car)",235723.872,894553.2702
3553036,BOSTON,06-Aug-2013,4:35 PM,Property damage only (none injured),2,0,0,"Sideswipe, same direction",V1: Slowing or stopped in traffic / V2:Travelling straight ahead,V1:Not reported / V2:Eastbound ,V1: Collision with motor vehicle in traffic / V2: Collision with motor vehicle in traffic ,"V1: Passenger car / V2:Single-unit truck (2-axle, 6-tire)",Dry,Daylight,Clear,,275 CHARLES STREET Rte 3A S / FRUIT STREET,,,,,235400.6938,901519.362
3634449,BOSTON,06-Aug-2013,6:00 PM,Not Reported,2,0,0,"Sideswipe, opposite direction",V1: Not reported / V2:Not reported,V1:Not reported / V2:Not reported ,V1: Not reported / V2: Not reported ,V1: Passenger car / V2:Passenger car,Dry,Daylight,Clear,GRANITE AVENUE / HILL TOP STREET,,,,,,236775.3123,892148
3561679,BOSTON (WEST ROXBURY),06-Aug-2013,6:15 PM,Non-fatal injury,1,1,0,Angle,V1: Turning left,V1:Eastbound ,"V1: Collision with cyclist (bicycle, tricycle, unicycle, pedal car) ",V1: Passenger car,Dry,Dusk,Clear,CENTRE STREET / LA GRANGE STREET,,,,,"P2:Pedalcyclist (bicycle, tricycle, unicycle, pedal car)",228196.375,892302.3127
3556594,BOSTON,06-Aug-2013,9:52 PM,Non-fatal injury,2,4,0,Rear-end,V1: Slowing or stopped in traffic / V2:Travelling straight ahead,V1:Southbound / V2:Southbound ,V1: Collision with motor vehicle in traffic / V2: Collision with motor vehicle in traffic ,"V1: Light truck(van, mini-van, panel, pickup, sport utility) with only four tires / V2:Light truck(van, mini-van, panel, pickup, sport utility) with only four tires",Dry,Dark - lighted roadway,Clear,,Rte 93 S / UNKNOWN,,Exit 15 on Rte 93 S,,,236629.6253,897168.5001
3566622,BOSTON,06-Aug-2013,10:53 PM,Non-fatal injury,2,1,0,"Sideswipe, same direction",V1: Travelling straight ahead / V2:Changing lanes,V1:Southbound / V2:Southbound ,V1: Collision with motor vehicle in traffic / V2: Collision with motor vehicle in traffic ,V1: Motorcycle / V2:Passenger car,Dry,Dark - lighted roadway,Clear,,OLD COLONY AVENUE Rte UNKNOW / 459,,,,,236891.3782,897171.1324
3573079,BOSTON,07-Aug-2013,00:00 AM,Non-fatal injury,2,1,0,Rear-end,V1: Slowing or stopped in traffic / V2:Travelling straight ahead,V1:Westbound / V2:Westbound ,V1: Collision with motor vehicle in traffic / V2: Collision with motor vehicle in traffic ,V1: Passenger car / V2:Passenger car,Dry,Dark - lighted roadway,Clear,,Rte 90 W,,Exit 20 on Rte 90 W,,,231452.5043,900558.3731
3560337,BOSTON (ALLSTON),07-Aug-2013,7:47 AM,Non-fatal injury,2,1,0,Angle,V1: Travelling straight ahead / V2:Travelling straight ahead,V1:Not reported / V2:Not reported ,V1: Collision with motor vehicle in traffic / V2: Collision with motor vehicle in traffic ,V1: Passenger car / V2:Passenger car,Dry,Daylight,Clear,CAMBRIDGE STREET / Rte 90 / SOLDIERS FIELD ROAD,,,,,,230443.9765,900731.2923
3557056,BOSTON,07-Aug-2013,3:45 PM,Property damage only (none injured),2,0,0,Rear-end,V1: Travelling straight ahead / V2:Travelling straight ahead,V1:Eastbound / V2:Eastbound ,V1: Collision with motor vehicle in traffic / V2: Collision with motor vehicle in traffic ,"V1: Single-unit truck (2-axle, 6-tire) / V2:Passenger car",Dry,Daylight,Not Reported,,Rte 90 E,Rte 90  E Milemarker 129.0,,,,228164.3301,900848.8102
3560852,BOSTON,07-Aug-2013,4:55 PM,Property damage only (none injured),3,0,0,Rear-end,V1: Travelling straight ahead / V2:Slowing or stopped in traffic / V3:Slowing or stopped in traffic,V1:Northbound / V2:Northbound / V3:Northbound ,V1: Collision with motor vehicle in traffic / V2: Collision with motor vehicle in traffic / V3: Collision with motor vehicle in traffic ,"V1: Light truck(van, mini-van, panel, pickup, sport utility) with only four tires / V2:Passenger car / V3:Light truck(van, mini-van, panel, pickup, sport utility) with only four tires",Dry,Daylight,Clear,,LEVERETT CONNECTOR NORTH / INTERSTATE 93 Rte 93 N,,,LEVERETT BYPASS RAMP,,234871.911,903751.9461
3556635,BOSTON,07-Aug-2013,6:15 PM,Property damage only (none injured),3,0,0,Rear-end,V1: Slowing or stopped in traffic / V2:Slowing or stopped in traffic / V3:Travelling straight ahead,V1:Eastbound / V2:Eastbound / V3:Eastbound ,V1: Collision with motor vehicle in traffic / V2: Collision with motor vehicle in traffic / V3: Collision with motor vehicle in traffic ,"V1: Passenger car / V2:Light truck(van, mini-van, panel, pickup, sport utility) with only four tires / V3:Passenger car",Dry,Daylight,Clear,,STORROW DRIVE / RAMP - STORROW DRIVE TO CLARENDON STREET,,,BETWEEN FAIRFIELD AND DARTMOUTH,,234398.7814,900411.7017
3576883,BOSTON,07-Aug-2013,7:25 PM,Non-fatal injury,2,1,0,Angle,V1: Travelling straight ahead / V2:Travelling straight ahead,V1:Westbound / V2:Eastbound ,V1: Collision with motor vehicle in traffic / V2: Collision with motor vehicle in traffic ,V1: Passenger car / V2:Passenger car,Dry,Daylight,Not Reported,,SOLDIERS FIELD ROAD Rte UNKNOW / EVERETT STREET,,,,,230032.9845,901646.3752
3561678,BOSTON (WEST ROXBURY),07-Aug-2013,8:20 PM,Not Reported,1,0,0,Single vehicle crash,V1: Travelling straight ahead,V1:Not reported ,V1: Collision with pedestrian ,V1: Passenger car,Dry,Dark - lighted roadway,Clear/Clear,,116 SPRING STREET,,,,P2:Pedestrian,227601.2943,891871.5172
3634432,BOSTON (DORCHESTER),08-Aug-2013,7:00 AM,Non-fatal injury,2,1,0,Angle,V1: Travelling straight ahead / V2:Making U-turn,V1:Northbound / V2:Northbound ,V1: Unknown / V2: Unknown ,"V1: Passenger car / V2:Light truck(van, mini-van, panel, pickup, sport utility) with only four tires",Wet,Dark - lighted roadway,Rain/Rain,,1725 DORCHESTER AVENUE,,,,,236069.5927,893568.7199
3557074,BOSTON,08-Aug-2013,7:23 AM,Non-fatal injury,3,1,0,Rear-end,V1: Slowing or stopped in traffic / V2:Slowing or stopped in traffic / V3:Slowing or stopped in traffic,V1:Westbound / V2:Eastbound / V3:Westbound ,V1: Collision with motor vehicle in traffic / V2: Collision with motor vehicle in traffic / V3: Collision with motor vehicle in traffic ,"V1: Passenger car / V2:Light truck(van, mini-van, panel, pickup, sport utility) with only four tires / V3:Light truck(van, mini-van, panel, pickup, sport utility) with only four tires",Wet,Daylight,Not Reported,,STORROW DRIVE,,,HATCH SHELL,,235176.6897,900826.525
3561452,BOSTON,08-Aug-2013,7:40 AM,Non-fatal injury,1,1,0,Single vehicle crash,V1: Travelling straight ahead,V1:Westbound ,V1: Collision with guardrail ,"V1: Light truck(van, mini-van, panel, pickup, sport utility) with only four tires",Wet,Daylight,Cloudy,,SOLDIERS FIELD ROAD / NORTH HARVARD STREET,,,AFTER N. HARVARD ST.,,230992.3482,902048.2872
3580244,BOSTON,08-Aug-2013,9:06 AM,Property damage only (none injured),1,0,0,Single vehicle crash,V1: Turning left,V1:Westbound ,V1: Collision with light pole or other post/support ,"V1: Light truck(van, mini-van, panel, pickup, sport utility) with only four tires",Dry,Daylight,Cloudy,GALLIVAN BOULEVARD / ADAMS STREET / GRANITE AVENUE,,,,,"P1:Other non-motorist (wheelchair, etc.)",236643.2967,892556.1249
3580492,BOSTON,08-Aug-2013,5:20 PM,Not Reported,2,0,0,Rear-end,V1: Not reported / V2:Slowing or stopped in traffic,V1:Not reported / V2:Northbound ,V1: Not reported / V2: Collision with motor vehicle in traffic ,"V1: Light truck(van, mini-van, panel, pickup, sport utility) with only four tires / V2:Light truck(van, mini-van, panel, pickup, sport utility) with only four tires",Dry,Daylight,Not Reported,,Rte 93 N,,Exit 15 on Rte 93 N,,,236972.2496,896473.4282
3556636,BOSTON,08-Aug-2013,6:46 PM,Non-fatal injury,1,1,0,Angle,V1: Travelling straight ahead,V1:Northbound ,V1: Collision with motor vehicle in traffic ,V1: Passenger car,Dry,Daylight,Cloudy,,FENWAY Rte UNKNOW / EVANS WAY,,,,"P2:Pedalcyclist (bicycle, tricycle, unicycle, pedal car)",233182.6565,898738.0626
3561520,BOSTON (WEST ROXBURY),08-Aug-2013,8:00 PM,Property damage only (none injured),2,0,0,Head-on,V1: Backing / V2:Parked,V1:Not reported / V2:Not reported ,V1: Collision with motor vehicle in traffic / V2: Collision with parked motor vehicle ,V1: Passenger car / V2:Passenger car,Dry,Dark - lighted roadway,Clear/Clear,,1708 CENTRE STREET,,,,,228983.5271,893023.6249
3560977,BOSTON,08-Aug-2013,8:45 PM,Non-fatal injury,1,1,0,Single vehicle crash,V1: Travelling straight ahead,V1:Southbound ,V1: Collision with guardrail ,"V1: Light truck(van, mini-van, panel, pickup, sport utility) with only four tires",Dry,Dark - lighted roadway,Clear,,Rte 93 S / UNKNOWN,,Exit 26 on Rte 93 S,,,234851.4113,903728.5151
3556598,BOSTON,08-Aug-2013,10:10 PM,Non-fatal injury,2,1,0,Rear-end,V1: Turning left / V2:Travelling straight ahead,V1:Eastbound / V2:Eastbound ,V1: Collision with motor vehicle in traffic / V2: Collision with motor vehicle in traffic ,"V1: Light truck(van, mini-van, panel, pickup, sport utility) with only four tires / V2:Passenger car",Dry,Daylight,Clear,,NEPONSET VALLEY PARKWAY Rte UNKNOW / RILEY ROAD,,,,,230637.8593,887386.1875
3564642,BOSTON,09-Aug-2013,8:31 AM,Property damage only (none injured),1,0,0,Single vehicle crash,V1: Travelling straight ahead,V1:Westbound ,V1: Collision with motor vehicle in traffic ,V1: Passenger car,Wet,Daylight,Rain,,SOLDIERS FIELD ROAD,,,VICINITY OF WEEKS FOOTBRIDGE,,231377.8076,901969.8381
3589837,BOSTON (ROXBURY),09-Aug-2013,8:32 AM,Non-fatal injury,2,1,0,Rear-end,V1: Travelling straight ahead / V2:Travelling straight ahead,V1:Eastbound / V2:Eastbound ,V1: Collision with motor vehicle in traffic / V2: Collision with motor vehicle in traffic ,V1: Passenger car / V2:Passenger car,Wet,Daylight,Rain,SHAWMUT AVENUE / MALCOLM X BOULEVARD / DUDLEY STREET,,,,,,234124.3929,897742.3152
3560978,BOSTON,09-Aug-2013,8:48 AM,Property damage only (none injured),1,0,0,Single vehicle crash,V1: Other,V1:Eastbound ,V1: Collision with curb ,V1: Passenger car,Wet,Dark - lighted roadway,Rain,,Rte 90 E / UNKNOWN,,Exit 22 on Rte 90 E,,,234741.7413,899775.696
3576890,BOSTON,09-Aug-2013,10:00 AM,Non-fatal injury,2,1,0,Rear-end,V1: Travelling straight ahead / V2:Slowing or stopped in traffic,V1:Northbound / V2:Northbound ,V1: Collision with motor vehicle in traffic / V2: Collision with motor vehicle in traffic ,V1: Passenger car / V2:Passenger car,Dry,Daylight,Clear,,Rte 93 S / UNKNOWN,,Exit 15 on Rte 93 S,,,236629.6253,897168.5001
3556563,BOSTON,09-Aug-2013,11:05 AM,Property damage only (none injured),6,0,0,Rear-end,V1: Slowing or stopped in traffic / V2:Travelling straight ahead / V3:Travelling straight ahead / V4:Travelling straight ahead / V5:Travelling straight ahead / V6:Travelling straight ahead,V1:Northbound / V2:Northbound / V3:Northbound / V4:Northbound / V5:Northbound / V6:Northbound ,V1: Collision with motor vehicle in traffic / V2: Collision with motor vehicle in traffic / V3: Collision with motor vehicle in traffic / V4: Collision with motor vehicle in traffic / V5: Collision with motor vehicle in traffic / V6: Collision with motor vehicle in traffic ,V1: Passenger car / V2:Passenger car / V3:Passenger car / V4:Passenger car / V5:Passenger car / V6:Passenger car,Wet,Daylight,Rain,,Rte 93 N / UNKNOWN,,,,,236956.219,900947.8086