Crash Number,City/Town Name,Crash Date,Crash Time,Crash Severity,Number of Vehicles,Total Nonfatal Injuries,Total Fatal Injuries,Manner of Collision,Vehicle Action Prior to Crash,Vehicle Travel Directions,Most Harmful Events,Vehicle Configuration,Road Surface Condition,Ambient Light,Weather Condition,At Roadway Intersection,Distance from Nearest Roadway Intersection,Distance from Nearest Milemarker,Distance from Nearest Exit,Distance from Nearest Landmark,Non Motorist Type,X Coordinate,Y Coordinate
3634434,BOSTON (DORCHESTER),09-Aug-2013,12:40 PM,Property damage only (none injured),2,0,0,Angle,V1: Travelling straight ahead / V2:Turning left,V1:Westbound / V2:Eastbound ,V1: Collision with motor vehicle in traffic / V2: Collision with motor vehicle in traffic ,"V1: Light truck(van, mini-van, panel, pickup, sport utility) with only four tires / V2:Passenger car",Wet,Daylight,Rain,ASHMONT STREET / NEPONSET AVENUE,,,,,,237242.0623,893385.3125
3560854,BOSTON,09-Aug-2013,1:00 PM,Non-fatal injury,1,1,0,Single vehicle crash,V1: Travelling straight ahead,V1:Westbound ,V1: Collision with median barrier ,V1: Passenger car,Wet,Daylight,Clear/Cloudy,,SUMNER TUNNEL / EAST BOSTON EXPRESSWAY,,,SUMNER TUNNEL,,237374.3715,902077.4302
3561519,BOSTON (ROSLINDALE),09-Aug-2013,1:10 PM,Non-fatal injury,2,2,0,Rear-end,V1: Slowing or stopped in traffic / V2:Slowing or stopped in traffic,V1:Not reported / V2:Not reported ,V1: Collision with motor vehicle in traffic / V2: Collision with motor vehicle in traffic ,"V1: Light truck(van, mini-van, panel, pickup, sport utility) with only four tires / V2:Passenger car",Wet,Daylight,Rain,ARCHDALE ROAD / WASHINGTON STREET,,,,,,231222.5469,893657.5623
3561449,BOSTON,09-Aug-2013,1:57 PM,Non-fatal injury,4,1,0,"Sideswipe, same direction",V1: Travelling straight ahead / V2:Travelling straight ahead / V3:Travelling straight ahead / V4:Travelling straight ahead,V1:Northbound / V2:Northbound / V3:Northbound / V4:Southbound ,V1: Other / V2: Collision with motor vehicle in traffic / V3: Other / V4: Other ,"V1: Truck/trailer / V2:Single-unit truck (2-axle, 6-tire) / V3:Light truck(van, mini-van, panel, pickup, sport utility) with only four tires / V4:Light truck(van, mini-van, panel, pickup, sport utility) with only four tires",Wet,Daylight,Rain,,Rte 93 N,Rte 93  N Milemarker 19.3,,,,234881.4136,903340.625
3579032,BOSTON,09-Aug-2013,2:07 PM,Property damage only (none injured),2,0,0,"Sideswipe, same direction",V1: Travelling straight ahead / V2:Changing lanes,V1:Eastbound / V2:Eastbound ,V1: Collision with motor vehicle in traffic / V2: Collision with motor vehicle in traffic ,"V1: Bus (seats for more than 15 people, including driver) / V2:Light truck(van, mini-van, panel, pickup, sport utility) with only four tires",Wet,Daylight,Rain,,647 MASSACHUSETTS AVENUE / WASHINGTON STREET,,,,,234864.5647,898535.1621
3590173,BOSTON,09-Aug-2013,2:40 PM,Non-fatal injury,2,1,0,"Sideswipe, same direction",V1: Travelling straight ahead / V2:Travelling straight ahead,V1:Southbound / V2:Southbound ,V1: Collision with motor vehicle in traffic / V2: Collision with motor vehicle in traffic ,"V1: Light truck(van, mini-van, panel, pickup, sport utility) with only four tires / V2:MOPED",Wet,Daylight,Rain/Rain,NEW CHARDON STREET / CAMBRIDGE STREET,,,,,,236012.6202,901292.4459
3573080,BOSTON,09-Aug-2013,4:40 PM,Property damage only (none injured),2,0,0,Angle,V1: Travelling straight ahead / V2:Turning left,V1:Northbound / V2:Northbound ,V1: Collision with motor vehicle in traffic / V2: Collision with motor vehicle in traffic ,"V1: Single-unit truck (2-axle, 6-tire) / V2:Passenger car",Dry,Daylight,Clear,,FRONTAGE ROAD / BROADWAY,,,RAMP LL,,236165.6755,899351.7012
3560979,BOSTON,09-Aug-2013,4:56 PM,Property damage only (none injured),2,0,0,Rear-end,V1: Slowing or stopped in traffic / V2:Travelling straight ahead,V1:Eastbound / V2:Eastbound ,V1: Collision with motor vehicle in traffic / V2: Collision with motor vehicle in traffic ,"V1: Light truck(van, mini-van, panel, pickup, sport utility) with only four tires / V2:Passenger car",Dry,Daylight,Cloudy,,MASSACHUSETTS TURNPIKE Rte 90 E / RAMP - RT 90 EB TO RT 93 & KNEELAND STRE,,,,,236151.6273,899630.479
3556578,BOSTON,09-Aug-2013,5:15 PM,Property damage only (none injured),1,0,0,Single vehicle crash,V1: Travelling straight ahead,V1:Eastbound ,V1: Collision with guardrail ,V1: Passenger car,"Water (standing, moving)",Daylight,Cloudy/Rain,,SOLDIERS FIELD ROAD Rte UNKNOW E / NORTH HARVARD STREET,,,,,230992.3482,902048.2872
3792136,BOSTON,09-Aug-2013,5:21 PM,Property damage only (none injured),2,0,0,"Sideswipe, same direction",V1: Travelling straight ahead / V2:Travelling straight ahead,V1:Westbound / V2:Westbound ,V1: Collision with motor vehicle in traffic / V2: Collision with motor vehicle in traffic ,"V1: Light truck(van, mini-van, panel, pickup, sport utility) with only four tires / V2:Passenger car",Wet,Daylight,Rain,,MASSACHUSETTS TURNPIKE Rte 90 W / TED WILLIAMS TUNNEL,,,,,239051.4028,900924.2439
3573608,BOSTON,09-Aug-2013,5:44 PM,Property damage only (none injured),2,0,0,Angle,V1: Not reported / V2:Making U-turn,V1:Westbound / V2:Westbound ,V1: Not reported / V2: Collision with motor vehicle in traffic ,"V1: Passenger car / V2:Light truck(van, mini-van, panel, pickup, sport utility) with only four tires",Wet,Daylight,Rain,,270 NORTHERN AVENUE / TRILLING WAY,,,,,238084.9634,899872.6736
3557432,BOSTON,09-Aug-2013,5:50 PM,Property damage only (none injured),2,0,0,Angle,V1: Travelling straight ahead / V2:Travelling straight ahead,V1:Northbound / V2:Northbound ,V1: Collision with motor vehicle in traffic / V2: Collision with other movable object ,V1: Truck tractor (bobtail) / V2:Passenger car,Wet,Daylight,Rain,,Rte 93,,Exit 11 on Rte 93,,,237094.7253,891674.8051
3563369,BOSTON,09-Aug-2013,7:12 PM,Non-fatal injury,2,1,0,Angle,V1: Travelling straight ahead / V2:Turning left,V1:Not reported / V2:Not reported ,V1: Collision with motor vehicle in traffic / V2: Collision with motor vehicle in traffic ,V1: Passenger car / V2:Passenger car,Wet,Dusk,Cloudy,MASSACHUSETTS AVENUE / SAINT BOTOLPH STREET,,,,,,234271.4844,899161.0626
3557076,BOSTON,09-Aug-2013,7:21 PM,Property damage only (none injured),1,0,0,Single vehicle crash,V1: Travelling straight ahead,V1:Eastbound ,V1: Collision with guardrail ,V1: Passenger car,Wet,Daylight,Cloudy,,STORROW DRIVE Rte 28 N / RAMP TO CHARLES CIRCLE,,,CHARLES ST CIR,,235234.5953,901332.8329
3566610,BOSTON,09-Aug-2013,8:16 PM,Property damage only (none injured),2,0,0,Rear-end,V1: Slowing or stopped in traffic / V2:Travelling straight ahead,V1:Westbound / V2:Westbound ,V1: Collision with motor vehicle in traffic / V2: Collision with motor vehicle in traffic ,"V1: Light truck(van, mini-van, panel, pickup, sport utility) with only four tires / V2:Passenger car",Dry,Dark - lighted roadway,Cloudy,,Rte 90 W / Rte TED WI,,,,,,
3795271,BOSTON,09-Aug-2013,9:38 PM,Non-fatal injury,2,2,0,Angle,V1: Turning left / V2:Travelling straight ahead,V1:Westbound / V2:Eastbound ,V1: Collision with motor vehicle in traffic / V2: Collision with motor vehicle in traffic ,"V1: Light truck(van, mini-van, panel, pickup, sport utility) with only four tires / V2:Passenger car",Dry,Dark - lighted roadway,Clear,BROOKLINE AVENUE / RIVERWAY,,,,,,232136.0747,898499.2837
3561518,BOSTON,09-Aug-2013,11:00 PM,Not Reported,1,0,0,Not reported,V1: Turning right,V1:Not reported ,"V1: Collision with cyclist (bicycle, tricycle, unicycle, pedal car) ",V1: Passenger car,Not reported,Not reported,Not Reported,WASHINGTON STREET / ARCHDALE ROAD,,,,,"P2:Pedalcyclist (bicycle, tricycle, unicycle, pedal car)",231222.5469,893657.5623
3589434,BOSTON (JAMAICA PLAIN),10-Aug-2013,00:00 AM,Non-fatal injury,2,1,0,"Sideswipe, same direction",V1: Turning right / V2:Turning right,V1:Northbound / V2:Northbound ,V1: Collision with motor vehicle in traffic / V2: Collision with motor vehicle in traffic ,"V1: Light truck(van, mini-van, panel, pickup, sport utility) with only four tires / V2:Passenger car",Wet,Dark - lighted roadway,Cloudy,WASHINGTON STREET / NEW WASHINGTON STREET,,,,,,231981.1809,894658.9212
3561450,BOSTON,10-Aug-2013,3:39 AM,Property damage only (none injured),1,0,0,Single vehicle crash,V1: Travelling straight ahead,V1:Westbound ,V1: Collision with guardrail ,V1: Passenger car,Dry,Dark - lighted roadway,Clear,,Rte 90 W,,Exit 24 on Rte 90 W,RAMP D SPLIT TO 93N/93S,,238090.4393,899691.5691
3560980,BOSTON,10-Aug-2013,9:55 AM,Non-fatal injury,4,1,0,Rear-end,V1: Travelling straight ahead / V2:Travelling straight ahead / V3:Travelling straight ahead / V4:Travelling straight ahead,V1:Northbound / V2:Northbound / V3:Northbound / V4:Northbound ,V1: Collision with motor vehicle in traffic / V2: Collision with motor vehicle in traffic / V3: Collision with motor vehicle in traffic / V4: Collision with motor vehicle in traffic ,"V1: Passenger car / V2:Passenger car / V3:Light truck(van, mini-van, panel, pickup, sport utility) with only four tires / V4:Motorcycle",Dry,Daylight,Clear,,Rte 93 N / UNKNOWN,,,,,236742.6233,900426.5825
3560855,BOSTON,10-Aug-2013,11:20 AM,Non-fatal injury,1,1,0,Single vehicle crash,V1: Travelling straight ahead,V1:Northbound ,V1: Collision with fence ,V1: Passenger car,Dry,Daylight,Clear,,EAST BOSTON EXPRESSWAY / PORTER STREET,,,SUMNER TOLL PLAZA - LANE 5,,238092.1662,902703.9826
3578961,BOSTON,10-Aug-2013,11:20 AM,Property damage only (none injured),2,0,0,Head-on,V1: Travelling straight ahead / V2:Entering traffic lane,V1:Southbound / V2:Eastbound ,V1: Collision with motor vehicle in traffic / V2: Collision with motor vehicle in traffic ,V1: Passenger car / V2:Passenger car,Dry,Daylight,Clear,RAMP - RT 93 SB TO RT 3A SB Rte 3A S / GALLIVAN BOULEVARD Rte 203 E,,,,NEPONSET BRIDGE,,237512.8437,892767.8123
3580245,BOSTON,10-Aug-2013,1:15 PM,Property damage only (none injured),3,0,0,Angle,V1: Turning left / V2:Travelling straight ahead / V3:Slowing or stopped in traffic,V1:Northbound / V2:Northbound / V3:Northbound ,V1: Collision with motor vehicle in traffic / V2: Collision with motor vehicle in traffic / V3: Not reported ,"V1: Passenger car / V2:Passenger car / V3:Light truck(van, mini-van, panel, pickup, sport utility) with only four tires",Dry,Daylight,Clear,,WILLIAM T MORRISSEY BOULEVARD / FREEPORT STREET,,,,,237175.7656,894558.6879
3601981,BOSTON (ROSLINDALE),10-Aug-2013,2:14 PM,Property damage only (none injured),2,0,0,Not reported,V1: Travelling straight ahead / V2:Travelling straight ahead,V1:Not reported / V2:Not reported ,V1: Collision with motor vehicle in traffic / V2: Collision with motor vehicle in traffic ,"V1: Bus (seats for 7-15 people, including driver) / V2:Light truck(van, mini-van, panel, pickup, sport utility) with only four tires",Not reported,Not reported,Not Reported,,374 HYDE PARK AVENUE,,,,,231471.3145,893128.3346
3561677,BOSTON (WEST ROXBURY),10-Aug-2013,3:35 PM,Property damage only (none injured),1,0,0,Single vehicle crash,V1: Travelling straight ahead,V1:Northbound ,V1: Collision with tree ,V1: Passenger car,Dry,Daylight,Clear,,23 MOUNT VERNON STREET,,,,,235917.5594,900969.4461
3561517,BOSTON,10-Aug-2013,4:00 PM,Property damage only (none injured),2,0,0,Single vehicle crash,V1: Travelling straight ahead / V2:Slowing or stopped in traffic,V1:Eastbound / V2:Southbound ,V1: Not reported / V2: Not reported ,V1: Passenger car / V2:Passenger car,Dry,Daylight,Clear,CUMMINS HIGHWAY / ROWE STREET,,,,,,231287.6564,892316.4377
3622141,BOSTON (DORCHESTER),10-Aug-2013,6:49 PM,Non-fatal injury,1,1,0,Single vehicle crash,V1: Travelling straight ahead,V1:Southbound ,V1: Collision with pedestrian ,V1: Passenger car,Dry,Daylight,Clear/Clear,,COLUMBIA ROAD / EAST COTTAGE STREET,,,,P4:Pedestrian,236117.9909,896749.218
3560981,BOSTON,10-Aug-2013,9:35 PM,Property damage only (none injured),2,0,0,"Sideswipe, same direction",V1: Turning right / V2:Travelling straight ahead,V1:Southbound / V2:Southbound ,V1: Collision with motor vehicle in traffic / V2: Collision with motor vehicle in traffic ,V1: Passenger car / V2:Passenger car,Dry,Dark - lighted roadway,Clear,,Rte 93 S / UNKNOWN,,Exit 18 on Rte 93 S,,,236013.2783,899092.9981
3560856,BOSTON,11-Aug-2013,1:13 AM,Non-fatal injury,1,1,0,Single vehicle crash,V1: Travelling straight ahead,V1:Westbound ,V1: Collision with curb ,V1: Passenger car,Dry,Dark - lighted roadway,Clear,,Rte 93 S / UNKNOWN,,Exit 26 on Rte 93 S,STATION TUNNEL,,234851.4113,903728.5151
3578962,BOSTON,11-Aug-2013,9:40 AM,Property damage only (none injured),2,0,0,Rear-end,V1: Slowing or stopped in traffic / V2:Slowing or stopped in traffic,V1:Northbound / V2:Northbound ,V1: Collision with motor vehicle in traffic / V2: Collision with motor vehicle in traffic ,V1: Passenger car / V2:Passenger car,Dry,Daylight,Clear,,RAMP - RT 93 SB TO RT 3A SB Rte UNKNOW / GALLIVAN BOULEVARD,,,,,237512.8436,892767.8122
3563370,BOSTON,11-Aug-2013,11:33 AM,Property damage only (none injured),1,0,0,"Sideswipe, same direction",V1: Travelling straight ahead,V1:Northbound ,"V1: Collision with cyclist (bicycle, tricycle, unicycle, pedal car) ",V1: Passenger car,Dry,Daylight,Clear,,352 MASSACHUSETTS AVENUE / SAINT BOTOLPH STREET,,,,"P2:Pedalcyclist (bicycle, tricycle, unicycle, pedal car)",234308.3534,899134.8721
3580246,BOSTON,11-Aug-2013,1:14 PM,Property damage only (none injured),2,0,0,Rear-end,V1: Travelling straight ahead / V2:Slowing or stopped in traffic,V1:Northbound / V2:Northbound ,V1: Collision with motor vehicle in traffic / V2: Collision with motor vehicle in traffic ,"V1: Light truck(van, mini-van, panel, pickup, sport utility) with only four tires / V2:Passenger car",Dry,Daylight,Clear,,JOHN F FITZGERALD EXPRESSWAY Rte 93 N,,,,,236785.1715,895286.5738
3578963,BOSTON,11-Aug-2013,1:35 PM,Property damage only (none injured),3,0,0,Rear-end,V1: Slowing or stopped in traffic / V2:Slowing or stopped in traffic / V3:Travelling straight ahead,V1:Northbound / V2:Northbound / V3:Northbound ,V1: Collision with motor vehicle in traffic / V2: Collision with motor vehicle in traffic / V3: Collision with motor vehicle in traffic ,V1: Passenger car / V2:Passenger car / V3:Passenger car,Dry,Daylight,Clear,,JOHN F FITZGERALD EXPRESSWAY Rte 93 N / SERGEANT WILLIAM G WALSH EXPRESSWAY Rte 1A N,,,93N EXIT 12,,237641.5597,892708.9239
3580247,BOSTON,11-Aug-2013,11:45 PM,Property damage only (none injured),2,0,0,Rear-end,V1: Travelling straight ahead / V2:Slowing or stopped in traffic,V1:Southbound / V2:Southbound ,V1: Collision with motor vehicle in traffic / V2: Collision with motor vehicle in traffic ,V1: Passenger car / V2:Not reported,Dry,Dark - lighted roadway,Clear,,JOHN F FITZGERALD EXPRESSWAY Rte 93 S,,,RAMADA,,237425.0115,894009.7546
3602152,BOSTON,11-Aug-2013,11:52 PM,Property damage only (none injured),2,0,0,Rear-end,V1: Travelling straight ahead / V2:Travelling straight ahead,V1:Northbound / V2:Northbound ,V1: Collision with motor vehicle in traffic / V2: Collision with motor vehicle in traffic ,V1: Passenger car / V2:Passenger car,Dry,Dark - lighted roadway,Cloudy,,Rte 93 N / UNKNOWN,,,,,236278.5039,899558.9199
3560982,BOSTON,12-Aug-2013,00:00 AM,Not Reported,1,0,0,Single vehicle crash,V1: Travelling straight ahead,V1:Northbound ,V1: Collision with median barrier ,V1: Passenger car,Dry,Dark - lighted roadway,Cloudy,,RAMP - FRONTAGE ROAD TO RT 93 NB / MASSACHUSETTS AVENUE CONNECTOR,,,RAMP LL,,235863.8548,898423.2167
3626814,BOSTON (DORCHESTER),12-Aug-2013,4:06 AM,Non-fatal injury,3,1,0,Single vehicle crash,V1: Travelling straight ahead / V2:Parked / V3:Not reported,V1:Not reported / V2:Not reported / V3:Not reported ,V1: Collision with parked motor vehicle / V2: Collision with parked motor vehicle / V3: Not reported ,V1: Passenger car / V2:Passenger car / V3:Passenger car,Dry,Dark - lighted roadway,Clear/Clear,,15 BOWDOIN AVENUE,,,,,234933.3459,894741.5146
3561451,BOSTON,12-Aug-2013,8:22 AM,Property damage only (none injured),2,0,0,"Sideswipe, same direction",V1: Turning left / V2:Turning left,V1:Northbound / V2:Northbound ,V1: Collision with motor vehicle in traffic / V2: Collision with motor vehicle in traffic ,"V1: Tractor/semi-trailer / V2:Light truck(van, mini-van, panel, pickup, sport utility) with only four tires",Dry,Daylight,Clear,MASSACHUSETTS AVENUE CONNECTOR / FRONTAGE ROAD / RAMP - FRONTAGE ROAD TO RT 93 NB,,,,MASS AVE,,235865.0173,898419.1854
3556570,BOSTON,12-Aug-2013,8:30 AM,Non-fatal injury,1,1,0,"Sideswipe, same direction",V1: Travelling straight ahead,V1:Eastbound ,V1: Collision with motor vehicle in traffic ,V1: Motorcycle,Dry,Daylight,Clear,,STORROW DRIVE Rte 28 N / RAMP TO CHARLES CIRCLE,,,LONGFELLOW BRIDGE,,235227.5445,901250.6551
3578964,BOSTON,12-Aug-2013,9:05 AM,Non-fatal injury,2,1,0,Rear-end,V1: Slowing or stopped in traffic / V2:Travelling straight ahead,V1:Northbound / V2:Northbound ,V1: Collision with motor vehicle in traffic / V2: Collision with motor vehicle in traffic ,"V1: Light truck(van, mini-van, panel, pickup, sport utility) with only four tires / V2:Passenger car",Dry,Daylight,Clear,,JOHN F FITZGERALD EXPRESSWAY Rte 93 N / RAMP - RT 93 NB TO COLUMBIA RD,,,,,236962.0839,896509.1939
3622139,BOSTON (DORCHESTER),12-Aug-2013,11:35 AM,Not Reported,2,0,0,Angle,V1: Not reported / V2:Not reported,V1:Not reported / V2:Not reported ,V1: Not reported / V2: Not reported ,"V1: Light truck(van, mini-van, panel, pickup, sport utility) with only four tires / V2:Light truck(van, mini-van, panel, pickup, sport utility) with only four tires",Dry,Daylight,Clear,GRANITE AVENUE / GALLIVAN BOULEVARD,,,,,,236643.2967,892556.1249
3576892,BOSTON,12-Aug-2013,12:45 PM,Property damage only (none injured),3,0,0,Rear-end,V1: Slowing or stopped in traffic / V2:Slowing or stopped in traffic / V3:Travelling straight ahead,V1:Northbound / V2:Northbound / V3:Northbound ,V1: Collision with motor vehicle in traffic / V2: Collision with motor vehicle in traffic / V3: Collision with motor vehicle in traffic ,V1: Passenger car / V2:Passenger car / V3:Passenger car,Dry,Daylight,Clear,,Rte 93 N / UNKNOWN,,Exit 14 on Rte 93 N,,,237258.9796,894483.3974
3590162,BOSTON,12-Aug-2013,2:13 PM,Non-fatal injury,2,1,0,Rear-end,V1: Travelling straight ahead / V2:Slowing or stopped in traffic,V1:Not reported / V2:Not reported ,V1: Collision with motor vehicle in traffic / V2: Collision with motor vehicle in traffic ,V1: Passenger car / V2:Passenger car,Dry,Daylight,Clear,,25 NEW CHARDON STREET,,,,,236062.2687,901391.3587
3560983,BOSTON,12-Aug-2013,5:20 PM,Property damage only (none injured),2,0,0,Rear-end,V1: Slowing or stopped in traffic / V2:Slowing or stopped in traffic,V1:Westbound / V2:Westbound ,V1: Collision with motor vehicle in traffic / V2: Collision with motor vehicle in traffic ,V1: Passenger car / V2:Passenger car,Dry,Dusk,Clear,,RAMP - LEVERETT CONNECTOR TO STORROW DRI Rte 3A N / RAMP-RT 93 NB TO STORROW DRIVE Rte 3 N,,,STATION TUNNEL,,235665.2048,901889.0361
3556663,BOSTON,12-Aug-2013,5:43 PM,Property damage only (none injured),3,0,0,Rear-end,V1: Travelling straight ahead / V2:Slowing or stopped in traffic / V3:Slowing or stopped in traffic,V1:Southbound / V2:Southbound / V3:Southbound ,V1: Collision with motor vehicle in traffic / V2: Collision with motor vehicle in traffic / V3: Collision with motor vehicle in traffic ,"V1: Passenger car / V2:Passenger car / V3:Light truck(van, mini-van, panel, pickup, sport utility) with only four tires",Dry,Daylight,Clear,,VETERANS OF FOREIGN WARS PARKWAY Rte UNKNOW / SPRING STREET,,,,,227008.6251,891284.9375
3560984,BOSTON,12-Aug-2013,6:10 PM,Property damage only (none injured),2,0,0,Rear-end,V1: Slowing or stopped in traffic / V2:Travelling straight ahead,V1:Northbound / V2:Northbound ,V1: Collision with motor vehicle in traffic / V2: Collision with motor vehicle in traffic ,V1: Passenger car / V2:Passenger car,Dry,Dusk,Clear,JOHN F FITZGERALD EXPRESSWAY Rte 1 N / RAMP - RT 93 NB TO STORROW DRIVE Rte 3A N,,,,,,236402.7438,901600.034
3556638,BOSTON,12-Aug-2013,10:00 PM,Non-fatal injury,2,2,0,Angle,V1: Travelling straight ahead / V2:Travelling straight ahead,V1:Westbound / V2:Northbound ,V1: Collision with motor vehicle in traffic / V2: Collision with motor vehicle in traffic ,"V1: Light truck(van, mini-van, panel, pickup, sport utility) with only four tires / V2:Passenger car",Dry,Dark - lighted roadway,Cloudy,CHARLESGATE EAST / COMMONWEALTH AVENUE,,,,,,233649.9732,899935.8523
3570838,BOSTON,13-Aug-2013,2:08 AM,Property damage only (none injured),2,0,0,"Sideswipe, same direction",V1: Travelling straight ahead / V2:Travelling straight ahead,V1:Southbound / V2:Southbound ,V1: Collision with motor vehicle in traffic / V2: Collision with motor vehicle in traffic ,"V1: Single-unit truck (2-axle, 6-tire) / V2:Passenger car",Dry,Dark - roadway not lighted,Clear,,TEMPORARY RAMP Rte 1 S / MAURICE TOBIN BRIDGE,,,,,235853.0976,902245.2623
3585012,BOSTON,13-Aug-2013,8:03 AM,Non-fatal injury,1,1,0,"Sideswipe, same direction",V1: Slowing or stopped in traffic,V1:Eastbound ,"V1: Collision with cyclist (bicycle, tricycle, unicycle, pedal car) ",V1: Passenger car,Dry,Daylight,Clear,,40 feet E from Intersection CONGRESS STREET / MILK STREET,,,,"P3:Pedalcyclist (bicycle, tricycle, unicycle, pedal car)",236553.2036,900785.9571
3580248,BOSTON,13-Aug-2013,12:15 PM,Non-fatal injury,3,1,0,Rear-end,V1: Slowing or stopped in traffic / V2:Slowing or stopped in traffic / V3:Travelling straight ahead,V1:Northbound / V2:Northbound / V3:Northbound ,V1: Collision with motor vehicle in traffic / V2: Collision with motor vehicle in traffic / V3: Collision with motor vehicle in traffic ,"V1: Passenger car / V2:Passenger car / V3:Light truck(van, mini-van, panel, pickup, sport utility) with only four tires",Dry,Daylight,Clear,,Rte 93 N / UNKNOWN,,Exit 15 on Rte 93 N,,,236972.2496,896473.4282
3562116,BOSTON,13-Aug-2013,12:55 PM,Not Reported,2,0,0,Angle,V1: Travelling straight ahead / V2:Travelling straight ahead,V1:Eastbound / V2:Southbound ,V1: Collision with motor vehicle in traffic / V2: Collision with motor vehicle in traffic ,"V1: Passenger car / V2:Light truck(van, mini-van, panel, pickup, sport utility) with only four tires",Dry,Daylight,Cloudy,,CHARLESGATE WEST Rte UNKNOW / COMMONWEALTH AVENUE,,,,,233546.2737,899931.2545
3662717,BOSTON,13-Aug-2013,2:55 PM,Non-fatal injury,2,1,0,Single vehicle crash,V1: Travelling straight ahead / V2:Travelling straight ahead,V1:Northbound / V2:Eastbound ,V1: Collision with motor vehicle in traffic / V2: Collision with motor vehicle in traffic ,"V1: Passenger car / V2:Light truck(van, mini-van, panel, pickup, sport utility) with only four tires",Not reported,Daylight,Clear,WEST DEDHAM STREET / TREMONT STREET,,,,,,235123.2189,899236.2498
3589709,BOSTON,13-Aug-2013,3:03 PM,Property damage only (none injured),1,0,0,"Sideswipe, same direction",V1: Parked,V1:Southbound ,"V1: Collision with cyclist (bicycle, tricycle, unicycle, pedal car) ",V1: Passenger car,Wet,Daylight,Cloudy,,235 HARVARD AVENUE,,,,"P2:Pedalcyclist (bicycle, tricycle, unicycle, pedal car)",230486.7153,899917.9661
3575932,BOSTON,13-Aug-2013,3:50 PM,Non-fatal injury,2,17,0,Rear-end,V1: Travelling straight ahead / V2:Slowing or stopped in traffic,V1:Southbound / V2:Southbound ,V1: Collision with motor vehicle in traffic / V2: Collision with motor vehicle in traffic ,"V1: Bus (seats for more than 15 people, including driver) / V2:Bus (seats for more than 15 people, including driver)",Dry,Daylight,Clear,,,,,RUGGLES MBTA/LOWER BUSWAY,,233735.0746,898441.9253
3560857,BOSTON,13-Aug-2013,4:40 PM,Property damage only (none injured),2,0,0,Rear-end,V1: Travelling straight ahead / V2:Slowing or stopped in traffic,V1:Eastbound / V2:Eastbound ,V1: Collision with motor vehicle in traffic / V2: Collision with motor vehicle in traffic ,V1: Passenger car / V2:Passenger car,Dry,Daylight,Clear,,MASSACHUSETTS AVENUE CONNECTOR / MASSACHUSETTS AVENUE CONNECTOR,,,MASS AVE CONNECTOR,,235438.5284,898269.519
3560985,BOSTON,13-Aug-2013,6:29 PM,Property damage only (none injured),3,0,0,Rear-end,V1: Slowing or stopped in traffic / V2:Travelling straight ahead / V3:Travelling straight ahead,V1:Northbound / V2:Northbound / V3:Northbound ,V1: Collision with motor vehicle in traffic / V2: Collision with motor vehicle in traffic / V3: Collision with motor vehicle in traffic ,"V1: Light truck(van, mini-van, panel, pickup, sport utility) with only four tires / V2:Passenger car / V3:Passenger car",Dry,Dusk,Clear,,JOHN F FITZGERALD EXPRESSWAY Rte 93 N / RAMP - BROADWAY TO RT 93 NB,,,ONIEL TUNNEL,,236460.308,899882.1718
3562518,BOSTON,13-Aug-2013,8:20 PM,Non-fatal injury,2,4,0,Angle,V1: Travelling straight ahead / V2:Turning left,V1:Northbound / V2:Eastbound ,V1: Collision with motor vehicle in traffic / V2: Collision with motor vehicle in traffic ,"V1: Light truck(van, mini-van, panel, pickup, sport utility) with only four tires / V2:Light truck(van, mini-van, panel, pickup, sport utility) with only four tires",Dry,Dark - lighted roadway,Clear,,VETERANS OF FOREIGN WARS PARKWAY / SPRING STREET,,,,,227008.6251,891284.9375
3578966,BOSTON,14-Aug-2013,6:55 AM,Property damage only (none injured),2,0,0,Rear-end,V1: Slowing or stopped in traffic / V2:Travelling straight ahead,V1:Northbound / V2:Northbound ,V1: Collision with motor vehicle in traffic / V2: Collision with motor vehicle in traffic ,"V1: Light truck(van, mini-van, panel, pickup, sport utility) with only four tires / V2:Passenger car",Dry,Daylight,Clear,,Rte 93 N / UNKNOWN,,Exit 14 on Rte 93 N,,,237258.9796,894483.3974
3580249,BOSTON,14-Aug-2013,7:17 AM,Property damage only (none injured),2,0,0,Angle,V1: Leaving traffic lane / V2:Other,V1:Eastbound / V2:Eastbound ,V1: Collision with motor vehicle in traffic / V2: Collision with motor vehicle in traffic ,V1: Passenger car / V2:Passenger car,Dry,Daylight,Clear,KOSCIUSZKO CIRCLE / WILLIAM T MORRISSEY BOULEVARD / WILLIAM DAY BOULEVARD,,,,,,237017.0782,896879.6065
3589022,BOSTON (ALLSTON),14-Aug-2013,9:10 AM,Non-fatal injury,3,1,0,Rear-end,V1: Slowing or stopped in traffic / V2:Slowing or stopped in traffic / V3:Travelling straight ahead,V1:Eastbound / V2:Eastbound / V3:Eastbound ,V1: Collision with motor vehicle in traffic / V2: Collision with motor vehicle in traffic / V3: Collision with motor vehicle in traffic ,"V1: Passenger car / V2:Light truck(van, mini-van, panel, pickup, sport utility) with only four tires / V3:Unknown heavy truck, cannot classify",Dry,Daylight,Clear,,766 COMMONWEALTH AVENUE,,,,,232326.2363,900024.0904