Crash Number,City/Town Name,Crash Date,Crash Time,Crash Severity,Number of Vehicles,Total Nonfatal Injuries,Total Fatal Injuries,Manner of Collision,Vehicle Action Prior to Crash,Vehicle Travel Directions,Most Harmful Events,Vehicle Configuration,Road Surface Condition,Ambient Light,Weather Condition,At Roadway Intersection,Distance from Nearest Roadway Intersection,Distance from Nearest Milemarker,Distance from Nearest Exit,Distance from Nearest Landmark,Non Motorist Type,X Coordinate,Y Coordinate
3561969,BOSTON,14-Aug-2013,9:43 AM,Property damage only (none injured),2,0,0,Angle,V1: Backing / V2:Slowing or stopped in traffic,V1:Eastbound / V2:Southbound ,V1: Collision with motor vehicle in traffic / V2: Collision with motor vehicle in traffic ,V1: Tractor/semi-trailer / V2:Passenger car,Dry,Daylight,Clear,,SURFACE ARTERY / ALBANY STREET,,,REAR OF 179 LINCOLN STREET,,236283.1598,900081.1463
3556874,BOSTON,14-Aug-2013,10:42 AM,Property damage only (none injured),2,0,0,Angle,V1: Travelling straight ahead / V2:Travelling straight ahead,V1:Westbound / V2:Westbound ,V1: Collision with motor vehicle in traffic / V2: Collision with motor vehicle in traffic ,V1: Passenger car / V2:Passenger car,Dry,Daylight,Clear,PARK DRIVE / BROOKLINE AVENUE,,,,,,232742.1496,899278.3204
3578967,BOSTON,14-Aug-2013,1:13 PM,Property damage only (none injured),2,0,0,Rear-end,V1: Slowing or stopped in traffic / V2:Travelling straight ahead,V1:Northbound / V2:Northbound ,V1: Collision with motor vehicle in traffic / V2: Collision with motor vehicle in traffic ,"V1: Passenger car / V2:Light truck(van, mini-van, panel, pickup, sport utility) with only four tires",Dry,Daylight,Clear,,Rte 93 N / UNKNOWN,,Exit 13 on Rte 93 N,,,237420.1414,894076.5227
3561592,BOSTON,14-Aug-2013,3:27 PM,Property damage only (none injured),1,0,0,"Sideswipe, same direction",V1: Travelling straight ahead,V1:Eastbound ,V1: Collision with motor vehicle in traffic ,V1: Passenger car,Dry,Daylight,Clear,,MASSACHUSETTS TURNPIKE Rte 90 E,,Exit I/C 19 on Rte 90 E,WEST OF I/C 19,,231111.4337,900813.6301
3712349,BOSTON,14-Aug-2013,4:30 PM,Property damage only (none injured),2,0,0,"Sideswipe, same direction",V1: Travelling straight ahead / V2:Entering traffic lane,V1:Eastbound / V2:Eastbound ,V1: Collision with motor vehicle in traffic / V2: Collision with motor vehicle in traffic ,"V1: Light truck(van, mini-van, panel, pickup, sport utility) with only four tires / V2:Passenger car",Dry,Daylight,Clear,STORROW DRIVE Rte 28 N / RAMP TO CHARLES CIRCLE,,,,CHARLES ST. FOOT BRIDGE,,235254.3907,901130.5454
3561829,BOSTON,14-Aug-2013,4:48 PM,Property damage only (none injured),2,0,0,Rear-end,V1: Travelling straight ahead / V2:Slowing or stopped in traffic,V1:Southbound / V2:Southbound ,V1: Collision with motor vehicle in traffic / V2: Collision with motor vehicle in traffic ,"V1: Light truck(van, mini-van, panel, pickup, sport utility) with only four tires / V2:Passenger car",Dry,Daylight,Clear,,JOHN F FITZGERALD EXPRESSWAY Rte 93 S,,,ZAKIM BRIDGE,,235989.2409,902086.7805
3580250,BOSTON,14-Aug-2013,5:19 PM,Property damage only (none injured),2,0,0,Rear-end,V1: Slowing or stopped in traffic / V2:Slowing or stopped in traffic,V1:Northbound / V2:Northbound ,V1: Collision with motor vehicle in traffic / V2: Collision with motor vehicle in traffic ,"V1: Light truck(van, mini-van, panel, pickup, sport utility) with only four tires / V2:Passenger car",Dry,Daylight,Clear,,NEPONSET AVENUE Rte 3A N / WILLIAM T MORRISSEY BOULEVARD,,,NEPONSET BRIDGE,,237766.8888,892932.0199
3577938,BOSTON,14-Aug-2013,6:09 PM,Property damage only (none injured),2,0,0,Rear-end,V1: Travelling straight ahead / V2:Travelling straight ahead,V1:Eastbound / V2:Eastbound ,V1: Collision with motor vehicle in traffic / V2: Collision with motor vehicle in traffic ,"V1: Bus (seats for more than 15 people, including driver) / V2:Passenger car",Dry,Daylight,Clear,,Rte 90 E,Rte 90  E Milemarker 134.0,,WEST OF EXIT 24,,235750.5848,899752.0839
3715282,BOSTON (ROSLINDALE),14-Aug-2013,10:30 PM,Not Reported,2,0,0,Rear-end,V1: Travelling straight ahead / V2:Travelling straight ahead,V1:Not reported / V2:Not reported ,V1: Collision with motor vehicle in traffic / V2: Collision with motor vehicle in traffic ,"V1: Light truck(van, mini-van, panel, pickup, sport utility) with only four tires / V2:Passenger car",Dry,Dark - lighted roadway,Clear/Clear,,4600 WASHINGTON STREET,,,,,229754.2626,891827.0097
3715285,BOSTON,15-Aug-2013,8:00 AM,Non-fatal injury,1,1,0,Angle,V1: Turning left,V1:Not reported ,V1: Collision with pedestrian ,V1: Passenger car,Dry,Daylight,Clear,GROVE STREET / WASHINGTON STREET,,,,,P2:Pedestrian,228294.2499,890152.2501
3562105,BOSTON,15-Aug-2013,8:46 AM,Property damage only (none injured),2,0,0,Rear-end,V1: Travelling straight ahead / V2:Travelling straight ahead,V1:Southbound / V2:Southbound ,V1: Collision with motor vehicle in traffic / V2: Collision with motor vehicle in traffic ,V1: Passenger car / V2:Passenger car,Dry,Daylight,Clear,,2661 feet S from Intersection LEVERETT CONNECTOR SOUTH / INTERSTATE 93 Rte 93 S,,,LOWER DECK,,235012.8937,902990.1248
3589707,BOSTON,15-Aug-2013,9:25 AM,Property damage only (none injured),1,0,0,Angle,V1: Turning right,V1:Eastbound ,"V1: Collision with cyclist (bicycle, tricycle, unicycle, pedal car) ",V1: Passenger car,Dry,Daylight,Clear/Clear,,2597 BEACON STREET,,,,"P3:Pedalcyclist (bicycle, tricycle, unicycle, pedal car)",228154.7933,897987.3056
3580252,BOSTON,15-Aug-2013,10:35 AM,Property damage only (none injured),2,0,0,Rear-end,V1: Travelling straight ahead / V2:Travelling straight ahead,V1:Southbound / V2:Northbound ,V1: Collision with motor vehicle in traffic / V2: Collision with motor vehicle in traffic ,"V1: Light truck(van, mini-van, panel, pickup, sport utility) with only four tires / V2:Light truck(van, mini-van, panel, pickup, sport utility) with only four tires",Dry,Daylight,Clear,,Rte 93 N / UNKNOWN,,Exit 15 on Rte 93 N,,,236972.2496,896473.4282
3561453,BOSTON,15-Aug-2013,11:45 AM,Property damage only (none injured),1,0,0,Single vehicle crash,V1: Travelling straight ahead,V1:Eastbound ,V1: Collision with overhead sign support ,"V1: Single-unit truck (2-axle, 6-tire)",Dry,Daylight,Clear,,SOLDIERS FIELD ROAD / UNIVERSITY ROAD,,,BU BRIDGE,,232080.3081,900219.1944
3662718,BOSTON,15-Aug-2013,11:46 AM,Property damage only (none injured),1,0,0,Single vehicle crash,V1: Turning left,V1:Not reported ,V1: Collision with pedestrian ,"V1: Light truck(van, mini-van, panel, pickup, sport utility) with only four tires",Dry,Daylight,Clear/Clear,DARTMOUTH STREET / WARREN AVENUE,,,,,,235062.0154,899398.8124
3562504,BOSTON,15-Aug-2013,6:04 PM,Property damage only (none injured),2,0,0,Rear-end,V1: Travelling straight ahead / V2:Slowing or stopped in traffic,V1:Southbound / V2:Southbound ,V1: Collision with motor vehicle in traffic / V2: Collision with motor vehicle in traffic ,V1: Passenger car / V2:Motorcycle,Dry,Dark - lighted roadway,Clear,,Rte 93 S,,Exit 20 on Rte 93 S,COLLECTOR TUNNEL,,236954.209,900826.9442
3622137,BOSTON,15-Aug-2013,8:22 PM,Non-fatal injury,2,3,0,Angle,V1: Travelling straight ahead / V2:Travelling straight ahead,V1:Eastbound / V2:Northbound ,V1: Collision with motor vehicle in traffic / V2: Collision with motor vehicle in traffic ,V1: Passenger car / V2:Passenger car,Dry,Dusk,Clear,COLUMBIA ROAD / RICHFIELD STREET,,,,,,235262.0595,895595.2269
3580259,BOSTON,15-Aug-2013,8:45 PM,Property damage only (none injured),2,0,0,"Sideswipe, same direction",V1: Slowing or stopped in traffic / V2:Changing lanes,V1:Southbound / V2:Southbound ,V1: Collision with motor vehicle in traffic / V2: Collision with motor vehicle in traffic ,"V1: Passenger car / V2:Light truck(van, mini-van, panel, pickup, sport utility) with only four tires",Dry,Dark - lighted roadway,Clear,,Rte 93 S,,,,,,
3578970,BOSTON,15-Aug-2013,8:52 PM,Property damage only (none injured),1,0,0,Single vehicle crash,V1: Travelling straight ahead,V1:Southbound ,V1: Collision with median barrier ,"V1: Light truck(van, mini-van, panel, pickup, sport utility) with only four tires",Dry,Dark - lighted roadway,Clear,,Rte 93 S / UNKNOWN,,Exit 12 on Rte 93 S,,,237620.5493,892713.0989
3580253,BOSTON,15-Aug-2013,9:00 PM,Property damage only (none injured),2,0,0,Rear-end,V1: Travelling straight ahead / V2:Slowing or stopped in traffic,V1:Northbound / V2:Northbound ,V1: Collision with motor vehicle in traffic / V2: Collision with motor vehicle in traffic ,V1: Passenger car / V2:Passenger car,Dry,Dark - lighted roadway,Clear,,Rte 93 N / UNKNOWN,,Exit 14 on Rte 93 N,,,237258.9796,894483.3974
3571936,BOSTON,16-Aug-2013,00:00 AM,Property damage only (none injured),1,0,0,Single vehicle crash,V1: Travelling straight ahead,V1:Northbound ,V1: Collision with median barrier ,V1: Passenger car,Dry,Dark - lighted roadway,Clear,,LEVERETT CONNECTOR NORTH / INTERSTATE 93 Rte 93 N,,,,,234861.8463,903645.7728
3566617,BOSTON,16-Aug-2013,2:21 AM,Property damage only (none injured),1,0,0,Single vehicle crash,V1: Turning left,V1:Eastbound ,V1: Collision with curb ,V1: Passenger car,Dry,Dark - lighted roadway,Not Reported,BOYLSTON STREET / FENWAY,,,,,,233753.6727,899644.6763
3577940,BOSTON,16-Aug-2013,9:40 AM,Property damage only (none injured),1,0,0,Single vehicle crash,V1: Making U-turn,V1:Westbound ,V1: Collision with guardrail ,V1: Tractor/semi-trailer,Dry,Daylight,Clear,,Rte 90 W,,Exit 20 on Rte 90 W,U-TURN TO ROUTE 90 EASTBOUND,,231452.5043,900558.3731
3620031,BOSTON (DORCHESTER),16-Aug-2013,12:00 PM,Non-fatal injury,2,4,0,Angle,V1: Entering traffic lane / V2:Travelling straight ahead,V1:Northbound / V2:Westbound ,"V1: Collision with other fixed object (wall, building, tunnel, etc.) / V2: Collision with other fixed object (wall, building, tunnel, etc.) ","V1: Light truck(van, mini-van, panel, pickup, sport utility) with only four tires / V2:Light truck(van, mini-van, panel, pickup, sport utility) with only four tires",Dry,Daylight,Clear,COLEMAN STREET / QUINCY STREET,,,,,,235806.4998,895436.3748
3573086,BOSTON,16-Aug-2013,1:29 PM,Property damage only (none injured),2,0,0,Angle,V1: Turning left / V2:Turning left,V1:Northbound / V2:Northbound ,V1: Collision with motor vehicle in traffic / V2: Collision with motor vehicle in traffic ,V1: Tractor/semi-trailer / V2:Passenger car,Dry,Daylight,Clear,BIRMINGHAM PARKWAY / WESTERN AVENUE,,,,,,229180.0376,901281.697
3571937,BOSTON,16-Aug-2013,3:38 PM,Property damage only (none injured),2,0,0,Rear-end,V1: Slowing or stopped in traffic / V2:Travelling straight ahead,V1:Southbound / V2:Southbound ,V1: Collision with motor vehicle in traffic / V2: Collision with motor vehicle in traffic ,"V1: Passenger car / V2:Light truck(van, mini-van, panel, pickup, sport utility) with only four tires",Dry,Daylight,Clear,,Rte 93 S,,Exit 26 on Rte 93 S,,,234851.4113,903728.5151
3580254,BOSTON,16-Aug-2013,5:46 PM,Property damage only (none injured),2,0,0,Single vehicle crash,V1: Travelling straight ahead / V2:Travelling straight ahead,V1:Southbound / V2:Southbound ,V1: Collision with light pole or other post/support / V2: Collision with light pole or other post/support ,"V1: Passenger car / V2:Light truck(van, mini-van, panel, pickup, sport utility) with only four tires",Dry,Daylight,Clear,FREEPORT STREET / WILLIAM T MORRISSEY BOULEVARD,,,,FREEPORT @ MORRISSEY,,237149.8439,894580.3748
3561584,BOSTON,16-Aug-2013,8:30 PM,Property damage only (none injured),2,0,0,"Sideswipe, same direction",V1: Travelling straight ahead / V2:Changing lanes,V1:Westbound / V2:Westbound ,V1: Collision with motor vehicle in traffic / V2: Collision with motor vehicle in traffic ,V1: Passenger car / V2:Passenger car,Dry,Dark - lighted roadway,Clear,,Rte 90 W / UNKNOWN,,,,,231312.2051,900784.6587
3560988,BOSTON,17-Aug-2013,1:12 AM,Property damage only (none injured),3,0,0,"Sideswipe, opposite direction",V1: Travelling straight ahead / V2:Travelling straight ahead / V3:Travelling straight ahead,V1:Eastbound / V2:Westbound / V3:Westbound ,V1: Collision with motor vehicle in traffic / V2: Collision with motor vehicle in traffic / V3: Collision with motor vehicle in traffic ,V1: Passenger car / V2:Passenger car / V3:Passenger car,Dry,Dark - lighted roadway,Clear,,Rte 93 S / UNKNOWN,,Exit 15 on Rte 93 S,,,236629.6253,897168.5001
3560863,BOSTON,17-Aug-2013,1:55 AM,Non-fatal injury,1,1,0,Single vehicle crash,V1: Turning left,V1:Westbound ,V1: Other ,V1: Motorcycle,Dry,Dark - lighted roadway,Clear,RAMP - SOLDIERS FIELD RD WB TO WESTERN A / SOLDIERS FIELD ROAD,,,,DOUBLETREE RAMP,,231482.8206,900911.2758
3573545,BOSTON,17-Aug-2013,9:15 AM,Non-fatal injury,1,1,0,Single vehicle crash,V1: Not reported,V1:Eastbound ,V1: Reported but invalid ,V1: Passenger car,Dry,Daylight,Clear,,MORTON STREET Rte UNKNOW / 805,,,,,233986.7612,892497.7927
3569902,BOSTON,17-Aug-2013,12:07 PM,Property damage only (none injured),2,0,0,Rear-end,V1: Slowing or stopped in traffic / V2:Slowing or stopped in traffic,V1:Southbound / V2:Southbound ,V1: Collision with motor vehicle in traffic / V2: Collision with motor vehicle in traffic ,"V1: Passenger car / V2:Light truck(van, mini-van, panel, pickup, sport utility) with only four tires",Dry,Daylight,Clear,,Rte 93 S / UNKNOWN,,Exit 24 on Rte 93 S,,,236397.1933,901565.6511
3561971,BOSTON,17-Aug-2013,1:35 PM,Non-fatal injury,2,1,0,Angle,V1: Travelling straight ahead / V2:Turning left,V1:Eastbound / V2:Westbound ,V1: Collision with motor vehicle in traffic / V2: Collision with motor vehicle in traffic ,V1: Passenger car / V2:Passenger car,Dry,Daylight,Clear,,MORTON STREET / HARVARD STREET,,,,,233493.5311,893100.9999
3572936,BOSTON,17-Aug-2013,1:50 PM,Property damage only (none injured),2,0,0,"Sideswipe, same direction",V1: Entering traffic lane / V2:Travelling straight ahead,V1:Eastbound / V2:Eastbound ,V1: Collision with motor vehicle in traffic / V2: Collision with motor vehicle in traffic ,V1: Passenger car / V2:Passenger car,Dry,Daylight,Not Reported,JOHN F FITZGERALD EXPRESSWAY Rte 93 N / GENERAL CASIMIR PULASKI SKYWAY Rte 1 N / RAMP - RT 93 NB TO RT 90 (RAMP K) Rte 1A N,,,,RAMP L MERGE,,235937.5457,898217.0201
3580494,BOSTON,17-Aug-2013,9:10 PM,Non-fatal injury,2,1,0,Angle,V1: Travelling straight ahead / V2:Turning left,V1:Eastbound / V2:Westbound ,V1: Reported but invalid / V2: Reported but invalid ,V1: Motorcycle / V2:Passenger car,Dry,Dark - lighted roadway,Clear,,GALLIVAN BOULEVARD Rte 203 / DORCHESTER AVENUE,,,,,235804.4062,892252.5627
3738150,BOSTON (MATTAPAN),18-Aug-2013,1:29 AM,Not Reported,2,0,0,Angle,V1: Not reported / V2:Not reported,V1:Not reported / V2:Not reported ,V1: Not reported / V2: Not reported ,V1: Passenger car / V2:Passenger car,Dry,Dark - lighted roadway,Clear/Clear,CUMMINS HIGHWAY / FAIRWAY STREET,,,,,,233384.9661,890960.1395
3611388,BOSTON (DORCHESTER),18-Aug-2013,3:03 AM,Not Reported,2,0,0,Not reported,V1: Travelling straight ahead / V2:Travelling straight ahead,V1:Northbound / V2:Southbound ,V1: Collision with motor vehicle in traffic / V2: Collision with motor vehicle in traffic ,"V1: Motorcycle / V2:Light truck(van, mini-van, panel, pickup, sport utility) with only four tires",Not reported,Not reported,Not Reported,,130 BOWDOIN STREET,,,,,236012.102,900988.6895
3569903,BOSTON,18-Aug-2013,3:45 AM,Property damage only (none injured),1,0,0,Single vehicle crash,V1: Travelling straight ahead,V1:Westbound ,V1: Collision with guardrail ,V1: Passenger car,Dry,Dark - lighted roadway,Clear,,Rte 93 N / UNKNOWN,,Exit 26 on Rte 93 N,STATION TUNNEL,,236402.7433,901600.0342
3580256,BOSTON,18-Aug-2013,1:43 PM,Non-fatal injury,3,1,0,Rear-end,V1: Turning left / V2:Slowing or stopped in traffic / V3:Travelling straight ahead,V1:Northbound / V2:Northbound / V3:Northbound ,V1: Collision with motor vehicle in traffic / V2: Collision with motor vehicle in traffic / V3: Collision with motor vehicle in traffic ,"V1: Light truck(van, mini-van, panel, pickup, sport utility) with only four tires / V2:Passenger car / V3:Light truck(van, mini-van, panel, pickup, sport utility) with only four tires",Dry,Daylight,Clear,,GALLIVAN BOULEVARD Rte UNKNOW / 500,,,,,236675.9806,892565.2583
3587439,BOSTON,18-Aug-2013,1:43 PM,Property damage only (none injured),2,0,0,Rear-end,V1: Travelling straight ahead / V2:Changing lanes,V1:Eastbound / V2:Eastbound ,V1: Collision with motor vehicle in traffic / V2: Collision with motor vehicle in traffic ,V1: Passenger car / V2:Passenger car,Dry,Daylight,Clear,,SOLDIERS FIELD ROAD / WESTERN AVENUE,,,BETWEEN WESTERN AVE AND RIVER ST,,231475.777,901408.4779
3715278,BOSTON (WEST ROXBURY),19-Aug-2013,7:55 AM,Not Reported,1,0,0,Single vehicle crash,V1: Travelling straight ahead,V1:Not reported ,V1: Collision with utility pole ,V1: Passenger car,Dry,Daylight,Clear,,409 COREY STREET,,,MT BENEDICT CEMETERY,,227534.347,893950.9586
3587440,BOSTON,19-Aug-2013,9:15 AM,Non-fatal injury,1,1,0,Single vehicle crash,V1: Travelling straight ahead,V1:Eastbound ,V1: Collision with pedestrian ,"V1: Single-unit truck (2-axle, 6-tire)",Dry,Daylight,Clear,,STORROW DRIVE / CHARLESGATE WEST,,,NEAR SILBER WAY,P1:Pedestrian,232962.8322,900116.5656
3634436,BOSTON (DORCHESTER),19-Aug-2013,9:27 AM,Non-fatal injury,1,1,0,Single vehicle crash,V1: Parked,V1:Not reported ,"V1: Collision with cyclist (bicycle, tricycle, unicycle, pedal car) ","V1: Light truck(van, mini-van, panel, pickup, sport utility) with only four tires",Dry,Daylight,Clear/Clear,,1480 DORCHESTER AVENUE,,,,"P2:Pedalcyclist (bicycle, tricycle, unicycle, pedal car)",236265.0552,894503.4526
3573606,BOSTON,19-Aug-2013,9:28 AM,Property damage only (none injured),2,0,0,Angle,V1: Travelling straight ahead / V2:Travelling straight ahead,V1:Southbound / V2:Southbound ,V1: Other / V2: Other ,"V1: Light truck(van, mini-van, panel, pickup, sport utility) with only four tires / V2:Truck/trailer",Dry,Daylight,Clear,,Rte 93 S,,Exit 18 on Rte 93 S,,,236013.2783,899092.9981
3585011,BOSTON,19-Aug-2013,11:30 AM,Non-fatal injury,1,1,0,Unknown,V1: Slowing or stopped in traffic,V1:Northbound ,V1: Collision with pedestrian ,V1: Passenger car,Dry,Daylight,Clear/Clear,ESSEX STREET / KINGSTON STREET,,,,,,236300.8174,900317.6609
3715280,BOSTON (WEST ROXBURY),19-Aug-2013,1:33 PM,Non-fatal injury,1,1,0,Single vehicle crash,V1: Travelling straight ahead,V1:Not reported ,V1: Collision with pedestrian ,V1: Passenger car,Not reported,Daylight,Clear,,29 COREY STREET,,,,P2:Pedestrian,236556.2156,903160.4614
3584542,BOSTON,19-Aug-2013,3:30 PM,Non-fatal injury,2,2,0,Rear-end,V1: Entering traffic lane / V2:Slowing or stopped in traffic,V1:Eastbound / V2:Eastbound ,V1: Collision with motor vehicle in traffic / V2: Collision with motor vehicle in traffic ,V1: Passenger car / V2:Passenger car,Dry,Daylight,Clear,,WEST ROXBURY PARKWAY / WEST ROXBURY CENTRE STREET ROTARY,,,,,229039.0783,893007.3126
3569904,BOSTON,19-Aug-2013,4:15 PM,Property damage only (none injured),2,0,0,Rear-end,V1: Slowing or stopped in traffic / V2:Travelling straight ahead,V1:Northbound / V2:Northbound ,V1: Collision with motor vehicle in traffic / V2: Collision with motor vehicle in traffic ,"V1: Light truck(van, mini-van, panel, pickup, sport utility) with only four tires / V2:Passenger car",Dry,Daylight,Clear,,MAURICE TOBIN BRIDGE Rte 1 N / TOBIN BRIDGE Rte 1 N,,,,,237080.4438,903648.093
3563063,BOSTON,19-Aug-2013,7:46 PM,Property damage only (none injured),5,0,0,Rear-end,V1: Travelling straight ahead / V2:Slowing or stopped in traffic / V3:Slowing or stopped in traffic / V4:Travelling straight ahead / V5:Travelling straight ahead,V1:Northbound / V2:Northbound / V3:Northbound / V4:Northbound / V5:Northbound ,V1: Collision with motor vehicle in traffic / V2: Collision with motor vehicle in traffic / V3: Collision with motor vehicle in traffic / V4: Collision with motor vehicle in traffic / V5: Collision with motor vehicle in traffic ,"V1: Light truck(van, mini-van, panel, pickup, sport utility) with only four tires / V2:Passenger car / V3:Light truck(van, mini-van, panel, pickup, sport utility) with only four tires / V4:Light truck(van, mini-van, panel, pickup, sport utility) with only four tires / V5:Light truck(van, mini-van, panel, pickup, sport utility) with only four tires",Dry,Dusk,Clear,,Rte 93 N / UNKNOWN,,Exit 18 on Rte 93 N,,,236146.0342,897892.2406
3573444,BOSTON,19-Aug-2013,8:40 PM,Non-fatal injury,1,1,0,Single vehicle crash,V1: Travelling straight ahead,V1:Northbound ,V1: Collision with median barrier ,V1: Motorcycle,Dry,Dark - lighted roadway,Clear,,RAMP - SEAPORT BOULEVARD TO RT 93 NB / RAMP - ESSEX STREET TO RT 93 NB,,,RT RAMP,,236927.134,901001.8836
3573610,BOSTON,20-Aug-2013,10:01 AM,Property damage only (none injured),1,0,0,Single vehicle crash,V1: Travelling straight ahead,V1:Westbound ,V1: Collision with median barrier ,V1: Passenger car,Dry,Daylight,Clear,,CHARLESGATE OVERPASS / STORROW DRIVE,,,,,233499.8472,900110.5229
3611376,BOSTON (DORCHESTER),20-Aug-2013,11:30 AM,Non-fatal injury,1,1,0,Not reported,V1: Travelling straight ahead,V1:Southbound ,V1: Not reported ,"V1: Light truck(van, mini-van, panel, pickup, sport utility) with only four tires",Not reported,Daylight,Not Reported,WASHINGTON STREET / HARVARD STREET / BOWDOIN AVENUE,,,,,"P2:Pedalcyclist (bicycle, tricycle, unicycle, pedal car)",235156.7969,894409.0002
3573607,BOSTON,20-Aug-2013,12:37 PM,Non-fatal injury,2,1,0,Rear-end,V1: Slowing or stopped in traffic / V2:Travelling straight ahead,V1:Northbound / V2:Northbound ,V1: Collision with motor vehicle in traffic / V2: Collision with motor vehicle in traffic ,"V1: Light truck(van, mini-van, panel, pickup, sport utility) with only four tires / V2:Passenger car",Dry,Daylight,Clear,,Rte 93 N,,Exit 23 on Rte 93,,,236957.4837,900943.9828
3570836,BOSTON,20-Aug-2013,1:58 PM,Property damage only (none injured),2,0,0,Rear-end,V1: Slowing or stopped in traffic / V2:Backing,V1:Eastbound / V2:Eastbound ,V1: Collision with motor vehicle in traffic / V2: Collision with motor vehicle in traffic ,V1: Passenger car / V2:Tractor/semi-trailer,Dry,Daylight,Clear,,Rte 90 E,,Exit 18 on Rte 90 E,,,230714.9765,900764.6942
3576851,BOSTON,20-Aug-2013,6:04 PM,Property damage only (none injured),2,0,0,Rear-end,V1: Travelling straight ahead / V2:Travelling straight ahead,V1:Southbound / V2:Southbound ,V1: Collision with motor vehicle in traffic / V2: Collision with motor vehicle in traffic ,V1: Passenger car / V2:Passenger car,Dry,Daylight,Clear,,LEVERETT CONNECTOR SOUTH / INTERSTATE 93 Rte 93 S,,,LOWER DECK,,234984.0641,903030.0717
3580495,BOSTON,20-Aug-2013,6:30 PM,Property damage only (none injured),2,0,0,Rear-end,V1: Travelling straight ahead / V2:Slowing or stopped in traffic,V1:Westbound / V2:Westbound ,V1: Collision with motor vehicle in traffic / V2: Collision with motor vehicle in traffic ,"V1: Light truck(van, mini-van, panel, pickup, sport utility) with only four tires / V2:Light truck(van, mini-van, panel, pickup, sport utility) with only four tires",Dry,Daylight,Not Reported,,WILLIAM DAY BOULEVARD / O STREET,,,,,238809.5005,898011.0627
3602251,BOSTON,20-Aug-2013,7:35 PM,Property damage only (none injured),2,0,0,"Sideswipe, same direction",V1: Travelling straight ahead / V2:Entering traffic lane,V1:Not reported / V2:Not reported ,V1: Collision with motor vehicle in traffic / V2: Collision with motor vehicle in traffic ,V1: Passenger car / V2:Passenger car,Dry,Daylight,Clear,,BOSTON FISH PIER / D STREET,,,,,237975.1036,900009.4252
3655795,BOSTON,20-Aug-2013,9:25 PM,Property damage only (none injured),4,0,0,"Sideswipe, same direction",V1: Turning right / V2:Parked / V3:Parked / V4:Parked,V1:Westbound / V2:Not reported / V3:Not reported / V4:Not reported ,V1: Collision with parked motor vehicle / V2: Collision with motor vehicle in traffic / V3: Collision with parked motor vehicle / V4: Collision with motor vehicle in traffic ,"V1: Passenger car / V2:Light truck(van, mini-van, panel, pickup, sport utility) with only four tires / V3:Light truck(van, mini-van, panel, pickup, sport utility) with only four tires / V4:Passenger car",Dry,Dark - lighted roadway,Clear,,EVERETT SQUARE,,,,,230194.8795,901401.1271
3569913,BOSTON,20-Aug-2013,10:20 PM,Non-fatal injury,2,1,0,"Sideswipe, opposite direction",V1: Turning left / V2:Travelling straight ahead,V1:Northbound / V2:Southbound ,V1: Not reported / V2: Not reported ,V1: Passenger car / V2:Passenger car,Dry,Dark - lighted roadway,Clear,,1230 VETERANS OF FOREIGN WARS PARKWAY,,,,,227078.3783,892044.4825
3566618,BOSTON,21-Aug-2013,7:44 AM,Non-fatal injury,1,1,0,Angle,V1: Travelling straight ahead,V1:Southbound ,"V1: Collision with cyclist (bicycle, tricycle, unicycle, pedal car) ",V1: Passenger car,Dry,Daylight,Clear,,PARK DRIVE / RIVERWAY,,,AT MERGE FROM RIVERWAY NB,"P3:Pedalcyclist (bicycle, tricycle, unicycle, pedal car)",232630.1068,899272.5551
3583721,BOSTON (ROXBURY),21-Aug-2013,9:49 AM,Non-fatal injury,2,1,0,Angle,V1: Travelling straight ahead / V2:Travelling straight ahead,V1:Westbound / V2:Northbound ,V1: Collision with motor vehicle in traffic / V2: Collision with motor vehicle in traffic ,V1: Passenger car / V2:Passenger car,Dry,Daylight,Clear,HUMBOLDT AVENUE / RUTHVEN STREET,,,,,,233806.5157,895875.0625
3583720,BOSTON,21-Aug-2013,12:22 PM,Non-fatal injury,2,1,0,Angle,V1: Travelling straight ahead / V2:Travelling straight ahead,V1:Not reported / V2:Not reported ,V1: Collision with motor vehicle in traffic / V2: Collision with motor vehicle in traffic ,V1: Passenger car / V2:Passenger car,Dry,Dark - lighted roadway,Clear/Clear,CLIFTON STREET / EAST COTTAGE STREET,,,,,,235435.4688,896875.4998
3573445,BOSTON,21-Aug-2013,3:25 PM,Non-fatal injury,3,1,0,Rear-end,V1: Travelling straight ahead / V2:Slowing or stopped in traffic / V3:Changing lanes,V1:Southbound / V2:Southbound / V3:Southbound ,V1: Collision with motor vehicle in traffic / V2: Collision with motor vehicle in traffic / V3: Collision with motor vehicle in traffic ,"V1: Light truck(van, mini-van, panel, pickup, sport utility) with only four tires / V2:Light truck(van, mini-van, panel, pickup, sport utility) with only four tires / V3:Passenger car",Dry,Daylight,Clear,,Rte 93 S / UNKNOWN,,Exit 24 on Rte 93 S,,,236397.1933,901565.6511
3569914,BOSTON,21-Aug-2013,5:39 PM,Non-fatal injury,1,1,0,Single vehicle crash,V1: Turning right,V1:Southbound ,V1: Not reported ,V1: Passenger car,Dry,Daylight,Clear,CENTRE STREET / WESTCHESTER ROAD,,,,,"P2:Pedalcyclist (bicycle, tricycle, unicycle, pedal car)",230887.2186,894778.5623
3589714,BOSTON (BRIGHTON),21-Aug-2013,6:36 PM,Not Reported,1,0,0,Single vehicle crash,V1: Travelling straight ahead,V1:Not reported ,V1: Not reported ,V1: Passenger car,Dry,Dusk,Clear,COMMONWEALTH AVENUE / SAINT PAUL STREET,,,,,,231654.786,900129.0468