Crash Number,City/Town Name,Crash Date,Crash Time,Crash Severity,Number of Vehicles,Total Nonfatal Injuries,Total Fatal Injuries,Manner of Collision,Vehicle Action Prior to Crash,Vehicle Travel Directions,Most Harmful Events,Vehicle Configuration,Road Surface Condition,Ambient Light,Weather Condition,At Roadway Intersection,Distance from Nearest Roadway Intersection,Distance from Nearest Milemarker,Distance from Nearest Exit,Distance from Nearest Landmark,Non Motorist Type,X Coordinate,Y Coordinate
3582260,BOSTON,28-Aug-2013,00:00 AM,Non-fatal injury,2,1,0,Rear-end,V1: Travelling straight ahead / V2:Travelling straight ahead,V1:Not reported / V2:Not reported ,V1: Collision with motor vehicle in traffic / V2: Collision with motor vehicle in traffic ,V1: Passenger car / V2:Passenger car,Dry,Daylight,Clear/Clear,,197 CAMBRIDGE STREET,,,,,235764.0271,901282.94
3608052,BOSTON (DORCHESTER),28-Aug-2013,2:01 AM,Property damage only (none injured),2,0,0,Rear-end,V1: Travelling straight ahead / V2:Parked,V1:Not reported / V2:Not reported ,V1: Collision with motor vehicle in traffic / V2: Collision with parked motor vehicle ,"V1: Light truck(van, mini-van, panel, pickup, sport utility) with only four tires / V2:Passenger car",Dry,Dark - lighted roadway,Clear/Clear,,80 MILTON STREET,,,,,236576.0731,892286.7044
3613132,BOSTON,28-Aug-2013,4:44 AM,Non-fatal injury,2,2,0,Rear-end,V1: Slowing or stopped in traffic / V2:Travelling straight ahead,V1:Not reported / V2:Not reported ,V1: Collision with motor vehicle in traffic / V2: Collision with motor vehicle in traffic ,V1: Passenger car / V2:Passenger car,Dry,Dark - lighted roadway,Clear,ALLSTATE ROAD / SOUTHAMPTON STREET,,,,,,235994.7581,897895.4098
3626797,BOSTON (DORCHESTER),28-Aug-2013,7:16 AM,Not Reported,8,0,0,"Sideswipe, same direction",V1: Travelling straight ahead / V2:Travelling straight ahead / V3:Travelling straight ahead / V4:Travelling straight ahead / V5:Travelling straight ahead / V6:Travelling straight ahead / V7:Travelling straight ahead / V8:Travelling straight ahead,V1:Not reported / V2:Not reported / V3:Not reported / V4:Not reported / V5:Not reported / V6:Not reported / V7:Not reported / V8:Not reported ,V1: Collision with parked motor vehicle / V2: Collision with parked motor vehicle / V3: Collision with parked motor vehicle / V4: Collision with parked motor vehicle / V5: Collision with parked motor vehicle / V6: Collision with parked motor vehicle / V7: Collision with parked motor vehicle / V8: Collision with parked motor vehicle ,"V1: Passenger car / V2:Passenger car / V3:Passenger car / V4:Passenger car / V5:Motorcycle / V6:Light truck(van, mini-van, panel, pickup, sport utility) with only four tires / V7:Passenger car / V8:Light truck(van, mini-van, panel, pickup, sport utility) with only four tires",Dry,Daylight,Clear,,DRAPER STREET / HOMES AVENUE,,,HOMES LONGFELLOW,,235901.4533,894928.8123
3655432,BOSTON,28-Aug-2013,11:22 AM,Property damage only (none injured),2,0,0,"Sideswipe, same direction",V1: Slowing or stopped in traffic / V2:Travelling straight ahead,V1:Westbound / V2:Westbound ,V1: Collision with motor vehicle in traffic / V2: Collision with motor vehicle in traffic ,"V1: Passenger car / V2:Light truck(van, mini-van, panel, pickup, sport utility) with only four tires",Dry,Daylight,Clear,,WILLIAM T MORRISSEY BOULEVARD Rte UNKNOW / POPES HILL STREET,,,,,237240.2031,893757.7504
3580231,BOSTON,28-Aug-2013,1:05 PM,Property damage only (none injured),2,0,0,Angle,V1: Travelling straight ahead / V2:Other,V1:Northbound / V2:Northbound ,V1: Collision with motor vehicle in traffic / V2: Collision with motor vehicle in traffic ,V1: Passenger car / V2:Passenger car,Dry,Daylight,Clear,RAMP - FRONTAGE ROAD TO RT 93 NB / JOHN F FITZGERALD EXPRESSWAY Rte 93 N,,,,FRONTAGE N/B @ II RAMP,,236017.558,899013.108
3582107,BOSTON,28-Aug-2013,10:20 PM,Non-fatal injury,2,1,0,"Sideswipe, same direction",V1: Travelling straight ahead / V2:Travelling straight ahead,V1:Northbound / V2:Northbound ,V1: Collision with moped / V2: Collision with motor vehicle in traffic ,"V1: Light truck(van, mini-van, panel, pickup, sport utility) with only four tires / V2:Not reported",Dry,Dark - lighted roadway,Clear,,NEPONSET AVENUE Rte 3A N / QUINCY SHORE DRIVE Rte 3A N,,,NEPONSET BRIDGE,,237954.5503,892782.1819
3600238,BOSTON,29-Aug-2013,9:29 AM,Non-fatal injury,2,2,0,"Sideswipe, opposite direction",V1: Turning left / V2:Travelling straight ahead,V1:Not reported / V2:Not reported ,V1: Not reported / V2: Collision with motor vehicle in traffic ,V1: Passenger car / V2:Passenger car,Wet,Daylight,Cloudy/Rain,NEW HEATH STREET / CENTRE STREET,,,,,,233255.9063,897380.1249
3590232,BOSTON (ALLSTON),29-Aug-2013,12:15 PM,Not Reported,2,0,0,Angle,V1: Parked / V2:Travelling straight ahead,V1:Not reported / V2:Not reported ,V1: Collision with motor vehicle in traffic / V2: Not reported ,V1: Passenger car / V2:Unknown vehicle configuration,Unknown,Unknown,Cloudy/Rain,ALDIE STREET / EVERETT STREET,,,,,,229907.203,901043.1874
3594164,BOSTON,29-Aug-2013,1:20 PM,Non-fatal injury,1,1,0,Single vehicle crash,V1: Travelling straight ahead,V1:Eastbound ,V1: Collision with motor vehicle in traffic ,V1: Motorcycle,Wet,Daylight,Rain,NONANTUM ROAD / BROOKS STREET,,,,,,227893.8746,900926.2354
3578142,BOSTON,29-Aug-2013,3:25 PM,Property damage only (none injured),1,0,0,Single vehicle crash,V1: Leaving traffic lane,V1:Westbound ,V1: Collision with guardrail ,"V1: Single-unit truck (2-axle, 6-tire)",Dry,Daylight,Not Reported,,SOLDIERS FIELD ROAD,,,OFFRAMP TO WESTERN AV/ARSENAL ST,,229201.7604,901388.3116
3584150,BOSTON,29-Aug-2013,4:47 PM,Not Reported,2,0,0,Rear-end,V1: Slowing or stopped in traffic / V2:Slowing or stopped in traffic,V1:Westbound / V2:Westbound ,V1: Collision with motor vehicle in traffic / V2: Collision with motor vehicle in traffic ,"V1: Light truck(van, mini-van, panel, pickup, sport utility) with only four tires / V2:Light truck(van, mini-van, panel, pickup, sport utility) with only four tires",Dry,Daylight,Clear,,KOSCIUSZKO CIRCLE Rte UNKNOW / OLD COLONY AVENUE,,,,,237020.6238,896892.1848
3578138,BOSTON,29-Aug-2013,6:10 PM,Non-fatal injury,2,1,0,Angle,V1: Travelling straight ahead / V2:Not reported,V1:Southbound / V2:Not reported ,V1: Collision with motor vehicle in traffic / V2: Not reported ,"V1: Light truck(van, mini-van, panel, pickup, sport utility) with only four tires / V2:Passenger car",Dry,Daylight,Not Reported,,PARK DRIVE / BROOKLINE AVENUE,,,,,232742.1496,899278.3204
3580219,BOSTON,29-Aug-2013,7:50 PM,Property damage only (none injured),2,0,0,Rear-end,V1: Slowing or stopped in traffic / V2:Travelling straight ahead,V1:Eastbound / V2:Eastbound ,V1: Collision with motor vehicle in traffic / V2: Collision with motor vehicle in traffic ,V1: Passenger car / V2:Passenger car,Dry,Dark - lighted roadway,Cloudy,,Rte 90 E / UNKNOWN,,Exit 18 on Rte 90 E,,,230714.9765,900764.6942
3582146,BOSTON,29-Aug-2013,8:10 PM,Property damage only (none injured),3,0,0,Rear-end,V1: Travelling straight ahead / V2:Slowing or stopped in traffic / V3:Slowing or stopped in traffic,V1:Westbound / V2:Westbound / V3:Westbound ,V1: Collision with motor vehicle in traffic / V2: Collision with motor vehicle in traffic / V3: Collision with motor vehicle in traffic ,"V1: Passenger car / V2:Light truck(van, mini-van, panel, pickup, sport utility) with only four tires / V3:Passenger car",Dry,Dark - lighted roadway,Clear,,STORROW DRIVE Rte UNKNOW W / DAVID G MUGAR WAY,,,,,235214.6816,900915.4701
3588552,BOSTON,30-Aug-2013,1:14 AM,Non-fatal injury,1,1,0,Single vehicle crash,V1: Travelling straight ahead,V1:Eastbound ,V1: Collision with median barrier ,V1: Passenger car,Dry,Dark - lighted roadway,Clear,,Rte 90 E / UNKNOWN,,,,,231975.6012,900133.9391
3591102,BOSTON,30-Aug-2013,2:25 AM,Property damage only (none injured),1,0,0,Single vehicle crash,V1: Changing lanes,V1:Southbound ,V1: Collision with utility pole ,V1: Passenger car,Dry,Dark - lighted roadway,Clear,WILLIAM T MORRISSEY BOULEVARD / VICTORY ROAD,,,,,,237177.5626,894270.7499
3594018,BOSTON,30-Aug-2013,7:31 AM,Property damage only (none injured),2,0,0,Rear-end,V1: Slowing or stopped in traffic / V2:Slowing or stopped in traffic,V1:Eastbound / V2:Eastbound ,V1: Collision with motor vehicle in traffic / V2: Collision with motor vehicle in traffic ,V1: Passenger car / V2:Passenger car,Dry,Daylight,Clear,,Rte 90 E / UNKNOWN,,,,,229761.5309,900823.963
3580233,BOSTON,30-Aug-2013,8:25 AM,Property damage only (none injured),1,0,0,Single vehicle crash,V1: Travelling straight ahead,V1:Northbound ,V1: Collision with guardrail ,"V1: Light truck(van, mini-van, panel, pickup, sport utility) with only four tires",Dry,Daylight,Cloudy,,Rte 93 N / UNKNOWN,,Exit 28 on Rte 93 N,,,234953.5188,903173.3157
3580232,BOSTON,30-Aug-2013,8:28 AM,Property damage only (none injured),2,0,0,Rear-end,V1: Travelling straight ahead / V2:Travelling straight ahead,V1:Westbound / V2:Westbound ,V1: Collision with motor vehicle in traffic / V2: Collision with motor vehicle in traffic ,"V1: Light truck(van, mini-van, panel, pickup, sport utility) with only four tires / V2:Passenger car",Dry,Daylight,Clear,,Rte 90 W / UNKNOWN,,,,,232572.2182,899870.4883
3584539,BOSTON,30-Aug-2013,10:40 AM,Property damage only (none injured),2,0,0,"Sideswipe, same direction",V1: Entering traffic lane / V2:Entering traffic lane,V1:Southbound / V2:Southbound ,V1: Collision with motor vehicle in traffic / V2: Collision with motor vehicle in traffic ,"V1: Passenger car / V2:Single-unit truck (2-axle, 6-tire)",Dry,Daylight,Clear,,GENERAL CASIMIR PULASKI SKYWAY Rte 93 / RAMP - COLUMBIA RD TO RT 93 SB,,,,,236956.3473,896468.511
3587339,BOSTON,30-Aug-2013,3:25 PM,Non-fatal injury,2,2,0,Angle,V1: Turning left / V2:Travelling straight ahead,V1:Not reported / V2:Not reported ,V1: Collision with motor vehicle in traffic / V2: Collision with motor vehicle in traffic ,"V1: Light truck(van, mini-van, panel, pickup, sport utility) with only four tires / V2:Passenger car",Dry,Daylight,Clear,,WEST ROXBURY PARKWAY Rte UNKNOW / WELD STREET,,,,,229214.9217,893741.3752
3582153,BOSTON,30-Aug-2013,10:31 PM,Property damage only (none injured),2,0,0,"Sideswipe, same direction",V1: Overtaking/passing / V2:Travelling straight ahead,V1:Southbound / V2:Southbound ,V1: Collision with motor vehicle in traffic / V2: Collision with motor vehicle in traffic ,"V1: Light truck(van, mini-van, panel, pickup, sport utility) with only four tires / V2:Passenger car",Dry,Dark - lighted roadway,Clear,,Rte 93 S / UNKNOWN,,Exit 16 on Rte 93 S,,,236388.1605,897517.5198
3587433,BOSTON,31-Aug-2013,5:05 AM,Property damage only (none injured),1,0,0,Single vehicle crash,V1: Travelling straight ahead,V1:Southbound ,V1: Other ,V1: Passenger car,Dry,Dark - lighted roadway,Clear,,Rte 93 N,,Exit 23 on Rte 93,,,236856.2793,901152.8251
3576902,BOSTON,31-Aug-2013,9:35 AM,Non-fatal injury,1,1,0,Single vehicle crash,V1: Travelling straight ahead,V1:Eastbound ,V1: Collision with ditch ,V1: Passenger car,Wet,Daylight,Cloudy,,ENNEKING PARKWAY Rte UNKNOW / WASHINGTON STREET,,,STONY BROOK RESERVATION,,229642.4842,891696.4999
3582154,BOSTON,31-Aug-2013,1:14 PM,Property damage only (none injured),3,0,0,Rear-end,V1: Travelling straight ahead / V2:Slowing or stopped in traffic / V3:Slowing or stopped in traffic,V1:Northbound / V2:Northbound / V3:Northbound ,V1: Collision with motor vehicle in traffic / V2: Collision with motor vehicle in traffic / V3: Collision with motor vehicle in traffic ,"V1: Passenger car / V2:Light truck(van, mini-van, panel, pickup, sport utility) with only four tires / V3:Light truck(van, mini-van, panel, pickup, sport utility) with only four tires",Dry,Daylight,Clear,,Rte 93 N / UNKNOWN,,Exit 14 on Rte 93 N,,,237258.9796,894483.3974
3584905,BOSTON,31-Aug-2013,2:00 PM,Property damage only (none injured),2,0,0,Rear-end,V1: Slowing or stopped in traffic / V2:Travelling straight ahead,V1:Westbound / V2:Westbound ,V1: Collision with motor vehicle in traffic / V2: Collision with motor vehicle in traffic ,"V1: Light truck(van, mini-van, panel, pickup, sport utility) with only four tires / V2:Passenger car",Dry,Daylight,Clear,,Rte 93 S / UNKNOWN,,Exit 26 on Rte 93 S,STATION TUNNEL,,234851.4113,903728.5151
3582108,BOSTON,31-Aug-2013,3:40 PM,Property damage only (none injured),2,0,0,Rear-end,V1: Travelling straight ahead / V2:Slowing or stopped in traffic,V1:Southbound / V2:Southbound ,V1: Collision with motor vehicle in traffic / V2: Collision with motor vehicle in traffic ,V1: Passenger car / V2:Passenger car,Dry,Daylight,Clear,,GALLIVAN BOULEVARD Rte UNKNOW / NEPONSET AVENUE,,,,,237775.3707,892890.0493
3715277,BOSTON (ROSLINDALE),31-Aug-2013,5:08 PM,Property damage only (none injured),1,0,0,Single vehicle crash,V1: Turning left,V1:Southbound ,V1: Collision with pedestrian ,"V1: Light truck(van, mini-van, panel, pickup, sport utility) with only four tires",Dry,Daylight,Cloudy/Cloudy,WASHINGTON STREET / GRANFIELD AVENUE,,,,,P3:Pedestrian / P4:Pedestrian / P5:Pedestrian,230997.5623,893370.4998
3604904,BOSTON,31-Aug-2013,6:45 PM,Property damage only (none injured),1,0,0,Angle,V1: Turning left,V1:Northbound ,V1: Not reported ,"V1: Light truck(van, mini-van, panel, pickup, sport utility) with only four tires",Dry,Daylight,Clear,COMMONWEALTH AVENUE / CHISWICK ROAD,,,,,,228727.8126,898939.7501
3580221,BOSTON,31-Aug-2013,7:02 PM,Non-fatal injury,3,4,0,Rear-end,V1: Slowing or stopped in traffic / V2:Slowing or stopped in traffic / V3:Travelling straight ahead,V1:Eastbound / V2:Eastbound / V3:Eastbound ,V1: Collision with motor vehicle in traffic / V2: Collision with motor vehicle in traffic / V3: Collision with motor vehicle in traffic ,V1: Passenger car / V2:Passenger car / V3:Passenger car,Dry,Daylight,Clear,,Rte 90 E / UNKNOWN,,,,,229761.5309,900823.963
3715261,BOSTON (WEST ROXBURY),31-Aug-2013,8:56 PM,Non-fatal injury,1,1,0,Single vehicle crash,V1: Turning right,V1:Not reported ,"V1: Collision with other fixed object (wall, building, tunnel, etc.) ",V1: Passenger car,Dry,Dark - lighted roadway,Clear/Clear,,1799 CENTRE STREET,,,,,228642.1428,893055.531
3580234,BOSTON,31-Aug-2013,10:08 PM,Property damage only (none injured),1,0,0,Single vehicle crash,V1: Travelling straight ahead,V1:Southbound ,V1: Collision with guardrail ,V1: Passenger car,Wet,Dark - lighted roadway,Cloudy,,MAURICE TOBIN BRIDGE Rte 1 S / TOBIN BRIDGE Rte 1 S,,,,,237285.887,903967.6716
3587265,BOSTON,31-Aug-2013,10:45 PM,Property damage only (none injured),1,0,0,Single vehicle crash,V1: Travelling straight ahead,V1:Southbound ,V1: Collision with utility pole ,"V1: Light truck(van, mini-van, panel, pickup, sport utility) with only four tires",Dry,Dark - lighted roadway,Clear,NEPONSET VALLEY PARKWAY / TRUMAN HIGHWAY,,,,AT NEPONSET VALLEY PKWY,,230956.3878,887256.0729
3754993,BOSTON (MATTAPAN),01-Sep-2013,4:29 AM,Not Reported,2,0,0,Single vehicle crash,V1: Not reported / V2:Not reported,V1:Not reported / V2:Not reported ,V1: Not reported / V2: Not reported ,"V1: Light truck(van, mini-van, panel, pickup, sport utility) with only four tires / V2:Passenger car",Dry,Dark - lighted roadway,Clear/Clear,CUMMINS HIGHWAY / BROCKTON STREET,,,,,,233037.7794,891177.101
3623833,BOSTON,01-Sep-2013,5:00 AM,Not Reported,2,0,0,Not reported,V1: Parked / V2:Not reported,V1:Not reported / V2:Not reported ,V1: Not reported / V2: Not reported ,V1: Passenger car / V2:Passenger car,Not reported,Not reported,Not Reported,,21 PARK STREET,,,,,235999.3394,900868.2521
3582155,BOSTON,01-Sep-2013,11:35 AM,Property damage only (none injured),2,0,0,Rear-end,V1: Travelling straight ahead / V2:Travelling straight ahead,V1:Northbound / V2:Northbound ,V1: Collision with motor vehicle in traffic / V2: Collision with motor vehicle in traffic ,V1: Passenger car / V2:MOPED,Wet,Daylight,Clear,,Rte 93 N / UNKNOWN,,Exit 13 on Rte 93 N,,,237420.1414,894076.5227
3582148,BOSTON,01-Sep-2013,11:41 AM,Non-fatal injury,2,1,0,Rear-end,V1: Slowing or stopped in traffic / V2:Slowing or stopped in traffic,V1:Westbound / V2:Westbound ,V1: Collision with motor vehicle in traffic / V2: Collision with motor vehicle in traffic ,V1: Passenger car / V2:Passenger car,Wet,Daylight,Rain,,STORROW DRIVE / CHARLESGATE OVERPASS,,,UNDER MASS AVE BRIDGE,,233777.8771,900244.9565
3576857,BOSTON,01-Sep-2013,12:30 PM,Property damage only (none injured),1,0,0,Single vehicle crash,V1: Travelling straight ahead,V1:Northbound ,V1: Other ,"V1: Light truck(van, mini-van, panel, pickup, sport utility) with only four tires",Wet,Daylight,Rain,,LEVERETT CONNECTOR NORTH,,,LC-N RAMP,,235992.7871,901914.4595
3580240,BOSTON,01-Sep-2013,12:39 PM,Property damage only (none injured),1,0,0,Single vehicle crash,V1: Travelling straight ahead,V1:Westbound ,V1: Collision with curb ,V1: Passenger car,Wet,Daylight,Rain,,SOLDIERS FIELD ROAD Rte UNKNOW W / NORTH HARVARD STREET,,,,,230992.3482,902048.2872
3576858,BOSTON,01-Sep-2013,12:45 PM,Property damage only (none injured),1,0,0,Single vehicle crash,V1: Travelling straight ahead,V1:Southbound ,V1: Other ,V1: Passenger car,Wet,Daylight,Rain,,LEVERETT CONNECTOR SOUTH / INTERSTATE 93 Rte 93 S,,,,,234802.6442,903323.7973
3587338,BOSTON,01-Sep-2013,1:41 PM,Property damage only (none injured),2,0,0,Rear-end,V1: Travelling straight ahead / V2:Other,V1:Eastbound / V2:Eastbound ,V1: Collision with motor vehicle in traffic / V2: Collision with motor vehicle in traffic ,V1: Passenger car / V2:Passenger car,Wet,Daylight,Rain,,SOLDIERS FIELD ROAD / WESTERN AVENUE,,,,,,
3584151,BOSTON,01-Sep-2013,2:25 PM,Property damage only (none injured),2,0,0,Not reported,V1: Slowing or stopped in traffic / V2:Slowing or stopped in traffic,V1:Northbound / V2:Southbound ,V1: Collision with motor vehicle in traffic / V2: Collision with motor vehicle in traffic ,"V1: Light truck(van, mini-van, panel, pickup, sport utility) with only four tires / V2:Passenger car",Wet,Daylight,Rain,,WILLIAM T MORRISSEY BOULEVARD / FREEPORT STREET,,,,,237175.7656,894558.6879
3656932,BOSTON,01-Sep-2013,5:39 PM,Not Reported,3,0,0,Rear-end,V1: Parked / V2:Parked / V3:Not reported,V1:Not reported / V2:Not reported / V3:Not reported ,V1: Collision with motor vehicle in traffic / V2: Collision with motor vehicle in traffic / V3: Not reported ,"V1: Light truck(van, mini-van, panel, pickup, sport utility) with only four tires / V2:Passenger car / V3:Passenger car",Dry,Daylight,Cloudy,,53 MINOT STREET,,,,,237311.9005,892884.6139
3613668,BOSTON,01-Sep-2013,6:00 PM,Non-fatal injury,1,1,0,Single vehicle crash,V1: Travelling straight ahead,V1:Northbound ,"V1: Collision with cyclist (bicycle, tricycle, unicycle, pedal car) ",V1: Passenger car,Dry,Daylight,Clear/Clear,,40 WESTWIND ROAD,,,,"P2:Pedalcyclist (bicycle, tricycle, unicycle, pedal car)",237747.4762,896466.6415
3582143,BOSTON,01-Sep-2013,6:20 PM,Non-fatal injury,1,1,0,Not reported,V1: Travelling straight ahead,V1:Eastbound ,V1: Collision with pedestrian ,V1: Passenger car,Dry,Daylight,Clear,,LOGAN AIRPORT TERMINAL B / LOGAN AIRPORT TERMINAL B,,,,P2:Pedestrian,239610.4642,901602.8334
3584998,BOSTON,01-Sep-2013,10:25 PM,Property damage only (none injured),2,0,0,Rear-end,V1: Travelling straight ahead / V2:Not reported,V1:Northbound / V2:Not reported ,V1: Collision with motor vehicle in traffic / V2: Not reported ,V1: Passenger car / V2:Not reported,Dry,Dark - lighted roadway,Clear,,Rte 93 N,,Exit 20 on Rte 93 N,K-RAMP,,235935.6734,898219.8317
3584152,BOSTON,02-Sep-2013,5:14 AM,Non-fatal injury,2,2,0,Angle,V1: Entering traffic lane / V2:Travelling straight ahead,V1:Southbound / V2:Westbound ,V1: Collision with motor vehicle in traffic / V2: Collision with motor vehicle in traffic ,"V1: Passenger car / V2:Light truck(van, mini-van, panel, pickup, sport utility) with only four tires",Dry,Dark - lighted roadway,Cloudy,,GALLIVAN BOULEVARD Rte UNKNOW / MAGDALA STREET,,,,,236013.1876,892334.625
3602247,BOSTON,02-Sep-2013,8:49 AM,Property damage only (none injured),1,0,0,Single vehicle crash,V1: Travelling straight ahead,V1:Northbound ,V1: Other ,V1: Passenger car,Wet,Daylight,Rain,,Rte 93 N / UNKNOWN,,,D RAMP MERGE,,236981.7446,900635.8998
3582104,BOSTON,02-Sep-2013,9:10 AM,Property damage only (none injured),1,0,0,Single vehicle crash,V1: Travelling straight ahead,V1:Northbound ,V1: Collision with light pole or other post/support ,"V1: Light truck(van, mini-van, panel, pickup, sport utility) with only four tires",Wet,Daylight,Not Reported,,RIVERWAY / BROOKLINE AVENUE,,,,,232136.0747,898499.2837
3602153,BOSTON,02-Sep-2013,9:20 AM,Property damage only (none injured),1,0,0,Single vehicle crash,V1: Travelling straight ahead,V1:Northbound ,V1: Other ,V1: Passenger car,Wet,Daylight,Rain,,Rte 93 N / UNKNOWN,,,,,236821.1761,901235.3472
3590235,BOSTON (BRIGHTON),02-Sep-2013,9:53 AM,Property damage only (none injured),1,0,0,Angle,V1: Turning right,V1:Southbound ,"V1: Collision with cyclist (bicycle, tricycle, unicycle, pedal car) ",V1: Passenger car,Wet,Daylight,Clear,COMMONWEALTH AVENUE / KELTON STREET,,,,,"P3:Pedalcyclist (bicycle, tricycle, unicycle, pedal car)",229654.2346,899844.9999
3601909,BOSTON,02-Sep-2013,1:30 PM,Non-fatal injury,2,2,0,"Sideswipe, same direction",V1: Travelling straight ahead / V2:Turning left,V1:Southbound / V2:Southbound ,V1: Collision with motor vehicle in traffic / V2: Collision with motor vehicle in traffic ,"V1: Passenger car / V2:Bus (seats for more than 15 people, including driver)",Dry,Daylight,Cloudy,ALBANY STREET / TRAVELER STREET,,,,,,236086.8879,899375.6393
3605199,BOSTON,02-Sep-2013,2:30 PM,Property damage only (none injured),2,0,0,Rear-end,V1: Travelling straight ahead / V2:Changing lanes,V1:Westbound / V2:Westbound ,V1: Collision with motor vehicle in traffic / V2: Collision with motor vehicle in traffic ,"V1: Light truck(van, mini-van, panel, pickup, sport utility) with only four tires / V2:Light truck(van, mini-van, panel, pickup, sport utility) with only four tires",Dry,Daylight,Clear,STORROW DRIVE / RAMP - STORROW DR TO RT 2A WB,,,,,,233929.9107,900269.172
3600230,BOSTON,02-Sep-2013,3:40 PM,Non-fatal injury,2,5,0,"Sideswipe, opposite direction",V1: Turning left / V2:Travelling straight ahead,V1:Northbound / V2:Eastbound ,V1: Collision with motor vehicle in traffic / V2: Collision with motor vehicle in traffic ,V1: Passenger car / V2:Passenger car,Dry,Dusk,Clear/Clear,HYDE PARK AVENUE / WESTMINSTER AVENUE,,,,,,231238.3749,890464.9377
3659752,BOSTON,02-Sep-2013,3:50 PM,Non-fatal injury,1,1,0,Angle,V1: Travelling straight ahead,V1:Northbound ,V1: Collision with pedestrian ,"V1: Light truck(van, mini-van, panel, pickup, sport utility) with only four tires",Dry,Daylight,Clear,,5 HOUGHTON STREET,,,,P2:Pedestrian,236853.7214,894027.4321
3607384,BOSTON (ROXBURY),02-Sep-2013,6:13 PM,Property damage only (none injured),2,0,0,"Sideswipe, same direction",V1: Travelling straight ahead / V2:Parked,V1:Not reported / V2:Not reported ,V1: Collision with parked motor vehicle / V2: Not reported ,V1: Passenger car / V2:Passenger car,Dry,Daylight,Clear,,CHEROKEE STREET / HILLSIDE STREET,,,,,232925.8441,897785.0005
3601170,BOSTON,02-Sep-2013,7:36 PM,Non-fatal injury,2,1,0,Rear-end,V1: Turning left / V2:Travelling straight ahead,V1:Not reported / V2:Not reported ,V1: Not reported / V2: Not reported ,V1: Passenger car / V2:Passenger car,Dry,Dusk,Clear,WEST STREET / TREMONT STREET,,,,,,235972.739,900608.1108
3587331,BOSTON,02-Sep-2013,9:33 PM,Property damage only (none injured),2,0,0,"Sideswipe, same direction",V1: Travelling straight ahead / V2:Changing lanes,V1:Southbound / V2:Southbound ,V1: Collision with motor vehicle in traffic / V2: Collision with motor vehicle in traffic ,"V1: Passenger car / V2:Light truck(van, mini-van, panel, pickup, sport utility) with only four tires",Dry,Dark - lighted roadway,Not Reported,,SUMNER TUNNEL / EAST BOSTON EXPRESSWAY,,,,,237346.4518,902053.1536
3656931,BOSTON,03-Sep-2013,8:37 AM,Not Reported,2,0,0,Angle,V1: Travelling straight ahead / V2:Parked,V1:Eastbound / V2:Not reported ,V1: Collision with parked motor vehicle / V2: Collision with parked motor vehicle ,V1: Passenger car / V2:Passenger car,Dry,Dark - lighted roadway,Clear/Clear,,RONALD STREET / MORSE STREET,,,,,234789.828,894994.0626
3655407,BOSTON,03-Sep-2013,10:25 AM,Property damage only (none injured),3,0,0,Rear-end,V1: Slowing or stopped in traffic / V2:Slowing or stopped in traffic / V3:Travelling straight ahead,V1:Southbound / V2:Southbound / V3:Southbound ,V1: Collision with motor vehicle in traffic / V2: Collision with motor vehicle in traffic / V3: Collision with motor vehicle in traffic ,"V1: Light truck(van, mini-van, panel, pickup, sport utility) with only four tires / V2:Passenger car / V3:Passenger car",Dry,Daylight,Clear,,JOHN F FITZGERALD EXPRESSWAY Rte 93 S,,,SAVIN HILL OVERPASS,,236867.9061,895782.1518
3583847,BOSTON,03-Sep-2013,2:36 PM,Non-fatal injury,2,1,0,Angle,V1: Parked / V2:Not reported,V1:Not reported / V2:Northbound ,V1: Collision with motor vehicle in traffic / V2: Not reported ,V1: Passenger car / V2:Passenger car,Dry,Daylight,Clear/Clear,,CHARLES STREET / BLOSSOM STREET,,,,,235439.8182,901626.7042
3584931,BOSTON,03-Sep-2013,4:05 PM,Property damage only (none injured),3,0,0,Rear-end,V1: Travelling straight ahead / V2:Slowing or stopped in traffic / V3:Slowing or stopped in traffic,V1:Southbound / V2:Southbound / V3:Southbound ,V1: Collision with motor vehicle in traffic / V2: Collision with motor vehicle in traffic / V3: Collision with motor vehicle in traffic ,"V1: Passenger car / V2:Light truck(van, mini-van, panel, pickup, sport utility) with only four tires / V3:Passenger car",Dry,Daylight,Clear,,Rte 93 S / UNKNOWN,,Exit 26 on Rte 93 S,,,234851.4113,903728.5151
3662713,BOSTON,03-Sep-2013,5:30 PM,Property damage only (none injured),2,0,0,Angle,V1: Travelling straight ahead / V2:Parked,V1:Eastbound / V2:Not reported ,V1: Collision with parked motor vehicle / V2: Collision with motor vehicle in traffic ,V1: Passenger car / V2:Passenger car,Dry,Dawn,Clear,,12 UNION PARK STREET,,,,,235414.8546,899124.2781
3656428,BOSTON,03-Sep-2013,6:41 PM,Non-fatal injury,2,2,0,Rear-end,V1: Parked / V2:Other,V1:Northbound / V2:Northbound ,V1: Collision with other movable object / V2: Not reported ,"V1: Light truck(van, mini-van, panel, pickup, sport utility) with only four tires / V2:Passenger car",Dry,Daylight,Clear,,,,,HERTZ GAS STATION LOGAN AIRPORT,,,