Crash Number,City/Town Name,Crash Date,Crash Time,Crash Severity,Number of Vehicles,Total Nonfatal Injuries,Total Fatal Injuries,Manner of Collision,Vehicle Action Prior to Crash,Vehicle Travel Directions,Most Harmful Events,Vehicle Configuration,Road Surface Condition,Ambient Light,Weather Condition,At Roadway Intersection,Distance from Nearest Roadway Intersection,Distance from Nearest Milemarker,Distance from Nearest Exit,Distance from Nearest Landmark,Non Motorist Type,X Coordinate,Y Coordinate
3582109,BOSTON,03-Sep-2013,6:58 PM,Non-fatal injury,2,1,0,Rear-end,V1: Slowing or stopped in traffic / V2:Travelling straight ahead,V1:Southbound / V2:Southbound ,V1: Collision with motor vehicle in traffic / V2: Collision with motor vehicle in traffic ,"V1: Passenger car / V2:Light truck(van, mini-van, panel, pickup, sport utility) with only four tires",Dry,Daylight,Clear,JOHN F FITZGERALD EXPRESSWAY Rte 93 S,,,,ENTRANCE TO THE HOV LANE,,236762.1355,895355.8105
3594251,BOSTON,04-Sep-2013,8:43 AM,Property damage only (none injured),3,0,0,Rear-end,V1: Changing lanes / V2:Slowing or stopped in traffic / V3:Slowing or stopped in traffic,V1:Northbound / V2:Northbound / V3:Northbound ,V1: Collision with motor vehicle in traffic / V2: Collision with motor vehicle in traffic / V3: Collision with motor vehicle in traffic ,"V1: Light truck(van, mini-van, panel, pickup, sport utility) with only four tires / V2:Passenger car / V3:Light truck(van, mini-van, panel, pickup, sport utility) with only four tires",Dry,Daylight,Clear,JOHN F FITZGERALD EXPRESSWAY Rte 93 N / RAMP - RT 93 NB TO MORRISSEY BLVD,,,,93N EXIT 14,,237259.1687,894482.9519
3584999,BOSTON,04-Sep-2013,8:45 AM,Non-fatal injury,3,1,0,Rear-end,V1: Slowing or stopped in traffic / V2:Slowing or stopped in traffic / V3:Travelling straight ahead,V1:Northbound / V2:Northbound / V3:Northbound ,V1: Collision with motor vehicle in traffic / V2: Collision with motor vehicle in traffic / V3: Collision with motor vehicle in traffic ,"V1: Bus (seats for 7-15 people, including driver) / V2:Passenger car / V3:Passenger car",Dry,Daylight,Clear,,Rte 93 N,,Exit 28 on Rte 93,,,234953.5188,903173.3157
3590282,BOSTON,04-Sep-2013,9:01 AM,Property damage only (none injured),2,0,0,Rear-end,V1: Slowing or stopped in traffic / V2:Leaving traffic lane,V1:Northbound / V2:Northbound ,V1: Collision with motor vehicle in traffic / V2: Collision with motor vehicle in traffic ,"V1: Light truck(van, mini-van, panel, pickup, sport utility) with only four tires / V2:Passenger car",Dry,Daylight,Clear/Cloudy,,JOHN F FITZGERALD EXPRESSWAY Rte 93 N / RAMP - RT 93 NB TO MORRISSEY BLVD,,,93N EXIT 14,,237270.0927,894455.8183
3752791,BOSTON (DORCHESTER),04-Sep-2013,12:00 PM,Non-fatal injury,2,1,0,Not reported,V1: Slowing or stopped in traffic / V2:Turning left,V1:Not reported / V2:Not reported ,V1: Collision with motor vehicle in traffic / V2: Collision with motor vehicle in traffic ,"V1: Light truck(van, mini-van, panel, pickup, sport utility) with only four tires / V2:Light truck(van, mini-van, panel, pickup, sport utility) with only four tires",Not reported,Not reported,Not Reported,ELDON STREET / WASHINGTON STREET,,,,,,234776.2344,894806.8124
3594801,BOSTON,04-Sep-2013,1:15 PM,Non-fatal injury,3,1,0,Rear-end,V1: Travelling straight ahead / V2:Travelling straight ahead / V3:Travelling straight ahead,V1:Southbound / V2:Southbound / V3:Southbound ,V1: Collision with motor vehicle in traffic / V2: Collision with motor vehicle in traffic / V3: Collision with motor vehicle in traffic ,V1: Passenger car / V2:Passenger car / V3:Passenger car,Dry,Daylight,Clear/Clear,EUSTIS STREET / HARRISON AVENUE,,,,,,234541.8905,897925.3127
3609159,BOSTON,04-Sep-2013,3:50 PM,Property damage only (none injured),2,0,0,Rear-end,V1: Travelling straight ahead / V2:Slowing or stopped in traffic,V1:Northbound / V2:Northbound ,V1: Collision with motor vehicle in traffic / V2: Collision with motor vehicle in traffic ,"V1: Passenger car / V2:Light truck(van, mini-van, panel, pickup, sport utility) with only four tires",Dry,Daylight,Clear,,COLUMBIA ROAD Rte 93 S / KOSCIUSZKO CIRCLE,,,KOSCUSKO CIRCLE,,236980.4846,896866.3749
3587809,BOSTON,04-Sep-2013,5:20 PM,Property damage only (none injured),2,0,0,Rear-end,V1: Slowing or stopped in traffic / V2:Travelling straight ahead,V1:Westbound / V2:Westbound ,V1: Collision with motor vehicle in traffic / V2: Collision with motor vehicle in traffic ,"V1: Light truck(van, mini-van, panel, pickup, sport utility) with only four tires / V2:Passenger car",Dry,Daylight,Clear,,Rte 90 W / UNKNOWN,,,,,228154.8166,900866.0695
3587262,BOSTON,04-Sep-2013,6:55 PM,Property damage only (none injured),3,0,0,Rear-end,V1: Slowing or stopped in traffic / V2:Slowing or stopped in traffic / V3:Travelling straight ahead,V1:Southbound / V2:Southbound / V3:Southbound ,V1: Collision with motor vehicle in traffic / V2: Collision with motor vehicle in traffic / V3: Collision with motor vehicle in traffic ,V1: Passenger car / V2:Passenger car / V3:Passenger car,Dry,Dawn,Cloudy,,JOHN F FITZGERALD EXPRESSWAY Rte 93 S / RAMP - RT 93 SB TO CALLAHAN TUNNEL,,,,,236393.2621,901571.234
3590239,BOSTON (BRIGHTON),04-Sep-2013,9:44 PM,Not Reported,2,0,0,Angle,V1: Turning left / V2:Travelling straight ahead,V1:Not reported / V2:Not reported ,V1: Collision with motor vehicle in traffic / V2: Collision with motor vehicle in traffic ,V1: Passenger car / V2:Passenger car,Dry,Dark - lighted roadway,Clear,ARLINGTON STREET / PARSONS STREET,,,,,,228471.2345,900268.6251
3587332,BOSTON,05-Sep-2013,2:30 AM,Property damage only (none injured),2,0,0,Rear-end,V1: Travelling straight ahead / V2:Changing lanes,V1:Southbound / V2:Southbound ,V1: Collision with motor vehicle in traffic / V2: Collision with motor vehicle in traffic ,V1: Passenger car / V2:Passenger car,Dry,Other,Not Reported,RAMP - RT 90 EB TO RT 93 NB / RAMP - RT 90 EB TO RT 93 / RAMP - RT 90 EB TO RT 93 SB,,,,RAMP D,,236391.6062,899676.0005
3588453,BOSTON,05-Sep-2013,7:03 AM,Property damage only (none injured),2,0,0,Rear-end,V1: Travelling straight ahead / V2:Slowing or stopped in traffic,V1:Northbound / V2:Northbound ,V1: Collision with motor vehicle in traffic / V2: Not reported ,V1: Passenger car / V2:Passenger car,Dry,Daylight,Clear,,Rte 93 N / UNKNOWN,,,,,236742.6233,900426.5825
3594252,BOSTON,05-Sep-2013,7:45 AM,Non-fatal injury,2,2,0,Rear-end,V1: Travelling straight ahead / V2:Travelling straight ahead,V1:Northbound / V2:Northbound ,V1: Collision with median barrier / V2: Collision with motor vehicle in traffic ,"V1: Light truck(van, mini-van, panel, pickup, sport utility) with only four tires / V2:Light truck(van, mini-van, panel, pickup, sport utility) with only four tires",Dry,Daylight,Cloudy,,Rte 93 N / UNKNOWN,,Exit 15 on Rte 93 N,,,236972.2496,896473.4282
3590238,BOSTON (BRIGHTON),05-Sep-2013,8:42 AM,Not Reported,3,0,0,"Sideswipe, same direction",V1: Not reported / V2:Travelling straight ahead / V3:Parked,V1:Not reported / V2:Not reported / V3:Not reported ,V1: Collision with motor vehicle in traffic / V2: Collision with motor vehicle in traffic / V3: Collision with motor vehicle in traffic ,"V1: Passenger car / V2:Passenger car / V3:Light truck(van, mini-van, panel, pickup, sport utility) with only four tires",Wet,Daylight,Cloudy/Rain,,516 WASHINGTON STREET,,,,,236102.7527,900514.0054
3584932,BOSTON,05-Sep-2013,9:05 AM,Property damage only (none injured),1,0,0,Single vehicle crash,V1: Travelling straight ahead,V1:Northbound ,V1: Collision with median barrier ,"V1: Light truck(van, mini-van, panel, pickup, sport utility) with only four tires",Wet,Daylight,Cloudy/Rain,,Rte 93 N / UNKNOWN,,Exit 27 on Rte 93 N,ON RAMP,,235655.07,902467.5364
3585390,BOSTON,05-Sep-2013,9:29 AM,Property damage only (none injured),2,0,0,Angle,V1: Travelling straight ahead / V2:Travelling straight ahead,V1:Westbound / V2:Westbound ,V1: Collision with motor vehicle in traffic / V2: Collision with motor vehicle in traffic ,"V1: Passenger car / V2:Bus (seats for more than 15 people, including driver)",Wet,Other,Rain,,MASSACHUSETTS TURNPIKE Rte 90 W / RAMP - RT 90 WB TO RT 93 SB Rte 1A S,,,RAMP D,,236479.2715,899741.1656
3608048,BOSTON,05-Sep-2013,9:30 AM,Property damage only (none injured),2,0,0,Angle,V1: Travelling straight ahead / V2:Travelling straight ahead,V1:Not reported / V2:Not reported ,V1: Collision with motor vehicle in traffic / V2: Collision with motor vehicle in traffic ,"V1: Unknown heavy truck, cannot classify / V2:Single-unit truck (2-axle, 6-tire)",Wet,Daylight,Rain,,411 BOWDOIN STREET,,,,,236077.3141,895642.4484
3594167,BOSTON,05-Sep-2013,9:37 AM,Property damage only (none injured),1,0,0,Single vehicle crash,V1: Travelling straight ahead,V1:Southbound ,V1: Collision with motor vehicle in traffic ,V1: Passenger car,Wet,Daylight,Clear/Rain,,JOHN F FITZGERALD EXPRESSWAY Rte 93 N,,,,,236800.0014,895183.6227
3605505,BOSTON,05-Sep-2013,10:33 AM,Property damage only (none injured),1,0,0,Single vehicle crash,V1: Changing lanes,V1:Southbound ,V1: Collision with guardrail ,V1: Passenger car,Wet,Daylight,Cloudy,,Rte 93 S / UNKNOWN,,Exit 26 on Rte 93 S,,,234851.4113,903728.5151
3657505,BOSTON,05-Sep-2013,11:00 AM,Property damage only (none injured),2,0,0,"Sideswipe, same direction",V1: Travelling straight ahead / V2:Changing lanes,V1:Southbound / V2:Southbound ,V1: Collision with motor vehicle in traffic / V2: Collision with motor vehicle in traffic ,"V1: Light truck(van, mini-van, panel, pickup, sport utility) with only four tires / V2:Passenger car",Dry,Daylight,Clear,,Rte 93 S / UNKNOWN,,Exit 15 on Rte 93 S,,,236629.6253,897168.5001
3594421,BOSTON,05-Sep-2013,12:14 PM,Property damage only (none injured),2,0,0,Rear-end,V1: Slowing or stopped in traffic / V2:Travelling straight ahead,V1:Northbound / V2:Northbound ,V1: Collision with motor vehicle in traffic / V2: Collision with motor vehicle in traffic ,"V1: Light truck(van, mini-van, panel, pickup, sport utility) with only four tires / V2:Single-unit truck (2-axle, 6-tire)",Dry,Daylight,Clear,,Rte 93 N,,Exit 15 on Rte 93 N,,,236972.2496,896473.4282
3591601,BOSTON,05-Sep-2013,3:50 PM,Property damage only (none injured),2,0,0,"Sideswipe, same direction",V1: Changing lanes / V2:Travelling straight ahead,V1:Eastbound / V2:Eastbound ,V1: Collision with motor vehicle in traffic / V2: Collision with motor vehicle in traffic ,V1: Passenger car / V2:Passenger car,Dry,Daylight,Clear,,MASSACHUSETTS TURNPIKE Rte 90 E,,Exit 19 on Rte 90 E,,,231134.1218,900811.9258
3602059,BOSTON (CHARLESTOWN),05-Sep-2013,6:00 PM,Not Reported,1,0,0,Unknown,V1: Travelling straight ahead,V1:Westbound ,V1: Collision with unknown movable object ,V1: Motorcycle,Dry,Daylight,Clear/Clear,,80 CAMBRIDGE STREET,,,,,236041.2666,901275.3212
3590244,BOSTON (BRIGHTON),05-Sep-2013,7:12 PM,Non-fatal injury,2,2,0,Angle,V1: Travelling straight ahead / V2:Travelling straight ahead,V1:Northbound / V2:Westbound ,V1: Collision with motor vehicle in traffic / V2: Collision with motor vehicle in traffic ,V1: Passenger car / V2:Passenger car,Dry,Dusk,Cloudy,WASHINGTON STREET / COMMONWEALTH AVENUE,,,,,,229438.125,899303.2502
3594803,BOSTON (ROXBURY),05-Sep-2013,8:43 PM,Not Reported,2,0,0,Not reported,V1: Not reported / V2:Not reported,V1:Northbound / V2:Not reported ,V1: Not reported / V2: Not reported ,V1: Passenger car / V2:Unknown vehicle configuration,Not reported,Not reported,Not Reported,,10 WORTHINGTON STREET,,,,,232774.5092,898242.6264
4031457,BOSTON,05-Sep-2013,9:00 PM,Fatal injury,1,0,1,Not reported,V1: Not reported,V1:Not reported ,V1: Collision with pedestrian ,V1: Passenger car,Not reported,Dark - lighted roadway,Clear,WASHINGTON STREET / NORTHAMPTON STREET,,,,,P2:Pedestrian,234807.5248,898476.876
3656449,BOSTON (DORCHESTER),05-Sep-2013,10:36 PM,Non-fatal injury,1,1,0,Single vehicle crash,V1: Not reported,V1:Not reported ,V1: Not reported ,V1: Passenger car,Dry,Dark - lighted roadway,Clear,MELVILLE AVENUE / DORCHESTER AVENUE,,,,,P2:Pedestrian,236170.3751,894046.9998
4042933,BOSTON (DORCHESTER),06-Sep-2013,1:23 AM,Fatal injury,1,0,1,Not reported,V1: Not reported,V1:Not reported ,V1: Not reported ,V1: Motorcycle,Not reported,Dark - lighted roadway,Cloudy,,103 AMERICAN LEGION HIGHWAY,,,,,233657.617,894100.3356
3662701,BOSTON,06-Sep-2013,1:30 AM,Non-fatal injury,3,2,0,Rear-to-rear,V1: Travelling straight ahead / V2:Travelling straight ahead / V3:Not reported,V1:Southbound / V2:Southbound / V3:Not reported ,V1: Not reported / V2: Not reported / V3: Not reported ,"V1: Light truck(van, mini-van, panel, pickup, sport utility) with only four tires / V2:Light truck(van, mini-van, panel, pickup, sport utility) with only four tires / V3:Passenger car",Dry,Daylight,Clear,TREMONT STREET / RUTLAND STREET,,,,,,234830.7527,899022.4299
3584154,BOSTON,06-Sep-2013,2:03 AM,Not Reported,1,0,0,Single vehicle crash,V1: Not reported,V1:Westbound ,V1: Collision with curb ,V1: Passenger car,Dry,Dark - lighted roadway,Clear,,COLUMBIA ROAD Rte UNKNOW / GENERAL CASIMIR PULASKI SKYWAY,,,,,236787.0013,896862.7653
3606163,BOSTON,06-Sep-2013,6:30 AM,Property damage only (none injured),2,0,0,Angle,V1: Travelling straight ahead / V2:Travelling straight ahead,V1:Eastbound / V2:Northbound ,V1: Collision with motor vehicle in traffic / V2: Collision with motor vehicle in traffic ,"V1: Light truck(van, mini-van, panel, pickup, sport utility) with only four tires / V2:Light truck(van, mini-van, panel, pickup, sport utility) with only four tires",Dry,Daylight,Clear,,BROOKLINE AVENUE Rte UNKNOW / FENWAY,,,,,232691.9572,899212.3563
3588553,BOSTON,06-Sep-2013,9:03 AM,Property damage only (none injured),2,0,0,Rear-end,V1: Travelling straight ahead / V2:Slowing or stopped in traffic,V1:Southbound / V2:Southbound ,V1: Collision with motor vehicle in traffic / V2: Collision with motor vehicle in traffic ,"V1: Light truck(van, mini-van, panel, pickup, sport utility) with only four tires / V2:Passenger car",Dry,Daylight,Clear,,Rte 93 S / UNKNOWN,,,,,235973.6096,902105.2145
3588455,BOSTON,06-Sep-2013,9:15 AM,Non-fatal injury,2,1,0,Angle,V1: Travelling straight ahead / V2:Travelling straight ahead,V1:Northbound / V2:Westbound ,V1: Collision with motor vehicle in traffic / V2: Collision with motor vehicle in traffic ,"V1: Light truck(van, mini-van, panel, pickup, sport utility) with only four tires / V2:Light truck(van, mini-van, panel, pickup, sport utility) with only four tires",Dry,Daylight,Not Reported,,BEACON STREET Rte UNKNOW / CHARLESGATE EAST,,,,,233644.8653,900055.8985
3585000,BOSTON,06-Sep-2013,9:27 AM,Property damage only (none injured),2,0,0,"Sideswipe, same direction",V1: Travelling straight ahead / V2:Travelling straight ahead,V1:Westbound / V2:Westbound ,V1: Collision with motor vehicle in traffic / V2: Collision with motor vehicle in traffic ,V1: Passenger car / V2:Tractor/semi-trailer,Dry,Daylight,Clear,,MASSACHUSETTS TURNPIKE Rte 90 W,,Exit 19 on Rte 90,,,231209.4463,900836.1275
3641415,BOSTON,06-Sep-2013,9:30 AM,Property damage only (none injured),2,0,0,Rear-end,V1: Travelling straight ahead / V2:Other,V1:Northbound / V2:Northbound ,V1: Collision with motor vehicle in traffic / V2: Collision with motor vehicle in traffic ,V1: Single-unit truck (3-or-more axles) / V2:Passenger car,Dry,Daylight,Clear,,Rte 93 N,,Exit 26 on Rte 93 N,CN-S RAMP,,236402.7433,901600.0342
3641418,BOSTON,06-Sep-2013,9:30 AM,Property damage only (none injured),2,0,0,"Sideswipe, same direction",V1: Travelling straight ahead / V2:Not reported,V1:Northbound / V2:Not reported ,V1: Collision with motor vehicle in traffic / V2: Not reported ,V1: Passenger car / V2:Not reported,Dry,Daylight,Clear,CHARLES RIVER DAM ROAD Rte 28 N / STORROW DRIVE Rte 28 N / NASHUA STREET,,,,CHARLES RIVER DAM RD,,235565.4707,901894.5497
3587437,BOSTON,06-Sep-2013,10:26 AM,Property damage only (none injured),2,0,0,Rear-end,V1: Travelling straight ahead / V2:Travelling straight ahead,V1:Westbound / V2:Westbound ,V1: Collision with motor vehicle in traffic / V2: Collision with motor vehicle in traffic ,"V1: Single-unit truck (2-axle, 6-tire) / V2:Light truck(van, mini-van, panel, pickup, sport utility) with only four tires",Dry,Daylight,Clear,,MASSACHUSETTS TURNPIKE Rte 90 W / RAMP - ARLINGTON STREET TO RT 90 WB,,,JUST BEFORE THE PRU TUNNEL,,235134.3156,899805.791
3590288,BOSTON,06-Sep-2013,2:05 PM,Non-fatal injury,3,6,0,Head-on,V1: Travelling straight ahead / V2:Travelling straight ahead / V3:Travelling straight ahead,V1:Westbound / V2:Eastbound / V3:Westbound ,V1: Collision with motor vehicle in traffic / V2: Collision with motor vehicle in traffic / V3: Collision with other movable object ,"V1: Light truck(van, mini-van, panel, pickup, sport utility) with only four tires / V2:Light truck(van, mini-van, panel, pickup, sport utility) with only four tires / V3:Light truck(van, mini-van, panel, pickup, sport utility) with only four tires",Dry,Daylight,Clear,,ARBORWAY Rte UNKNOW / SAINT JOSEPH STREET,,,,,231394.2359,895173.005
3590283,BOSTON,06-Sep-2013,2:19 PM,Non-fatal injury,2,1,0,Rear-end,V1: Slowing or stopped in traffic / V2:Travelling straight ahead,V1:Eastbound / V2:Eastbound ,V1: Collision with motor vehicle in traffic / V2: Collision with motor vehicle in traffic ,V1: Passenger car / V2:Passenger car,Dry,Daylight,Clear,,WILLIAM DAY BOULEVARD Rte UNKNOW / KOSCIUSZKO CIRCLE,,,,,237000,896933.5626
3601424,BOSTON,06-Sep-2013,3:06 PM,Non-fatal injury,2,1,0,Rear-end,V1: Travelling straight ahead / V2:Slowing or stopped in traffic,V1:Westbound / V2:Westbound ,V1: Collision with motor vehicle in traffic / V2: Collision with motor vehicle in traffic ,"V1: Motorcycle / V2:Light truck(van, mini-van, panel, pickup, sport utility) with only four tires",Dry,Daylight,Clear,,SOLDIERS FIELD ROAD / RAMP - SOLDIERS FIELD RD WB TO WESTERN A,,,RIVER STREET OFF RAMP,,231510.2616,901197.4277
3662709,BOSTON,06-Sep-2013,5:15 PM,Non-fatal injury,1,1,0,Single vehicle crash,V1: Travelling straight ahead,V1:Southbound ,V1: Collision with pedestrian ,V1: Passenger car,Dry,Daylight,Clear/Clear,TREMONT STREET / DARTMOUTH STREET,,,,,P2:Pedestrian,235123.2189,899236.2498
3600275,BOSTON (DORCHESTER),07-Sep-2013,00:00 AM,Not Reported,2,0,0,Angle,V1: Not reported / V2:Not reported,V1:Not reported / V2:Not reported ,V1: Not reported / V2: Not reported ,"V1: Light truck(van, mini-van, panel, pickup, sport utility) with only four tires / V2:Passenger car",Dry,Daylight,Clear/Clear,COLUMBIA ROAD / HAMLET STREET,,,,,,235942.9529,896486.7499
3720520,BOSTON,07-Sep-2013,1:52 AM,Not Reported,1,0,0,Single vehicle crash,V1: Turning left,V1:Westbound ,V1: Collision with other movable object ,V1: Passenger car,Dry,Dark - lighted roadway,Clear,,PARK PLAZA Rte UNKNOW / 10,,,TRANSPORTATION BUILDING UPPER PA,,235652.6229,900242.9411
3587333,BOSTON,07-Sep-2013,1:58 AM,Property damage only (none injured),1,0,0,Single vehicle crash,V1: Entering traffic lane,V1:Southbound ,V1: Collision with motor vehicle in traffic ,V1: Passenger car,Dry,Dark - lighted roadway,Clear,,RAMP - SUMNER TUNNEL TO MARKET STREET / RAMP - SUMNER TUNNEL TO STORROW DRIVE,,,SUMNER TUNNEL,,236639.9083,901421.6026
3584933,BOSTON,07-Sep-2013,12:31 PM,Property damage only (none injured),5,0,0,Rear-end,V1: Slowing or stopped in traffic / V2:Travelling straight ahead / V3:Slowing or stopped in traffic / V4:Slowing or stopped in traffic / V5:Travelling straight ahead,V1:Northbound / V2:Northbound / V3:Northbound / V4:Northbound / V5:Northbound ,V1: Collision with motor vehicle in traffic / V2: Collision with motor vehicle in traffic / V3: Collision with motor vehicle in traffic / V4: Collision with motor vehicle in traffic / V5: Collision with motor vehicle in traffic ,"V1: Passenger car / V2:Passenger car / V3:Passenger car / V4:Passenger car / V5:Light truck(van, mini-van, panel, pickup, sport utility) with only four tires",Dry,Daylight,Clear,,Rte 93 N / UNKNOWN,,,TIP ONIEL TUN,,236050.7438,902044.9918
3600085,BOSTON,07-Sep-2013,2:50 PM,Property damage only (none injured),1,0,0,Single vehicle crash,V1: Travelling straight ahead,V1:Northbound ,V1: Collision with overhead sign support ,V1: Single-unit truck (3-or-more axles),Dry,Daylight,Clear,,CHARLESGATE OVERPASS / BEACON STREET,,,BOWKER OVER PASS W/B,,233606.2216,900145.3768
3603404,BOSTON,07-Sep-2013,4:21 PM,Property damage only (none injured),2,0,0,Rear-end,V1: Slowing or stopped in traffic / V2:Travelling straight ahead,V1:Northbound / V2:Northbound ,V1: Collision with motor vehicle in traffic / V2: Collision with motor vehicle in traffic ,"V1: Light truck(van, mini-van, panel, pickup, sport utility) with only four tires / V2:Passenger car",Dry,Daylight,Clear,,RAMP - RT 90 EB TO RT 93 NB / RAMP - RT 90 EB TO RT 93,,,RAMP D,,236415.0939,899696.5325
3603413,BOSTON,08-Sep-2013,4:01 AM,Property damage only (none injured),1,0,0,Single vehicle crash,V1: Travelling straight ahead,V1:Westbound ,V1: Collision with curb ,V1: Passenger car,Dry,Dark - lighted roadway,Clear,,MORTON STREET Rte UNKNOW / 672,,,,,233570.9218,892848.8539
3584133,BOSTON,08-Sep-2013,8:00 AM,Property damage only (none injured),2,0,0,Head-on,V1: Travelling straight ahead / V2:Travelling straight ahead,V1:Southbound / V2:Northbound ,V1: Collision with motor vehicle in traffic / V2: Collision with motor vehicle in traffic ,V1: Passenger car / V2:Passenger car,Dry,Daylight,Clear,HOTEL DRIVE / SR-2,,,,,,239100.7308,902296.287
3605506,BOSTON,08-Sep-2013,10:12 AM,Property damage only (none injured),1,0,0,Single vehicle crash,V1: Slowing or stopped in traffic,V1:Southbound ,V1: Collision with median barrier ,V1: Passenger car,Dry,Daylight,Clear,,RAMP - RT 1 SB TO RUTHERFORD AVENUE / RAMP - RT 1 SB TO RUTHERFORD AVENUE,,,RAMP T-L,,235847.8634,902398.6397
3590284,BOSTON,08-Sep-2013,12:15 PM,Property damage only (none injured),2,0,0,Rear-end,V1: Travelling straight ahead / V2:Travelling straight ahead,V1:Northbound / V2:Northbound ,V1: Collision with moped / V2: Collision with motor vehicle in traffic ,V1: Passenger car / V2:Passenger car,Dry,Daylight,Clear,JOHN F FITZGERALD EXPRESSWAY Rte 93 N / RAMP - RT 3A NB TO RT 93 NB Rte 3A N,,,,ONRAMP FROM NEPONSET CIRCLE TO R,,237634.4299,893472.9536
3590608,BOSTON,08-Sep-2013,1:16 PM,Property damage only (none injured),2,0,0,Rear-end,V1: Travelling straight ahead / V2:Travelling straight ahead,V1:Northbound / V2:Northbound ,V1: Collision with motor vehicle in traffic / V2: Collision with motor vehicle in traffic ,V1: Passenger car / V2:Passenger car,Dry,Daylight,Clear,,Rte 93 N / UNKNOWN,,,,,236050.7438,902044.9918
3659753,BOSTON,08-Sep-2013,8:30 PM,Property damage only (none injured),3,0,0,Head-on,V1: Travelling straight ahead / V2:Parked / V3:Parked,V1:Not reported / V2:Not reported / V3:Not reported ,V1: Collision with parked motor vehicle / V2: Not reported / V3: Collision with parked motor vehicle ,V1: Passenger car / V2:Passenger car / V3:Passenger car,Dry,Dark - roadway not lighted,Clear/Clear,,10 COFFEY STREET,,,,,237045.8865,893239.2036
3588557,BOSTON,08-Sep-2013,10:30 PM,Non-fatal injury,1,1,0,Single vehicle crash,V1: Other,V1:Eastbound ,V1: Collision with curb ,"V1: Light truck(van, mini-van, panel, pickup, sport utility) with only four tires",Dry,Dark - lighted roadway,Not Reported,,KOSCIUSZKO CIRCLE Rte UNKNOW,,,,,237020.6238,896892.1848
3590993,BOSTON,08-Sep-2013,11:30 PM,Property damage only (none injured),3,0,0,"Sideswipe, same direction",V1: Changing lanes / V2:Travelling straight ahead / V3:Travelling straight ahead,V1:Southbound / V2:Southbound / V3:Southbound ,V1: Collision with motor vehicle in traffic / V2: Collision with motor vehicle in traffic / V3: Collision with motor vehicle in traffic ,"V1: Light truck(van, mini-van, panel, pickup, sport utility) with only four tires / V2:Passenger car / V3:Passenger car",Dry,Dark - lighted roadway,Clear,,Rte 93 S,,Exit 12 on Rte 93 S,,,237620.5493,892713.0989
3588459,BOSTON,09-Sep-2013,7:20 AM,Non-fatal injury,2,2,0,Angle,V1: Travelling straight ahead / V2:Travelling straight ahead,V1:Westbound / V2:Northbound ,V1: Collision with motor vehicle in traffic / V2: Collision with motor vehicle in traffic ,"V1: Light truck(van, mini-van, panel, pickup, sport utility) with only four tires / V2:Passenger car",Dry,Daylight,Clear,VETERANS OF FOREIGN WARS PARKWAY / COREY STREET,,,,,,227821.0467,893720.8752
3588143,BOSTON,09-Sep-2013,7:45 AM,Property damage only (none injured),4,0,0,Rear-end,V1: Slowing or stopped in traffic / V2:Slowing or stopped in traffic / V3:Travelling straight ahead / V4:Travelling straight ahead,V1:Eastbound / V2:Eastbound / V3:Eastbound / V4:Eastbound ,V1: Not reported / V2: Collision with motor vehicle in traffic / V3: Collision with motor vehicle in traffic / V4: Collision with motor vehicle in traffic ,"V1: Single-unit truck (2-axle, 6-tire) / V2:Passenger car / V3:Passenger car / V4:Passenger car",Dry,Daylight,Clear,,STORROW DRIVE / RAMP - STORROW DRIVE TO CLARENDON STREET,,,,,234798.1717,900568.3714
3590285,BOSTON,09-Sep-2013,7:58 AM,Property damage only (none injured),2,0,0,Rear-end,V1: Slowing or stopped in traffic / V2:Travelling straight ahead,V1:Northbound / V2:Northbound ,V1: Collision with motor vehicle in traffic / V2: Collision with motor vehicle in traffic ,V1: Passenger car / V2:Passenger car,Dry,Daylight,Clear,,Rte 93 N / UNKNOWN,,Exit 15 on Rte 93 N,,,236972.2496,896473.4282
3590609,BOSTON,09-Sep-2013,8:08 AM,Property damage only (none injured),2,0,0,Rear-end,V1: Slowing or stopped in traffic / V2:Travelling straight ahead,V1:Southbound / V2:Southbound ,V1: Collision with motor vehicle in traffic / V2: Collision with motor vehicle in traffic ,V1: Passenger car / V2:Passenger car,Dry,Daylight,Clear,,Rte 93 S / UNKNOWN,,Exit 26 on Rte 93 S,,,234851.4113,903728.5151
3590610,BOSTON,09-Sep-2013,8:12 AM,Property damage only (none injured),2,0,0,Angle,V1: Travelling straight ahead / V2:Travelling straight ahead,V1:Northbound / V2:Eastbound ,V1: Collision with motor vehicle in traffic / V2: Collision with motor vehicle in traffic ,"V1: Light truck(van, mini-van, panel, pickup, sport utility) with only four tires / V2:Passenger car",Dry,Daylight,Clear,,FRONTAGE ROAD Rte UNKNOW N / BROADWAY,,,,,236165.6755,899351.7012
3613669,BOSTON,09-Sep-2013,10:22 AM,Property damage only (none injured),2,0,0,"Sideswipe, same direction",V1: Travelling straight ahead / V2:Changing lanes,V1:Not reported / V2:Not reported ,V1: Collision with motor vehicle in traffic / V2: Collision with motor vehicle in traffic ,"V1: Light truck(van, mini-van, panel, pickup, sport utility) with only four tires / V2:Light truck(van, mini-van, panel, pickup, sport utility) with only four tires",Dry,Daylight,Clear,,MELNEA CASS BOULEVARD / MASSACHUSETTS AVENUE,,,,,235260.952,898114.6273