Crash Number,City/Town Name,Crash Date,Crash Time,Crash Severity,Number of Vehicles,Total Nonfatal Injuries,Total Fatal Injuries,Manner of Collision,Vehicle Action Prior to Crash,Vehicle Travel Directions,Most Harmful Events,Vehicle Configuration,Road Surface Condition,Ambient Light,Weather Condition,At Roadway Intersection,Distance from Nearest Roadway Intersection,Distance from Nearest Milemarker,Distance from Nearest Exit,Distance from Nearest Landmark,Non Motorist Type,X Coordinate,Y Coordinate
3594422,BOSTON,09-Sep-2013,11:30 AM,Property damage only (none injured),2,0,0,Angle,V1: Travelling straight ahead / V2:Travelling straight ahead,V1:Northbound / V2:Northbound ,V1: Collision with motor vehicle in traffic / V2: Collision with motor vehicle in traffic ,"V1: Light truck(van, mini-van, panel, pickup, sport utility) with only four tires / V2:Single-unit truck (3-or-more axles)",Dry,Daylight,Clear,,Rte 93 N,,Exit 13 on Rte 93 N,,,237420.1414,894076.5227
3602840,BOSTON,09-Sep-2013,12:24 PM,Property damage only (none injured),2,0,0,"Sideswipe, same direction",V1: Travelling straight ahead / V2:Travelling straight ahead,V1:Southbound / V2:Southbound ,V1: Not reported / V2: Collision with motor vehicle in traffic ,V1: Tractor/semi-trailer / V2:Passenger car,Dry,Daylight,Clear,HOTEL DRIVE / HARBORSIDE DRIVE,,,,,,239115.9147,901723.3359
3587914,BOSTON,09-Sep-2013,1:45 PM,Property damage only (none injured),2,0,0,"Sideswipe, same direction",V1: Slowing or stopped in traffic / V2:Changing lanes,V1:Eastbound / V2:Eastbound ,V1: Collision with motor vehicle in traffic / V2: Collision with motor vehicle in traffic ,"V1: Light truck(van, mini-van, panel, pickup, sport utility) with only four tires / V2:Passenger car",Dry,Daylight,Not Reported,,STORROW DRIVE Rte 3A S / EMBANKMENT ROAD Rte 28 N,,,PRIOR TO LEVERETT CIRCLE,,235538.1679,901808.1779
3594423,BOSTON,09-Sep-2013,5:45 PM,Non-fatal injury,2,1,0,Rear-end,V1: Travelling straight ahead / V2:Slowing or stopped in traffic,V1:Westbound / V2:Westbound ,V1: Collision with motor vehicle in traffic / V2: Collision with motor vehicle in traffic ,"V1: Passenger car / V2:Light truck(van, mini-van, panel, pickup, sport utility) with only four tires",Dry,Daylight,Clear,COLUMBIA ROAD / POND STREET,,,,,,236286.297,896706.6877
3587341,BOSTON,09-Sep-2013,7:15 PM,Non-fatal injury,1,1,0,Single vehicle crash,V1: Travelling straight ahead,V1:Northbound ,V1: Not reported ,V1: Passenger car,Dry,Daylight,Not Reported,,TRUMAN HIGHWAY Rte UNKNOW / CRANMORE ROAD,,,,"P2:Pedalcyclist (bicycle, tricycle, unicycle, pedal car)",230887.1721,887777.1251
3591085,BOSTON,09-Sep-2013,8:40 PM,Property damage only (none injured),2,0,0,Angle,V1: Turning left / V2:Turning left,V1:Northbound / V2:Northbound ,V1: Collision with motor vehicle in traffic / V2: Collision with motor vehicle in traffic ,V1: Passenger car / V2:Passenger car,Dry,Dark - lighted roadway,Not Reported,,FRONTAGE ROAD Rte UNKNOW N / WEST FOURTH STREET,,,,,236111.8694,899236.5468
3591086,BOSTON,10-Sep-2013,6:48 AM,Non-fatal injury,1,1,0,Single vehicle crash,V1: Other,V1:Southbound ,V1: Reported but invalid ,V1: Motorcycle,Dry,Daylight,Clear,,RAMP - RUTHERFORD AVENUE TO RT 1 SB,,,RAMP T-C,,235580.1384,902265.353
3594254,BOSTON,10-Sep-2013,6:50 AM,Property damage only (none injured),2,0,0,Rear-end,V1: Slowing or stopped in traffic / V2:Slowing or stopped in traffic,V1:Northbound / V2:Northbound ,V1: Collision with motor vehicle in traffic / V2: Collision with motor vehicle in traffic ,"V1: Light truck(van, mini-van, panel, pickup, sport utility) with only four tires / V2:Passenger car",Dry,Daylight,Clear,,GALLIVAN BOULEVARD Rte 203 W / WESSEX STREET,,,400 GALLIVAN BLVD,,236200.9429,892413.056
3656448,BOSTON (DORCHESTER),10-Sep-2013,7:40 AM,Non-fatal injury,2,2,0,Not reported,V1: Travelling straight ahead / V2:Travelling straight ahead,V1:Westbound / V2:Southbound ,V1: Collision with motor vehicle in traffic / V2: Collision with motor vehicle in traffic ,V1: Passenger car / V2:Passenger car,Not reported,Not reported,Not Reported,ADAMS STREET / PARKMAN STREET / NEPONSET AVENUE,,,,SACO STREET,,236563.6567,894184.9157
3611292,BOSTON (DORCHESTER),10-Sep-2013,8:12 AM,Not Reported,2,0,0,Not reported,V1: Travelling straight ahead / V2:Turning left,V1:Not reported / V2:Not reported ,V1: Collision with motor vehicle in traffic / V2: Collision with motor vehicle in traffic ,V1: Passenger car / V2:Truck/trailer,Not reported,Not reported,Not Reported,,FREEPORT STREET / LINDEN STREET,,,,,236475.4063,895145.7503
3594806,BOSTON (ROXBURY),10-Sep-2013,8:25 AM,Not Reported,2,0,0,Head-on,V1: Not reported / V2:Not reported,V1:Not reported / V2:Not reported ,V1: Not reported / V2: Not reported ,V1: Unknown vehicle configuration / V2:Passenger car,Dry,Daylight,Cloudy,COLUMBUS AVENUE / CEDAR STREET,,,,,,233215.9375,897596.6876
3591095,BOSTON,10-Sep-2013,9:30 AM,Non-fatal injury,1,1,0,Angle,V1: Travelling straight ahead,V1:Eastbound ,V1: Collision with motor vehicle in traffic ,"V1: Light truck(van, mini-van, panel, pickup, sport utility) with only four tires",Dry,Daylight,Clear,,JAMAICAWAY Rte UNKNOW / BYNNER STREET,,,,"P1:Pedalcyclist (bicycle, tricycle, unicycle, pedal car)",231761.9221,897172.3749
3622831,BOSTON,10-Sep-2013,12:33 PM,Non-fatal injury,2,4,0,Angle,V1: Not reported / V2:Not reported,V1:Not reported / V2:Not reported ,V1: Not reported / V2: Not reported ,"V1: Passenger car / V2:Light truck(van, mini-van, panel, pickup, sport utility) with only four tires",Wet,Daylight,Rain,SOUTHAMPTON STREET / ELLERY STREET,,,,,,236409.1561,897788.0624
3591087,BOSTON,10-Sep-2013,1:20 PM,Property damage only (none injured),2,0,0,"Sideswipe, same direction",V1: Travelling straight ahead / V2:Travelling straight ahead,V1:Northbound / V2:Northbound ,V1: Collision with motor vehicle in traffic / V2: Collision with motor vehicle in traffic ,V1: Single-unit truck (3-or-more axles) / V2:Passenger car,Wet,Daylight,Rain,,Rte 93 N,,Exit 23 on Rte 93,,,236957.4837,900943.9828
3665382,BOSTON,10-Sep-2013,1:54 PM,Property damage only (none injured),2,0,0,Rear-end,V1: Changing lanes / V2:Slowing or stopped in traffic,V1:Not reported / V2:Not reported ,V1: Collision with motor vehicle in traffic / V2: Collision with motor vehicle in traffic ,"V1: Light truck(van, mini-van, panel, pickup, sport utility) with only four tires / V2:Passenger car",Dry,Dark - lighted roadway,Clear,BOYLSTON STREET / CLARENDON STREET,,,,,,234998.8439,900107.125
3599016,BOSTON,10-Sep-2013,3:30 PM,Property damage only (none injured),2,0,0,Rear-end,V1: Travelling straight ahead / V2:Slowing or stopped in traffic,V1:Eastbound / V2:Eastbound ,V1: Collision with motor vehicle in traffic / V2: Collision with motor vehicle in traffic ,"V1: Passenger car / V2:Light truck(van, mini-van, panel, pickup, sport utility) with only four tires",Dry,Daylight,Clear,,MORTON STREET Rte 203 E / FOREST HILLS AVENUE,,,CEMETERY ROW,,232551.3865,894486.0378
3590611,BOSTON,10-Sep-2013,4:38 PM,Non-fatal injury,2,1,0,Head-on,V1: Travelling straight ahead / V2:Other,V1:Northbound / V2:Southbound ,V1: Collision with motor vehicle in traffic / V2: Collision with motor vehicle in traffic ,"V1: Light truck(van, mini-van, panel, pickup, sport utility) with only four tires / V2:Light truck(van, mini-van, panel, pickup, sport utility) with only four tires",Dry,Daylight,Clear/Cloudy,,WEST SERVICE HAUL ROAD CONNECTOR Rte UNKNOW / CONGRESS STREET,,,,,237306.4287,899994.8871
3590612,BOSTON,10-Sep-2013,5:12 PM,Non-fatal injury,2,1,0,Rear-end,V1: Slowing or stopped in traffic / V2:Changing lanes,V1:Northbound / V2:Northbound ,V1: Collision with motor vehicle in traffic / V2: Collision with motor vehicle in traffic ,V1: Passenger car / V2:Passenger car,Dry,Daylight,Cloudy,,Rte 93 N / UNKNOWN,,Exit 27 on Rte 93 N,,,235655.07,902467.5364
3665380,BOSTON,10-Sep-2013,5:38 PM,Property damage only (none injured),2,0,0,"Sideswipe, same direction",V1: Turning right / V2:Turning right,V1:Southbound / V2:Not reported ,V1: Collision with motor vehicle in traffic / V2: Collision with motor vehicle in traffic ,V1: Passenger car / V2:Passenger car,Dry,Daylight,Clear/Clear,EAST BERKELEY STREET / SHAWMUT AVENUE,,,,,,235672.9845,899403.0625
3590613,BOSTON,11-Sep-2013,5:42 AM,Non-fatal injury,2,1,0,Angle,V1: Travelling straight ahead / V2:Turning left,V1:Eastbound / V2:Westbound ,V1: Collision with motor vehicle in traffic / V2: Collision with motor vehicle in traffic ,"V1: Passenger car / V2:Light truck(van, mini-van, panel, pickup, sport utility) with only four tires",Dry,Dawn,Clear,,MASSACHUSETTS TURNPIKE Rte 90 E,,Exit #20 on Rte 90 E,,,231204.5659,900799.8658
3591396,BOSTON (ROXBURY),11-Sep-2013,7:10 AM,Property damage only (none injured),2,0,0,Rear-end,V1: Slowing or stopped in traffic / V2:Travelling straight ahead,V1:Eastbound / V2:Not reported ,V1: Collision with motor vehicle in traffic / V2: Collision with motor vehicle in traffic ,"V1: Passenger car / V2:Bus (seats for more than 15 people, including driver)",Dry,Daylight,Clear,,116 MALCOLM X BOULEVARD,,,,,233462.0405,897953.7898
3600068,BOSTON,11-Sep-2013,9:49 AM,Property damage only (none injured),2,0,0,Rear-end,V1: Slowing or stopped in traffic / V2:Travelling straight ahead,V1:Southbound / V2:Southbound ,V1: Collision with motor vehicle in traffic / V2: Collision with motor vehicle in traffic ,"V1: Single-unit truck (2-axle, 6-tire) / V2:Light truck(van, mini-van, panel, pickup, sport utility) with only four tires",Dry,Daylight,Cloudy,,Rte 93 S,,Exit 24 on Rte 93 S,,,236397.1933,901565.6511
3587912,BOSTON,11-Sep-2013,9:50 AM,Property damage only (none injured),3,0,0,Rear-end,V1: Slowing or stopped in traffic / V2:Slowing or stopped in traffic / V3:Travelling straight ahead,V1:Southbound / V2:Southbound / V3:Southbound ,V1: Collision with motor vehicle in traffic / V2: Collision with motor vehicle in traffic / V3: Collision with motor vehicle in traffic ,"V1: Light truck(van, mini-van, panel, pickup, sport utility) with only four tires / V2:Passenger car / V3:Passenger car",Dry,Daylight,Clear,,Rte 93 S / UNKNOWN,,Exit 24 on Rte 93 S,,,236397.1933,901565.6511
3588817,BOSTON,11-Sep-2013,12:00 PM,Non-fatal injury,3,1,0,Rear-end,V1: Travelling straight ahead / V2:Slowing or stopped in traffic / V3:Slowing or stopped in traffic,V1:Southbound / V2:Southbound / V3:Southbound ,V1: Collision with motor vehicle in traffic / V2: Collision with motor vehicle in traffic / V3: Collision with motor vehicle in traffic ,"V1: Single-unit truck (2-axle, 6-tire) / V2:Passenger car / V3:Passenger car",Dry,Daylight,Clear,,WESTERN AVENUE,,,MCHUGH OVERPASS,,229149.5507,901298.3658
3588144,BOSTON,11-Sep-2013,12:10 PM,Property damage only (none injured),2,0,0,Rear-end,V1: Slowing or stopped in traffic / V2:Travelling straight ahead,V1:Westbound / V2:Westbound ,V1: Collision with motor vehicle in traffic / V2: Collision with motor vehicle in traffic ,"V1: Light truck(van, mini-van, panel, pickup, sport utility) with only four tires / V2:Light truck(van, mini-van, panel, pickup, sport utility) with only four tires",Dry,Daylight,Clear,RAMP - STORROW DR TO RT 2A WB / STORROW DRIVE,,,,,,233929.9107,900269.172
3594173,BOSTON,11-Sep-2013,3:48 PM,Property damage only (none injured),2,0,0,Angle,V1: Travelling straight ahead / V2:Travelling straight ahead,V1:Southbound / V2:Southbound ,V1: Collision with motor vehicle in traffic / V2: Collision with motor vehicle in traffic ,"V1: Light truck(van, mini-van, panel, pickup, sport utility) with only four tires / V2:Passenger car",Dry,Daylight,Clear,,Rte 93 S / UNKNOWN,,Exit 15 on Rte 93 S,,,236629.6253,897168.5001
3591607,BOSTON,11-Sep-2013,3:53 PM,Property damage only (none injured),3,0,0,Rear-end,V1: Slowing or stopped in traffic / V2:Slowing or stopped in traffic / V3:Travelling straight ahead,V1:Northbound / V2:Northbound / V3:Northbound ,V1: Collision with motor vehicle in traffic / V2: Collision with motor vehicle in traffic / V3: Collision with motor vehicle in traffic ,"V1: Light truck(van, mini-van, panel, pickup, sport utility) with only four tires / V2:Passenger car / V3:Light truck(van, mini-van, panel, pickup, sport utility) with only four tires",Dry,Daylight,Clear,,Rte 93 N / UNKNOWN,,,,,236050.7438,902044.9918
3665379,BOSTON,11-Sep-2013,5:15 PM,Non-fatal injury,1,1,0,Single vehicle crash,V1: Travelling straight ahead,V1:Northbound ,"V1: Collision with cyclist (bicycle, tricycle, unicycle, pedal car) ",V1: Passenger car,Dry,Daylight,Cloudy,DARTMOUTH STREET / NEWBURY STREET,,,,,"P2:Pedalcyclist (bicycle, tricycle, unicycle, pedal car)",234789.6458,900130.7041
3587813,BOSTON,11-Sep-2013,5:28 PM,Property damage only (none injured),3,0,0,Rear-end,V1: Travelling straight ahead / V2:Travelling straight ahead / V3:Travelling straight ahead,V1:Northbound / V2:Not reported / V3:Not reported ,V1: Collision with motor vehicle in traffic / V2: Collision with motor vehicle in traffic / V3: Collision with motor vehicle in traffic ,V1: Passenger car / V2:Passenger car / V3:Passenger car,Dry,Daylight,Clear,,RAMP-RT 93 NB TO STORROW DRIVE / RAMP-RT 93 NB TO STORROW DRIVE Rte 3 N,,,STATION TUNNEL,,235890.2369,901834.6014
3656435,BOSTON (DORCHESTER),11-Sep-2013,7:21 PM,Non-fatal injury,1,1,0,Single vehicle crash,V1: Travelling straight ahead,V1:Not reported ,V1: Collision with pedestrian ,"V1: Light truck(van, mini-van, panel, pickup, sport utility) with only four tires",Dry,Dusk,Clear,QUINCY STREET / BOWDOIN STREET,,,,,P2:Pedestrian,235861.8905,895379.9375
3588556,BOSTON,11-Sep-2013,7:31 PM,Non-fatal injury,2,1,0,Angle,V1: Turning left / V2:Travelling straight ahead,V1:Southbound / V2:Northbound ,V1: Collision with motor vehicle in traffic / V2: Collision with motor vehicle in traffic ,V1: Motorcycle / V2:Passenger car,Dry,Dark - lighted roadway,Clear,,JAMAICAWAY / BYNNER STREET,,,THE JAMAICAWAY AND BYNNER ST.,,231761.9221,897172.3749
3588562,BOSTON,11-Sep-2013,10:12 PM,Property damage only (none injured),1,0,0,Single vehicle crash,V1: Travelling straight ahead,V1:Eastbound ,V1: Collision with curb ,V1: Passenger car,Dry,Dark - lighted roadway,Clear,,VETERANS OF FOREIGN WARS PARKWAY Rte UNKNOW / WEST ROXBURY VFW PARKWAY ROTARY,,,,,229244.3438,894033.7502
3599114,BOSTON,12-Sep-2013,7:24 AM,Property damage only (none injured),2,0,0,Rear-end,V1: Slowing or stopped in traffic / V2:Slowing or stopped in traffic,V1:Southbound / V2:Southbound ,V1: Collision with motor vehicle in traffic / V2: Collision with motor vehicle in traffic ,"V1: Light truck(van, mini-van, panel, pickup, sport utility) with only four tires / V2:Passenger car",Dry,Daylight,Clear,STORROW DRIVE / CHARLESGATE OVERPASS,,,,BOWKER OVERPASS,,233992.7434,900260.9984
3591097,BOSTON,12-Sep-2013,7:45 AM,Property damage only (none injured),2,0,0,"Sideswipe, same direction",V1: Travelling straight ahead / V2:Changing lanes,V1:Westbound / V2:Westbound ,V1: Collision with motor vehicle in traffic / V2: Collision with motor vehicle in traffic ,"V1: Light truck(van, mini-van, panel, pickup, sport utility) with only four tires / V2:Passenger car",Dry,Daylight,Clear,,STORROW DRIVE Rte 3A N / RAMP - LEVERETT CONNECTOR TO STORROW DRI Rte 3 N,,,,,235426.8515,901664.3763
3591608,BOSTON,12-Sep-2013,10:10 AM,Non-fatal injury,2,1,0,Rear-end,V1: Travelling straight ahead / V2:Travelling straight ahead,V1:Southbound / V2:Southbound ,V1: Collision with motor vehicle in traffic / V2: Collision with motor vehicle in traffic ,V1: Passenger car / V2:Passenger car,Dry,Daylight,Clear,RAMP - RT 1 SB FROM TOBIN BRIDGE Rte 1 S / RAMP - RUTHERFORD AVENUE TO RT 1 SB,,,,RAMP FROM RUTHERFORD AVE TO ROUT,,235622.1711,902249.1845
3591079,BOSTON,12-Sep-2013,2:45 PM,Property damage only (none injured),2,0,0,"Sideswipe, same direction",V1: Travelling straight ahead / V2:Travelling straight ahead,V1:Westbound / V2:Westbound ,V1: Collision with motor vehicle in traffic / V2: Collision with motor vehicle in traffic ,V1: Passenger car / V2:Truck/trailer,Dry,Daylight,Clear,,MASSACHUSETTS TURNPIKE Rte 90 W / ALLSTON TOLL PLAZA,,Exit 19 on Rte 90,,,231383.789,900699.8249
3591609,BOSTON,12-Sep-2013,4:50 PM,Non-fatal injury,2,1,0,Rear-end,V1: Travelling straight ahead / V2:Travelling straight ahead,V1:Southbound / V2:Southbound ,V1: Collision with motor vehicle in traffic / V2: Collision with motor vehicle in traffic ,V1: Passenger car / V2:Passenger car,Dry,Daylight,Not Reported,,JOHN F FITZGERALD EXPRESSWAY Rte 93 S,,Exit ZAKIM on Rte 93 S,ZAKIM BRIDGE,,236021.9898,902048.1596
3590599,BOSTON,12-Sep-2013,4:56 PM,Property damage only (none injured),3,0,0,Rear-end,V1: Slowing or stopped in traffic / V2:Travelling straight ahead / V3:Slowing or stopped in traffic,V1:Westbound / V2:Westbound / V3:Westbound ,V1: Collision with motor vehicle in traffic / V2: Collision with motor vehicle in traffic / V3: Collision with motor vehicle in traffic ,"V1: Passenger car / V2:Passenger car / V3:Light truck(van, mini-van, panel, pickup, sport utility) with only four tires",Dry,Daylight,Clear,,Rte 90 W / UNKNOWN,,,,,228154.8166,900866.0695
3600345,BOSTON (BRIGHTON),12-Sep-2013,8:34 PM,Non-fatal injury,1,1,0,Single vehicle crash,V1: Turning left,V1:Southbound ,V1: Collision with pedestrian ,V1: Passenger car,Dry,Dark - lighted roadway,Clear,MURDOCK STREET / MONTCALM AVENUE,,,,,P2:Skater,229123.6874,900307.125
3715296,BOSTON (WEST ROXBURY),12-Sep-2013,10:00 PM,Not Reported,1,0,0,Single vehicle crash,V1: Travelling straight ahead,V1:Not reported ,V1: Collision with pedestrian ,V1: Passenger car,Wet,Dark - lighted roadway,Rain,,75 SPRING STREET,,,,P2:Pedestrian,227757.3107,891936.4095
3604390,BOSTON,12-Sep-2013,11:15 PM,Property damage only (none injured),2,0,0,Rear-end,V1: Travelling straight ahead / V2:Slowing or stopped in traffic,V1:Northbound / V2:Northbound ,V1: Collision with motor vehicle in traffic / V2: Collision with motor vehicle in traffic ,V1: Passenger car / V2:Passenger car,Wet,Dark - lighted roadway,Rain,,NEPONSET AVENUE Rte 3A N / WILLIAM T MORRISSEY BOULEVARD,,,NEPONSET RIVER BRIDGE,,237764.1759,892936.9182
3600069,BOSTON,12-Sep-2013,11:27 PM,Non-fatal injury,1,1,0,Single vehicle crash,V1: Travelling straight ahead,V1:Northbound ,V1: Collision with guardrail ,V1: Passenger car,Dry,Dark - lighted roadway,Rain,,Rte 93 N,,Exit 23 on Rte 93,,,236957.4837,900943.9828
3594162,BOSTON,13-Sep-2013,1:15 AM,Property damage only (none injured),2,0,0,Rear-end,V1: Travelling straight ahead / V2:Travelling straight ahead,V1:Westbound / V2:Westbound ,V1: Collision with motor vehicle in traffic / V2: Collision with motor vehicle in traffic ,V1: Passenger car / V2:Passenger car,Wet,Dark - lighted roadway,Not Reported,,STORROW DRIVE / BERKELEY STREET,,,COPLEY SQUARE,,234668.2337,900530.4937
3591099,BOSTON,13-Sep-2013,6:55 AM,Property damage only (none injured),2,0,0,Angle,V1: Turning right / V2:Travelling straight ahead,V1:Northbound / V2:Eastbound ,V1: Collision with motor vehicle in traffic / V2: Collision with motor vehicle in traffic ,"V1: Passenger car / V2:Light truck(van, mini-van, panel, pickup, sport utility) with only four tires",Dry,Daylight,Not Reported,,JAMAICAWAY / BURROUGHS STREET,,,,,231450.8052,896076.5069
3600334,BOSTON (BRIGHTON),13-Sep-2013,7:00 AM,Not Reported,2,0,0,Angle,V1: Not reported / V2:Not reported,V1:Northbound / V2:Southbound ,V1: Not reported / V2: Not reported ,V1: Unknown vehicle configuration / V2:Unknown vehicle configuration,Wet,Daylight,Rain,MARKET STREET / NORTH BEACON STREET,,,,,,228910.1562,900687.5625
3655433,BOSTON,13-Sep-2013,7:50 AM,Property damage only (none injured),2,0,0,Rear-end,V1: Slowing or stopped in traffic / V2:Slowing or stopped in traffic,V1:Eastbound / V2:Eastbound ,V1: Collision with motor vehicle in traffic / V2: Collision with motor vehicle in traffic ,V1: Passenger car / V2:Passenger car,Wet,Dawn,Rain,FREEPORT STREET / WILLIAM T MORRISSEY BOULEVARD,,,,,,237149.8439,894580.3748
3594930,BOSTON,13-Sep-2013,7:56 AM,Property damage only (none injured),1,0,0,Single vehicle crash,V1: Travelling straight ahead,V1:Westbound ,V1: Other ,V1: Passenger car,Wet,Daylight,Rain,,RAMP - RT 93 NB TO RT 90 WB / RAMP - BROADWAY TO RT 90 WB,,,RAMP KK,,236339.7864,899871.6952
3599014,BOSTON,13-Sep-2013,9:40 AM,Property damage only (none injured),2,0,0,Rear-end,V1: Travelling straight ahead / V2:Travelling straight ahead,V1:Westbound / V2:Westbound ,V1: Collision with motor vehicle in traffic / V2: Collision with motor vehicle in traffic ,V1: Passenger car / V2:Passenger car,Wet,Daylight,Cloudy,,SOLDIERS FIELD ROAD Rte UNKNOW W / NORTH HARVARD STREET,,,,,230992.3482,902048.2872
3655408,BOSTON,13-Sep-2013,10:18 AM,Property damage only (none injured),2,0,0,Angle,V1: Changing lanes / V2:Travelling straight ahead,V1:Northbound / V2:Northbound ,V1: Collision with motor vehicle in traffic / V2: Collision with motor vehicle in traffic ,"V1: Light truck(van, mini-van, panel, pickup, sport utility) with only four tires / V2:Light truck(van, mini-van, panel, pickup, sport utility) with only four tires",Dry,Daylight,Clear,,Rte 93 N / UNKNOWN,,Exit 13 on Rte 93 N,,,237420.1414,894076.5227
3655799,BOSTON,13-Sep-2013,12:25 PM,Non-fatal injury,2,1,0,Rear-end,V1: Slowing or stopped in traffic / V2:Travelling straight ahead,V1:Northbound / V2:Northbound ,V1: Collision with motor vehicle in traffic / V2: Collision with motor vehicle in traffic ,"V1: Tractor/semi-trailer / V2:Light truck(van, mini-van, panel, pickup, sport utility) with only four tires",Dry,Daylight,Clear,,Rte 93 N,,Exit 15 on Rte 93 N,,,236972.2496,896473.4282
3608841,BOSTON,13-Sep-2013,1:30 PM,Property damage only (none injured),1,0,0,Single vehicle crash,V1: Slowing or stopped in traffic,V1:Northbound ,V1: Not reported ,"V1: Light truck(van, mini-van, panel, pickup, sport utility) with only four tires",Dry,Daylight,Clear,,MAVERICK STREET / JEFFRIES STREET,,,,,238869.2349,901766.9623
3662697,BOSTON,13-Sep-2013,1:35 PM,Property damage only (none injured),2,0,0,Angle,V1: Travelling straight ahead / V2:Travelling straight ahead,V1:Not reported / V2:Westbound ,V1: Collision with motor vehicle in traffic / V2: Collision with motor vehicle in traffic ,V1: Passenger car / V2:Passenger car,Wet,Dark - lighted roadway,Rain/Cloudy,ALBANY STREET / TRAVELER STREET,,,,,,236086.8879,899375.6393
3603675,BOSTON,13-Sep-2013,3:37 PM,Property damage only (none injured),2,0,0,Rear-end,V1: Slowing or stopped in traffic / V2:Travelling straight ahead,V1:Northbound / V2:Northbound ,V1: Collision with motor vehicle in traffic / V2: Collision with motor vehicle in traffic ,V1: Passenger car / V2:Passenger car,Wet,Daylight,Not Reported,,RAMP - LEVERETT CONNECTOR TO STORROW DRI Rte 3A N / RAMP-RT 93 NB TO STORROW DRIVE Rte 3 N,,,,,235669.3659,901888.5653
3595431,BOSTON,13-Sep-2013,4:26 PM,Property damage only (none injured),2,0,0,Rear-end,V1: Travelling straight ahead / V2:Slowing or stopped in traffic,V1:Northbound / V2:Northbound ,V1: Collision with motor vehicle in traffic / V2: Collision with motor vehicle in traffic ,"V1: Passenger car / V2:Light truck(van, mini-van, panel, pickup, sport utility) with only four tires",Wet,Daylight,Rain,,Rte 93 N / UNKNOWN,,Exit 20 on Rte 93 N,,,235935.6734,898219.8317
3607510,BOSTON,13-Sep-2013,5:13 PM,Non-fatal injury,1,1,0,Single vehicle crash,V1: Turning right,V1:Eastbound ,"V1: Collision with cyclist (bicycle, tricycle, unicycle, pedal car) ",V1: Passenger car,Dry,Daylight,Cloudy,BIRMINGHAM PARKWAY / WESTERN AVENUE,,,,,"P2:Pedalcyclist (bicycle, tricycle, unicycle, pedal car)",229180.0376,901281.697
3594429,BOSTON,13-Sep-2013,7:10 PM,Non-fatal injury,2,1,0,Angle,V1: Travelling straight ahead / V2:Entering traffic lane,V1:Northbound / V2:Westbound ,V1: Collision with motor vehicle in traffic / V2: Collision with motor vehicle in traffic ,"V1: Passenger car / V2:Light truck(van, mini-van, panel, pickup, sport utility) with only four tires",Dry,Dark - lighted roadway,Clear,,0 feet W from Intersection CENTRE STREET / WALTER STREET,,,,,230516.0098,894243.7282
3600410,BOSTON,14-Sep-2013,00:00 AM,Property damage only (none injured),2,0,0,"Sideswipe, same direction",V1: Changing lanes / V2:Travelling straight ahead,V1:Northbound / V2:Northbound ,V1: Collision with median barrier / V2: Collision with motor vehicle in traffic ,V1: Passenger car / V2:Passenger car,Dry,Dark - lighted roadway,Clear,,Rte 93 N / UNKNOWN,,Exit 27 on Rte 93 N,,,235655.07,902467.5364
3590632,BOSTON,14-Sep-2013,2:00 PM,Property damage only (none injured),2,0,0,Rear-end,V1: Slowing or stopped in traffic / V2:Not reported,V1:Southbound / V2:Not reported ,V1: Collision with motor vehicle in traffic / V2: Not reported ,"V1: Light truck(van, mini-van, panel, pickup, sport utility) with only four tires / V2:Passenger car",Dry,Daylight,Clear,,Rte 93 S / UNKNOWN,,Exit 15 on Rte 93 S,,,236629.6253,897168.5001
3590286,BOSTON,14-Sep-2013,2:30 PM,Property damage only (none injured),2,0,0,Single vehicle crash,V1: Changing lanes / V2:Slowing or stopped in traffic,V1:Northbound / V2:Northbound ,V1: Collision with moped / V2: Collision with motor vehicle in traffic ,V1: Passenger car / V2:Passenger car,Dry,Daylight,Clear,,Rte 93 N / UNKNOWN,,Exit 15 on Rte 93 N,,,236972.2496,896473.4282
3590633,BOSTON,14-Sep-2013,2:50 PM,Property damage only (none injured),2,0,0,Rear-end,V1: Travelling straight ahead / V2:Slowing or stopped in traffic,V1:Southbound / V2:Northbound ,V1: Collision with motor vehicle in traffic / V2: Collision with motor vehicle in traffic ,V1: Passenger car / V2:Passenger car,Dry,Daylight,Clear,,Rte 93 S / UNKNOWN,,Exit 15 on Rte 93 S,SAVIN HILL OVERPASS,,236629.6253,897168.5001
3590638,BOSTON,14-Sep-2013,5:33 PM,Non-fatal injury,3,5,0,Head-on,V1: Travelling straight ahead / V2:Not reported / V3:Parked,V1:Eastbound / V2:Westbound / V3:Not reported ,V1: Collision with motor vehicle in traffic / V2: Collision with motor vehicle in traffic / V3: Collision with motor vehicle in traffic ,V1: Passenger car / V2:Passenger car / V3:Passenger car,Dry,Daylight,Clear,MORTON STREET Rte 203 W / WEST SELDEN STREET / CORBET STREET,,,,,,234424.4024,892301.6635
3595432,BOSTON,14-Sep-2013,5:40 PM,Non-fatal injury,2,1,0,Rear-end,V1: Slowing or stopped in traffic / V2:Travelling straight ahead,V1:Northbound / V2:Northbound ,V1: Collision with motor vehicle in traffic / V2: Collision with motor vehicle in traffic ,"V1: Light truck(van, mini-van, panel, pickup, sport utility) with only four tires / V2:Motorcycle",Dry,Other,Clear,,Rte 93 N / UNKNOWN,,Exit 23 on Rte 93 N,,,236957.4837,900943.9828
3634453,BOSTON (SOUTH BOSTON),14-Sep-2013,9:21 PM,Not Reported,2,0,0,Angle,V1: Travelling straight ahead / V2:Travelling straight ahead,V1:Eastbound / V2:Westbound ,V1: Collision with motor vehicle in traffic / V2: Collision with motor vehicle in traffic ,V1: Motorcycle / V2:Passenger car,Dry,Dark - lighted roadway,Clear/Clear,A STREET / WEST BROADWAY,,,,,,236625.6875,899133.0624