Crash Number,City/Town Name,Crash Date,Crash Time,Crash Severity,Number of Vehicles,Total Nonfatal Injuries,Total Fatal Injuries,Manner of Collision,Vehicle Action Prior to Crash,Vehicle Travel Directions,Most Harmful Events,Vehicle Configuration,Road Surface Condition,Ambient Light,Weather Condition,At Roadway Intersection,Distance from Nearest Roadway Intersection,Distance from Nearest Milemarker,Distance from Nearest Exit,Distance from Nearest Landmark,Non Motorist Type,X Coordinate,Y Coordinate
3600228,BOSTON (HYDE PARK),14-Sep-2013,10:00 PM,Non-fatal injury,1,1,0,Not reported,V1: Turning left,V1:Southbound ,V1: Collision with pedestrian ,V1: Passenger car,Not reported,Not reported,Not Reported,HARVARD AVENUE / RIVER STREET,,,,,P3:Pedestrian,231173.4999,889575.3751
3655684,BOSTON (DORCHESTER),15-Sep-2013,2:31 AM,Property damage only (none injured),2,0,0,Rear-end,V1: Travelling straight ahead / V2:Parked,V1:Southbound / V2:Not reported ,V1: Not reported / V2: Collision with parked motor vehicle ,V1: Passenger car / V2:Passenger car,Dry,Dark - lighted roadway,Clear,,2175 DORCHESTER AVENUE,,,,,235719.7312,891845.9365
3595433,BOSTON,15-Sep-2013,3:06 AM,Non-fatal injury,1,1,0,Single vehicle crash,V1: Travelling straight ahead,V1:Northbound ,V1: Collision with median barrier ,V1: Passenger car,Dry,Dark - lighted roadway,Clear,,Rte 93 N / UNKNOWN,,Exit 28 on Rte 93 N,,,234953.5188,903173.3157
3605507,BOSTON,15-Sep-2013,3:26 AM,Property damage only (none injured),2,0,0,Rear-end,V1: Travelling straight ahead / V2:Slowing or stopped in traffic,V1:Southbound / V2:Southbound ,V1: Collision with motor vehicle in traffic / V2: Collision with motor vehicle in traffic ,"V1: Passenger car / V2:Light truck(van, mini-van, panel, pickup, sport utility) with only four tires",Dry,Dark - lighted roadway,Cloudy,,Rte 93 S / UNKNOWN,,Exit 20 on Rte 93 S,,,236954.209,900826.9442
3600412,BOSTON,15-Sep-2013,5:55 AM,Property damage only (none injured),1,0,0,Single vehicle crash,V1: Travelling straight ahead,V1:Eastbound ,V1: Other ,V1: Passenger car,Dry,Other,Clear,,Rte 90 E / UNKNOWN,,Exit 22 on Rte 90 E,,,234741.7413,899775.696
3595434,BOSTON,15-Sep-2013,8:06 AM,Property damage only (none injured),2,0,0,Angle,V1: Turning right / V2:Turning right,V1:Southbound / V2:Southbound ,V1: Collision with motor vehicle in traffic / V2: Collision with motor vehicle in traffic ,"V1: Passenger car / V2:Light truck(van, mini-van, panel, pickup, sport utility) with only four tires",Dry,Daylight,Clear,ALBANY STREET / HERALD STREET,,,,,,236151.5786,899586.8009
3655685,BOSTON (DORCHESTER),15-Sep-2013,12:30 PM,Non-fatal injury,2,5,0,Rear-end,V1: Slowing or stopped in traffic / V2:Travelling straight ahead,V1:Northbound / V2:Northbound ,V1: Collision with motor vehicle in traffic / V2: Collision with motor vehicle in traffic ,"V1: Light truck(van, mini-van, panel, pickup, sport utility) with only four tires / V2:Passenger car",Dry,Daylight,Clear/Clear,,30 PARKMAN STREET,,,,,235583.7183,901385.6603
3590634,BOSTON,15-Sep-2013,2:35 PM,Non-fatal injury,3,1,0,Rear-end,V1: Slowing or stopped in traffic / V2:Travelling straight ahead / V3:Travelling straight ahead,V1:Southbound / V2:Southbound / V3:Southbound ,V1: Collision with motor vehicle in traffic / V2: Collision with motor vehicle in traffic / V3: Collision with motor vehicle in traffic ,"V1: Light truck(van, mini-van, panel, pickup, sport utility) with only four tires / V2:Light truck(van, mini-van, panel, pickup, sport utility) with only four tires / V3:Passenger car",Dry,Daylight,Clear,,Rte 93 S / UNKNOWN,,Exit 15 on Rte 93 S,,,236629.6253,897168.5001
3611131,BOSTON,15-Sep-2013,2:36 PM,Property damage only (none injured),2,0,0,Rear-end,V1: Slowing or stopped in traffic / V2:Travelling straight ahead,V1:Southbound / V2:Southbound ,V1: Collision with motor vehicle in traffic / V2: Collision with motor vehicle in traffic ,"V1: Light truck(van, mini-van, panel, pickup, sport utility) with only four tires / V2:Light truck(van, mini-van, panel, pickup, sport utility) with only four tires",Dry,Daylight,Clear,,Rte 93 S / UNKNOWN,,Exit 15 on Rte 93 S,,,236629.6253,897168.5001
3651592,BOSTON (DORCHESTER),15-Sep-2013,11:50 PM,Not Reported,2,0,0,Not reported,V1: Not reported / V2:Not reported,V1:Not reported / V2:Not reported ,V1: Not reported / V2: Not reported ,V1: Passenger car / V2:Passenger car,Not reported,Not reported,Not Reported,,54 ADAMS STREET,,,,,234850.4253,897587.0078
3655686,BOSTON (DORCHESTER),16-Sep-2013,3:13 AM,Non-fatal injury,2,3,0,"Sideswipe, opposite direction",V1: Travelling straight ahead / V2:Travelling straight ahead,V1:Northbound / V2:Eastbound ,V1: Collision with motor vehicle in traffic / V2: Collision with motor vehicle in traffic ,V1: Passenger car / V2:Passenger car,Dry,Dark - lighted roadway,Clear/Clear,COLUMBIA ROAD / CEYLON STREET,,,,,,235188.2654,895552.0627
3607520,BOSTON,16-Sep-2013,8:00 AM,Non-fatal injury,2,1,0,Head-on,V1: Turning left / V2:Travelling straight ahead,V1:Southbound / V2:Northbound ,V1: Collision with motor vehicle in traffic / V2: Collision with motor vehicle in traffic ,"V1: Light truck(van, mini-van, panel, pickup, sport utility) with only four tires / V2:Passenger car",Dry,Daylight,Clear,,TRUMAN HIGHWAY Rte UNKNOW / FAIRMOUNT AVENUE,,,,,231503.1562,889184.7498
3665001,BOSTON,16-Sep-2013,8:33 AM,Not Reported,1,0,0,Rear-to-rear,V1: Backing,V1:Northbound ,V1: Collision with other movable object ,"V1: Light truck(van, mini-van, panel, pickup, sport utility) with only four tires",Dry,Daylight,Clear,,,,,HANGAR TARMARK,,,
3595435,BOSTON,16-Sep-2013,9:28 AM,Non-fatal injury,2,1,0,Angle,V1: Slowing or stopped in traffic / V2:Slowing or stopped in traffic,V1:Southbound / V2:Southbound ,V1: Collision with motor vehicle in traffic / V2: Collision with motor vehicle in traffic ,"V1: Passenger car / V2:Light truck(van, mini-van, panel, pickup, sport utility) with only four tires",Dry,Daylight,Cloudy/Rain,,Rte 93 S / UNKNOWN,,Exit 24 on Rte 93 S,,,236397.1933,901565.6511
3607930,BOSTON,16-Sep-2013,9:55 AM,Non-fatal injury,2,1,0,Rear-end,V1: Travelling straight ahead / V2:Slowing or stopped in traffic,V1:Northbound / V2:Northbound ,V1: Collision with motor vehicle in traffic / V2: Collision with motor vehicle in traffic ,"V1: Passenger car / V2:Light truck(van, mini-van, panel, pickup, sport utility) with only four tires",Wet,Daylight,Clear,VETERANS OF FOREIGN WARS PARKWAY / BOSTON PROVIDENCE HIGHWAY,,,,W. ROXBURY DEDHAM LINE,,227374.2033,890443.4998
3609151,BOSTON,16-Sep-2013,12:48 PM,Property damage only (none injured),2,0,0,Angle,V1: Slowing or stopped in traffic / V2:Turning right,V1:Northbound / V2:Northbound ,V1: Collision with motor vehicle in traffic / V2: Collision with motor vehicle in traffic ,"V1: Passenger car / V2:Bus (seats for more than 15 people, including driver)",Dry,Daylight,Not Reported,,,,,PARKING LOT ENTERPRISE LOGAN AIR,,,
3633831,BOSTON,16-Sep-2013,2:00 PM,Non-fatal injury,1,1,0,Head-on,V1: Travelling straight ahead,V1:Not reported ,V1: Collision with pedestrian ,V1: Passenger car,Dry,Daylight,Clear/Clear,DORCHESTER AVENUE / PARK STREET,,,,,,236228.2762,894329.7784
3595436,BOSTON,16-Sep-2013,3:00 PM,Non-fatal injury,3,1,0,Rear-end,V1: Slowing or stopped in traffic / V2:Slowing or stopped in traffic / V3:Travelling straight ahead,V1:Northbound / V2:Northbound / V3:Northbound ,V1: Collision with motor vehicle in traffic / V2: Collision with motor vehicle in traffic / V3: Collision with motor vehicle in traffic ,"V1: Light truck(van, mini-van, panel, pickup, sport utility) with only four tires / V2:Passenger car / V3:Passenger car",Dry,Daylight,Cloudy,,JOHN F FITZGERALD EXPRESSWAY Rte 93 N,,,ZAKIM BRIDGE,,236065.2586,902027.72
3594425,BOSTON,16-Sep-2013,3:11 PM,Property damage only (none injured),2,0,0,Rear-end,V1: Entering traffic lane / V2:Entering traffic lane,V1:Southbound / V2:Southbound ,V1: Collision with motor vehicle in traffic / V2: Collision with motor vehicle in traffic ,"V1: Light truck(van, mini-van, panel, pickup, sport utility) with only four tires / V2:Passenger car",Dry,Daylight,Not Reported,,GENERAL CASIMIR PULASKI SKYWAY Rte 93 S / RAMP - COLUMBIA RD TO RT 93 SB,,,,,236956.3473,896468.511
3595437,BOSTON,16-Sep-2013,6:25 PM,Non-fatal injury,2,1,0,Rear-end,V1: Travelling straight ahead / V2:Travelling straight ahead,V1:Southbound / V2:Southbound ,V1: Not reported / V2: Collision with motor vehicle in traffic ,"V1: Passenger car / V2:Light truck(van, mini-van, panel, pickup, sport utility) with only four tires",Dry,Daylight,Clear,,JOHN F FITZGERALD EXPRESSWAY Rte 93 S / RAMP - SURFACE ARTERY TO RT 93 SB,,,ACCROSS FROM ALBANY ST,,236250.6585,899910.3843
3600240,BOSTON,16-Sep-2013,6:42 PM,Property damage only (none injured),2,0,0,Angle,V1: Turning right / V2:Travelling straight ahead,V1:Southbound / V2:Not reported ,V1: Collision with motor vehicle in traffic / V2: Collision with motor vehicle in traffic ,V1: Passenger car / V2:Passenger car,Dry,Dawn,Cloudy,HUMPHREYS STREET / HARROW STREET / QUINCEFIELD STREET,Rte 44,,,,,235688.5478,896598.0946
3595438,BOSTON,16-Sep-2013,8:49 PM,Non-fatal injury,2,1,0,"Sideswipe, same direction",V1: Travelling straight ahead / V2:Making U-turn,V1:Westbound / V2:Westbound ,V1: Collision with motor vehicle in traffic / V2: Collision with motor vehicle in traffic ,V1: Passenger car / V2:Passenger car,Dry,Dark - lighted roadway,Clear,,MASSACHUSETTS TURNPIKE Rte 90 W,,,TWT,,239139.2843,901735.8313
3600015,BOSTON (CHARLESTOWN),16-Sep-2013,11:15 PM,Non-fatal injury,2,1,0,Rear-end,V1: Slowing or stopped in traffic / V2:Travelling straight ahead,V1:Southbound / V2:Southbound ,V1: Collision with motor vehicle in traffic / V2: Collision with motor vehicle in traffic ,V1: Passenger car / V2:Single-unit truck (3-or-more axles),Dry,Dark - lighted roadway,Clear,CHELSEA STREET / RUTHERFORD AVENUE Rte 99 N,,,,1 CHELSEA STREET,,236085.5715,902381.8954
3655692,BOSTON (DORCHESTER),17-Sep-2013,8:00 AM,Non-fatal injury,2,2,0,Angle,V1: Travelling straight ahead / V2:Turning left,V1:Not reported / V2:Not reported ,V1: Collision with impact attenuator/crash cushion / V2: Collision with impact attenuator/crash cushion ,"V1: Passenger car / V2:Light truck(van, mini-van, panel, pickup, sport utility) with only four tires",Dry,Daylight,Clear,GENEVA AVENUE / WESTVILLE STREET,,,,,,235673.1719,894593.3125
3624431,BOSTON (DORCHESTER),17-Sep-2013,8:40 AM,Non-fatal injury,1,1,0,Single vehicle crash,V1: Turning left,V1:Southbound ,"V1: Collision with cyclist (bicycle, tricycle, unicycle, pedal car) ",V1: Passenger car,Dry,Daylight,Clear/Clear,,240 MOUNT VERNON STREET,,,ENTRANCE TO DOUBLETREE,"P2:Pedalcyclist (bicycle, tricycle, unicycle, pedal car)",237366.2711,896649.6991
3591615,BOSTON,17-Sep-2013,10:00 AM,Property damage only (none injured),1,0,0,Single vehicle crash,V1: Travelling straight ahead,V1:Eastbound ,V1: Other ,V1: Motorcycle,Dry,Daylight,Clear,,STORROW DRIVE / RAMP - STORROW DRIVE TO BEACON STREET,,,COPLEY TUNNEL,,234998.821,900644.9573
3655694,BOSTON (DORCHESTER),17-Sep-2013,11:00 AM,Not Reported,2,0,0,Not reported,V1: Not reported / V2:Not reported,V1:Not reported / V2:Not reported ,V1: Not reported / V2: Not reported ,V1: Passenger car / V2:Passenger car,Not reported,Not reported,Not Reported,BOWDOIN STREET / NORTON STREET,,,,,,235628.1251,895096.7498
3624032,BOSTON,17-Sep-2013,12:30 PM,Non-fatal injury,2,1,0,Not reported,V1: Travelling straight ahead / V2:Turning left,V1:Eastbound / V2:Southbound ,"V1: Collision with other fixed object (wall, building, tunnel, etc.) / V2: Collision with motor vehicle in traffic ","V1: Passenger car / V2:Light truck(van, mini-van, panel, pickup, sport utility) with only four tires",Not reported,Not reported,Not Reported,RIVER STREET / WEST STREET,,,,,,231519.1562,889877.1873
3607924,BOSTON,17-Sep-2013,2:55 PM,Property damage only (none injured),2,0,0,Rear-end,V1: Slowing or stopped in traffic / V2:Travelling straight ahead,V1:Westbound / V2:Westbound ,V1: Collision with motor vehicle in traffic / V2: Collision with motor vehicle in traffic ,"V1: Light truck(van, mini-van, panel, pickup, sport utility) with only four tires / V2:Passenger car",Dry,Daylight,Not Reported,,SOLDIERS FIELD ROAD / NORTH BEACON STREET,,,,,228076.4976,901010.8434
3600070,BOSTON,17-Sep-2013,3:03 PM,Property damage only (none injured),2,0,0,"Sideswipe, same direction",V1: Travelling straight ahead / V2:Changing lanes,V1:Southbound / V2:Southbound ,V1: Collision with motor vehicle in traffic / V2: Collision with motor vehicle in traffic ,"V1: Passenger car / V2:Bus (seats for more than 15 people, including driver)",Dry,Daylight,Clear,,Rte 93 S,,Exit 18 on Rte 93 S,,,236013.2783,899092.9981
3605508,BOSTON,17-Sep-2013,3:59 PM,Property damage only (none injured),2,0,0,Rear-end,V1: Travelling straight ahead / V2:Slowing or stopped in traffic,V1:Northbound / V2:Northbound ,V1: Collision with motor vehicle in traffic / V2: Collision with motor vehicle in traffic ,"V1: Passenger car / V2:Light truck(van, mini-van, panel, pickup, sport utility) with only four tires",Dry,Daylight,Clear,,JOHN F FITZGERALD EXPRESSWAY Rte 93 N / RAMP - FRONTAGE ROAD TO RT 93 NB,,,LL-RAMP,,235999.4633,898968.8188
3662702,BOSTON,17-Sep-2013,6:08 PM,Non-fatal injury,1,1,0,Angle,V1: Turning right,V1:Northbound ,"V1: Collision with cyclist (bicycle, tricycle, unicycle, pedal car) ",V1: Passenger car,Dry,Daylight,Clear,PUBLIC ALLEY 429 / MASSACHUSETTS AVENUE Rte 2A W,,,,,"P2:Pedalcyclist (bicycle, tricycle, unicycle, pedal car)",233869.632,899993.5762
3599003,BOSTON,17-Sep-2013,7:11 PM,Property damage only (none injured),2,0,0,Single vehicle crash,V1: Slowing or stopped in traffic / V2:Travelling straight ahead,V1:Southbound / V2:Southbound ,V1: Collision with motor vehicle in traffic / V2: Collision with motor vehicle in traffic ,V1: Passenger car / V2:Passenger car,Dry,Dark - lighted roadway,Not Reported,,LEVERETT CONNECTOR SOUTH / INTERSTATE 93 Rte 93 S,,,,,234816.2934,903562.237
3600088,BOSTON,17-Sep-2013,7:35 PM,Property damage only (none injured),1,0,0,Single vehicle crash,V1: Travelling straight ahead,V1:Westbound ,V1: Collision with highway traffic sign post ,"V1: Single-unit truck (2-axle, 6-tire)",Dry,Dusk,Clear,,STORROW DRIVE / RAMP - STORROW DR TO RT 2A WB,,,FAIRFIELD ST OVERPASS,,234232.1426,900363.0479
3594149,BOSTON,17-Sep-2013,11:00 PM,Non-fatal injury,2,3,0,Angle,V1: Turning left / V2:Travelling straight ahead,V1:Not reported / V2:Not reported ,V1: Collision with motor vehicle in traffic / V2: Collision with motor vehicle in traffic ,"V1: Light truck(van, mini-van, panel, pickup, sport utility) with only four tires / V2:Passenger car",Dry,Dark - lighted roadway,Clear,D STREET / CONGRESS STREET,C,,,,,237867.9285,899829.5682
3600864,BOSTON,17-Sep-2013,11:10 PM,Property damage only (none injured),2,0,0,"Sideswipe, same direction",V1: Changing lanes / V2:Travelling straight ahead,V1:Westbound / V2:Westbound ,V1: Collision with motor vehicle in traffic / V2: Collision with motor vehicle in traffic ,"V1: Light truck(van, mini-van, panel, pickup, sport utility) with only four tires / V2:Passenger car",Dry,Dark - lighted roadway,Clear,,MASSACHUSETTS TURNPIKE Rte 90 W / TED WILLIAMS TUNNEL,,,,,239051.4028,900924.2439
3655695,BOSTON,18-Sep-2013,00:00 AM,Not Reported,2,0,0,"Sideswipe, same direction",V1: Travelling straight ahead / V2:Parked,V1:Northbound / V2:Not reported ,V1: Not reported / V2: Collision with parked motor vehicle ,V1: Passenger car / V2:Passenger car,Dry,Dark - lighted roadway,Clear/Clear,SUMNER STREET / ANNAPOLIS STREET,,,,,,236098.7796,896425.0698
3601156,BOSTON,18-Sep-2013,8:50 AM,Not Reported,1,0,0,Not reported,V1: Not reported,V1:Not reported ,V1: Not reported ,V1: Passenger car,Not reported,Not reported,Not Reported,,49 SUDBURY STREET,,,,,236228.9565,901328.0593
3655409,BOSTON,18-Sep-2013,11:00 AM,Non-fatal injury,2,1,0,Rear-end,V1: Travelling straight ahead / V2:Slowing or stopped in traffic,V1:Northbound / V2:Northbound ,V1: Collision with motor vehicle in traffic / V2: Collision with motor vehicle in traffic ,"V1: Passenger car / V2:Light truck(van, mini-van, panel, pickup, sport utility) with only four tires",Dry,Daylight,Clear,,Rte 93 N / UNKNOWN,,Exit 12 on Rte 93 N,,,237641.3431,892708.5028
3599015,BOSTON,18-Sep-2013,2:25 PM,Property damage only (none injured),2,0,0,Rear-end,V1: Travelling straight ahead / V2:Slowing or stopped in traffic,V1:Eastbound / V2:Eastbound ,V1: Collision with motor vehicle in traffic / V2: Collision with motor vehicle in traffic ,"V1: Light truck(van, mini-van, panel, pickup, sport utility) with only four tires / V2:Light truck(van, mini-van, panel, pickup, sport utility) with only four tires",Dry,Daylight,Clear,,SOLDIERS FIELD ROAD Rte UNKNOW / EVERETT STREET,,,,,230032.9845,901646.3752
3594179,BOSTON,18-Sep-2013,3:45 PM,Property damage only (none injured),3,0,0,Rear-end,V1: Slowing or stopped in traffic / V2:Travelling straight ahead / V3:Travelling straight ahead,V1:Northbound / V2:Northbound / V3:Northbound ,V1: Collision with motor vehicle in traffic / V2: Collision with motor vehicle in traffic / V3: Collision with motor vehicle in traffic ,"V1: Passenger car / V2:Passenger car / V3:Light truck(van, mini-van, panel, pickup, sport utility) with only four tires",Dry,Daylight,Clear,,ARBORWAY Rte UNKNOW / 86,,,OUTER,,231218.6863,895516.4624
3637732,BOSTON (DORCHESTER),18-Sep-2013,3:51 PM,Non-fatal injury,1,1,0,Unknown,V1: Turning right,V1:Not reported ,"V1: Collision with railway vehicle (e.g., train, engine) ",V1: Passenger car,Dry,Daylight,Clear,WHITTEN STREET / ADAMS STREET,,,,,,236538.9373,893817.25
3600129,BOSTON,18-Sep-2013,3:53 PM,Property damage only (none injured),2,0,0,Rear-end,V1: Travelling straight ahead / V2:Travelling straight ahead,V1:Southbound / V2:Southbound ,V1: Collision with motor vehicle in traffic / V2: Collision with motor vehicle in traffic ,"V1: Light truck(van, mini-van, panel, pickup, sport utility) with only four tires / V2:Truck/trailer",Dry,Daylight,Clear,,Rte 93 S,,Exit 20 on Rte 93 S,,,236954.209,900826.9442
3601426,BOSTON,18-Sep-2013,4:15 PM,Property damage only (none injured),2,0,0,Angle,V1: Travelling straight ahead / V2:Travelling straight ahead,V1:Eastbound / V2:Southbound ,V1: Collision with motor vehicle in traffic / V2: Collision with motor vehicle in traffic ,"V1: Passenger car / V2:Light truck(van, mini-van, panel, pickup, sport utility) with only four tires",Dry,Daylight,Clear,BEACON STREET / CHESTNUT HILL ROAD,,,,,,227831.0937,898218.8127
3611048,BOSTON,18-Sep-2013,5:00 PM,Non-fatal injury,2,1,0,Rear-end,V1: Travelling straight ahead / V2:Travelling straight ahead,V1:Southbound / V2:Southbound ,V1: Collision with motor vehicle in traffic / V2: Collision with motor vehicle in traffic ,V1: Passenger car / V2:Passenger car,Dry,Daylight,Clear,JOHN F FITZGERALD EXPRESSWAY Rte 93 S / RAMP - COLUMBIA RD TO RT 93 SB,,,,,,236956.3473,896468.511
3600333,BOSTON,18-Sep-2013,5:43 PM,Non-fatal injury,1,1,0,Angle,V1: Travelling straight ahead,V1:Westbound ,V1: Not reported ,V1: Passenger car,Dry,Daylight,Clear,CAMBRIDGE STREET / WINDOM STREET,,,,,,231037.2659,901023.3751
3591610,BOSTON,18-Sep-2013,6:46 PM,Non-fatal injury,1,1,0,Single vehicle crash,V1: Travelling straight ahead,V1:Eastbound ,V1: Collision with pedestrian ,V1: Passenger car,Dry,Dusk,Clear,,FRONTAGE ROAD Rte UNKNOW N / BROADWAY,,,,P2:Pedestrian,236165.6755,899351.7012
3599004,BOSTON,18-Sep-2013,10:00 PM,Property damage only (none injured),2,0,0,"Sideswipe, same direction",V1: Travelling straight ahead / V2:Travelling straight ahead,V1:Southbound / V2:Southbound ,V1: Collision with motor vehicle in traffic / V2: Collision with motor vehicle in traffic ,"V1: Light truck(van, mini-van, panel, pickup, sport utility) with only four tires / V2:Passenger car",Dry,Dark - lighted roadway,Clear,,Rte 93 S / UNKNOWN,,Exit 24 on Rte 93 S,,,236397.1933,901565.6511
3603411,BOSTON,19-Sep-2013,7:25 AM,Property damage only (none injured),1,0,0,Single vehicle crash,V1: Travelling straight ahead,V1:Eastbound ,V1: Collision with motor vehicle in traffic ,V1: Passenger car,Dry,Daylight,Clear,,BIRMINGHAM PARKWAY Rte UNKNOW N / WESTERN AVENUE,,,,,229180.0376,901281.697
3599005,BOSTON,19-Sep-2013,8:27 AM,Property damage only (none injured),4,0,0,Rear-end,V1: Slowing or stopped in traffic / V2:Slowing or stopped in traffic / V3:Slowing or stopped in traffic / V4:Travelling straight ahead,V1:Westbound / V2:Westbound / V3:Westbound / V4:Westbound ,V1: Collision with motor vehicle in traffic / V2: Collision with motor vehicle in traffic / V3: Collision with motor vehicle in traffic / V4: Collision with motor vehicle in traffic ,V1: Passenger car / V2:Passenger car / V3:Passenger car / V4:Passenger car,Dry,Daylight,Clear,,SUMNER TUNNEL / RAMP - SUMNER TUNNEL TO MARKET STREET,,,,,237308.2865,902019.9683
3600331,BOSTON (BRIGHTON),19-Sep-2013,10:53 AM,Property damage only (none injured),2,0,0,Rear-end,V1: Travelling straight ahead / V2:Turning left,V1:Eastbound / V2:Northbound ,V1: Collision with motor vehicle in traffic / V2: Collision with motor vehicle in traffic ,V1: Passenger car / V2:Passenger car,Dry,Daylight,Clear/Clear,COMMONWEALTH AVENUE Rte 30 E / ALLSTON STREET,,,,,,229850.1247,899834.7502
3611132,BOSTON,19-Sep-2013,12:25 PM,Property damage only (none injured),1,0,0,"Sideswipe, same direction",V1: Making U-turn,V1:Northbound ,V1: Collision with other movable object ,V1: Passenger car,Dry,Daylight,Clear,,WILLIAM DAY BOULEVARD / WILLIAM DAY BOULEVARD,,,CASTLE ISLAND GATE,,239963.0226,898813.4486
3611133,BOSTON,19-Sep-2013,2:01 PM,Property damage only (none injured),1,0,0,Rear-end,V1: Slowing or stopped in traffic,V1:Eastbound ,V1: Collision with motor vehicle in traffic ,V1: Passenger car,Dry,Daylight,Clear,GALLIVAN BOULEVARD Rte 203 W / ADAMS STREET,,,,,,236381.9376,892485.5001
3637631,BOSTON,19-Sep-2013,2:41 PM,Non-fatal injury,2,1,0,"Sideswipe, opposite direction",V1: Travelling straight ahead / V2:Turning left,V1:Not reported / V2:Not reported ,V1: Not reported / V2: Collision with motor vehicle in traffic ,V1: Unknown vehicle configuration / V2:Passenger car,Dry,Daylight,Clear,NEPONSET AVENUE / SACO STREET,,,,,,236627.1252,894141.75
3712020,BOSTON (WEST ROXBURY),19-Sep-2013,5:43 PM,Not Reported,1,0,0,Unknown,V1: Turning left,V1:Not reported ,V1: Collision with pedestrian ,V1: Passenger car,Dry,Daylight,Clear,,1779 CENTRE STREET,,,,,228722.0184,893061.6354
3594426,BOSTON,19-Sep-2013,6:00 PM,Property damage only (none injured),2,0,0,"Sideswipe, same direction",V1: Travelling straight ahead / V2:Entering traffic lane,V1:Southbound / V2:Southbound ,V1: Collision with motor vehicle in traffic / V2: Collision with motor vehicle in traffic ,"V1: Passenger car / V2:Light truck(van, mini-van, panel, pickup, sport utility) with only four tires",Dry,Daylight,Not Reported,,GENERAL CASIMIR PULASKI SKYWAY Rte 93 S / RAMP - COLUMBIA RD TO RT 93 SB,,,SOUTH OF EXIT #15,,236956.3473,896468.511
3594257,BOSTON,19-Sep-2013,6:25 PM,Non-fatal injury,2,1,0,"Sideswipe, same direction",V1: Changing lanes / V2:Travelling straight ahead,V1:Northbound / V2:Northbound ,V1: Collision with motor vehicle in traffic / V2: Collision with motor vehicle in traffic ,V1: Passenger car / V2:Motorcycle,Dry,Daylight,Clear,,Rte UNKNOW,,,NEPONSET CIRCLE,,237666.7677,893003.4688
3594174,BOSTON,19-Sep-2013,8:24 PM,Non-fatal injury,2,1,0,Angle,V1: Travelling straight ahead / V2:Turning left,V1:Westbound / V2:Eastbound ,V1: Collision with motor vehicle in traffic / V2: Collision with motor vehicle in traffic ,V1: Motorcycle / V2:Passenger car,Dry,Dark - lighted roadway,Clear,,GALLIVAN BOULEVARD Rte UNKNOW / MILTON AVENUE,,,,,235078.9376,892049.5623
3600142,BOSTON,19-Sep-2013,10:56 PM,Property damage only (none injured),2,0,0,"Sideswipe, same direction",V1: Travelling straight ahead / V2:Changing lanes,V1:Southbound / V2:Southbound ,V1: Not reported / V2: Not reported ,V1: Passenger car / V2:Passenger car,Dry,Dark - roadway not lighted,Clear,,Rte 93 S,,Exit 15 on Rte 93,,,236629.6253,897168.5001
3600130,BOSTON,20-Sep-2013,7:10 AM,Property damage only (none injured),3,0,0,"Sideswipe, same direction",V1: Overtaking/passing / V2:Travelling straight ahead / V3:Travelling straight ahead,V1:Southbound / V2:Southbound / V3:Southbound ,V1: Collision with motor vehicle in traffic / V2: Collision with motor vehicle in traffic / V3: Collision with motor vehicle in traffic ,"V1: Not reported / V2:Passenger car / V3:Bus (seats for more than 15 people, including driver)",Dry,Daylight,Clear,,Rte 93 S,,Exit 26 on Rte 93 S,LOWER DECK,,234851.4113,903728.5151
3605591,BOSTON,20-Sep-2013,12:46 PM,Property damage only (none injured),2,0,0,Angle,V1: Turning left / V2:Travelling straight ahead,V1:Northbound / V2:Northbound ,V1: Collision with motor vehicle in traffic / V2: Collision with motor vehicle in traffic ,"V1: Truck tractor (bobtail) / V2:Light truck(van, mini-van, panel, pickup, sport utility) with only four tires",Dry,Daylight,Clear,FRONTAGE ROAD / MASSACHUSETTS AVENUE CONNECTOR / RAMP - FRONTAGE ROAD TO RT 93 NB,,,,MASS AVE CONNECTOR,,235865.0173,898419.1854
3599006,BOSTON,20-Sep-2013,2:20 PM,Property damage only (none injured),2,0,0,Rear-end,V1: Travelling straight ahead / V2:Travelling straight ahead,V1:Southbound / V2:Southbound ,V1: Collision with motor vehicle in traffic / V2: Collision with motor vehicle in traffic ,V1: Passenger car / V2:Motorcycle,Dry,Daylight,Clear,,JOHN F FITZGERALD EXPRESSWAY Rte 93 S,,,ZAKIM BRIDGE,,236005.4375,902067.6798
3665386,BOSTON,20-Sep-2013,3:45 PM,Non-fatal injury,4,2,0,"Sideswipe, same direction",V1: Changing lanes / V2:Slowing or stopped in traffic / V3:Slowing or stopped in traffic / V4:Slowing or stopped in traffic,V1:Southbound / V2:Not reported / V3:Not reported / V4:Not reported ,V1: Collision with parked motor vehicle / V2: Collision with motor vehicle in traffic / V3: Collision with motor vehicle in traffic / V4: Collision with motor vehicle in traffic ,"V1: Passenger car / V2:Passenger car / V3:Light truck(van, mini-van, panel, pickup, sport utility) with only four tires / V4:Passenger car",Dry,Dark - lighted roadway,Clear,,617 SHAWMUT AVENUE,,,,,234560.8116,898425.7817
3604851,BOSTON,20-Sep-2013,4:13 PM,Property damage only (none injured),3,0,0,Rear-end,V1: Slowing or stopped in traffic / V2:Slowing or stopped in traffic / V3:Travelling straight ahead,V1:Westbound / V2:Westbound / V3:Westbound ,V1: Collision with motor vehicle in traffic / V2: Collision with motor vehicle in traffic / V3: Collision with motor vehicle in traffic ,"V1: Passenger car / V2:Bus (seats for 7-15 people, including driver) / V3:Light truck(van, mini-van, panel, pickup, sport utility) with only four tires",Dry,Daylight,Clear,,NONANTUM ROAD,,,,,,