Crash Number,City/Town Name,Crash Date,Crash Time,Crash Severity,Number of Vehicles,Total Nonfatal Injuries,Total Fatal Injuries,Manner of Collision,Vehicle Action Prior to Crash,Vehicle Travel Directions,Most Harmful Events,Vehicle Configuration,Road Surface Condition,Ambient Light,Weather Condition,At Roadway Intersection,Distance from Nearest Roadway Intersection,Distance from Nearest Milemarker,Distance from Nearest Exit,Distance from Nearest Landmark,Non Motorist Type,X Coordinate,Y Coordinate
3594259,BOSTON,20-Sep-2013,6:25 PM,Property damage only (none injured),2,0,0,Rear-end,V1: Travelling straight ahead / V2:Slowing or stopped in traffic,V1:Northbound / V2:Northbound ,V1: Collision with motor vehicle in traffic / V2: Collision with motor vehicle in traffic ,V1: Motorcycle / V2:Passenger car,Dry,Dusk,Clear,,Rte 93 N / UNKNOWN,,Exit 13 on Rte 93 N,,,237420.1414,894076.5227
3606236,BOSTON,20-Sep-2013,7:10 PM,Property damage only (none injured),2,0,0,Rear-end,V1: Travelling straight ahead / V2:Slowing or stopped in traffic,V1:Northbound / V2:Northbound ,V1: Collision with motor vehicle in traffic / V2: Collision with motor vehicle in traffic ,"V1: Passenger car / V2:Light truck(van, mini-van, panel, pickup, sport utility) with only four tires",Dry,Dusk,Clear,,Rte 93 N / UNKNOWN,,Exit 18 on Rte 93 N,,,236146.0342,897892.2406
3605509,BOSTON,21-Sep-2013,00:00 AM,Property damage only (none injured),1,0,0,Single vehicle crash,V1: Travelling straight ahead,V1:Southbound ,V1: Collision with median barrier ,V1: Passenger car,Dry,Dark - lighted roadway,Clear,RAMP - RT 90 EB TO RT 93 NB / RAMP - RT 90 EB TO RT 93 / RAMP - RT 90 EB TO RT 93 SB,,,,RAMP D,,236391.6062,899676.0005
3599007,BOSTON,21-Sep-2013,3:27 AM,Property damage only (none injured),1,0,0,Single vehicle crash,V1: Travelling straight ahead,V1:Eastbound ,V1: Collision with median barrier ,"V1: Light truck(van, mini-van, panel, pickup, sport utility) with only four tires",Dry,Dark - lighted roadway,Clear,,MASSACHUSETTS TURNPIKE Rte 90 E / RAMP - RT 90 EB TO STUART STREET & HUNTI,,,PRUDENTIAL TUNNEL,,234114.9697,899757.8185
3738008,BOSTON (DORCHESTER),21-Sep-2013,5:37 AM,Non-fatal injury,1,1,0,Single vehicle crash,V1: Travelling straight ahead,V1:Westbound ,V1: Collision with utility pole ,V1: Passenger car,Dry,Dark - lighted roadway,Clear/Clear,,500 feet E from Intersection 86 AMERICAN LEGION HIGHWAY / FRANKLIN HILL AVENUE,,,,,233711.3339,894138.339
3599008,BOSTON,21-Sep-2013,12:19 PM,Property damage only (none injured),2,0,0,Rear-end,V1: Slowing or stopped in traffic / V2:Travelling straight ahead,V1:Northbound / V2:Northbound ,V1: Collision with motor vehicle in traffic / V2: Collision with motor vehicle in traffic ,V1: Passenger car / V2:Passenger car,Dry,Daylight,Clear,,JOHN F FITZGERALD EXPRESSWAY Rte 93 N / RAMP - RT 90 TO RT 93 NB,Rte 93  N Milemarker 16.8,,,,236613.1213,900288.0532
3594248,BOSTON,21-Sep-2013,3:54 PM,Non-fatal injury,1,1,0,Single vehicle crash,V1: Travelling straight ahead,V1:Northbound ,V1: Collision with guardrail ,V1: Motorcycle,Dry,Daylight,Clear,,RAMP - LEVERETT CONNECTOR TO STORROW DRI Rte 3A N / RAMP-RT 93 NB TO STORROW DRIVE Rte 3 N,,,,,235602.2299,901885.6708
3637532,BOSTON (DORCHESTER),21-Sep-2013,4:36 PM,Fatal injury,2,0,1,Not reported,V1: Not reported / V2:Not reported,V1:Not reported / V2:Not reported ,V1: Not reported / V2: Not reported ,"V1: Light truck(van, mini-van, panel, pickup, sport utility) with only four tires / V2:Motorcycle",Not reported,Not reported,Not Reported,WASHINGTON STREET / ROSLIN STREET,,,,,,235367.7813,892954.9376
3624631,BOSTON,21-Sep-2013,4:38 PM,Non-fatal injury,2,7,0,"Sideswipe, same direction",V1: Turning right / V2:Travelling straight ahead,V1:Northbound / V2:Northbound ,V1: Collision with motor vehicle in traffic / V2: Collision with motor vehicle in traffic ,"V1: Passenger car / V2:Light truck(van, mini-van, panel, pickup, sport utility) with only four tires",Dry,Daylight,Clear/Clear,,90 SOUTHAMPTON STREET,,,,,235414.8365,898048.9822
3607387,BOSTON,21-Sep-2013,6:20 PM,Not Reported,1,0,0,Single vehicle crash,V1: Travelling straight ahead,V1:Not reported ,V1: Collision with tree ,"V1: Light truck(van, mini-van, panel, pickup, sport utility) with only four tires",Dry,Dawn,Clear,,776 DUDLEY STREET,,,,,235797.4985,896407.2002
3594427,BOSTON,21-Sep-2013,6:50 PM,Property damage only (none injured),2,0,0,Rear-end,V1: Travelling straight ahead / V2:Slowing or stopped in traffic,V1:Northbound / V2:Northbound ,V1: Collision with motor vehicle in traffic / V2: Collision with motor vehicle in traffic ,"V1: Light truck(van, mini-van, panel, pickup, sport utility) with only four tires / V2:Light truck(van, mini-van, panel, pickup, sport utility) with only four tires",Dry,Dusk,Clear,,Rte 93 N,,Exit 13 on Rte 93 N,,,237420.1414,894076.5227
3599678,BOSTON,21-Sep-2013,10:02 PM,Non-fatal injury,2,1,0,Angle,V1: Turning left / V2:Travelling straight ahead,V1:Westbound / V2:Eastbound ,V1: Collision with motor vehicle in traffic / V2: Collision with motor vehicle in traffic ,V1: Passenger car / V2:Passenger car,Dry,Dark - lighted roadway,Not Reported,,COLUMBIA ROAD Rte UNKNOW / RAMP - RT 93 SB TO COLUMBIA RD,,,,,236745.2344,896875.3748
3599009,BOSTON,22-Sep-2013,1:32 AM,Non-fatal injury,1,1,0,Single vehicle crash,V1: Travelling straight ahead,V1:Southbound ,V1: Collision with median barrier ,V1: Passenger car,Dry,Dark - lighted roadway,Not Reported,,Rte 93 S / UNKNOWN,,,,,236518.1438,900338.2428
3605510,BOSTON,22-Sep-2013,2:53 AM,Property damage only (none injured),1,0,0,Single vehicle crash,V1: Travelling straight ahead,V1:Northbound ,V1: Collision with median barrier ,"V1: Light truck(van, mini-van, panel, pickup, sport utility) with only four tires",Wet,Dark - lighted roadway,Rain,,LEVERETT CONNECTOR NORTH / RAMP - LEVERETT CONNECTOR TO RT 1 NB,,,LEVERETT CONNECTOR,,234990.9686,903035.2009
3601931,BOSTON,22-Sep-2013,3:00 AM,Property damage only (none injured),1,0,0,Single vehicle crash,V1: Turning right,V1:Westbound ,V1: Collision with guardrail ,"V1: Light truck(van, mini-van, panel, pickup, sport utility) with only four tires",Wet,Dark - lighted roadway,Clear,,SOLDIERS FIELD ROAD,,,0 feet W from NEWELL BOATHOUSE,,230787.0834,902179.9392
3605200,BOSTON,22-Sep-2013,3:30 AM,Non-fatal injury,1,1,0,Single vehicle crash,V1: Travelling straight ahead,V1:Westbound ,V1: Collision with curb ,V1: Passenger car,Wet,Dark - lighted roadway,Cloudy,,STORROW DRIVE Rte 28 S / RAMP - RT 3 TO RT 28 SB,,,LONGFELLOW BRIDGE,,235195.0426,901249.4738
3606158,BOSTON,22-Sep-2013,3:39 AM,Non-fatal injury,1,1,0,Single vehicle crash,V1: Travelling straight ahead,V1:Northbound ,V1: Collision with median barrier ,V1: Passenger car,Wet,Dark - unknown roadway lighting,Rain,,Rte 93 N / UNKNOWN,,Exit 23 on Rte 93 N,,,236957.4837,900943.9828
3603415,BOSTON,22-Sep-2013,4:30 AM,Non-fatal injury,2,2,0,Single vehicle crash,V1: Travelling straight ahead / V2:Travelling straight ahead,V1:Westbound / V2:Westbound ,V1: Collision with light pole or other post/support / V2: Collision with curb ,"V1: Passenger car / V2:Light truck(van, mini-van, panel, pickup, sport utility) with only four tires",Wet,Dark - lighted roadway,Cloudy,,Rte 203 / UNKNOWN,,,SHEA ROTARY,,232473.2971,894531.5629
3602248,BOSTON,22-Sep-2013,6:45 AM,Property damage only (none injured),2,0,0,Rear-end,V1: Travelling straight ahead / V2:Slowing or stopped in traffic,V1:Northbound / V2:Northbound ,V1: Collision with motor vehicle in traffic / V2: Collision with motor vehicle in traffic ,V1: Passenger car / V2:Passenger car,Wet,Daylight,Rain,INTERSTATE 93 Rte 93 N / LEVERETT CONNECTOR NORTH,,,,LEVERETT CONNECTOR,,234862.8756,903881.2818
3599010,BOSTON,22-Sep-2013,7:05 AM,Property damage only (none injured),1,0,0,Not reported,V1: Travelling straight ahead,V1:Northbound ,V1: Collision with guardrail ,"V1: Light truck(van, mini-van, panel, pickup, sport utility) with only four tires",Wet,Daylight,Cloudy/Rain,,Rte 93 N / UNKNOWN,,Exit 20 on Rte 93 N,,,235935.6734,898219.8317
3599011,BOSTON,22-Sep-2013,8:02 AM,Non-fatal injury,1,1,0,Single vehicle crash,V1: Travelling straight ahead,V1:Northbound ,V1: Collision with guardrail ,V1: Passenger car,Wet,Daylight,Cloudy/Rain,,Rte 93 N / UNKNOWN,,Exit 23 on Rte 93 N,INSIDE THE O'NEILL TUNNEL,,236957.4837,900943.9828
3655410,BOSTON,22-Sep-2013,8:24 AM,Non-fatal injury,2,1,0,"Sideswipe, same direction",V1: Changing lanes / V2:Changing lanes,V1:Northbound / V2:Northbound ,V1: Collision with median barrier / V2: Collision with median barrier ,"V1: Light truck(van, mini-van, panel, pickup, sport utility) with only four tires / V2:Light truck(van, mini-van, panel, pickup, sport utility) with only four tires",Wet,Daylight,Cloudy/Rain,,Rte 93 N / UNKNOWN,,Exit 13 on Rte 93 N,,,237420.1414,894076.5227
3594401,BOSTON,22-Sep-2013,9:15 AM,Property damage only (none injured),2,0,0,"Sideswipe, same direction",V1: Travelling straight ahead / V2:Travelling straight ahead,V1:Northbound / V2:Northbound ,V1: Collision with median barrier / V2: Collision with motor vehicle in traffic ,"V1: Light truck(van, mini-van, panel, pickup, sport utility) with only four tires / V2:Passenger car",Wet,Daylight,Not Reported,,126 RAMP - RT 1 SB FROM TOBIN BRIDGE Rte 1 S / RAMP - RT 1 SB TO LEVERETT CONNECTOR,,,RT. 1 ON RAMP FROM RT. 93,,235448.367,902444.6605
3594023,BOSTON,22-Sep-2013,9:29 AM,Property damage only (none injured),1,0,0,Single vehicle crash,V1: Travelling straight ahead,V1:Northbound ,V1: Collision with guardrail ,V1: Passenger car,Wet,Daylight,Rain,,MASSACHUSETTS TURNPIKE Rte 90 E / ALLSTON TOLL PLAZA,,Exit I/C 18 on Rte 90 E,,,230851.238,900803.8972
3600089,BOSTON,22-Sep-2013,9:52 AM,Property damage only (none injured),1,0,0,Single vehicle crash,V1: Travelling straight ahead,V1:Eastbound ,V1: Collision with guardrail ,"V1: Light truck(van, mini-van, panel, pickup, sport utility) with only four tires",Wet,Daylight,Cloudy/Rain,,STORROW DRIVE / CHARLESGATE OVERPASS,,,BOWKER OVERPASS,,233443.0167,900107.9706
3611134,BOSTON,22-Sep-2013,10:10 AM,Property damage only (none injured),2,0,0,Angle,V1: Travelling straight ahead / V2:Travelling straight ahead,V1:Southbound / V2:Westbound ,V1: Collision with motor vehicle in traffic / V2: Collision with motor vehicle in traffic ,V1: Passenger car / V2:Passenger car,Dry,Daylight,Cloudy,GALLIVAN BOULEVARD Rte 203 W / ADAMS STREET,,,,GAS STATION EXIT,,236640.2032,892562.3124
3599017,BOSTON,22-Sep-2013,10:25 AM,Property damage only (none injured),3,0,0,Rear-end,V1: Turning left / V2:Parked / V3:Parked,V1:Eastbound / V2:Eastbound / V3:Eastbound ,V1: Collision with parked motor vehicle / V2: Collision with motor vehicle in traffic / V3: Collision with motor vehicle in traffic ,"V1: Passenger car / V2:Passenger car / V3:Light truck(van, mini-van, panel, pickup, sport utility) with only four tires",Wet,Daylight,Cloudy/Rain,MORTON STREET / JAMES SHEA CIRCLE Rte 203 E / MORTON STREET Rte 203 E,,,,,,232443.5159,894490.0626
3600090,BOSTON,22-Sep-2013,1:13 PM,Property damage only (none injured),2,0,0,Rear-end,V1: Slowing or stopped in traffic / V2:Travelling straight ahead,V1:Westbound / V2:Westbound ,V1: Collision with motor vehicle in traffic / V2: Collision with motor vehicle in traffic ,"V1: Light truck(van, mini-van, panel, pickup, sport utility) with only four tires / V2:Light truck(van, mini-van, panel, pickup, sport utility) with only four tires",Dry,Daylight,Clear,,STORROW DRIVE Rte 28 S / RAMP - RT 3 TO RT 28 SB,,,CHARLES CIRCLE,,235273.7059,901451.163
3594260,BOSTON,22-Sep-2013,3:10 PM,Non-fatal injury,1,1,0,Single vehicle crash,V1: Turning right,V1:Eastbound ,"V1: Collision with cyclist (bicycle, tricycle, unicycle, pedal car) ",V1: Passenger car,Dry,Daylight,Clear,WILLIAM DAY BOULEVARD / MOUNT VERNON STREET,,,,AT THE MT. VERNON ST. EXTENSION,"P2:Pedalcyclist (bicycle, tricycle, unicycle, pedal car)",237125.8127,896759.0623
3607925,BOSTON,22-Sep-2013,3:15 PM,Property damage only (none injured),2,0,0,Rear-end,V1: Slowing or stopped in traffic / V2:Travelling straight ahead,V1:Eastbound / V2:Eastbound ,V1: Collision with motor vehicle in traffic / V2: Collision with motor vehicle in traffic ,"V1: Passenger car / V2:Light truck(van, mini-van, panel, pickup, sport utility) with only four tires",Dry,Daylight,Not Reported,SOLDIERS FIELD ROAD,,,,PRIOR TO BU BRIDGE,,231481.8339,900947.1158
3623031,BOSTON,22-Sep-2013,3:20 PM,Non-fatal injury,1,1,0,Single vehicle crash,V1: Turning left,V1:Not reported ,V1: Collision with pedestrian ,V1: Passenger car,Dry,Daylight,Clear,OCALLAGHAN WAY / GAVIN WAY,,,,,P3:Pedestrian,236745.8283,897314.1875
3600134,BOSTON,22-Sep-2013,3:45 PM,Property damage only (none injured),4,0,0,Rear-end,V1: Slowing or stopped in traffic / V2:Travelling straight ahead / V3:Travelling straight ahead / V4:Travelling straight ahead,V1:Northbound / V2:Northbound / V3:Northbound / V4:Northbound ,V1: Collision with motor vehicle in traffic / V2: Collision with motor vehicle in traffic / V3: Collision with motor vehicle in traffic / V4: Collision with motor vehicle in traffic ,V1: Passenger car / V2:Passenger car / V3:Passenger car / V4:Passenger car,Dry,Daylight,Clear/Cloudy,,Rte 93 N,Rte 93  N Milemarker 16.9,,,,236742.6233,900426.5825
3605719,BOSTON (BRIGHTON),22-Sep-2013,3:50 PM,Non-fatal injury,1,1,0,Single vehicle crash,V1: Travelling straight ahead,V1:Southbound ,V1: Collision with utility pole ,V1: Passenger car,Dry,Dark - lighted roadway,Cloudy,LINCOLN STREET / EVERETT STREET,,,,,,229824.7534,900852.0127
3738352,BOSTON (MATTAPAN),22-Sep-2013,9:47 PM,Property damage only (none injured),2,0,0,"Sideswipe, same direction",V1: Travelling straight ahead / V2:Parked,V1:Westbound / V2:Not reported ,V1: Collision with parked motor vehicle / V2: Not reported ,"V1: Light truck(van, mini-van, panel, pickup, sport utility) with only four tires / V2:Light truck(van, mini-van, panel, pickup, sport utility) with only four tires",Dry,Dark - lighted roadway,Clear,,5 COURTLAND ROAD,,,,,233493.4574,892959.2596
3608604,BOSTON,22-Sep-2013,10:44 PM,Fatal injury,1,0,1,Single vehicle crash,V1: Travelling straight ahead,V1:Eastbound ,V1: Other ,V1: Motorcycle,Dry,Dark - lighted roadway,Clear,,STORROW DRIVE Rte 28 N / RAMP TO CHARLES CIRCLE,,,MUGAR WAY E/B AFTER LONGFELLOW B,,235254.1559,901367.9068
3659587,BOSTON,23-Sep-2013,00:00 AM,Property damage only (none injured),2,0,0,"Sideswipe, same direction",V1: Parked / V2:Travelling straight ahead,V1:Northbound / V2:Northbound ,V1: Collision with motor vehicle in traffic / V2: Collision with parked motor vehicle ,V1: Passenger car / V2:Passenger car,Dry,Dark - lighted roadway,Clear,,,,,TAXI POOL PARKING LOT LOGAN,,,
3611136,BOSTON,23-Sep-2013,7:51 AM,Property damage only (none injured),2,0,0,Rear-end,V1: Changing lanes / V2:Changing lanes,V1:Northbound / V2:Northbound ,V1: Collision with motor vehicle in traffic / V2: Collision with motor vehicle in traffic ,V1: Passenger car / V2:Passenger car,Dry,Daylight,Clear,,Rte 93 N / UNKNOWN,,Exit 14 on Rte 93 N,,,237258.9796,894483.3974
3634435,BOSTON (DORCHESTER),23-Sep-2013,8:05 AM,Property damage only (none injured),1,0,0,Angle,V1: Travelling straight ahead,V1:Not reported ,V1: Collision with motor vehicle in traffic ,V1: Passenger car,Dry,Daylight,Clear,NEPONSET AVENUE / NORTH MUNROE TERRACE,,,,,,237037.25,893720.5624
3738183,BOSTON (DORCHESTER),23-Sep-2013,9:09 AM,Non-fatal injury,2,1,0,Angle,V1: Not reported / V2:Not reported,V1:Not reported / V2:Not reported ,V1: Not reported / V2: Not reported ,"V1: Light truck(van, mini-van, panel, pickup, sport utility) with only four tires / V2:Passenger car",Dry,Daylight,Clear,BLUE HILL AVENUE / WALES STREET,,,,,,234083.3136,894327.0305
3595456,BOSTON,23-Sep-2013,12:45 PM,Property damage only (none injured),2,0,0,Rear-end,V1: Slowing or stopped in traffic / V2:Travelling straight ahead,V1:Westbound / V2:Westbound ,V1: Collision with motor vehicle in traffic / V2: Collision with motor vehicle in traffic ,"V1: Light truck(van, mini-van, panel, pickup, sport utility) with only four tires / V2:Light truck(van, mini-van, panel, pickup, sport utility) with only four tires",Dry,Daylight,Clear,,STORROW DRIVE Rte UNKNOW W,,,LEE POOL,,235411.5544,901620.2122
3600135,BOSTON,23-Sep-2013,1:29 PM,Property damage only (none injured),2,0,0,"Sideswipe, same direction",V1: Turning left / V2:Turning left,V1:Eastbound / V2:Eastbound ,V1: Collision with motor vehicle in traffic / V2: Collision with motor vehicle in traffic ,"V1: Light truck(van, mini-van, panel, pickup, sport utility) with only four tires / V2:Tractor/semi-trailer",Dry,Daylight,Clear,FRONTAGE ROAD / MASSACHUSETTS AVENUE CONNECTOR / RAMP - FRONTAGE ROAD TO RT 93 NB,,,,FRONTAGE RD N/B @ MASS AVE CONNE,,235865.0173,898419.1854
3627036,BOSTON,23-Sep-2013,6:11 PM,Property damage only (none injured),2,0,0,Angle,V1: Travelling straight ahead / V2:Travelling straight ahead,V1:Eastbound / V2:Northbound ,V1: Collision with motor vehicle in traffic / V2: Collision with motor vehicle in traffic ,"V1: Passenger car / V2:Light truck(van, mini-van, panel, pickup, sport utility) with only four tires",Dry,Daylight,Clear,,NORTH BEACON STREET / BIRMINGHAM PARKWAY,,,,,228439.0625,900920.8752
3594428,BOSTON,23-Sep-2013,6:44 PM,Non-fatal injury,3,1,0,Rear-end,V1: Travelling straight ahead / V2:Slowing or stopped in traffic / V3:Slowing or stopped in traffic,V1:Eastbound / V2:Eastbound / V3:Eastbound ,V1: Collision with motor vehicle in traffic / V2: Collision with motor vehicle in traffic / V3: Collision with motor vehicle in traffic ,"V1: Light truck(van, mini-van, panel, pickup, sport utility) with only four tires / V2:Light truck(van, mini-van, panel, pickup, sport utility) with only four tires / V3:Light truck(van, mini-van, panel, pickup, sport utility) with only four tires",Dry,Daylight,Clear,,COLUMBIA ROAD / RAMP - RT 93 NB TO COLUMBIA RD,,,JFK T STATION,,236881.9926,896871.1539
3651586,BOSTON,24-Sep-2013,5:47 AM,Not Reported,2,0,0,Head-on,V1: Travelling straight ahead / V2:Travelling straight ahead,V1:Not reported / V2:Not reported ,V1: Collision with motor vehicle in traffic / V2: Collision with motor vehicle in traffic ,V1: Passenger car / V2:Passenger car,Dry,Dawn,Clear/Clear,COLUMBIA ROAD / QUINCY STREET,,,,,,235432.4218,895739.2499
3737969,BOSTON,24-Sep-2013,7:03 AM,Non-fatal injury,1,1,0,Angle,V1: Turning left,V1:Northbound ,"V1: Collision with cyclist (bicycle, tricycle, unicycle, pedal car) ","V1: Light truck(van, mini-van, panel, pickup, sport utility) with only four tires",Wet,Daylight,Rain/Cloudy,NEW ENGLAND AVENUE / TALBOT AVENUE,,,,,"P2:Pedalcyclist (bicycle, tricycle, unicycle, pedal car)",234869.0467,893559.8123
3599012,BOSTON,24-Sep-2013,7:44 AM,Property damage only (none injured),2,0,0,Rear-end,V1: Changing lanes / V2:Slowing or stopped in traffic,V1:Northbound / V2:Southbound ,V1: Collision with motor vehicle in traffic / V2: Collision with motor vehicle in traffic ,V1: Passenger car / V2:Passenger car,Dry,Daylight,Clear,,Rte 93 N / UNKNOWN,,Exit 26 on Rte 93 N,,,236402.7433,901600.0342
3651276,BOSTON,24-Sep-2013,8:05 AM,Property damage only (none injured),2,0,0,Rear-end,V1: Slowing or stopped in traffic / V2:Travelling straight ahead,V1:Eastbound / V2:Eastbound ,V1: Collision with motor vehicle in traffic / V2: Collision with motor vehicle in traffic ,"V1: Light truck(van, mini-van, panel, pickup, sport utility) with only four tires / V2:Light truck(van, mini-van, panel, pickup, sport utility) with only four tires",Dry,Daylight,Clear,MORTON STREET Rte 203 E / WEST MAIN STREET,,,,,,233476.0939,893128.8752
3600136,BOSTON,24-Sep-2013,8:25 AM,Property damage only (none injured),3,0,0,Rear-end,V1: Slowing or stopped in traffic / V2:Slowing or stopped in traffic / V3:Slowing or stopped in traffic,V1:Southbound / V2:Southbound / V3:Southbound ,V1: Collision with motor vehicle in traffic / V2: Collision with motor vehicle in traffic / V3: Collision with motor vehicle in traffic ,"V1: Passenger car / V2:Passenger car / V3:Single-unit truck (2-axle, 6-tire)",Dry,Daylight,Clear,,Rte 93 S,,Exit 24 on Rte 93 S,,,236397.1933,901565.6511
3601155,BOSTON,24-Sep-2013,10:00 AM,Non-fatal injury,2,1,0,Rear-end,V1: Travelling straight ahead / V2:Travelling straight ahead,V1:Not reported / V2:Not reported ,V1: Collision with motor vehicle in traffic / V2: Collision with motor vehicle in traffic ,"V1: Light truck(van, mini-van, panel, pickup, sport utility) with only four tires / V2:Passenger car",Dry,Daylight,Clear/Clear,ALFORD STREET / MAIN STREET,,,,,,235095.149,903898.9816
3604855,BOSTON,24-Sep-2013,3:15 PM,Property damage only (none injured),3,0,0,Single vehicle crash,V1: Travelling straight ahead / V2:Slowing or stopped in traffic / V3:Changing lanes,V1:Southbound / V2:Southbound / V3:Southbound ,V1: Collision with motor vehicle in traffic / V2: Collision with motor vehicle in traffic / V3: Collision with motor vehicle in traffic ,"V1: Light truck(van, mini-van, panel, pickup, sport utility) with only four tires / V2:Light truck(van, mini-van, panel, pickup, sport utility) with only four tires / V3:Single-unit truck (2-axle, 6-tire)",Dry,Daylight,Clear,,Rte 93 S,,Exit 12 on Rte 93 S,,,237620.5493,892713.0989
3604391,BOSTON,24-Sep-2013,3:40 PM,Property damage only (none injured),2,0,0,Rear-end,V1: Slowing or stopped in traffic / V2:Travelling straight ahead,V1:Southbound / V2:Southbound ,V1: Collision with motor vehicle in traffic / V2: Collision with motor vehicle in traffic ,V1: Passenger car / V2:Passenger car,Dry,Daylight,Clear,,Rte 93 S / UNKNOWN,,Exit 15 on Rte 93 S,,,236629.6253,897168.5001
3636533,BOSTON (DORCHESTER),24-Sep-2013,4:00 PM,Not Reported,2,0,0,Not reported,V1: Parked / V2:Travelling straight ahead,V1:Not reported / V2:Not reported ,V1: Not reported / V2: Collision with motor vehicle in traffic ,V1: Passenger car / V2:Passenger car,Not reported,Not reported,Not Reported,,120 feet N from Intersection 11 MOUNT IDA ROAD / BOWDOIN STREET,,,,,235816.5643,895265.1399
3611116,BOSTON,24-Sep-2013,4:20 PM,Property damage only (none injured),2,0,0,"Sideswipe, same direction",V1: Changing lanes / V2:Travelling straight ahead,V1:Southbound / V2:Southbound ,V1: Collision with motor vehicle in traffic / V2: Collision with motor vehicle in traffic ,"V1: Passenger car / V2:Light truck(van, mini-van, panel, pickup, sport utility) with only four tires",Dry,Daylight,Cloudy,,Rte 93 S,,Exit 15 on Rte 93,,,236629.6253,897168.5001
3605936,BOSTON (ALLSTON),24-Sep-2013,5:57 PM,Non-fatal injury,2,1,0,Angle,V1: Turning left / V2:Travelling straight ahead,V1:Southbound / V2:Westbound ,V1: Not reported / V2: Not reported ,"V1: Passenger car / V2:Light truck(van, mini-van, panel, pickup, sport utility) with only four tires",Dry,Daylight,Clear,WESTERN AVENUE Rte 125 / BATTEN WAY,,,,,,231028.7656,901539.8751
3601025,BOSTON,24-Sep-2013,7:00 PM,Non-fatal injury,2,4,0,Angle,V1: Turning left / V2:Travelling straight ahead,V1:Northbound / V2:Eastbound ,V1: Collision with motor vehicle in traffic / V2: Collision with motor vehicle in traffic ,V1: Passenger car / V2:Passenger car,Dry,Dark - lighted roadway,Cloudy,CUMMINS HIGHWAY / GREENFIELD ROAD,,,,,,232456.3491,891327.3674
3604856,BOSTON,25-Sep-2013,5:48 AM,Non-fatal injury,3,1,0,Rear-end,V1: Slowing or stopped in traffic / V2:Slowing or stopped in traffic / V3:Travelling straight ahead,V1:Northbound / V2:Northbound / V3:Northbound ,V1: Collision with motor vehicle in traffic / V2: Collision with motor vehicle in traffic / V3: Collision with motor vehicle in traffic ,"V1: Light truck(van, mini-van, panel, pickup, sport utility) with only four tires / V2:Passenger car / V3:Light truck(van, mini-van, panel, pickup, sport utility) with only four tires",Dry,Dawn,Clear,,GENERAL CASIMIR PULASKI SKYWAY Rte 93 N / RAMP - RT 93 NB TO MORRISSEY BLVD,,,NEPONSET,,237259.1687,894482.9519
3620347,BOSTON,25-Sep-2013,7:48 AM,Property damage only (none injured),2,0,0,Rear-end,V1: Slowing or stopped in traffic / V2:Slowing or stopped in traffic,V1:Eastbound / V2:Eastbound ,V1: Collision with motor vehicle in traffic / V2: Collision with motor vehicle in traffic ,"V1: Passenger car / V2:Light truck(van, mini-van, panel, pickup, sport utility) with only four tires",Dry,Daylight,Clear,,Rte 90 E / UNKNOWN,,Exit 24 on Rte 90 E,,,236020.7529,899669.4659
3604661,BOSTON,25-Sep-2013,8:50 AM,Property damage only (none injured),2,0,0,Rear-end,V1: Slowing or stopped in traffic / V2:Travelling straight ahead,V1:Westbound / V2:Westbound ,V1: Collision with motor vehicle in traffic / V2: Collision with motor vehicle in traffic ,V1: Passenger car / V2:Passenger car,Dry,Daylight,Not Reported,,Rte 90 W / UNKNOWN,,,,,228315.5153,900874.051
3605192,BOSTON,25-Sep-2013,1:35 PM,Property damage only (none injured),2,0,0,"Sideswipe, same direction",V1: Travelling straight ahead / V2:Travelling straight ahead,V1:Northbound / V2:Northbound ,V1: Collision with motor vehicle in traffic / V2: Collision with motor vehicle in traffic ,"V1: Light truck(van, mini-van, panel, pickup, sport utility) with only four tires / V2:Light truck(van, mini-van, panel, pickup, sport utility) with only four tires",Dry,Daylight,Clear,,Rte 93 N / UNKNOWN,,Exit 23 on Rte 93 N,,,236957.4837,900943.9828
3600158,BOSTON,25-Sep-2013,2:45 PM,Property damage only (none injured),2,0,0,"Sideswipe, same direction",V1: Changing lanes / V2:Entering traffic lane,V1:Southbound / V2:Southbound ,V1: Collision with motor vehicle in traffic / V2: Collision with curb ,V1: Single-unit truck (3-or-more axles) / V2:Passenger car,Dry,Daylight,Clear,RUTHERFORD AVENUE / WASHINGTON STREET,,,,RUTHERFORD AVE/N. WASHINGTON ST,,235895.9779,902568.31
3634439,BOSTON (DORCHESTER),25-Sep-2013,3:10 PM,Property damage only (none injured),2,0,0,Not reported,V1: Travelling straight ahead / V2:Parked,V1:Not reported / V2:Not reported ,V1: Collision with fence / V2: Collision with parked motor vehicle ,V1: Passenger car / V2:Passenger car,Not reported,Not reported,Not Reported,,43 FREEPORT STREET,,,,,236477.5813,895181.8483
3600137,BOSTON,25-Sep-2013,5:00 PM,Property damage only (none injured),2,0,0,Angle,V1: Turning right / V2:Travelling straight ahead,V1:Southbound / V2:Southbound ,V1: Collision with motor vehicle in traffic / V2: Collision with motor vehicle in traffic ,"V1: Light truck(van, mini-van, panel, pickup, sport utility) with only four tires / V2:Passenger car",Dry,Daylight,Clear,,Rte 93 S,,Exit 18 on Rte 93 S,@FRONTAGE SOUTH,,236013.2783,899092.9981