Crash Number,City/Town Name,Crash Date,Crash Time,Crash Severity,Number of Vehicles,Total Nonfatal Injuries,Total Fatal Injuries,Manner of Collision,Vehicle Action Prior to Crash,Vehicle Travel Directions,Most Harmful Events,Vehicle Configuration,Road Surface Condition,Ambient Light,Weather Condition,At Roadway Intersection,Distance from Nearest Roadway Intersection,Distance from Nearest Milemarker,Distance from Nearest Exit,Distance from Nearest Landmark,Non Motorist Type,X Coordinate,Y Coordinate
3604020,BOSTON,01-Oct-2013,5:10 PM,Property damage only (none injured),2,0,0,Rear-end,V1: Slowing or stopped in traffic / V2:Travelling straight ahead,V1:Westbound / V2:Westbound ,V1: Collision with motor vehicle in traffic / V2: Collision with motor vehicle in traffic ,"V1: Light truck(van, mini-van, panel, pickup, sport utility) with only four tires / V2:Light truck(van, mini-van, panel, pickup, sport utility) with only four tires",Dry,Daylight,Clear,,Rte 90 E / UNKNOWN,,,,,228164.3301,900848.8102
3607492,BOSTON,01-Oct-2013,6:10 PM,Property damage only (none injured),2,0,0,Rear-end,V1: Travelling straight ahead / V2:Not reported,V1:Northbound / V2:Not reported ,V1: Collision with motor vehicle in traffic / V2: Not reported ,V1: Passenger car / V2:Not reported,Dry,Daylight,Cloudy,,Rte 93 N / UNKNOWN,,Exit 26 on Rte 93 N,,,236402.7433,901600.0342
3605595,BOSTON,01-Oct-2013,6:28 PM,Property damage only (none injured),2,0,0,Rear-end,V1: Changing lanes / V2:Slowing or stopped in traffic,V1:Northbound / V2:Northbound ,V1: Collision with motor vehicle in traffic / V2: Collision with motor vehicle in traffic ,"V1: Passenger car / V2:Bus (seats for more than 15 people, including driver)",Dry,Daylight,Cloudy,,FENWAY / BOYLSTON STREET,,,BOYLSTON ST,,233753.6727,899644.6763
3607516,BOSTON,01-Oct-2013,10:30 PM,Property damage only (none injured),2,0,0,Rear-end,V1: Slowing or stopped in traffic / V2:Travelling straight ahead,V1:Northbound / V2:Northbound ,V1: Collision with motor vehicle in traffic / V2: Collision with motor vehicle in traffic ,"V1: Passenger car / V2:Light truck(van, mini-van, panel, pickup, sport utility) with only four tires",Dry,Dark - lighted roadway,Not Reported,,RAMP - COLUMBIA RD TO RT 93 NB / RAMP - RT 93 NB TO COLUMBIA RD,,,,,236831.3192,896882.8777
3605778,BOSTON (ALLSTON),02-Oct-2013,7:33 AM,Non-fatal injury,2,1,0,Angle,V1: Travelling straight ahead / V2:Turning left,V1:Not reported / V2:Not reported ,V1: Collision with motor vehicle in traffic / V2: Collision with motor vehicle in traffic ,"V1: Light truck(van, mini-van, panel, pickup, sport utility) with only four tires / V2:Passenger car",Dry,Daylight,Clear/Clear,WESTERN AVENUE / WAVERLY STREET,,,,,,229603.672,901389.6875
3611144,BOSTON,02-Oct-2013,8:49 AM,Property damage only (none injured),4,0,0,Rear-end,V1: Slowing or stopped in traffic / V2:Slowing or stopped in traffic / V3:Slowing or stopped in traffic / V4:Changing lanes,V1:Northbound / V2:Northbound / V3:Northbound / V4:Northbound ,V1: Collision with motor vehicle in traffic / V2: Collision with motor vehicle in traffic / V3: Collision with motor vehicle in traffic / V4: Collision with motor vehicle in traffic ,V1: Passenger car / V2:Passenger car / V3:Passenger car / V4:Passenger car,Dry,Daylight,Clear,,JOHN F FITZGERALD EXPRESSWAY Rte 93 N / RAMP - RT 93 NB TO COLUMBIA RD,,,"93N , NORTH OF EXIT 15",,236952.4956,896537.4075
3655435,BOSTON,02-Oct-2013,9:34 AM,Property damage only (none injured),2,0,0,Rear-end,V1: Travelling straight ahead / V2:Slowing or stopped in traffic,V1:Northbound / V2:Northbound ,V1: Collision with motor vehicle in traffic / V2: Collision with motor vehicle in traffic ,V1: Passenger car / V2:Passenger car,Dry,Daylight,Clear,WILLIAM T MORRISSEY BOULEVARD / RAMP - RT 93 NB TO MORRISSEY BLVD,,,,BOTOM OF THE RAMP FROM RT. 93 NO,,237259.4913,894834.6611
3607933,BOSTON,02-Oct-2013,10:14 AM,Property damage only (none injured),1,0,0,Single vehicle crash,V1: Leaving traffic lane,V1:Northbound ,V1: Collision with light pole or other post/support ,V1: Passenger car,Dry,Daylight,Clear,,1125 CENTRE STREET,,,,,230823.4983,894667.0628
3607391,BOSTON,02-Oct-2013,1:26 PM,Property damage only (none injured),1,0,0,Angle,V1: Turning left,V1:Northbound ,V1: Not reported ,V1: Unknown vehicle configuration,Dry,Daylight,Clear/Clear,TREMONT STREET / SAINT ALPHONSUS STREET,,,,,"P2:Pedalcyclist (bicycle, tricycle, unicycle, pedal car)",232856.9062,898128.8752
3611118,BOSTON,02-Oct-2013,2:40 PM,Property damage only (none injured),2,0,0,"Sideswipe, same direction",V1: Leaving traffic lane / V2:Parked,V1:Eastbound / V2:Eastbound ,V1: Collision with parked motor vehicle / V2: Collision with motor vehicle in traffic ,V1: Passenger car / V2:Passenger car,Dry,Daylight,Clear,,200 feet E from Intersection WILLIAM DAY BOULEVARD / EAST BROADWAY,,,,,239269.7044,898560.0706
3605801,BOSTON,02-Oct-2013,2:40 PM,Non-fatal injury,2,1,0,Angle,V1: Travelling straight ahead / V2:Travelling straight ahead,V1:Northbound / V2:Northbound ,V1: Collision with motor vehicle in traffic / V2: Collision with motor vehicle in traffic ,"V1: Light truck(van, mini-van, panel, pickup, sport utility) with only four tires / V2:Light truck(van, mini-van, panel, pickup, sport utility) with only four tires",Dry,Daylight,Clear,WEST FIRST STREET / C STREET,,,,,,237068.2654,899119.8123
3605203,BOSTON,02-Oct-2013,2:40 PM,Fatal injury,1,0,1,Single vehicle crash,V1: Changing lanes,V1:Eastbound ,V1: Collision with light pole or other post/support ,V1: Motorcycle,Dry,Daylight,Not Reported,,CHARLESGATE OVERPASS / CHARLESGATE EAST,,,,,233778.131,900180.7794
3658508,BOSTON,02-Oct-2013,3:30 PM,Property damage only (none injured),2,0,0,Angle,V1: Turning left / V2:Entering traffic lane,V1:Southbound / V2:Westbound ,V1: Collision with moped / V2: Collision with motor vehicle in traffic ,"V1: Light truck(van, mini-van, panel, pickup, sport utility) with only four tires / V2:Motorcycle",Dry,Daylight,Clear,,BIRMINGHAM PARKWAY / NORTH BEACON STREET,,,,,228439.0628,900920.8752
3606159,BOSTON,02-Oct-2013,5:30 PM,Property damage only (none injured),2,0,0,Rear-end,V1: Travelling straight ahead / V2:Travelling straight ahead,V1:Southbound / V2:Southbound ,V1: Collision with motor vehicle in traffic / V2: Collision with motor vehicle in traffic ,V1: Passenger car / V2:Passenger car,Dry,Daylight,Clear,,Rte 93 S / UNKNOWN,,Exit 26 on Rte 93 S,,,234851.4113,903728.5151
3611253,BOSTON,02-Oct-2013,6:05 PM,Not Reported,2,0,0,"Sideswipe, same direction",V1: Turning right / V2:Parked,V1:Not reported / V2:Not reported ,V1: Not reported / V2: Not reported ,V1: Tractor/semi-trailer / V2:Passenger car,Dry,Dusk,Clear/Clear,DORCHESTER AVENUE / D STREET,,,,,,236507.5,898221.5626
3606235,BOSTON,03-Oct-2013,7:22 AM,Property damage only (none injured),2,0,0,Rear-end,V1: Slowing or stopped in traffic / V2:Travelling straight ahead,V1:Eastbound / V2:Eastbound ,V1: Collision with motor vehicle in traffic / V2: Collision with motor vehicle in traffic ,V1: Passenger car / V2:Passenger car,Dry,Daylight,Not Reported,,Rte 90 E / UNKNOWN,,,,,235432.197,899793.544
3605777,BOSTON (ALLSTON),03-Oct-2013,7:55 AM,Non-fatal injury,1,1,0,Single vehicle crash,V1: Travelling straight ahead,V1:Eastbound ,"V1: Collision with cyclist (bicycle, tricycle, unicycle, pedal car) ",V1: Passenger car,Dry,Daylight,Clear,,32 BRIGHTON AVENUE,,,,"P2:Pedalcyclist (bicycle, tricycle, unicycle, pedal car)",230744.6277,900269.0472
3604027,BOSTON,03-Oct-2013,8:35 AM,Property damage only (none injured),2,0,0,Rear-end,V1: Slowing or stopped in traffic / V2:Travelling straight ahead,V1:Westbound / V2:Westbound ,V1: Collision with motor vehicle in traffic / V2: Collision with motor vehicle in traffic ,"V1: Light truck(van, mini-van, panel, pickup, sport utility) with only four tires / V2:Passenger car",Dry,Daylight,Clear,,MASSACHUSETTS TURNPIKE Rte 90 W / TED WILLIAMS TUNNEL,,,TED WILLIAMS TUNNEL,,239051.4028,900924.2439
3626795,BOSTON (DORCHESTER),03-Oct-2013,10:45 AM,Non-fatal injury,2,1,0,Not reported,V1: Not reported / V2:Not reported,V1:Not reported / V2:Not reported ,V1: Not reported / V2: Not reported ,"V1: Light truck(van, mini-van, panel, pickup, sport utility) with only four tires / V2:Passenger car",Dry,Dark - lighted roadway,Clear,BOWDOIN STREET / DEVER STREET,,,,,,235497.7971,894971.8751
3605206,BOSTON,03-Oct-2013,10:45 AM,Property damage only (none injured),2,0,0,Rear-end,V1: Slowing or stopped in traffic / V2:Travelling straight ahead,V1:Westbound / V2:Westbound ,V1: Collision with motor vehicle in traffic / V2: Collision with motor vehicle in traffic ,V1: Passenger car / V2:Passenger car,Dry,Daylight,Not Reported,,STORROW DRIVE Rte 28 N / RAMP TO CHARLES CIRCLE,,,CHARLES ST. FOOTBRIDGE,,235230.1894,901233.2042
3605779,BOSTON (ALLSTON),03-Oct-2013,12:59 PM,Property damage only (none injured),2,0,0,Not reported,V1: Travelling straight ahead / V2:Turning left,V1:Northbound / V2:Southbound ,V1: Not reported / V2: Collision with motor vehicle in traffic ,V1: Motorcycle / V2:Passenger car,Dry,Daylight,Clear/Clear,KELTON STREET / COMMONWEALTH AVENUE,,,,,,229654.2346,899844.9999
3611119,BOSTON,03-Oct-2013,1:54 PM,Non-fatal injury,2,1,0,"Sideswipe, same direction",V1: Entering traffic lane / V2:Travelling straight ahead,V1:Southbound / V2:Southbound ,V1: Collision with motor vehicle in traffic / V2: Collision with motor vehicle in traffic ,V1: Passenger car / V2:Single-unit truck (3-or-more axles),Dry,Daylight,Clear,,Rte 93 S,,Exit 15 on Rte 93,EXIT 15,,236629.6253,897168.5001
3606160,BOSTON,03-Oct-2013,3:27 PM,Property damage only (none injured),2,0,0,Rear-end,V1: Slowing or stopped in traffic / V2:Travelling straight ahead,V1:Westbound / V2:Westbound ,V1: Collision with motor vehicle in traffic / V2: Collision with motor vehicle in traffic ,V1: Passenger car / V2:Passenger car,Dry,Daylight,Clear,,Rte 90 W / UNKNOWN,,,,,232572.2182,899870.4883
3607097,BOSTON,03-Oct-2013,5:00 PM,Property damage only (none injured),2,0,0,Rear-end,V1: Travelling straight ahead / V2:Travelling straight ahead,V1:Eastbound / V2:Eastbound ,V1: Collision with motor vehicle in traffic / V2: Collision with motor vehicle in traffic ,V1: Passenger car / V2:Passenger car,Dry,Daylight,Clear,,Rte 90 E,,Exit 24 on Rte 90 E,,,236020.7529,899669.4659
3656074,BOSTON,03-Oct-2013,8:56 PM,Non-fatal injury,1,1,0,Single vehicle crash,V1: Travelling straight ahead,V1:Southbound ,V1: Collision with pedestrian ,V1: Passenger car,Dry,Dark - lighted roadway,Clear,,Rte 93 S / UNKNOWN,,Exit 15 on Rte 93 S,,P2:Pedestrian,236629.6253,897168.5001
3604028,BOSTON,03-Oct-2013,10:48 PM,Property damage only (none injured),2,0,0,Rear-end,V1: Slowing or stopped in traffic / V2:Travelling straight ahead,V1:Southbound / V2:Southbound ,V1: Collision with motor vehicle in traffic / V2: Collision with motor vehicle in traffic ,"V1: Light truck(van, mini-van, panel, pickup, sport utility) with only four tires / V2:Light truck(van, mini-van, panel, pickup, sport utility) with only four tires",Dry,Dark - lighted roadway,Clear,,Rte 93 S / UNKNOWN,,Exit 23 on Rte 93 S,,,236856.2793,901152.8251
3604029,BOSTON,03-Oct-2013,11:05 PM,Property damage only (none injured),2,0,0,"Sideswipe, same direction",V1: Changing lanes / V2:Travelling straight ahead,V1:Southbound / V2:Southbound ,V1: Collision with motor vehicle in traffic / V2: Collision with motor vehicle in traffic ,"V1: Passenger car / V2:Light truck(van, mini-van, panel, pickup, sport utility) with only four tires",Dry,Dark - lighted roadway,Clear,,Rte 93 S / UNKNOWN,,Exit 18 on Rte 93 S,,,236013.2783,899092.9981
3604671,BOSTON,04-Oct-2013,00:00 AM,Property damage only (none injured),2,0,0,Angle,V1: Changing lanes / V2:Travelling straight ahead,V1:Southbound / V2:Southbound ,V1: Collision with motor vehicle in traffic / V2: Collision with motor vehicle in traffic ,"V1: Passenger car / V2:Light truck(van, mini-van, panel, pickup, sport utility) with only four tires",Dry,Dark - lighted roadway,Clear,,MAURICE TOBIN BRIDGE Rte 1 S / TOBIN BRIDGE Rte 1 S,,,,,236932.1631,903431.9261
3655436,BOSTON,04-Oct-2013,7:45 AM,Property damage only (none injured),3,0,0,Rear-end,V1: Slowing or stopped in traffic / V2:Slowing or stopped in traffic / V3:Travelling straight ahead,V1:Southbound / V2:Southbound / V3:Southbound ,V1: Collision with motor vehicle in traffic / V2: Collision with motor vehicle in traffic / V3: Collision with motor vehicle in traffic ,V1: Passenger car / V2:Passenger car / V3:Passenger car,Dry,Daylight,Clear,,JOHN F FITZGERALD EXPRESSWAY Rte 93 S,,,93S SAVIN HILL,,236860.6473,895757.6719
3606704,BOSTON,04-Oct-2013,10:43 AM,Property damage only (none injured),2,0,0,Rear-end,V1: Travelling straight ahead / V2:Travelling straight ahead,V1:Eastbound / V2:Eastbound ,V1: Collision with motor vehicle in traffic / V2: Collision with motor vehicle in traffic ,V1: Passenger car / V2:Passenger car,Dry,Daylight,Cloudy,,MASSACHUSETTS TURNPIKE Rte 90 E / RAMP - RT 90 EB TO STUART STREET & HUNTI,,,PRU TUNNEL,,234723.4884,899775.0855
3606238,BOSTON,04-Oct-2013,11:29 AM,Property damage only (none injured),2,0,0,"Sideswipe, same direction",V1: Travelling straight ahead / V2:Changing lanes,V1:Eastbound / V2:Eastbound ,V1: Collision with motor vehicle in traffic / V2: Collision with motor vehicle in traffic ,"V1: Passenger car / V2:Light truck(van, mini-van, panel, pickup, sport utility) with only four tires",Dry,Daylight,Clear,RAMP - STORROW DRIVE TO LEVERETT CONNECT / EMBANKMENT ROAD Rte 28 N,,,,LEVERETT CIRCLE,,235446.4686,901669.7367
3608842,BOSTON,04-Oct-2013,12:52 PM,Property damage only (none injured),2,0,0,Rear-end,V1: Slowing or stopped in traffic / V2:Slowing or stopped in traffic,V1:Westbound / V2:Westbound ,V1: Collision with motor vehicle in traffic / V2: Collision with motor vehicle in traffic ,V1: Passenger car / V2:Passenger car,Wet,Daylight,Rain,HOTEL DRIVE / HARBORSIDE DRIVE,,,,HOTEL DRIVE,,239115.9147,901723.3359
3623832,BOSTON,04-Oct-2013,1:35 PM,Property damage only (none injured),2,0,0,Angle,V1: Travelling straight ahead / V2:Turning left,V1:Eastbound / V2:Southbound ,V1: Collision with motor vehicle in traffic / V2: Collision with motor vehicle in traffic ,"V1: Light truck(van, mini-van, panel, pickup, sport utility) with only four tires / V2:Passenger car",Wet,Daylight,Cloudy/Rain,,WESTERN AVENUE / RAMP-WESTERN AV TO SOLDIERS FIELD RD WB,,,ARSENAL ST IN WATERTOWN,,229108.8424,901293.6773
3606705,BOSTON,04-Oct-2013,2:07 PM,Property damage only (none injured),1,0,0,Single vehicle crash,V1: Travelling straight ahead,V1:Northbound ,V1: Other ,"V1: Light truck(van, mini-van, panel, pickup, sport utility) with only four tires",Wet,Daylight,Rain,,JOHN F FITZGERALD EXPRESSWAY Rte 93 N / RAMP - FRONTAGE ROAD TO RT 93 NB,,Exit EXIT 2 on Rte 93 N,,,235994.6086,898956.9362
3656632,BOSTON,04-Oct-2013,2:40 PM,Non-fatal injury,3,1,0,Rear-end,V1: Travelling straight ahead / V2:Travelling straight ahead / V3:Travelling straight ahead,V1:Westbound / V2:Westbound / V3:Westbound ,V1: Collision with guardrail / V2: Collision with guardrail / V3: Collision with motor vehicle in traffic ,V1: Passenger car / V2:Passenger car / V3:Passenger car,Wet,Daylight,Cloudy,,SOLDIERS FIELD ROAD Rte UNKNOW W / NORTH HARVARD STREET,,,,,230992.3482,902048.2872
3605209,BOSTON,04-Oct-2013,2:45 PM,Not Reported,1,0,0,Angle,V1: Travelling straight ahead,V1:Eastbound ,V1: Collision with guardrail ,V1: Passenger car,Wet,Daylight,Cloudy,EMBANKMENT ROAD Rte 28 N / RAMP TO CHARLES CIRCLE,,,,MUGAR WAY E/B BY CHARLES ST. CIR,,235254.3907,901130.5454
3605208,BOSTON,04-Oct-2013,2:45 PM,Not Reported,1,0,0,Angle,V1: Travelling straight ahead,V1:Eastbound ,V1: Collision with guardrail ,"V1: Light truck(van, mini-van, panel, pickup, sport utility) with only four tires",Wet,Daylight,Cloudy,,STORROW DRIVE Rte 28 N / RAMP TO CHARLES CIRCLE,,,MUGAR WAY E/B  BY CHARLES ST. CI,,235252.8707,901162.9905
3604677,BOSTON,04-Oct-2013,2:50 PM,Property damage only (none injured),2,0,0,Rear-end,V1: Slowing or stopped in traffic / V2:Travelling straight ahead,V1:Southbound / V2:Southbound ,V1: Collision with motor vehicle in traffic / V2: Collision with motor vehicle in traffic ,V1: Passenger car / V2:Passenger car,Wet,Daylight,Cloudy/Rain,,SOLDIERS FIELD ROAD / RAMP - WESTERN AVE TO SOLDIERS FIELD RD,,,RIVER STREET UNDERPASS,,231498.2135,901220.3366
3611478,BOSTON,04-Oct-2013,4:05 PM,Property damage only (none injured),2,0,0,"Sideswipe, same direction",V1: Travelling straight ahead / V2:Changing lanes,V1:Eastbound / V2:Eastbound ,V1: Collision with motor vehicle in traffic / V2: Collision with motor vehicle in traffic ,"V1: Light truck(van, mini-van, panel, pickup, sport utility) with only four tires / V2:Light truck(van, mini-van, panel, pickup, sport utility) with only four tires",Wet,Daylight,Cloudy/Rain,,STORROW DRIVE / UNIVERSITY ROAD,,,,,232259.9749,900196.5272
3662719,BOSTON,04-Oct-2013,5:32 PM,Not Reported,2,0,0,"Sideswipe, same direction",V1: Parked / V2:Travelling straight ahead,V1:Not reported / V2:Not reported ,V1: Collision with parked motor vehicle / V2: Collision with parked motor vehicle ,"V1: Passenger car / V2:Bus (seats for more than 15 people, including driver)",Dry,Daylight,Clear/Clear,,DAVENPORT STREET,,,,,,
3605210,BOSTON,04-Oct-2013,6:10 PM,Property damage only (none injured),2,0,0,Rear-end,V1: Slowing or stopped in traffic / V2:Travelling straight ahead,V1:Westbound / V2:Westbound ,V1: Collision with motor vehicle in traffic / V2: Collision with motor vehicle in traffic ,"V1: Light truck(van, mini-van, panel, pickup, sport utility) with only four tires / V2:Light truck(van, mini-van, panel, pickup, sport utility) with only four tires",Dry,Daylight,Clear,,LEVERETT CONNECTOR SOUTH / RAMP-LEVERETT CONNECTOR TO STORROW DR WB,,,,,235779.7181,901862.2768
3606706,BOSTON,04-Oct-2013,6:20 PM,Property damage only (none injured),2,0,0,Rear-end,V1: Slowing or stopped in traffic / V2:Travelling straight ahead,V1:Southbound / V2:Southbound ,V1: Collision with motor vehicle in traffic / V2: Collision with motor vehicle in traffic ,V1: Passenger car / V2:Passenger car,Dry,Daylight,Not Reported,,JOHN F FITZGERALD EXPRESSWAY Rte 93 S / RAMP - LEVERETT CIRCLE TO RT 93 SB Rte 3 S,,,TUNNEL ENTRANCE,,236166.3629,901874.107
3607581,BOSTON,04-Oct-2013,7:47 PM,Property damage only (none injured),3,0,0,Rear-end,V1: Slowing or stopped in traffic / V2:Travelling straight ahead / V3:Slowing or stopped in traffic,V1:Southbound / V2:Southbound / V3:Southbound ,V1: Collision with motor vehicle in traffic / V2: Collision with motor vehicle in traffic / V3: Collision with motor vehicle in traffic ,"V1: Light truck(van, mini-van, panel, pickup, sport utility) with only four tires / V2:Light truck(van, mini-van, panel, pickup, sport utility) with only four tires / V3:Light truck(van, mini-van, panel, pickup, sport utility) with only four tires",Dry,Dark - roadway not lighted,Clear,,Rte 93 S / UNKNOWN,,Exit 26 on Rte 93 S,,,234851.4113,903728.5151
3752954,BOSTON,05-Oct-2013,2:10 AM,Non-fatal injury,2,1,0,Not reported,V1: Not reported / V2:Not reported,V1:Not reported / V2:Not reported ,V1: Not reported / V2: Not reported ,"V1: Light truck(van, mini-van, panel, pickup, sport utility) with only four tires / V2:Bus (seats for 7-15 people, including driver)",Not reported,Not reported,Not Reported,BERKELEY STREET / SAINT JAMES AVENUE,,,,,,235209.3127,900078.5001
3789159,BOSTON,05-Oct-2013,2:25 AM,Non-fatal injury,2,1,0,Angle,V1: Travelling straight ahead / V2:Travelling straight ahead,V1:Northbound / V2:Northbound ,V1: Collision with motor vehicle in traffic / V2: Collision with motor vehicle in traffic ,"V1: Passenger car / V2:Light truck(van, mini-van, panel, pickup, sport utility) with only four tires",Dry,Dark - lighted roadway,Clear,,DORCHESTER AVENUE / KEMP STREET,,,,,236521.1156,897470.1969
3604664,BOSTON,05-Oct-2013,2:40 AM,Property damage only (none injured),2,0,0,"Sideswipe, same direction",V1: Changing lanes / V2:Travelling straight ahead,V1:Westbound / V2:Westbound ,V1: Collision with motor vehicle in traffic / V2: Collision with motor vehicle in traffic ,"V1: Passenger car / V2:Light truck(van, mini-van, panel, pickup, sport utility) with only four tires",Dry,Dark - lighted roadway,Clear,,MASSACHUSETTS TURNPIKE Rte 90 W,,,FENWAY PARK,,231117.5801,900853.6587
3607382,BOSTON,05-Oct-2013,2:50 AM,Property damage only (none injured),2,0,0,Not reported,V1: Travelling straight ahead / V2:Travelling straight ahead,V1:Westbound / V2:Northbound ,V1: Collision with motor vehicle in traffic / V2: Collision with motor vehicle in traffic ,"V1: Light truck(van, mini-van, panel, pickup, sport utility) with only four tires / V2:Passenger car",Not reported,Not reported,Not Reported,,174 DUDLEY STREET / HARRISON STREET,,,,,234427.7165,897647.7509
3605776,BOSTON (ALLSTON),05-Oct-2013,2:58 AM,Non-fatal injury,2,1,0,Head-on,V1: Travelling straight ahead / V2:Turning left,V1:Westbound / V2:Not reported ,V1: Collision with motor vehicle in traffic / V2: Collision with motor vehicle in traffic ,V1: Passenger car / V2:Passenger car,Dry,Dark - lighted roadway,Clear,COMMONWEALTH AVENUE / HARVARD AVENUE,,,,,,230403.9531,900047.9373
3611471,BOSTON,05-Oct-2013,5:02 AM,Property damage only (none injured),2,0,0,Rear-end,V1: Travelling straight ahead / V2:Slowing or stopped in traffic,V1:Southbound / V2:Southbound ,V1: Collision with motor vehicle in traffic / V2: Collision with motor vehicle in traffic ,"V1: Light truck(van, mini-van, panel, pickup, sport utility) with only four tires / V2:Light truck(van, mini-van, panel, pickup, sport utility) with only four tires",Dry,Dark - roadway not lighted,Not Reported,RAMP - RT 1A/ RT 90 WB TO AIRPORT ROAD D / RAMP - RT 1A/ RT 90 WB TO AIRPORT ROAD A,,,,,,238986.8282,902276.385
3636199,BOSTON,05-Oct-2013,9:41 AM,Property damage only (none injured),1,0,0,Single vehicle crash,V1: Turning left,V1:Westbound ,V1: Not reported ,V1: Tractor/semi-trailer,Dry,Daylight,Clear,,SERVICE ROAD / FRANKFORT STREET,,,NEAR UNITED AIRLINES BLDG LOT,,239030.0154,903128.9377
3608852,BOSTON,05-Oct-2013,11:40 AM,Property damage only (none injured),3,0,0,Rear-end,V1: Travelling straight ahead / V2:Slowing or stopped in traffic / V3:Slowing or stopped in traffic,V1:Northbound / V2:Northbound / V3:Northbound ,V1: Collision with motor vehicle in traffic / V2: Collision with motor vehicle in traffic / V3: Collision with motor vehicle in traffic ,"V1: Light truck(van, mini-van, panel, pickup, sport utility) with only four tires / V2:Passenger car / V3:Passenger car",Dry,Daylight,Clear,,Rte 93 N / UNKNOWN,,Exit 12 on Rte 93 N,,,237641.3431,892708.5028
3604858,BOSTON,05-Oct-2013,4:01 PM,Non-fatal injury,2,3,0,Angle,V1: Travelling straight ahead / V2:Turning left,V1:Eastbound / V2:Westbound ,V1: Collision with motor vehicle in traffic / V2: Collision with motor vehicle in traffic ,V1: Passenger car / V2:Passenger car,Dry,Daylight,Clear,,MORTON STREET Rte 203 / HARVARD STREET,,,,,233493.5311,893100.9999
3607493,BOSTON,05-Oct-2013,5:20 PM,Property damage only (none injured),2,0,0,Rear-end,V1: Slowing or stopped in traffic / V2:Travelling straight ahead,V1:Northbound / V2:Northbound ,V1: Collision with motor vehicle in traffic / V2: Collision with motor vehicle in traffic ,"V1: Light truck(van, mini-van, panel, pickup, sport utility) with only four tires / V2:Passenger car",Dry,Daylight,Clear,RAMP - RT 90 TO RT 93 NB / JOHN F FITZGERALD EXPRESSWAY Rte 93 N,,,,RAMP D,,236586.4586,900220.4936
3730941,BOSTON,05-Oct-2013,6:28 PM,Property damage only (none injured),2,0,0,"Sideswipe, opposite direction",V1: Travelling straight ahead / V2:Travelling straight ahead,V1:Southbound / V2:Northbound ,V1: Collision with motor vehicle in traffic / V2: Collision with motor vehicle in traffic ,"V1: Passenger car / V2:Light truck(van, mini-van, panel, pickup, sport utility) with only four tires",Dry,Dark - lighted roadway,Clear/Cloudy,HOTEL DRIVE / AIRPORT WAY / RAMP-RT 90 EB TO HOTEL DRIVE,,,,SERVICE ROAD,,239150.2356,902066.9176
3611044,BOSTON,05-Oct-2013,11:05 PM,Property damage only (none injured),2,0,0,"Sideswipe, same direction",V1: Changing lanes / V2:Travelling straight ahead,V1:Westbound / V2:Westbound ,V1: Collision with other movable object / V2: Collision with other movable object ,V1: Passenger car / V2:Passenger car,Dry,Dark - lighted roadway,Not Reported,,NONANTUM ROAD Rte UNKNOW / BROOKS STREET,,,,,227893.8746,900926.2354
3607582,BOSTON,06-Oct-2013,1:13 AM,Non-fatal injury,1,2,0,Single vehicle crash,V1: Changing lanes,V1:Northbound ,V1: Collision with median barrier ,V1: Passenger car,Wet,Dark - lighted roadway,Cloudy/Rain,,Rte 93 N / UNKNOWN,,Exit 27 on Rte 93 N,,,235655.07,902467.5364
3607494,BOSTON,06-Oct-2013,1:32 AM,Property damage only (none injured),2,0,0,Rear-end,V1: Travelling straight ahead / V2:Travelling straight ahead,V1:Northbound / V2:Northbound ,V1: Collision with motor vehicle in traffic / V2: Collision with motor vehicle in traffic ,V1: Passenger car / V2:Passenger car,Wet,Dark - lighted roadway,Cloudy/Rain,,Rte 93 N / UNKNOWN,,Exit 27 on Rte 93 N,,,235655.07,902467.5364
3606333,BOSTON,06-Oct-2013,1:35 AM,Property damage only (none injured),1,0,0,Single vehicle crash,V1: Leaving traffic lane,V1:Eastbound ,V1: Collision with guardrail ,V1: Passenger car,Wet,Dark - lighted roadway,Rain,,GENERAL CASIMIR PULASKI SKYWAY Rte 93 N / RAMP - RT 93 NB TO MORRISSEY BLVD,,,,,237259.1687,894482.9519
3623228,BOSTON,06-Oct-2013,1:50 AM,Non-fatal injury,1,3,0,Single vehicle crash,V1: Travelling straight ahead,V1:Eastbound ,V1: Collision with guardrail ,V1: Passenger car,Wet,Dark - lighted roadway,Cloudy,,STORROW DRIVE Rte 28 N / RAMP TO CHARLES CIRCLE,,,S TURN,,235257.2013,901371.1284
3611045,BOSTON,06-Oct-2013,3:27 AM,Property damage only (none injured),1,0,0,Single vehicle crash,V1: Turning left,V1:Westbound ,V1: Reported but invalid ,V1: Passenger car,Wet,Dark - lighted roadway,Not Reported,,SOLDIERS FIELD ROAD Rte UNKNOW W,,,AT THE NEWELL BOATHOUSE,,230787.0834,902179.9392
3611029,BOSTON,06-Oct-2013,3:43 AM,Property damage only (none injured),1,0,0,Single vehicle crash,V1: Slowing or stopped in traffic,V1:Westbound ,V1: Collision with guardrail ,V1: Motorcycle,Wet,Dark - unknown roadway lighting,Not Reported,,SOLDIERS FIELD ROAD Rte UNKNOW W,,,AT THE NEWELL BOATHOUSE,,230787.0834,902179.9392
3608609,BOSTON,06-Oct-2013,4:55 AM,Property damage only (none injured),1,0,0,Single vehicle crash,V1: Changing lanes,V1:Southbound ,V1: Collision with guardrail ,V1: Passenger car,Dry,Dark - lighted roadway,Clear,,Rte 93 S / UNKNOWN,,Exit 15 on Rte 93 S,,,236629.6253,897168.5001