Crash Number,City/Town Name,Crash Date,Crash Time,Crash Severity,Number of Vehicles,Total Nonfatal Injuries,Total Fatal Injuries,Manner of Collision,Vehicle Action Prior to Crash,Vehicle Travel Directions,Most Harmful Events,Vehicle Configuration,Road Surface Condition,Ambient Light,Weather Condition,At Roadway Intersection,Distance from Nearest Roadway Intersection,Distance from Nearest Milemarker,Distance from Nearest Exit,Distance from Nearest Landmark,Non Motorist Type,X Coordinate,Y Coordinate
3607583,BOSTON,06-Oct-2013,7:16 AM,Property damage only (none injured),1,0,0,Single vehicle crash,V1: Travelling straight ahead,V1:Southbound ,V1: Collision with median barrier ,V1: Passenger car,Wet,Dark - lighted roadway,Rain,,Rte 93 S / UNKNOWN,,Exit 26 on Rte 93 S,RAMP-NS,,234851.4113,903728.5151
3658267,BOSTON,06-Oct-2013,8:03 AM,Property damage only (none injured),1,0,0,Single vehicle crash,V1: Travelling straight ahead,V1:Westbound ,V1: Collision with guardrail ,V1: Passenger car,Wet,Daylight,Not Reported,,SOLDIERS FIELD ROAD Rte UNKNOW W / NORTH HARVARD STREET,,,,,230992.3482,902048.2872
3604254,BOSTON,06-Oct-2013,8:40 AM,Property damage only (none injured),2,0,0,Rear-end,V1: Travelling straight ahead / V2:Travelling straight ahead,V1:Eastbound / V2:Eastbound ,V1: Collision with motor vehicle in traffic / V2: Collision with motor vehicle in traffic ,V1: Passenger car / V2:Passenger car,Wet,Daylight,Rain,,MASSACHUSETTS AVENUE / BOYLSTON STREET,,,MASS AVE.,,233956.6839,899756.2474
3625031,BOSTON,06-Oct-2013,10:02 AM,Non-fatal injury,2,1,0,Rear-end,V1: Slowing or stopped in traffic / V2:Travelling straight ahead,V1:Eastbound / V2:Eastbound ,V1: Collision with motor vehicle in traffic / V2: Collision with motor vehicle in traffic ,V1: Passenger car / V2:Motorcycle,Not reported,Daylight,Cloudy,EAST BROADWAY / K STREET,,,,,,238120.7654,898447.3126
3605496,BOSTON,06-Oct-2013,10:39 AM,Non-fatal injury,1,1,0,Single vehicle crash,V1: Travelling straight ahead,V1:Eastbound ,V1: Collision with guardrail ,V1: Passenger car,Wet,Daylight,Cloudy/Rain,,MASSACHUSETTS TURNPIKE Rte 90 E,,Exit 19 on Rte 90 E,,,231172.4291,900805.7626
3608853,BOSTON,06-Oct-2013,11:02 AM,Property damage only (none injured),1,0,0,Single vehicle crash,V1: Turning right,V1:Westbound ,V1: Collision with guardrail ,V1: Passenger car,Wet,Daylight,Rain,,Rte 93 S / UNKNOWN,,Exit 12 on Rte 93 S,,,237620.5493,892713.0989
3605497,BOSTON,06-Oct-2013,11:08 AM,Non-fatal injury,1,2,0,Single vehicle crash,V1: Travelling straight ahead,V1:Eastbound ,V1: Collision with median barrier ,V1: Passenger car,Wet,Daylight,Cloudy/Rain,,Rte 90 E / UNKNOWN,,Exit 18 on Rte 90 E,,,230714.9765,900764.6942
3607507,BOSTON,06-Oct-2013,11:35 AM,Property damage only (none injured),3,0,0,"Sideswipe, same direction",V1: Turning right / V2:Turning right / V3:Parked,V1:Eastbound / V2:Eastbound / V3:Not reported ,V1: Collision with guardrail / V2: Collision with motor vehicle in traffic / V3: Collision with motor vehicle in traffic ,"V1: Light truck(van, mini-van, panel, pickup, sport utility) with only four tires / V2:Light truck(van, mini-van, panel, pickup, sport utility) with only four tires / V3:Light truck(van, mini-van, panel, pickup, sport utility) with only four tires",Wet,Daylight,Rain,,STORROW DRIVE Rte 28 N / RAMP - STORROW DRIVE TO LEVERETT CONNECT,,,BY MASS EYE AND EAR,,235334.0836,901418.6969
3607597,BOSTON,06-Oct-2013,12:40 PM,Property damage only (none injured),1,0,0,Single vehicle crash,V1: Turning left,V1:Eastbound ,V1: Other ,V1: Passenger car,Wet,Daylight,Cloudy/Rain,,STORROW DRIVE / RAMP - BERKELEY ST TO RT 28 NB,,,STORROW TUNNEL RAMPS,,235145.8574,900717.8265
3631738,BOSTON (BRIGHTON),06-Oct-2013,12:41 PM,Non-fatal injury,1,1,0,Angle,V1: Travelling straight ahead,V1:Westbound ,V1: Not reported ,V1: Passenger car,Wet,Dusk,Cloudy/Rain,CAMBRIDGE STREET / EMERY ROAD,,,,,"P2:Pedalcyclist (bicycle, tricycle, unicycle, pedal car)",230011.9377,900483.5627
3725468,BOSTON,06-Oct-2013,3:15 PM,Non-fatal injury,1,3,0,Single vehicle crash,V1: Travelling straight ahead,V1:Westbound ,V1: Collision with pedestrian ,V1: Passenger car,Wet,Daylight,Rain,COLUMBUS AVENUE / DARTMOUTH STREET,,,,,P3:Pedestrian / P4:Pedestrian / P5:Pedestrian,235001.2497,899566.1033
3611467,BOSTON,06-Oct-2013,3:25 PM,Property damage only (none injured),2,0,0,Rear-end,V1: Travelling straight ahead / V2:Slowing or stopped in traffic,V1:Westbound / V2:Southbound ,V1: Collision with motor vehicle in traffic / V2: Collision with motor vehicle in traffic ,"V1: Passenger car / V2:Light truck(van, mini-van, panel, pickup, sport utility) with only four tires",Dry,Daylight,Cloudy/Rain,,Rte 90 W / UNKNOWN,,Exit 24 on Rte 90 W,RAMP D,,238090.4393,899691.5691
3608606,BOSTON,06-Oct-2013,4:58 PM,Not Reported,1,0,0,Single vehicle crash,V1: Travelling straight ahead,V1:Eastbound ,V1: Collision with curb ,V1: Passenger car,Wet,Daylight,Cloudy,STORROW DRIVE Rte 28 N / RAMP TO CHARLES CIRCLE,,,,LONGFELLOW BRIDGE,,235254.3907,901130.5454
3611153,BOSTON,06-Oct-2013,5:10 PM,Non-fatal injury,2,3,0,Rear-end,V1: Slowing or stopped in traffic / V2:Slowing or stopped in traffic,V1:Southbound / V2:Westbound ,V1: Collision with motor vehicle in traffic / V2: Collision with motor vehicle in traffic ,V1: Passenger car / V2:Passenger car,Dry,Daylight,Clear,,MORTON STREET Rte UNKNOW / EVANS STREET,,,,,234273.0086,892342.2902
3611026,BOSTON,06-Oct-2013,5:12 PM,Non-fatal injury,2,2,0,Head-on,V1: Travelling straight ahead / V2:Changing lanes,V1:Southbound / V2:Northbound ,V1: Collision with motor vehicle in traffic / V2: Collision with motor vehicle in traffic ,"V1: Light truck(van, mini-van, panel, pickup, sport utility) with only four tires / V2:Passenger car",Wet,Daylight,Cloudy/Rain,,JAMAICAWAY Rte UNKNOW / BYNNER STREET,,,BETWEEN BYNNER AND PERKINS,,231761.9221,897172.3749
3607495,BOSTON,06-Oct-2013,5:20 PM,Property damage only (none injured),2,0,0,Rear-end,V1: Travelling straight ahead / V2:Travelling straight ahead,V1:Southbound / V2:Southbound ,V1: Collision with motor vehicle in traffic / V2: Collision with motor vehicle in traffic ,"V1: Light truck(van, mini-van, panel, pickup, sport utility) with only four tires / V2:Passenger car",Dry,Daylight,Cloudy/Rain,,Rte 93 S / UNKNOWN,,Exit 24 on Rte 93 S,,,236397.1933,901565.6511
3608848,BOSTON,06-Oct-2013,5:31 PM,Property damage only (none injured),2,0,0,Angle,V1: Travelling straight ahead / V2:Travelling straight ahead,V1:Westbound / V2:Westbound ,V1: Collision with motor vehicle in traffic / V2: Collision with motor vehicle in traffic ,"V1: Light truck(van, mini-van, panel, pickup, sport utility) with only four tires / V2:Passenger car",Wet,Daylight,Cloudy,,STORROW DRIVE Rte 28 S / RAMP - RT 3 TO RT 28 SB,,,MUGAR WAY W/B ON S TURN,,235237.2558,901153.7272
3604389,BOSTON,06-Oct-2013,8:18 PM,Property damage only (none injured),2,0,0,"Sideswipe, same direction",V1: Changing lanes / V2:Overtaking/passing,V1:Eastbound / V2:Eastbound ,V1: Collision with motor vehicle in traffic / V2: Collision with motor vehicle in traffic ,V1: Passenger car / V2:Passenger car,Wet,Dark - lighted roadway,Rain,,SOLDIERS FIELD ROAD Rte UNKNOW E / NORTH HARVARD STREET,,,,,230992.3482,902048.2872
3656222,BOSTON,06-Oct-2013,8:40 PM,Property damage only (none injured),4,0,0,Rear-end,V1: Entering traffic lane / V2:Travelling straight ahead / V3:Travelling straight ahead / V4:Travelling straight ahead,V1:Northbound / V2:Northbound / V3:Northbound / V4:Northbound ,V1: Collision with motor vehicle in traffic / V2: Collision with motor vehicle in traffic / V3: Collision with motor vehicle in traffic / V4: Collision with motor vehicle in traffic ,"V1: Passenger car / V2:Passenger car / V3:Light truck(van, mini-van, panel, pickup, sport utility) with only four tires / V4:Light truck(van, mini-van, panel, pickup, sport utility) with only four tires",Dry,Dark - lighted roadway,Cloudy,WILLIAM T MORRISSEY BOULEVARD / NEPONSET AVENUE,,,,,,237696.0819,892924.3425
3607584,BOSTON,06-Oct-2013,8:44 PM,Property damage only (none injured),1,0,0,Single vehicle crash,V1: Turning left,V1:Northbound ,V1: Collision with guardrail ,"V1: Light truck(van, mini-van, panel, pickup, sport utility) with only four tires",Wet,Dark - lighted roadway,Cloudy,,Rte 93 N / UNKNOWN,,Exit 27 on Rte 93 N,,,235655.07,902467.5364
3631931,BOSTON (ALLSTON),06-Oct-2013,9:00 PM,Property damage only (none injured),2,0,0,Angle,V1: Travelling straight ahead / V2:Turning left,V1:Eastbound / V2:Southbound ,V1: Collision with motor vehicle in traffic / V2: Collision with motor vehicle in traffic ,V1: Passenger car / V2:Passenger car,Wet,Dark - lighted roadway,Rain,COMMONWEALTH AVENUE / ALLSTON STREET,,,,,,229853.5679,899842.3698
3616768,BOSTON,06-Oct-2013,9:18 PM,Non-fatal injury,1,1,0,Single vehicle crash,V1: Leaving traffic lane,V1:Southbound ,V1: Collision with median barrier ,V1: Passenger car,Dry,Dark - lighted roadway,Rain,,Rte 93 S / UNKNOWN,,Exit 20 on Rte 93 S,,,236954.209,900826.9442
3607585,BOSTON,06-Oct-2013,9:58 PM,Not Reported,1,0,0,Single vehicle crash,V1: Travelling straight ahead,V1:Northbound ,V1: Collision with guardrail ,V1: Passenger car,Wet,Dark - lighted roadway,Cloudy,,LEVERETT CONNECTOR NORTH,,,LEVERETT BY PASS NB,,236004.4307,901966.5865
3607496,BOSTON,06-Oct-2013,11:46 PM,Property damage only (none injured),1,0,0,Single vehicle crash,V1: Leaving traffic lane,V1:Southbound ,V1: Collision with motor vehicle in traffic ,V1: Passenger car,Dry,Dark - lighted roadway,Rain,,Rte 93 S / UNKNOWN,,Exit 24 on Rte 93 S,,,236397.1933,901565.6511
3605704,BOSTON,07-Oct-2013,00:00 AM,Non-fatal injury,2,1,0,Single vehicle crash,V1: Travelling straight ahead / V2:Slowing or stopped in traffic,V1:Southbound / V2:Southbound ,V1: Collision with work zone maintenance equipment / V2: Collision with motor vehicle in traffic ,V1: Passenger car / V2:Other,Dry,Dark - lighted roadway,Clear,,Rte 93 S / UNKNOWN,,Exit 12 on Rte 93 S,,,237620.5493,892713.0989
3611046,BOSTON,07-Oct-2013,00:00 AM,Property damage only (none injured),1,0,0,Single vehicle crash,V1: Travelling straight ahead,V1:Westbound ,V1: Collision with guardrail ,"V1: Light truck(van, mini-van, panel, pickup, sport utility) with only four tires",Dry,Dark - lighted roadway,Clear,,SOLDIERS FIELD ROAD Rte UNKNOW W / NORTH HARVARD STREET,,,,,230992.3482,902048.2872
3607586,BOSTON,07-Oct-2013,4:30 AM,Property damage only (none injured),1,0,0,Single vehicle crash,V1: Other,V1:Westbound ,V1: Collision with motor vehicle in traffic ,V1: Passenger car,Wet,Dark - lighted roadway,Rain,,LEVERETT CONNECTOR SOUTH / RAMP - LEVERETT CONNECTOR TO NASHUA STRE,,,LEVERETT RAMP TO STORROW,,235928.9065,901863.9066
3608854,BOSTON,07-Oct-2013,5:25 AM,Property damage only (none injured),2,0,0,Rear-end,V1: Travelling straight ahead / V2:Travelling straight ahead,V1:Northbound / V2:Northbound ,V1: Collision with motor vehicle in traffic / V2: Collision with motor vehicle in traffic ,V1: Passenger car / V2:Passenger car,Wet,Dark - lighted roadway,Not Reported,,Rte 93 N / UNKNOWN,,Exit 13 on Rte 93 N,,,237420.1414,894076.5227
3608614,BOSTON,07-Oct-2013,6:18 AM,Non-fatal injury,1,1,0,Single vehicle crash,V1: Travelling straight ahead,V1:Southbound ,V1: Collision with pedestrian ,"V1: Light truck(van, mini-van, panel, pickup, sport utility) with only four tires",Dry,Daylight,Cloudy,,TURTLE POND PARKWAY Rte UNKNOW / 82,,,,P2:Pedestrian,229773.4027,888798.5505
3657988,BOSTON,07-Oct-2013,7:43 AM,Property damage only (none injured),1,0,0,Single vehicle crash,V1: Travelling straight ahead,V1:Westbound ,V1: Collision with guardrail ,V1: Passenger car,Wet,Daylight,Not Reported,,SOLDIERS FIELD ROAD / NORTH HARVARD STREET,,,,,230992.3482,902048.2872
3611409,BOSTON (DORCHESTER),07-Oct-2013,8:57 AM,Non-fatal injury,2,1,0,Not reported,V1: Travelling straight ahead / V2:Entering traffic lane,V1:Not reported / V2:Not reported ,V1: Not reported / V2: Collision with other movable object ,"V1: Passenger car / V2:Light truck(van, mini-van, panel, pickup, sport utility) with only four tires",Not reported,Not reported,Not Reported,,96 SUMNER STREET,,,,,236053.0066,896274.4767
3606332,BOSTON,07-Oct-2013,9:20 AM,Property damage only (none injured),1,0,0,Single vehicle crash,V1: Travelling straight ahead,V1:Westbound ,V1: Collision with overhead sign support ,"V1: Light truck(van, mini-van, panel, pickup, sport utility) with only four tires",Dry,Daylight,Clear,,STORROW DRIVE / RAMP - STORROW DR TO RT 2A WB,,,,,234232.3185,900363.1118
3606239,BOSTON,07-Oct-2013,10:16 AM,Property damage only (none injured),2,0,0,Rear-end,V1: Slowing or stopped in traffic / V2:Slowing or stopped in traffic,V1:Westbound / V2:Westbound ,V1: Collision with motor vehicle in traffic / V2: Collision with motor vehicle in traffic ,V1: Passenger car / V2:Passenger car,Wet,Daylight,Rain,,STORROW DRIVE Rte UNKNOW W,,,ACROSS FROM HATCH SHELL,,235176.6897,900826.525
3607497,BOSTON,07-Oct-2013,10:17 AM,Property damage only (none injured),2,0,0,Rear-end,V1: Slowing or stopped in traffic / V2:Travelling straight ahead,V1:Southbound / V2:Southbound ,V1: Collision with motor vehicle in traffic / V2: Collision with motor vehicle in traffic ,V1: Passenger car / V2:Passenger car,Dry,Daylight,Not Reported,,Rte 93 S / UNKNOWN,,Exit 26 on Rte 93 S,STATION TUNNEL,,234851.4113,903728.5151
3611114,BOSTON,07-Oct-2013,11:35 AM,Property damage only (none injured),1,0,0,Single vehicle crash,V1: Turning right,V1:Eastbound ,V1: Collision with median barrier ,V1: Passenger car,Wet,Daylight,Cloudy,,0 feet E from Intersection SOLDIERS FIELD ROAD / NORTH HARVARD STREET,,,,,230992.3482,902048.2872
3659599,BOSTON,07-Oct-2013,1:10 PM,Non-fatal injury,2,2,0,Angle,V1: Turning left / V2:Travelling straight ahead,V1:Southbound / V2:Eastbound ,V1: Collision with motor vehicle in traffic / V2: Collision with motor vehicle in traffic ,V1: Passenger car / V2:Passenger car,Dry,Daylight,Not Reported,,MORTON STREET Rte 203 W / RHOADES STREET,,,RHOADES STREET,,233562.3639,892839.1045
3623740,BOSTON,07-Oct-2013,1:25 PM,Property damage only (none injured),4,0,0,"Sideswipe, same direction",V1: Slowing or stopped in traffic / V2:Travelling straight ahead / V3:Travelling straight ahead / V4:Travelling straight ahead,V1:Southbound / V2:Southbound / V3:Southbound / V4:Southbound ,V1: Collision with motor vehicle in traffic / V2: Collision with motor vehicle in traffic / V3: Collision with motor vehicle in traffic / V4: Collision with motor vehicle in traffic ,"V1: Passenger car / V2:Single-unit truck (2-axle, 6-tire) / V3:Passenger car / V4:Passenger car",Dry,Daylight,Clear,,Rte 93 S,,Exit 24 on Rte 93 S,,,236397.1933,901565.6511
3637032,BOSTON,07-Oct-2013,7:52 PM,Non-fatal injury,4,5,0,Rear-end,V1: Slowing or stopped in traffic / V2:Slowing or stopped in traffic / V3:Slowing or stopped in traffic / V4:Travelling straight ahead,V1:Southbound / V2:Not reported / V3:Southbound / V4:Southbound ,V1: Collision with motor vehicle in traffic / V2: Collision with motor vehicle in traffic / V3: Collision with motor vehicle in traffic / V4: Collision with motor vehicle in traffic ,"V1: Light truck(van, mini-van, panel, pickup, sport utility) with only four tires / V2:Passenger car / V3:Light truck(van, mini-van, panel, pickup, sport utility) with only four tires / V4:Passenger car",Wet,Dark - roadway not lighted,Rain/Clear,,500 RUTHERFORD AVENUE,,,,,235252.8473,903461.2874
3607587,BOSTON,08-Oct-2013,7:25 AM,Property damage only (none injured),3,0,0,Rear-end,V1: Travelling straight ahead / V2:Travelling straight ahead / V3:Travelling straight ahead,V1:Southbound / V2:Southbound / V3:Southbound ,V1: Collision with motor vehicle in traffic / V2: Collision with motor vehicle in traffic / V3: Collision with motor vehicle in traffic ,V1: Passenger car / V2:Passenger car / V3:Passenger car,Dry,Daylight,Clear,,Rte 93 S / UNKNOWN,,Exit 24 on Rte 93 S,,,236397.1933,901565.6511
3640534,BOSTON (DORCHESTER),08-Oct-2013,7:42 AM,Not Reported,2,0,0,Unknown,V1: Travelling straight ahead / V2:Travelling straight ahead,V1:Not reported / V2:Not reported ,V1: Collision with motor vehicle in traffic / V2: Collision with motor vehicle in traffic ,V1: Passenger car / V2:Passenger car,Dry,Daylight,Clear/Clear,,FLORIDA STREET / LONSDALE STREET,,,,,236314.7811,893464.7498
3631932,BOSTON (ALLSTON),08-Oct-2013,8:11 AM,Property damage only (none injured),1,0,0,Not reported,V1: Turning right,V1:Eastbound ,"V1: Collision with cyclist (bicycle, tricycle, unicycle, pedal car) ",V1: Passenger car,Not reported,Not reported,Not Reported,COMMONWEALTH AVENUE / AMORY STREET,,,,,"P2:Pedalcyclist (bicycle, tricycle, unicycle, pedal car)",231820.7969,900103.4376
3665393,BOSTON,08-Oct-2013,9:57 AM,Not Reported,1,0,0,Single vehicle crash,V1: Not reported,V1:Westbound ,V1: Not reported ,V1: Passenger car,Not reported,Daylight,Not Reported,COLUMBUS AVENUE / CUNARD STREET,,,,BIKE LANE,"P2:Pedalcyclist (bicycle, tricycle, unicycle, pedal car)",234062.8638,898584.9546
3631739,BOSTON,08-Oct-2013,10:27 AM,Non-fatal injury,2,1,0,Rear-end,V1: Travelling straight ahead / V2:Slowing or stopped in traffic,V1:Westbound / V2:Not reported ,V1: Collision with motor vehicle in traffic / V2: Collision with motor vehicle in traffic ,V1: MOPED / V2:Passenger car,Dry,Daylight,Clear,ALLSTON STREET / WASHINGTON STREET,,,,,,229506.4217,899250.1875
3637031,BOSTON,08-Oct-2013,2:07 PM,Non-fatal injury,1,1,0,Single vehicle crash,V1: Not reported,V1:Westbound ,V1: Not reported ,V1: Unknown vehicle configuration,Dry,Daylight,Clear/Other,BEACON STREET / CHARLES STREET,,,,,,235472.1213,900720.2388
3607926,BOSTON,08-Oct-2013,2:53 PM,Property damage only (none injured),3,0,0,Rear-end,V1: Slowing or stopped in traffic / V2:Not reported / V3:Changing lanes,V1:Southbound / V2:Not reported / V3:Southbound ,V1: Collision with motor vehicle in traffic / V2: Not reported / V3: Collision with motor vehicle in traffic ,V1: Truck/trailer / V2:Tractor/semi-trailer / V3:Passenger car,Dry,Daylight,Clear,,Rte 93 S,,Exit 12 on Rte 93 S,,,237620.5493,892713.0989
3607928,BOSTON,08-Oct-2013,4:10 PM,Property damage only (none injured),2,0,0,"Sideswipe, same direction",V1: Changing lanes / V2:Not reported,V1:Southbound / V2:Not reported ,V1: Collision with motor vehicle in traffic / V2: Not reported ,V1: Passenger car / V2:Passenger car,Dry,Daylight,Clear,,Rte 93 S,,Exit 15 on Rte 93,,,236629.6253,897168.5001
3628744,BOSTON,08-Oct-2013,4:31 PM,Non-fatal injury,2,1,0,"Sideswipe, same direction",V1: Travelling straight ahead / V2:Slowing or stopped in traffic,V1:Not reported / V2:Not reported ,V1: Collision with motor vehicle in traffic / V2: Collision with motor vehicle in traffic ,"V1: Passenger car / V2:Bus (seats for more than 15 people, including driver)",Dry,Daylight,Clear,GENEVA AVENUE / WALDECK STREET,,,,CHARLES STREET,,235889.5779,894423.1877
3607498,BOSTON,08-Oct-2013,5:10 PM,Property damage only (none injured),2,0,0,Rear-end,V1: Turning right / V2:Slowing or stopped in traffic,V1:Northbound / V2:Northbound ,V1: Collision with motor vehicle in traffic / V2: Collision with motor vehicle in traffic ,"V1: Light truck(van, mini-van, panel, pickup, sport utility) with only four tires / V2:Passenger car",Dry,Daylight,Clear,,Rte 93 N / UNKNOWN,,,,,236555.8506,900137.1433
3607588,BOSTON,08-Oct-2013,5:35 PM,Property damage only (none injured),4,0,0,Rear-end,V1: Not reported / V2:Slowing or stopped in traffic / V3:Slowing or stopped in traffic / V4:Travelling straight ahead,V1:Southbound / V2:Southbound / V3:Southbound / V4:Southbound ,V1: Collision with motor vehicle in traffic / V2: Collision with motor vehicle in traffic / V3: Collision with motor vehicle in traffic / V4: Collision with motor vehicle in traffic ,"V1: Passenger car / V2:Passenger car / V3:Light truck(van, mini-van, panel, pickup, sport utility) with only four tires / V4:Light truck(van, mini-van, panel, pickup, sport utility) with only four tires",Dry,Dark - lighted roadway,Clear,,JOHN F FITZGERALD EXPRESSWAY Rte 93 S / RAMP - LEVERETT CIRCLE TO RT 93 SB Rte 3 S,,Exit 2 on Rte 93 S, SOUTH OF ZAKIM BRIDGE,,236243.8897,901772.8277
3607501,BOSTON,08-Oct-2013,6:37 PM,Non-fatal injury,1,1,0,Angle,V1: Backing,V1:Westbound ,V1: Collision with pedestrian ,"V1: Light truck(van, mini-van, panel, pickup, sport utility) with only four tires",Dry,Dusk,Not Reported,,,,,TERMINAL E LIMO PK LOT,"P2:Pedestrian / P3:Other non-motorist (wheelchair, etc.)",,
3611468,BOSTON,08-Oct-2013,6:45 PM,Property damage only (none injured),2,0,0,Rear-end,V1: Slowing or stopped in traffic / V2:Travelling straight ahead,V1:Northbound / V2:Northbound ,V1: Collision with motor vehicle in traffic / V2: Collision with motor vehicle in traffic ,"V1: Light truck(van, mini-van, panel, pickup, sport utility) with only four tires / V2:Passenger car",Dry,Dark - lighted roadway,Clear,,LEVERETT CONNECTOR NORTH / INTERSTATE 93 Rte 93 N,,,LEVERETT ON RAMP RT 93N,,234869.8342,903802.5029
3611148,BOSTON,08-Oct-2013,7:09 PM,Non-fatal injury,2,2,0,Rear-end,V1: Travelling straight ahead / V2:Slowing or stopped in traffic,V1:Southbound / V2:Southbound ,V1: Collision with motor vehicle in traffic / V2: Collision with motor vehicle in traffic ,"V1: Passenger car / V2:Light truck(van, mini-van, panel, pickup, sport utility) with only four tires",Dry,Dark - lighted roadway,Not Reported,,Rte 93 S / UNKNOWN,,Exit 15 on Rte 93 S,,,236629.6253,897168.5001
3611049,BOSTON,08-Oct-2013,8:00 PM,Property damage only (none injured),3,0,0,"Sideswipe, same direction",V1: Travelling straight ahead / V2:Travelling straight ahead / V3:Travelling straight ahead,V1:Southbound / V2:Southbound / V3:Southbound ,V1: Collision with motor vehicle in traffic / V2: Collision with motor vehicle in traffic / V3: Collision with motor vehicle in traffic ,V1: Passenger car / V2:Passenger car / V3:Passenger car,Dry,Dark - lighted roadway,Clear,,1205 VETERANS OF FOREIGN WARS PARKWAY,,,,,227145.2979,892334.6209
3665395,BOSTON,08-Oct-2013,10:52 PM,Non-fatal injury,2,4,0,Angle,V1: Travelling straight ahead / V2:Travelling straight ahead,V1:Not reported / V2:Not reported ,V1: Collision with motor vehicle in traffic / V2: Collision with motor vehicle in traffic ,V1: Motorcycle / V2:Passenger car,Dry,Dark - lighted roadway,Clear,COMMONWEALTH AVENUE / EXETER STREET,,,,,,234565.8362,900193.2808
3607099,BOSTON,08-Oct-2013,11:28 PM,Non-fatal injury,2,1,0,Rear-end,V1: Slowing or stopped in traffic / V2:Slowing or stopped in traffic,V1:Southbound / V2:Southbound ,V1: Collision with motor vehicle in traffic / V2: Collision with motor vehicle in traffic ,"V1: Passenger car / V2:Light truck(van, mini-van, panel, pickup, sport utility) with only four tires",Dry,Dark - lighted roadway,Clear,,CHARLES RIVER DAM ROAD Rte 28 S,,,CRAIGIE BRIDGE,,235492.2205,901934.1262
3631740,BOSTON,09-Oct-2013,8:30 AM,Non-fatal injury,1,1,0,Single vehicle crash,V1: Travelling straight ahead,V1:Not reported ,V1: Collision with pedestrian ,V1: Passenger car,Dry,Daylight,Clear,COMMONWEALTH AVENUE / GRIGGS STREET,,,,,P2:Pedestrian,230143.0625,899868.5627
3635976,BOSTON,09-Oct-2013,8:54 AM,Not Reported,2,0,0,Angle,V1: Slowing or stopped in traffic / V2:Backing,V1:Westbound / V2:Northbound ,V1: Collision with motor vehicle in traffic / V2: Collision with motor vehicle in traffic ,V1: Passenger car / V2:Passenger car,Dry,Daylight,Not Reported,,PORTER STREET / GENEVA STREET,,,FRONT OF EMBASSY SUITE HOTEL,,238595.9045,902307.5997
3607916,BOSTON,09-Oct-2013,8:58 AM,Property damage only (none injured),3,0,0,Rear-end,V1: Travelling straight ahead / V2:Travelling straight ahead / V3:Travelling straight ahead,V1:Southbound / V2:Southbound / V3:Southbound ,V1: Collision with motor vehicle in traffic / V2: Collision with motor vehicle in traffic / V3: Collision with motor vehicle in traffic ,"V1: Light truck(van, mini-van, panel, pickup, sport utility) with only four tires / V2:Light truck(van, mini-van, panel, pickup, sport utility) with only four tires / V3:Light truck(van, mini-van, panel, pickup, sport utility) with only four tires",Dry,Daylight,Clear,,Rte 93,,Exit 24 on Rte 93,,,236397.1933,901565.6511
3607508,BOSTON,09-Oct-2013,9:05 AM,Property damage only (none injured),2,0,0,Angle,V1: Turning left / V2:Travelling straight ahead,V1:Northbound / V2:Westbound ,V1: Collision with motor vehicle in traffic / V2: Collision with motor vehicle in traffic ,"V1: Light truck(van, mini-van, panel, pickup, sport utility) with only four tires / V2:Passenger car",Dry,Daylight,Clear,,NASHUA STREET Rte UNKNOW / LEVERETT CIRCLE,,,,,235565.4707,901894.5498
3608611,BOSTON,09-Oct-2013,9:17 AM,Non-fatal injury,2,1,0,Rear-end,V1: Slowing or stopped in traffic / V2:Travelling straight ahead,V1:Southbound / V2:Southbound ,V1: Collision with motor vehicle in traffic / V2: Collision with motor vehicle in traffic ,V1: Passenger car / V2:Passenger car,Dry,Daylight,Clear,,JOHN F FITZGERALD EXPRESSWAY Rte 93 S / RAMP - RT 93 SB TO COLUMBIA RD,,,93S PRIOR TO EXIT 15,,236618.3384,897184.6653
3607917,BOSTON,09-Oct-2013,9:29 AM,Property damage only (none injured),2,0,0,Angle,V1: Changing lanes / V2:Changing lanes,V1:Southbound / V2:Southbound ,V1: Collision with motor vehicle in traffic / V2: Collision with motor vehicle in traffic ,"V1: Passenger car / V2:Single-unit truck (2-axle, 6-tire)",Dry,Daylight,Clear,,Rte 93 S,,Exit 24 on Rte 93 S,,,236397.1933,901565.6511
3607499,BOSTON,09-Oct-2013,9:33 AM,Non-fatal injury,3,1,0,Rear-end,V1: Travelling straight ahead / V2:Travelling straight ahead / V3:Travelling straight ahead,V1:Southbound / V2:Southbound / V3:Southbound ,V1: Collision with motor vehicle in traffic / V2: Collision with motor vehicle in traffic / V3: Collision with motor vehicle in traffic ,"V1: Passenger car / V2:Passenger car / V3:Light truck(van, mini-van, panel, pickup, sport utility) with only four tires",Dry,Daylight,Clear,,RAMP - LEVERETT CONNECTOR TO STORROW DRI Rte 3A N / RAMP-RT 93 NB TO STORROW DRIVE Rte 3 N,,,STATION TUNNEL ENTRANCE,,235653.7538,901890.3315
3607528,BOSTON,09-Oct-2013,3:37 PM,Non-fatal injury,3,2,0,Rear-end,V1: Slowing or stopped in traffic / V2:Slowing or stopped in traffic / V3:Travelling straight ahead,V1:Northbound / V2:Northbound / V3:Northbound ,V1: Collision with motor vehicle in traffic / V2: Collision with motor vehicle in traffic / V3: Collision with motor vehicle in traffic ,V1: Passenger car / V2:Passenger car / V3:Passenger car,Dry,Daylight,Clear,,1680 VETERANS OF FOREIGN WARS PARKWAY,,,ACCESS RD FROM WAVES CAR WASH,,227369.9958,890412.2066
3606329,BOSTON,09-Oct-2013,8:04 PM,Property damage only (none injured),2,0,0,Rear-end,V1: Travelling straight ahead / V2:Slowing or stopped in traffic,V1:Southbound / V2:Southbound ,V1: Collision with motor vehicle in traffic / V2: Collision with motor vehicle in traffic ,V1: Passenger car / V2:Passenger car,Dry,Dark - unknown roadway lighting,Clear,,JOHN F FITZGERALD EXPRESSWAY Rte 1 S / TEMPORARY RAMP,,,CANA TUNNEL,,236056.7704,902374.6159