Crash Number,City/Town Name,Crash Date,Crash Time,Crash Severity,Number of Vehicles,Total Nonfatal Injuries,Total Fatal Injuries,Manner of Collision,Vehicle Action Prior to Crash,Vehicle Travel Directions,Most Harmful Events,Vehicle Configuration,Road Surface Condition,Ambient Light,Weather Condition,At Roadway Intersection,Distance from Nearest Roadway Intersection,Distance from Nearest Milemarker,Distance from Nearest Exit,Distance from Nearest Landmark,Non Motorist Type,X Coordinate,Y Coordinate
3607589,BOSTON,09-Oct-2013,9:00 PM,Property damage only (none injured),2,0,0,"Sideswipe, same direction",V1: Entering traffic lane / V2:Changing lanes,V1:Southbound / V2:Southbound ,V1: Collision with median barrier / V2: Collision with motor vehicle in traffic ,V1: Passenger car / V2:Passenger car,Dry,Dark - lighted roadway,Clear,,Rte 93 S / UNKNOWN,,Exit 26 on Rte 93 S,,,234851.4113,903728.5151
3730369,BOSTON,10-Oct-2013,6:25 AM,Property damage only (none injured),2,0,0,Rear-end,V1: Travelling straight ahead / V2:Slowing or stopped in traffic,V1:Northbound / V2:Northbound ,V1: Collision with motor vehicle in traffic / V2: Collision with motor vehicle in traffic ,"V1: Passenger car / V2:Light truck(van, mini-van, panel, pickup, sport utility) with only four tires",Dry,Dark - lighted roadway,Clear,,GENERAL CASIMIR PULASKI SKYWAY Rte 93 N,,,SAVIN HILL OVERPASS,,236862.234,895707.9101
3715498,BOSTON,10-Oct-2013,10:30 AM,Non-fatal injury,2,1,0,Angle,V1: Making U-turn / V2:Travelling straight ahead,V1:Not reported / V2:Not reported ,V1: Collision with motor vehicle in traffic / V2: Collision with motor vehicle in traffic ,V1: Passenger car / V2:Passenger car,Dry,Daylight,Clear,,2060 CENTRE STREET / ALBERTA STREET,,,,,228170.3127,892227
3610851,BOSTON (BRIGHTON),10-Oct-2013,11:43 AM,Property damage only (none injured),3,0,0,Angle,V1: Entering traffic lane / V2:Travelling straight ahead / V3:Not reported,V1:Westbound / V2:Westbound / V3:Not reported ,V1: Collision with motor vehicle in traffic / V2: Collision with motor vehicle in traffic / V3: Not reported ,"V1: Passenger car / V2:Bus (seats for more than 15 people, including driver) / V3:Passenger car",Dry,Daylight,Cloudy/Cloudy,,1963 COMMONWEALTH AVENUE,,,,,228238.1874,898843.5013
3712131,BOSTON,10-Oct-2013,2:05 PM,Non-fatal injury,2,1,0,Rear-end,V1: Slowing or stopped in traffic / V2:Travelling straight ahead,V1:Not reported / V2:Not reported ,V1: Collision with motor vehicle in traffic / V2: Collision with motor vehicle in traffic ,V1: Passenger car / V2:Passenger car,Dry,Daylight,Clear,,12 SPRING STREET,,,,,227989.1914,892012.7497
3611149,BOSTON,10-Oct-2013,2:25 PM,Non-fatal injury,2,1,0,Rear-end,V1: Travelling straight ahead / V2:Slowing or stopped in traffic,V1:Southbound / V2:Southbound ,V1: Collision with motor vehicle in traffic / V2: Collision with motor vehicle in traffic ,V1: Passenger car / V2:Passenger car,Dry,Daylight,Clear,,WILLIAM T MORRISSEY BOULEVARD,,,,,237106.1897,896580.3813
3956823,BOSTON (HYDE PARK),10-Oct-2013,9:06 PM,Not Reported,2,0,0,Rear-end,V1: Not reported / V2:Not reported,V1:Not reported / V2:Not reported ,V1: Not reported / V2: Not reported ,"V1: Light truck(van, mini-van, panel, pickup, sport utility) with only four tires / V2:Light truck(van, mini-van, panel, pickup, sport utility) with only four tires",Dry,Dark - lighted roadway,Clear,HYDE PARK AVENUE / ARLINGTON STREET,,,,,,231220.0627,890323.4373
3655224,BOSTON,10-Oct-2013,9:56 PM,Property damage only (none injured),2,0,0,Rear-end,V1: Travelling straight ahead / V2:Travelling straight ahead,V1:Westbound / V2:Westbound ,V1: Collision with motor vehicle in traffic / V2: Collision with motor vehicle in traffic ,V1: Passenger car / V2:Passenger car,Dry,Dark - lighted roadway,Clear,,SOLDIERS FIELD ROAD Rte UNKNOW W / NORTH HARVARD STREET,,,,,230992.3482,902048.2872
3606716,BOSTON,10-Oct-2013,11:36 PM,Property damage only (none injured),1,0,0,Single vehicle crash,V1: Travelling straight ahead,V1:Northbound ,V1: Collision with tree ,"V1: Light truck(van, mini-van, panel, pickup, sport utility) with only four tires",Dry,Dark - lighted roadway,Cloudy,,JAMAICAWAY Rte UNKNOW / 100,,,,,231452.2044,896078.0668
3659803,BOSTON (ROSLINDALE),11-Oct-2013,5:51 AM,Property damage only (none injured),1,0,0,Not reported,V1: Travelling straight ahead,V1:Not reported ,V1: Not reported ,"V1: Light truck(van, mini-van, panel, pickup, sport utility) with only four tires",Not reported,Not reported,Not Reported,,HYDE PARK AVENUE / BLAKEMORE STREET,,,,P2:Pedestrian,231433.3383,892850.5843
3656633,BOSTON,11-Oct-2013,6:44 AM,Non-fatal injury,2,1,0,Rear-end,V1: Slowing or stopped in traffic / V2:Changing lanes,V1:Northbound / V2:Northbound ,V1: Collision with motor vehicle in traffic / V2: Collision with motor vehicle in traffic ,V1: Passenger car / V2:Passenger car,Dry,Daylight,Clear,,Rte 93 N / UNKNOWN,,Exit 16 on Rte 93 N,,,236403.9842,897524.312
3607921,BOSTON,11-Oct-2013,11:15 AM,Property damage only (none injured),1,0,0,Single vehicle crash,V1: Travelling straight ahead,V1:Eastbound ,V1: Collision with curb ,V1: Passenger car,Dry,Daylight,Clear,,JAMAICAWAY / RIVERWAY,,,RT. 9 OVERPASS,,231901.0235,897993.2207
3611122,BOSTON,11-Oct-2013,11:24 AM,Property damage only (none injured),4,0,0,Rear-end,V1: Slowing or stopped in traffic / V2:Slowing or stopped in traffic / V3:Slowing or stopped in traffic / V4:Travelling straight ahead,V1:Northbound / V2:Northbound / V3:Northbound / V4:Northbound ,V1: Collision with motor vehicle in traffic / V2: Collision with motor vehicle in traffic / V3: Collision with motor vehicle in traffic / V4: Collision with motor vehicle in traffic ,V1: Passenger car / V2:Passenger car / V3:Passenger car / V4:Passenger car,Dry,Daylight,Clear,,Rte 93 N,,Exit 14 on Rte 93 N,,,237258.9796,894483.3974
3711944,BOSTON,11-Oct-2013,4:40 PM,Property damage only (none injured),2,0,0,"Sideswipe, same direction",V1: Travelling straight ahead / V2:Overtaking/passing,V1:Westbound / V2:Westbound ,V1: Collision with motor vehicle in traffic / V2: Collision with motor vehicle in traffic ,"V1: Light truck(van, mini-van, panel, pickup, sport utility) with only four tires / V2:Passenger car",Dry,Daylight,Clear,,FENWAY Rte UNKNOW / 300,,,SIMMONS COLLEGE,,233037.0994,898819.1715
3647645,BOSTON,11-Oct-2013,5:54 PM,Property damage only (none injured),2,0,0,"Sideswipe, same direction",V1: Changing lanes / V2:Travelling straight ahead,V1:Southbound / V2:Southbound ,V1: Collision with motor vehicle in traffic / V2: Collision with motor vehicle in traffic ,"V1: Passenger car / V2:Bus (seats for more than 15 people, including driver)",Dry,Daylight,Clear,WILLIAM T MORRISSEY BOULEVARD / FREEPORT STREET,,,,,,237149.8439,894580.3748
3611150,BOSTON,11-Oct-2013,6:52 PM,Property damage only (none injured),2,0,0,Rear-end,V1: Slowing or stopped in traffic / V2:Travelling straight ahead,V1:Northbound / V2:Northbound ,V1: Collision with motor vehicle in traffic / V2: Collision with motor vehicle in traffic ,"V1: Light truck(van, mini-van, panel, pickup, sport utility) with only four tires / V2:Passenger car",Dry,Dark - lighted roadway,Clear,,Rte 93 N / UNKNOWN,,Exit 15 on Rte 93 N,,,236972.2496,896473.4282
3752937,BOSTON,11-Oct-2013,9:29 PM,Property damage only (none injured),1,0,0,Single vehicle crash,V1: Travelling straight ahead,V1:Not reported ,V1: Collision with pedestrian ,V1: Passenger car,Dry,Dark - lighted roadway,Clear/Clear,,811 MASSACHUSETTS AVENUE / ALBANY STREET,,,,P2:Pedestrian,235158.7194,898212.7833
3607500,BOSTON,11-Oct-2013,11:19 PM,Property damage only (none injured),2,0,0,Rear-end,V1: Slowing or stopped in traffic / V2:Travelling straight ahead,V1:Southbound / V2:Southbound ,V1: Collision with motor vehicle in traffic / V2: Collision with motor vehicle in traffic ,V1: Passenger car / V2:Passenger car,Dry,Dark - lighted roadway,Clear,,LEVERETT CONNECTOR SOUTH / INTERSTATE 93 Rte 93 S,,,RAMP LCS,,234783.9205,903382.0129
3607601,BOSTON,12-Oct-2013,2:11 AM,Non-fatal injury,2,2,0,Angle,V1: Travelling straight ahead / V2:Travelling straight ahead,V1:Westbound / V2:Southbound ,V1: Collision with other movable object / V2: Collision with other movable object ,V1: Passenger car / V2:Passenger car,Dry,Dark - lighted roadway,Not Reported,,SOLDIERS FIELD ROAD Rte UNKNOW / EVERETT STREET,,,,,230032.9845,901646.3752
3611047,BOSTON,12-Oct-2013,4:09 AM,Non-fatal injury,1,1,0,Single vehicle crash,V1: Travelling straight ahead,V1:Westbound ,V1: Collision with guardrail ,V1: Passenger car,Dry,Dark - lighted roadway,Clear,,SOLDIERS FIELD ROAD Rte UNKNOW W / NORTH HARVARD STREET,,,,,230992.3482,902048.2872
3608855,BOSTON,12-Oct-2013,6:30 AM,Property damage only (none injured),2,0,0,"Sideswipe, same direction",V1: Changing lanes / V2:Travelling straight ahead,V1:Northbound / V2:Northbound ,V1: Collision with motor vehicle in traffic / V2: Collision with motor vehicle in traffic ,V1: Passenger car / V2:Passenger car,Dry,Dark - lighted roadway,Not Reported,,Rte 93 N / UNKNOWN,,Exit 15 on Rte 93 N,,,236972.2496,896473.4282
3623229,BOSTON,12-Oct-2013,6:39 AM,Property damage only (none injured),2,0,0,Rear-end,V1: Slowing or stopped in traffic / V2:Travelling straight ahead,V1:Westbound / V2:Westbound ,V1: Collision with motor vehicle in traffic / V2: Collision with motor vehicle in traffic ,"V1: Light truck(van, mini-van, panel, pickup, sport utility) with only four tires / V2:Passenger car",Dry,Daylight,Clear,,STORROW DRIVE Rte 28 S / CHARLES STREET Rte 3A N,,,CHARLES CIRCLE RAMP,,235407.5154,901608.5512
3635977,BOSTON,12-Oct-2013,11:31 AM,Property damage only (none injured),1,0,0,Single vehicle crash,V1: Travelling straight ahead,V1:Westbound ,V1: Collision with curb ,V1: Passenger car,Dry,Daylight,Clear,JEFFRIES STREET / TOMAHAWK DRIVE,,,,,,238821.3749,901817.1876
3679291,BOSTON,12-Oct-2013,11:37 AM,Property damage only (none injured),2,0,0,Angle,V1: Travelling straight ahead / V2:Travelling straight ahead,V1:Westbound / V2:Southbound ,V1: Collision with motor vehicle in traffic / V2: Collision with motor vehicle in traffic ,V1: Passenger car / V2:Passenger car,Dry,Daylight,Not Reported,,BIRMINGHAM PARKWAY / RAMP - SOLDIERS FIELD RD WB TO BIRMINGHA,,,@ RAMP FROM SOLDIER'S FIELD RD E,,229084.5079,901114.2806
3647293,BOSTON,12-Oct-2013,1:17 PM,Property damage only (none injured),2,0,0,Rear-end,V1: Travelling straight ahead / V2:Slowing or stopped in traffic,V1:Southbound / V2:Southbound ,V1: Collision with motor vehicle in traffic / V2: Collision with motor vehicle in traffic ,"V1: Light truck(van, mini-van, panel, pickup, sport utility) with only four tires / V2:Passenger car",Dry,Daylight,Clear,,Rte 93,,Exit 15 on Rte 93,,,236629.6253,897168.5001
3641147,BOSTON,12-Oct-2013,1:46 PM,Property damage only (none injured),2,0,0,Rear-end,V1: Travelling straight ahead / V2:Travelling straight ahead,V1:Southbound / V2:Southbound ,V1: Collision with motor vehicle in traffic / V2: Collision with motor vehicle in traffic ,"V1: Light truck(van, mini-van, panel, pickup, sport utility) with only four tires / V2:Passenger car",Dry,Daylight,Clear,,Rte 93 S / UNKNOWN,,Exit 18 on Rte 93 S,,,236013.2783,899092.9981
3620349,BOSTON,12-Oct-2013,2:42 PM,Property damage only (none injured),2,0,0,Rear-end,V1: Travelling straight ahead / V2:Travelling straight ahead,V1:Northbound / V2:Northbound ,V1: Collision with motor vehicle in traffic / V2: Collision with motor vehicle in traffic ,V1: Passenger car / V2:Passenger car,Dry,Daylight,Clear,JOHN F FITZGERALD EXPRESSWAY Rte 93 N / RAMP - RT 90 TO RT 93 NB,,,,AT D RAMP,,236586.4586,900220.4936
3611156,BOSTON,12-Oct-2013,3:00 PM,Property damage only (none injured),1,0,0,Single vehicle crash,V1: Turning left,V1:Not reported ,V1: Collision with light pole or other post/support ,V1: Passenger car,Wet,Daylight,Rain,,TRUMAN HIGHWAY Rte UNKNOW / FAIRMOUNT AVENUE,,,,,231503.1562,889184.7498
3611109,BOSTON,12-Oct-2013,4:11 PM,Property damage only (none injured),2,0,0,Rear-end,V1: Travelling straight ahead / V2:Slowing or stopped in traffic,V1:Southbound / V2:Southbound ,V1: Collision with motor vehicle in traffic / V2: Collision with motor vehicle in traffic ,"V1: Light truck(van, mini-van, panel, pickup, sport utility) with only four tires / V2:Light truck(van, mini-van, panel, pickup, sport utility) with only four tires",Dry,Daylight,Clear,,Rte 93 S,,Exit 26 on Rte 93 S,,,234851.4113,903728.5151
3607519,BOSTON,12-Oct-2013,5:03 PM,Property damage only (none injured),3,0,0,Rear-end,V1: Slowing or stopped in traffic / V2:Slowing or stopped in traffic / V3:Travelling straight ahead,V1:Northbound / V2:Northbound / V3:Northbound ,V1: Collision with motor vehicle in traffic / V2: Collision with motor vehicle in traffic / V3: Collision with motor vehicle in traffic ,"V1: Passenger car / V2:Light truck(van, mini-van, panel, pickup, sport utility) with only four tires / V3:Light truck(van, mini-van, panel, pickup, sport utility) with only four tires",Dry,Dusk,Cloudy,,Rte 93 N / UNKNOWN,,Exit 12 on Rte 93 N,ABOVE NEPONSET AVENUE,,237641.3431,892708.5028
3776347,BOSTON,12-Oct-2013,7:10 PM,Non-fatal injury,2,1,0,Angle,V1: Turning left / V2:Travelling straight ahead,V1:Westbound / V2:Westbound ,"V1: Collision with railway vehicle (e.g., train, engine) / V2: Collision with motor vehicle in traffic ",V1: Passenger car / V2:Other,Wet,Dark - lighted roadway,Cloudy/Rain,COMMONWEALTH AVENUE / PLEASANT STREET,,,,,,231450.4064,900162.4374
3621243,BOSTON,12-Oct-2013,8:30 PM,Property damage only (none injured),2,0,0,"Sideswipe, same direction",V1: Travelling straight ahead / V2:Travelling straight ahead,V1:Northbound / V2:Northbound ,V1: Collision with motor vehicle in traffic / V2: Collision with motor vehicle in traffic ,"V1: Bus (seats for more than 15 people, including driver) / V2:Light truck(van, mini-van, panel, pickup, sport utility) with only four tires",Dry,Dark - lighted roadway,Clear,,Rte 93 N,,Exit 26 on Rte 93 N,,,236402.7433,901600.0342
3638532,BOSTON (DORCHESTER),12-Oct-2013,11:20 PM,Property damage only (none injured),2,0,0,Single vehicle crash,V1: Travelling straight ahead / V2:Not reported,V1:Not reported / V2:Not reported ,V1: Collision with parked motor vehicle / V2: Not reported ,"V1: Passenger car / V2:Light truck(van, mini-van, panel, pickup, sport utility) with only four tires",Wet,Dark - lighted roadway,Cloudy/Rain,,49 LOCHDALE ROAD,,,,,231297.6589,893872.1745
3720910,BOSTON,13-Oct-2013,1:57 AM,Non-fatal injury,1,1,0,Single vehicle crash,V1: Travelling straight ahead,V1:Northbound ,V1: Collision with pedestrian ,V1: Unknown vehicle configuration,Dry,Dark - lighted roadway,Clear/Clear,,714 WASHINGTON STREET,,,,P2:Pedestrian,235973.1288,900069.385
3640531,BOSTON (HYDE PARK),13-Oct-2013,12:55 PM,Non-fatal injury,2,2,0,Rear-end,V1: Slowing or stopped in traffic / V2:Travelling straight ahead,V1:Southbound / V2:Southbound ,V1: Collision with motor vehicle in traffic / V2: Collision with motor vehicle in traffic ,V1: Passenger car / V2:Passenger car,Dry,Daylight,Cloudy,HYDE PARK AVENUE / RIVER STREET,,,,,,231014.8439,889552.0002
3638632,BOSTON (DORCHESTER),13-Oct-2013,4:58 PM,Non-fatal injury,1,1,0,Single vehicle crash,V1: Travelling straight ahead,V1:Not reported ,V1: Collision with pedestrian ,V1: Passenger car,Wet,Dark - lighted roadway,Cloudy/Rain,,237 GENEVA AVENUE,,,,P2:Pedestrian,235189.954,895000.2717
3659802,BOSTON (HYDE PARK),13-Oct-2013,5:13 PM,Non-fatal injury,2,1,0,Angle,V1: Travelling straight ahead / V2:Travelling straight ahead,V1:Northbound / V2:Northbound ,V1: Collision with motor vehicle in traffic / V2: Collision with motor vehicle in traffic ,"V1: Light truck(van, mini-van, panel, pickup, sport utility) with only four tires / V2:Passenger car",Dry,Daylight,Cloudy,CHILD STREET / WINSLOW STREET,,,,,,230417.8908,889323.4997
3720915,BOSTON,14-Oct-2013,00:00 AM,Property damage only (none injured),3,0,0,Not reported,V1: Travelling straight ahead / V2:Parked / V3:Parked,V1:Northbound / V2:Not reported / V3:Not reported ,V1: Not reported / V2: Collision with motor vehicle in traffic / V3: Collision with motor vehicle in traffic ,"V1: Passenger car / V2:Light truck(van, mini-van, panel, pickup, sport utility) with only four tires / V3:Passenger car",Not reported,Not reported,Not Reported,,22 POPES HILL STREET,,,,,237191.8592,893741.5626
3713938,BOSTON,14-Oct-2013,10:07 AM,Not Reported,2,0,0,Rear-end,V1: Slowing or stopped in traffic / V2:Slowing or stopped in traffic,V1:Not reported / V2:Not reported ,V1: Not reported / V2: Not reported ,V1: Passenger car / V2:Passenger car,Dry,Dark - lighted roadway,Clear,CAMBRIDGE STREET / SPICE STREET,,,,,,234965.6535,903759.4237
3611635,BOSTON,14-Oct-2013,11:45 AM,Property damage only (none injured),2,0,0,"Sideswipe, same direction",V1: Travelling straight ahead / V2:Travelling straight ahead,V1:Northbound / V2:Northbound ,V1: Collision with motor vehicle in traffic / V2: Collision with motor vehicle in traffic ,"V1: Single-unit truck (2-axle, 6-tire) / V2:Passenger car",Dry,Daylight,Clear,,Rte 93 N,Rte 93  N Milemarker 16.8,,,,236671.1074,900367.771
3626664,BOSTON,14-Oct-2013,9:56 PM,Non-fatal injury,2,4,0,Rear-end,V1: Travelling straight ahead / V2:Changing lanes,V1:Southbound / V2:Southbound ,V1: Collision with motor vehicle in traffic / V2: Collision with motor vehicle in traffic ,"V1: Light truck(van, mini-van, panel, pickup, sport utility) with only four tires / V2:Passenger car",Dry,Dark - lighted roadway,Clear,,Rte 93 S,,Exit 23 on Rte 93 S,NORTH OF EXIT 23,,236856.2793,901152.8251
3620369,BOSTON,14-Oct-2013,11:32 PM,Non-fatal injury,2,1,0,Angle,V1: Travelling straight ahead / V2:Entering traffic lane,V1:Eastbound / V2:Eastbound ,V1: Collision with motor vehicle in traffic / V2: Collision with motor vehicle in traffic ,V1: Passenger car / V2:Passenger car,Dry,Dark - lighted roadway,Clear,,GALLIVAN BOULEVARD Rte UNKNOW / OWENCROFT ROAD,,,,,235581.1415,892160.9674
3738357,BOSTON,14-Oct-2013,11:45 PM,Not Reported,2,0,0,Unknown,V1: Parked / V2:Not reported,V1:Not reported / V2:Not reported ,"V1: Collision with railway vehicle (e.g., train, engine) / V2: Not reported ","V1: Light truck(van, mini-van, panel, pickup, sport utility) with only four tires / V2:Unknown vehicle configuration",Dry,Daylight,Clear/Cloudy,,87 MILTON AVENUE,,,,,234954.2616,892577.6606
3611157,BOSTON,15-Oct-2013,6:32 AM,Property damage only (none injured),2,0,0,"Sideswipe, opposite direction",V1: Travelling straight ahead / V2:Leaving traffic lane,V1:Northbound / V2:Southbound ,V1: Collision with motor vehicle in traffic / V2: Collision with motor vehicle in traffic ,V1: Passenger car / V2:Passenger car,Dry,Daylight,Clear,,NEPONSET VALLEY PARKWAY Rte UNKNOW / RILEY ROAD,,,MOBIL GAS STATION,,230637.8593,887386.1875
3738354,BOSTON,15-Oct-2013,7:00 AM,Not Reported,2,0,0,"Sideswipe, same direction",V1: Parked / V2:Not reported,V1:Not reported / V2:Not reported ,V1: Collision with motor vehicle in traffic / V2: Not reported ,V1: Passenger car / V2:Unknown vehicle configuration,Dry,Daylight,Clear/Cloudy,,144 HARVARD STREET,,,,,234557.0535,894064.8273
3712132,BOSTON,15-Oct-2013,8:15 AM,Non-fatal injury,2,1,0,Angle,V1: Turning left / V2:Turning left,V1:Not reported / V2:Not reported ,V1: Collision with motor vehicle in traffic / V2: Collision with motor vehicle in traffic ,V1: Passenger car / V2:Passenger car,Dry,Daylight,Clear,VETERANS OF FOREIGN WARS PARKWAY / SPRING STREET,,,,,,227039.2156,891318.8539
3656749,BOSTON,15-Oct-2013,11:21 AM,Property damage only (none injured),2,0,0,Rear-end,V1: Slowing or stopped in traffic / V2:Travelling straight ahead,V1:Northbound / V2:Northbound ,V1: Collision with motor vehicle in traffic / V2: Collision with motor vehicle in traffic ,"V1: Light truck(van, mini-van, panel, pickup, sport utility) with only four tires / V2:Passenger car",Dry,Daylight,Clear,,Rte 93 N,,Exit 15 on Rte 93 N,93N EXIT 15,,236972.2496,896473.4282
3608599,BOSTON,15-Oct-2013,11:38 AM,Property damage only (none injured),2,0,0,"Sideswipe, same direction",V1: Slowing or stopped in traffic / V2:Overtaking/passing,V1:Southbound / V2:Southbound ,V1: Collision with motor vehicle in traffic / V2: Collision with motor vehicle in traffic ,"V1: Passenger car / V2:Light truck(van, mini-van, panel, pickup, sport utility) with only four tires",Dry,Daylight,Clear,HARBORSIDE DRIVE / RAMP - HARBORSIDE DRIVE TO AIRPORT ROAD / PORTER STREET,,,,,,238880.9359,902169.5081
3646261,BOSTON,15-Oct-2013,1:34 PM,Property damage only (none injured),3,0,0,Rear-end,V1: Slowing or stopped in traffic / V2:Slowing or stopped in traffic / V3:Travelling straight ahead,V1:Westbound / V2:Westbound / V3:Westbound ,V1: Collision with motor vehicle in traffic / V2: Collision with motor vehicle in traffic / V3: Collision with motor vehicle in traffic ,"V1: Light truck(van, mini-van, panel, pickup, sport utility) with only four tires / V2:Passenger car / V3:Passenger car",Dry,Daylight,Clear,,STORROW DRIVE Rte 28 S / STORROW DRIVE,,,PRIOR TO HATCHSHELL,,235181.8252,900841.8916
3620350,BOSTON,15-Oct-2013,2:45 PM,Property damage only (none injured),4,0,0,Rear-end,V1: Slowing or stopped in traffic / V2:Travelling straight ahead / V3:Travelling straight ahead / V4:Travelling straight ahead,V1:Northbound / V2:Northbound / V3:Northbound / V4:Northbound ,V1: Collision with motor vehicle in traffic / V2: Collision with motor vehicle in traffic / V3: Collision with motor vehicle in traffic / V4: Collision with motor vehicle in traffic ,V1: Passenger car / V2:Passenger car / V3:Passenger car / V4:Passenger car,Dry,Daylight,Clear,,LEVERETT CONNECTOR NORTH / INTERSTATE 93 Rte 93 N,,,LEVERETT CONN N/B,,234800.9107,903376.6843
3620351,BOSTON,15-Oct-2013,2:45 PM,Property damage only (none injured),2,0,0,"Sideswipe, same direction",V1: Travelling straight ahead / V2:Changing lanes,V1:Northbound / V2:Northbound ,V1: Collision with motor vehicle in traffic / V2: Collision with motor vehicle in traffic ,V1: Passenger car / V2:Passenger car,Dry,Daylight,Clear,,MAURICE TOBIN BRIDGE Rte 1 N / TOBIN BRIDGE Rte 1 N,,,,,237224.7498,903865.933
3611123,BOSTON,15-Oct-2013,3:42 PM,Property damage only (none injured),2,0,0,"Sideswipe, same direction",V1: Entering traffic lane / V2:Entering traffic lane,V1:Northbound / V2:Northbound ,V1: Collision with motor vehicle in traffic / V2: Collision with motor vehicle in traffic ,"V1: Passenger car / V2:Single-unit truck (2-axle, 6-tire)",Dry,Daylight,Not Reported,,WILLIAM T MORRISSEY BOULEVARD / RAMP - RT 3A NB TO RT 93 NB,,,,,237747.8748,893032.2598
3659855,BOSTON (ALLSTON),15-Oct-2013,4:27 PM,Non-fatal injury,4,3,0,Not reported,V1: Slowing or stopped in traffic / V2:Slowing or stopped in traffic / V3:Slowing or stopped in traffic / V4:Travelling straight ahead,V1:Not reported / V2:Not reported / V3:Not reported / V4:Not reported ,V1: Collision with motor vehicle in traffic / V2: Collision with motor vehicle in traffic / V3: Collision with motor vehicle in traffic / V4: Collision with motor vehicle in traffic ,"V1: Passenger car / V2:Passenger car / V3:Light truck(van, mini-van, panel, pickup, sport utility) with only four tires / V4:Passenger car",Not reported,Not reported,Not Reported,,229 BRIGHTON AVENUE,,,,,230016.5024,900396.6272
3655373,BOSTON,15-Oct-2013,6:50 PM,Property damage only (none injured),2,0,0,"Sideswipe, same direction",V1: Turning right / V2:Turning right,V1:Westbound / V2:Westbound ,V1: Collision with motor vehicle in traffic / V2: Collision with motor vehicle in traffic ,V1: Passenger car / V2:Passenger car,Dry,Dark - lighted roadway,Clear,,Rte 90 W / UNKNOWN,,Exit 18 on Rte 90 W,,,230710.1153,900785.5149
3638631,BOSTON,15-Oct-2013,9:31 PM,Not Reported,2,0,0,Rear-end,V1: Backing / V2:Parked,V1:Eastbound / V2:Not reported ,V1: Not reported / V2: Not reported ,V1: Unknown vehicle configuration / V2:Passenger car,Dry,Dark - lighted roadway,Clear/Clear,,32 BAY STREET,,,,,235557.7422,899835.6476
3748867,BOSTON (ROXBURY),16-Oct-2013,00:00 AM,Unknown,2,0,0,"Sideswipe, same direction",V1: Travelling straight ahead / V2:Not reported,V1:Not reported / V2:Not reported ,V1: Not reported / V2: Not reported ,"V1: Passenger car / V2:Light truck(van, mini-van, panel, pickup, sport utility) with only four tires",Wet,Daylight,Clear/Clear,,3 MONADNOCK STREET,,,,,235659.526,896460.5445
3623741,BOSTON,16-Oct-2013,10:10 AM,Non-fatal injury,3,2,0,Single vehicle crash,V1: Travelling straight ahead / V2:Travelling straight ahead / V3:Travelling straight ahead,V1:Northbound / V2:Eastbound / V3:Eastbound ,V1: Collision with motor vehicle in traffic / V2: Collision with motor vehicle in traffic / V3: Collision with motor vehicle in traffic ,"V1: Bus (seats for more than 15 people, including driver) / V2:Passenger car / V3:Passenger car",Dry,Daylight,Clear,,FRONTAGE ROAD / BROADWAY,,,,,236165.6755,899351.7012
3611346,BOSTON,16-Oct-2013,11:21 AM,Non-fatal injury,1,1,0,Single vehicle crash,V1: Turning left,V1:Not reported ,V1: Collision with pedestrian ,"V1: Unknown heavy truck, cannot classify",Dry,Daylight,Cloudy/Clear,WASHINGTON STREET / TALBOT AVENUE,,,,,P2:Pedestrian,235329.9845,893393.1876
3655439,BOSTON,16-Oct-2013,12:25 PM,Non-fatal injury,1,1,0,Head-on,V1: Travelling straight ahead,V1:Westbound ,V1: Collision with pedestrian ,"V1: Light truck(van, mini-van, panel, pickup, sport utility) with only four tires",Dry,Daylight,Cloudy,COLUMBIA ROAD / MASSACHUSETTS AVENUE / BOSTON STREET,,,,BETWEEN POND ST AND EDWARD EVERE,P2:Pedestrian,236147.4063,896760.9377
3720429,BOSTON (DORCHESTER),16-Oct-2013,1:30 PM,Non-fatal injury,1,1,0,Not reported,V1: Slowing or stopped in traffic,V1:Not reported ,"V1: Collision with cyclist (bicycle, tricycle, unicycle, pedal car) ","V1: Light truck(van, mini-van, panel, pickup, sport utility) with only four tires",Dry,Daylight,Cloudy/Unknown,PARK STREET / BEACON STREET,,,,,"P3:Pedalcyclist (bicycle, tricycle, unicycle, pedal car)",235979.8185,900894.3163
3611129,BOSTON,16-Oct-2013,2:55 PM,Property damage only (none injured),2,0,0,Rear-end,V1: Slowing or stopped in traffic / V2:Travelling straight ahead,V1:Southbound / V2:Southbound ,V1: Collision with motor vehicle in traffic / V2: Collision with motor vehicle in traffic ,"V1: Light truck(van, mini-van, panel, pickup, sport utility) with only four tires / V2:Passenger car",Dry,Daylight,Not Reported,,TRUMAN HIGHWAY / TRUMAN PARKWAY,,,STOP AND SHOP,,230834.9599,888102.3443