Crash Number,City/Town Name,Crash Date,Crash Time,Crash Severity,Number of Vehicles,Total Nonfatal Injuries,Total Fatal Injuries,Manner of Collision,Vehicle Action Prior to Crash,Vehicle Travel Directions,Most Harmful Events,Vehicle Configuration,Road Surface Condition,Ambient Light,Weather Condition,At Roadway Intersection,Distance from Nearest Roadway Intersection,Distance from Nearest Milemarker,Distance from Nearest Exit,Distance from Nearest Landmark,Non Motorist Type,X Coordinate,Y Coordinate
3730366,BOSTON,26-Oct-2013,10:45 PM,Property damage only (none injured),2,0,0,"Sideswipe, same direction",V1: Travelling straight ahead / V2:Travelling straight ahead,V1:Eastbound / V2:Eastbound ,V1: Collision with motor vehicle in traffic / V2: Collision with motor vehicle in traffic ,V1: Passenger car / V2:Passenger car,Dry,Dark - lighted roadway,Clear,,NORTHERN AVENUE / SEAPORT LANE,,,,,237812.068,900011.9909
3651451,BOSTON,26-Oct-2013,10:46 PM,Property damage only (none injured),1,0,0,Rear-end,V1: Travelling straight ahead,V1:Westbound ,V1: Collision with median barrier ,V1: Passenger car,Dry,Dark - lighted roadway,Clear,,Rte 90 W / UNKNOWN,,,BOAT SECTION,,236679.5911,899691.6454
3730370,BOSTON,26-Oct-2013,10:50 PM,Non-fatal injury,1,1,0,Single vehicle crash,V1: Turning right,V1:Southbound ,V1: Collision with guardrail ,V1: Passenger car,Dry,Dark - lighted roadway,Cloudy,,Rte 93 / UNKNOWN,,Exit 15 on Rte 93,,,236629.6253,897168.5001
3646269,BOSTON,27-Oct-2013,00:00 AM,Property damage only (none injured),2,0,0,Rear-end,V1: Slowing or stopped in traffic / V2:Slowing or stopped in traffic,V1:Westbound / V2:Westbound ,V1: Collision with motor vehicle in traffic / V2: Collision with motor vehicle in traffic ,"V1: Passenger car / V2:Light truck(van, mini-van, panel, pickup, sport utility) with only four tires",Dry,Dark - lighted roadway,Clear,,ARBORWAY / POND STREET,,,,,231106.4714,895863.072
3651610,BOSTON,27-Oct-2013,3:40 AM,Non-fatal injury,1,2,0,Single vehicle crash,V1: Travelling straight ahead,V1:Southbound ,V1: Collision with guardrail ,V1: Passenger car,Dry,Dark - lighted roadway,Cloudy,,Rte 93 S,,Exit 20 on Rte 93 S,,,236954.209,900826.9442
3656059,BOSTON,27-Oct-2013,4:21 AM,Property damage only (none injured),3,0,0,Not reported,V1: Other / V2:Not reported / V3:Travelling straight ahead,V1:Northbound / V2:Not reported / V3:Northbound ,V1: Collision with motor vehicle in traffic / V2: Not reported / V3: Collision with guardrail ,"V1: Light truck(van, mini-van, panel, pickup, sport utility) with only four tires / V2:Not reported / V3:Light truck(van, mini-van, panel, pickup, sport utility) with only four tires",Wet,Dark - lighted roadway,Rain,,Rte 93 N / UNKNOWN,,Exit 20 on Rte 93 N,,,235935.6734,898219.8317
3655379,BOSTON,27-Oct-2013,5:13 AM,Non-fatal injury,1,1,0,Single vehicle crash,V1: Travelling straight ahead,V1:Northbound ,V1: Collision with guardrail ,V1: Passenger car,Dry,Dark - lighted roadway,Cloudy,,Rte 93 N / UNKNOWN,,Exit 23 on Rte 93 N,,,236957.4837,900943.9828
3657503,BOSTON,27-Oct-2013,7:28 AM,Property damage only (none injured),1,0,0,Single vehicle crash,V1: Travelling straight ahead,V1:Eastbound ,V1: Collision with curb ,V1: Passenger car,Wet,Daylight,Not Reported,,STORROW DRIVE Rte 28 N / RAMP TO CHARLES CIRCLE,,,"" S " TURN BY LONGFELLOW BRIDGE"" S " TURN BY LONGFELLOW BRIDGE""S " TURN BY LONGFELLOW BRI"" " TURN BY LONGFELLOW B""" TURN BY LONGFELLOW "" TURN BY LONGFELLOW ",,235240.4154,901349.5464
3646262,BOSTON,27-Oct-2013,7:30 AM,Property damage only (none injured),1,0,0,Single vehicle crash,V1: Travelling straight ahead,V1:Eastbound ,V1: Collision with guardrail ,V1: Passenger car,Wet,Daylight,Rain,,STORROW DRIVE / DAVID G MUGAR WAY,,,&AMP;QUOT; S &AMP;QUOT; TURN BY,,235214.6816,900915.4701
3655210,BOSTON,27-Oct-2013,7:34 AM,Property damage only (none injured),1,0,0,Head-on,V1: Travelling straight ahead,V1:Eastbound ,V1: Other ,V1: Passenger car,Wet,Daylight,Rain,RAMP - ALBANY STREET TO RT 93 SB / ALBANY STREET,,,,BOTTOM RAMP AS,,236147.5061,899571.5284
3655419,BOSTON,27-Oct-2013,8:28 AM,Property damage only (none injured),1,0,0,Rear-end,V1: Leaving traffic lane,V1:Southbound ,V1: Collision with motor vehicle in traffic ,V1: Passenger car,Dry,Daylight,Clear,,Rte 93 S / UNKNOWN,,Exit 12 on Rte 93 S,,,237620.5493,892713.0989
3629156,BOSTON,27-Oct-2013,8:55 AM,Property damage only (none injured),2,0,0,Rear-end,V1: Travelling straight ahead / V2:Slowing or stopped in traffic,V1:Westbound / V2:Westbound ,V1: Collision with motor vehicle in traffic / V2: Collision with motor vehicle in traffic ,"V1: Light truck(van, mini-van, panel, pickup, sport utility) with only four tires / V2:Light truck(van, mini-van, panel, pickup, sport utility) with only four tires",Wet,Daylight,Cloudy,RAMP - SOLDIERS FIELD RD WB TO WESTERN A / CAMBRIDGE STREET,,,,CAMBRIDGE STREET RAMP,,231514.4842,901235.6252
3655426,BOSTON,27-Oct-2013,10:20 AM,Property damage only (none injured),2,0,0,Rear-end,V1: Travelling straight ahead / V2:Slowing or stopped in traffic,V1:Northbound / V2:Northbound ,V1: Collision with motor vehicle in traffic / V2: Collision with motor vehicle in traffic ,V1: Passenger car / V2:Passenger car,Dry,Daylight,Clear,CENTRE STREET / HILLCROFT ROAD,,,,,,231112.7342,895392.0627
3655924,BOSTON,27-Oct-2013,3:43 PM,Property damage only (none injured),3,0,0,Rear-end,V1: Travelling straight ahead / V2:Slowing or stopped in traffic / V3:Slowing or stopped in traffic,V1:Southbound / V2:Southbound / V3:Southbound ,V1: Collision with motor vehicle in traffic / V2: Collision with motor vehicle in traffic / V3: Collision with motor vehicle in traffic ,V1: Passenger car / V2:Passenger car / V3:Passenger car,Dry,Daylight,Clear/Cloudy,,Rte 93 N / UNKNOWN,,Exit 26 on Rte 93 N,AT STATION TUNNEL,,236402.7433,901600.0342
3647304,BOSTON,27-Oct-2013,5:52 PM,Property damage only (none injured),3,0,0,Rear-end,V1: Travelling straight ahead / V2:Slowing or stopped in traffic / V3:Slowing or stopped in traffic,V1:Northbound / V2:Northbound / V3:Northbound ,V1: Collision with motor vehicle in traffic / V2: Collision with motor vehicle in traffic / V3: Collision with motor vehicle in traffic ,"V1: Light truck(van, mini-van, panel, pickup, sport utility) with only four tires / V2:Light truck(van, mini-van, panel, pickup, sport utility) with only four tires / V3:Passenger car",Dry,Dusk,Clear,,Rte 93 N,,Exit 14 on Rte 93 N,,,237258.9796,894483.3974
3657989,BOSTON,27-Oct-2013,7:29 PM,Non-fatal injury,1,1,0,Single vehicle crash,V1: Turning left,V1:Northbound ,V1: Other ,V1: Motorcycle,Dry,Dark - lighted roadway,Clear,BIRMINGHAM PARKWAY / WESTERN AVENUE,,,,,,229180.0376,901281.697
3641158,BOSTON,27-Oct-2013,8:00 PM,Property damage only (none injured),2,0,0,Rear-end,V1: Slowing or stopped in traffic / V2:Not reported,V1:Northbound / V2:Northbound ,V1: Collision with motor vehicle in traffic / V2: Collision with motor vehicle in traffic ,V1: MOPED / V2:Passenger car,Dry,Dark - lighted roadway,Clear,VETERANS OF FOREIGN WARS PARKWAY / SPRING STREET Rte 109 E,,,,,,227008.6251,891284.9374
3655380,BOSTON,28-Oct-2013,1:33 AM,Property damage only (none injured),2,0,0,"Sideswipe, same direction",V1: Travelling straight ahead / V2:Travelling straight ahead,V1:Southbound / V2:Southbound ,V1: Collision with motor vehicle in traffic / V2: Collision with motor vehicle in traffic ,"V1: Light truck(van, mini-van, panel, pickup, sport utility) with only four tires / V2:Not reported",Dry,Dark - lighted roadway,Clear,,Rte 93 S / UNKNOWN,,Exit 24 on Rte 93 S,,,236397.1933,901565.6511
3655211,BOSTON,28-Oct-2013,8:47 AM,Property damage only (none injured),3,0,0,Rear-end,V1: Slowing or stopped in traffic / V2:Slowing or stopped in traffic / V3:Slowing or stopped in traffic,V1:Northbound / V2:Northbound / V3:Northbound ,V1: Collision with motor vehicle in traffic / V2: Collision with motor vehicle in traffic / V3: Collision with motor vehicle in traffic ,"V1: Light truck(van, mini-van, panel, pickup, sport utility) with only four tires / V2:Light truck(van, mini-van, panel, pickup, sport utility) with only four tires / V3:Light truck(van, mini-van, panel, pickup, sport utility) with only four tires",Dry,Daylight,Clear,,Rte 93 N / UNKNOWN,,,,,235858.3058,898365.4213
3655811,BOSTON,28-Oct-2013,10:26 AM,Property damage only (none injured),2,0,0,Rear-end,V1: Slowing or stopped in traffic / V2:Travelling straight ahead,V1:Northbound / V2:Northbound ,V1: Collision with motor vehicle in traffic / V2: Collision with motor vehicle in traffic ,"V1: Single-unit truck (2-axle, 6-tire) / V2:Passenger car",Dry,Daylight,Clear,,Rte 93 N,,Exit 11 on Rte 93,,,237094.7253,891674.8051
3736161,BOSTON (ROXBURY),28-Oct-2013,2:22 PM,Property damage only (none injured),2,0,0,Not reported,V1: Not reported / V2:Not reported,V1:Not reported / V2:Not reported ,V1: Not reported / V2: Not reported ,V1: Passenger car / V2:Passenger car,Not reported,Daylight,Clear,WASHINGTON STREET / CIRCUIT STREET,,,,,,233967.703,897328.8752
3635981,BOSTON,28-Oct-2013,3:44 PM,Property damage only (none injured),2,0,0,"Sideswipe, opposite direction",V1: Travelling straight ahead / V2:Travelling straight ahead,V1:Southbound / V2:Northbound ,V1: Collision with motor vehicle in traffic / V2: Collision with motor vehicle in traffic ,"V1: Light truck(van, mini-van, panel, pickup, sport utility) with only four tires / V2:Light truck(van, mini-van, panel, pickup, sport utility) with only four tires",Dry,Daylight,Cloudy,,JAMAICAWAY Rte UNKNOW S / WILLOW POND ROAD,,,,,231761.9221,897172.3749
3655814,BOSTON,28-Oct-2013,5:15 PM,Property damage only (none injured),2,0,0,Single vehicle crash,V1: Leaving traffic lane / V2:Not reported,V1:Southbound / V2:Not reported ,V1: Collision with guardrail / V2: Not reported ,"V1: Passenger car / V2:Light truck(van, mini-van, panel, pickup, sport utility) with only four tires",Dry,Dusk,Clear,,Rte 93 S,,Exit 15 on Rte 93,,,236629.6253,897168.5001
3647731,BOSTON,28-Oct-2013,6:55 PM,Property damage only (none injured),2,0,0,"Sideswipe, same direction",V1: Travelling straight ahead / V2:Travelling straight ahead,V1:Northbound / V2:Northbound ,V1: Collision with motor vehicle in traffic / V2: Collision with motor vehicle in traffic ,V1: Passenger car / V2:Tractor/semi-trailer,Dry,Dark - lighted roadway,Cloudy,,GALLIVAN BOULEVARD / NEPONSET AVENUE,,,AREA OF WALNUT STREET,,237735.2263,892889.9254
3651455,BOSTON,28-Oct-2013,7:30 PM,Non-fatal injury,1,1,0,Angle,V1: Turning left,V1:Southbound ,V1: Collision with pedestrian ,V1: Passenger car,Dry,Dark - lighted roadway,Clear,PARK DRIVE / BROOKLINE AVENUE / BOYLSTON STREET,,,,THE RIVERWAY @ BROOKLINE AVE.,P2:Pedestrian,232742.1496,899278.3204
3655381,BOSTON,28-Oct-2013,10:50 PM,Property damage only (none injured),2,0,0,Rear-end,V1: Travelling straight ahead / V2:Slowing or stopped in traffic,V1:Southbound / V2:Southbound ,V1: Collision with motor vehicle in traffic / V2: Collision with motor vehicle in traffic ,"V1: Passenger car / V2:Light truck(van, mini-van, panel, pickup, sport utility) with only four tires",Dry,Dark - lighted roadway,Clear,HAUL ROAD / SOUTHBOUND FRONTAGE ROAD,,,,HEGGARTY BRIDGE,,235884.1717,898231.2671
3660247,BOSTON,28-Oct-2013,11:22 PM,Property damage only (none injured),2,0,0,Rear-end,V1: Changing lanes / V2:Travelling straight ahead,V1:Westbound / V2:Westbound ,V1: Collision with motor vehicle in traffic / V2: Collision with motor vehicle in traffic ,"V1: Light truck(van, mini-van, panel, pickup, sport utility) with only four tires / V2:Passenger car",Dry,Dark - lighted roadway,Clear,,Rte 90 W / UNKNOWN,,Exit 20 on Rte 90 W,,,231452.5043,900558.3731
3655401,BOSTON,29-Oct-2013,7:26 AM,Property damage only (none injured),4,0,0,Rear-end,V1: Slowing or stopped in traffic / V2:Slowing or stopped in traffic / V3:Slowing or stopped in traffic / V4:Travelling straight ahead,V1:Eastbound / V2:Eastbound / V3:Eastbound / V4:Eastbound ,V1: Collision with motor vehicle in traffic / V2: Collision with motor vehicle in traffic / V3: Collision with motor vehicle in traffic / V4: Collision with motor vehicle in traffic ,"V1: Passenger car / V2:Light truck(van, mini-van, panel, pickup, sport utility) with only four tires / V3:Light truck(van, mini-van, panel, pickup, sport utility) with only four tires / V4:Passenger car",Dry,Daylight,Clear,,SOLDIERS FIELD ROAD Rte UNKNOW E / NORTH HARVARD STREET,,,,,230992.3482,902048.2872
3668551,BOSTON,29-Oct-2013,9:10 AM,Property damage only (none injured),2,0,0,"Sideswipe, opposite direction",V1: Travelling straight ahead / V2:Travelling straight ahead,V1:Northbound / V2:Northbound ,V1: Collision with motor vehicle in traffic / V2: Collision with motor vehicle in traffic ,"V1: Bus (seats for more than 15 people, including driver) / V2:Light truck(van, mini-van, panel, pickup, sport utility) with only four tires",Dry,Daylight,Clear,,GALLIVAN BOULEVARD / PINE RIDGE ROAD,,,,,234947.797,892067.3748
3659710,BOSTON,29-Oct-2013,10:47 AM,Not Reported,2,0,0,Not reported,V1: Travelling straight ahead / V2:Travelling straight ahead,V1:Northbound / V2:Northbound ,V1: Collision with motor vehicle in traffic / V2: Collision with motor vehicle in traffic ,"V1: Bus (seats for 7-15 people, including driver) / V2:Truck/trailer",Not reported,Not reported,Not Reported,CHARLES STREET / BEACON STREET,,,,,,235472.1213,900720.2388
3720911,BOSTON (DORCHESTER),29-Oct-2013,3:30 PM,Non-fatal injury,1,1,0,Single vehicle crash,V1: Turning left,V1:Not reported ,V1: Collision with pedestrian ,"V1: Light truck(van, mini-van, panel, pickup, sport utility) with only four tires",Dry,Daylight,Clear,BOWDOIN STREET / WASHINGTON STREET,,,,,P2:Pedestrian,235156.7969,894409.0002
3686242,BOSTON,29-Oct-2013,4:28 PM,Property damage only (none injured),2,0,0,"Sideswipe, same direction",V1: Changing lanes / V2:Travelling straight ahead,V1:Eastbound / V2:Eastbound ,V1: Collision with motor vehicle in traffic / V2: Collision with motor vehicle in traffic ,"V1: Bus (seats for 7-15 people, including driver) / V2:Passenger car",Dry,Daylight,Not Reported,,D STREET / RAMP - D STREET TO HAUL ROAD,,,,,237811.1502,899732.8704
3655393,BOSTON,30-Oct-2013,6:40 AM,Non-fatal injury,2,2,0,Rear-end,V1: Slowing or stopped in traffic / V2:Slowing or stopped in traffic,V1:Northbound / V2:Northbound ,V1: Collision with motor vehicle in traffic / V2: Collision with motor vehicle in traffic ,"V1: Light truck(van, mini-van, panel, pickup, sport utility) with only four tires / V2:Passenger car",Dry,Dawn,Not Reported,,PERKINS STREET Rte UNKNOW / PARKMAN DRIVE,,,,,231007.4685,896603.125
3655450,BOSTON,30-Oct-2013,10:00 AM,Non-fatal injury,1,1,0,Single vehicle crash,V1: Travelling straight ahead,V1:Westbound ,V1: Collision with curb ,V1: Passenger car,Wet,Daylight,Cloudy/Rain,,MORTON STREET Rte UNKNOW E / JAMES SHEA CIRCLE,,,,,232426.4151,894490.4999
3646014,BOSTON,30-Oct-2013,12:47 PM,Property damage only (none injured),2,0,0,Angle,V1: Travelling straight ahead / V2:Slowing or stopped in traffic,V1:Eastbound / V2:Eastbound ,V1: Collision with motor vehicle in traffic / V2: Collision with motor vehicle in traffic ,"V1: Passenger car / V2:Light truck(van, mini-van, panel, pickup, sport utility) with only four tires",Wet,Daylight,Rain,,STORROW DRIVE Rte 28 N / RAMP TO CHARLES CIRCLE,,,S-TURNS PRIOR TO LONGFELLOW BRID,,235227.2265,901256.0904
3655212,BOSTON,30-Oct-2013,3:15 PM,Property damage only (none injured),3,0,0,Not reported,V1: Travelling straight ahead / V2:Slowing or stopped in traffic / V3:Slowing or stopped in traffic,V1:Northbound / V2:Northbound / V3:Northbound ,V1: Collision with motor vehicle in traffic / V2: Collision with motor vehicle in traffic / V3: Collision with motor vehicle in traffic ,"V1: Light truck(van, mini-van, panel, pickup, sport utility) with only four tires / V2:Light truck(van, mini-van, panel, pickup, sport utility) with only four tires / V3:Light truck(van, mini-van, panel, pickup, sport utility) with only four tires",Not reported,Not reported,Not Reported,,4 feet N from Intersection SEAPORT BOULEVARD / ATLANTIC AVENUE,,,ACN RAMP,,236956.8643,900571.0929
3720908,BOSTON (DORCHESTER),30-Oct-2013,3:45 PM,Non-fatal injury,2,4,0,Rear-end,V1: Slowing or stopped in traffic / V2:Travelling straight ahead,V1:Not reported / V2:Not reported ,V1: Collision with motor vehicle in traffic / V2: Collision with motor vehicle in traffic ,V1: Unknown vehicle configuration / V2:Unknown vehicle configuration,Wet,Daylight,Rain/Unknown,COLUMBIA ROAD / GENEVA AVENUE,,,,,,234772.375,895147.9375
3646005,BOSTON,30-Oct-2013,5:06 PM,Property damage only (none injured),2,0,0,Rear-end,V1: Travelling straight ahead / V2:Travelling straight ahead,V1:Southbound / V2:Southbound ,V1: Collision with motor vehicle in traffic / V2: Collision with motor vehicle in traffic ,"V1: Light truck(van, mini-van, panel, pickup, sport utility) with only four tires / V2:Light truck(van, mini-van, panel, pickup, sport utility) with only four tires",Dry,Daylight,Cloudy,,Rte 93 S / UNKNOWN,,Exit 23 on Rte 93 S,,,236856.2793,901152.8251
3656219,BOSTON,30-Oct-2013,9:24 PM,Property damage only (none injured),1,0,0,Single vehicle crash,V1: Overtaking/passing,V1:Westbound ,V1: Collision with median barrier ,V1: Passenger car,Dry,Dark - lighted roadway,Not Reported,,STORROW DRIVE / LEVERETT CIRCLE,,,0 feet W from LEVERETT CIRCLE,,235571.2378,901875.5379
3676250,BOSTON,31-Oct-2013,3:55 PM,Property damage only (none injured),2,0,0,Head-on,V1: Travelling straight ahead / V2:Travelling straight ahead,V1:Eastbound / V2:Eastbound ,V1: Reported but invalid / V2: Collision with motor vehicle in traffic ,"V1: Light truck(van, mini-van, panel, pickup, sport utility) with only four tires / V2:Passenger car",Wet,Daylight,Rain,BEACON STREET / CHARLESGATE OVERPASS,,,,BOWKER,,233602.6782,900041.9243
3657991,BOSTON,31-Oct-2013,4:08 PM,Non-fatal injury,1,1,0,Single vehicle crash,V1: Travelling straight ahead,V1:Westbound ,V1: Collision with guardrail ,V1: Passenger car,Wet,Daylight,Rain,,SOLDIERS FIELD ROAD / NORTH HARVARD STREET,,,,,230992.3482,902048.2872
3651271,BOSTON,31-Oct-2013,4:22 PM,Property damage only (none injured),2,0,0,Rear-end,V1: Slowing or stopped in traffic / V2:Travelling straight ahead,V1:Southbound / V2:Southbound ,V1: Collision with other movable object / V2: Collision with motor vehicle in traffic ,V1: Passenger car / V2:Passenger car,Wet,Daylight,Cloudy/Rain,,BOSTON UNIVERSITY BRIDGE Rte 2 W / BOSTON UNIVERSITY BRIDGE Rte 2 E,,,BU BRIDGE,,232072.114,900229.017
3719063,BOSTON,31-Oct-2013,5:35 PM,Property damage only (none injured),3,0,0,Rear-end,V1: Slowing or stopped in traffic / V2:Slowing or stopped in traffic / V3:Travelling straight ahead,V1:Westbound / V2:Westbound / V3:Westbound ,V1: Collision with motor vehicle in traffic / V2: Collision with motor vehicle in traffic / V3: Collision with motor vehicle in traffic ,"V1: Passenger car / V2:Light truck(van, mini-van, panel, pickup, sport utility) with only four tires / V3:Light truck(van, mini-van, panel, pickup, sport utility) with only four tires",Wet,Dusk,Rain,,400 SOLDIERS FIELD ROAD,,,VICINITY OF DOUBLETREE HOTEL,,231518.2408,901078.3912
3712774,BOSTON (ROSLINDALE),31-Oct-2013,5:53 PM,Non-fatal injury,3,1,0,Not reported,V1: Slowing or stopped in traffic / V2:Slowing or stopped in traffic / V3:Travelling straight ahead,V1:Southbound / V2:Not reported / V3:Eastbound ,V1: Collision with motor vehicle in traffic / V2: Collision with motor vehicle in traffic / V3: Collision with motor vehicle in traffic ,"V1: Light truck(van, mini-van, panel, pickup, sport utility) with only four tires / V2:Passenger car / V3:Light truck(van, mini-van, panel, pickup, sport utility) with only four tires",Not reported,Not reported,Not Reported,AMERICAN LEGION HIGHWAY / STELLA ROAD,,,,,,231664.2145,892309.4187
3715644,BOSTON,31-Oct-2013,6:08 PM,Non-fatal injury,1,1,0,Single vehicle crash,V1: Travelling straight ahead,V1:Not reported ,V1: Collision with animal - other ,V1: Motorcycle,Dry,Dark - lighted roadway,Cloudy/Cloudy,,2444 BEACON STREET,,,,,228328.4615,897986.3878
3720880,BOSTON (DORCHESTER),31-Oct-2013,10:00 PM,Not Reported,2,0,0,Not reported,V1: Not reported / V2:Not reported,V1:Not reported / V2:Not reported ,V1: Not reported / V2: Not reported ,V1: Passenger car / V2:Not reported,Not reported,Not reported,Not Reported,,21 SAINT GREGORY STREET,,,,,235631.4154,891776.0344
3646256,BOSTON,31-Oct-2013,10:30 PM,Property damage only (none injured),2,0,0,Rear-end,V1: Slowing or stopped in traffic / V2:Slowing or stopped in traffic,V1:Southbound / V2:Southbound ,V1: Collision with motor vehicle in traffic / V2: Collision with motor vehicle in traffic ,V1: Passenger car / V2:Passenger car,Wet,Dark - lighted roadway,Cloudy/Rain,,JOHN F FITZGERALD EXPRESSWAY Rte 93 S / SOUTHBOUND FRONTAGE ROAD,,,AT FORTRESS BUILDING,,236399.2075,897501.589
3657493,BOSTON,31-Oct-2013,11:00 PM,Property damage only (none injured),2,0,0,Rear-end,V1: Travelling straight ahead / V2:Turning left,V1:Northbound / V2:Northbound ,V1: Collision with motor vehicle in traffic / V2: Collision with motor vehicle in traffic ,"V1: Light truck(van, mini-van, panel, pickup, sport utility) with only four tires / V2:Light truck(van, mini-van, panel, pickup, sport utility) with only four tires",Dry,Dark - lighted roadway,Not Reported,,HARBORSIDE DRIVE,,,FEDEX,,239237.4958,900984.0366
3655382,BOSTON,01-Nov-2013,1:54 AM,Non-fatal injury,3,1,0,Single vehicle crash,V1: Travelling straight ahead / V2:Slowing or stopped in traffic / V3:Travelling straight ahead,V1:Southbound / V2:Southbound / V3:Southbound ,V1: Collision with motor vehicle in traffic / V2: Collision with motor vehicle in traffic / V3: Collision with motor vehicle in traffic ,V1: Passenger car / V2:Passenger car / V3:Passenger car,Wet,Dark - lighted roadway,Rain,,RAMP - RT 1 SB FROM TOBIN BRIDGE Rte 1 S / RAMP - RT 1 SB TO LEVERETT CONNECTOR,,,TC RAMP,,235523.5439,902495.2018
3713019,BOSTON,01-Nov-2013,2:29 AM,Non-fatal injury,1,1,0,Single vehicle crash,V1: Travelling straight ahead,V1:Not reported ,V1: Collision with light pole or other post/support ,V1: Passenger car,Wet,Dark - lighted roadway,Clear/Rain,,BROADWAY BRIDGE,,,,,,
3655394,BOSTON,01-Nov-2013,2:30 AM,Non-fatal injury,1,1,0,Single vehicle crash,V1: Travelling straight ahead,V1:Eastbound ,V1: Collision with guardrail ,V1: Passenger car,Wet,Dark - lighted roadway,Rain,,STORROW DRIVE Rte 28 N / RAMP TO CHARLES CIRCLE,,,LONGFELLOW BRIDGE,,235228.9511,901284.9661
3655213,BOSTON,01-Nov-2013,2:30 AM,Property damage only (none injured),1,0,0,Single vehicle crash,V1: Travelling straight ahead,V1:Northbound ,V1: Collision with median barrier ,V1: Passenger car,Wet,Dark - lighted roadway,Not Reported,,LEVERETT CONNECTOR NORTH / INTERSTATE 93 Rte 93 N,,,SN RAMP,,234800.4014,903382.1129
3655787,BOSTON,01-Nov-2013,3:00 AM,Non-fatal injury,1,1,0,Single vehicle crash,V1: Travelling straight ahead,V1:Westbound ,V1: Collision with guardrail ,V1: Passenger car,Dry,Dark - lighted roadway,Clear,,MASSACHUSETTS TURNPIKE Rte 90 W / TED WILLIAMS TUNNEL,,,,,239051.4028,900924.2439
3646006,BOSTON,01-Nov-2013,3:09 AM,Property damage only (none injured),1,0,0,Single vehicle crash,V1: Travelling straight ahead,V1:Eastbound ,V1: Collision with median barrier ,V1: Passenger car,Wet,Dark - lighted roadway,Clear,FRONTAGE ROAD / MASSACHUSETTS AVENUE CONNECTOR / RAMP - FRONTAGE ROAD TO RT 93 NB,,,,MASS. AVE. CONNECTOR,,235865.0173,898419.1854
3655229,BOSTON,01-Nov-2013,6:32 AM,Property damage only (none injured),1,0,0,Single vehicle crash,V1: Turning right,V1:Westbound ,V1: Collision with guardrail ,"V1: Light truck(van, mini-van, panel, pickup, sport utility) with only four tires",Wet,Dark - lighted roadway,Rain,,SOLDIERS FIELD ROAD Rte UNKNOW / NORTH HARVARD STREET,,,,,230992.3482,902048.2872
3665142,BOSTON,01-Nov-2013,7:03 AM,Property damage only (none injured),1,0,0,Not reported,V1: Travelling straight ahead,V1:Westbound ,V1: Collision with motor vehicle in traffic ,V1: Passenger car,Wet,Daylight,Rain,,SOLDIERS FIELD ROAD Rte UNKNOW W,,,NEWELL BOATHOUSE,,230787.0834,902179.9392
3665143,BOSTON,01-Nov-2013,7:09 AM,Property damage only (none injured),2,0,0,Rear-end,V1: Slowing or stopped in traffic / V2:Travelling straight ahead,V1:Westbound / V2:Westbound ,V1: Collision with motor vehicle in traffic / V2: Collision with motor vehicle in traffic ,"V1: Passenger car / V2:Light truck(van, mini-van, panel, pickup, sport utility) with only four tires",Wet,Daylight,Cloudy/Rain,,SOLDIERS FIELD ROAD Rte UNKNOW W,,,NEWELL BOATHOUSE,,230787.0834,902179.9392
3665091,BOSTON,01-Nov-2013,7:25 AM,Non-fatal injury,2,1,0,Head-on,V1: Travelling straight ahead / V2:Travelling straight ahead,V1:Northbound / V2:Southbound ,V1: Collision with motor vehicle in traffic / V2: Collision with motor vehicle in traffic ,V1: Passenger car / V2:Passenger car,Wet,Daylight,Rain,,ENNEKING PARKWAY / ENNEKING PARKWAY BRANCH,,,,,229355.1602,891335.0496
3681743,BOSTON,01-Nov-2013,8:10 AM,Property damage only (none injured),1,0,0,Angle,V1: Turning left,V1:Westbound ,"V1: Collision with other fixed object (wall, building, tunnel, etc.) ",V1: Tractor/semi-trailer,Wet,Daylight,Cloudy,,85 ARCH STREET,,,DELI ONE,,236401.3405,900631.2698
3646023,BOSTON,01-Nov-2013,8:30 AM,Property damage only (none injured),2,0,0,Rear-end,V1: Slowing or stopped in traffic / V2:Travelling straight ahead,V1:Eastbound / V2:Eastbound ,V1: Collision with motor vehicle in traffic / V2: Collision with motor vehicle in traffic ,"V1: Light truck(van, mini-van, panel, pickup, sport utility) with only four tires / V2:Passenger car",Dry,Daylight,Clear,,GALLIVAN BOULEVARD Rte UNKNOW / PINE RIDGE ROAD,,,,,234947.797,892067.3748
3657992,BOSTON,01-Nov-2013,8:31 AM,Property damage only (none injured),2,0,0,Angle,V1: Turning right / V2:Turning right,V1:Northbound / V2:Eastbound ,V1: Collision with motor vehicle in traffic / V2: Collision with motor vehicle in traffic ,V1: Passenger car / V2:Passenger car,Dry,Daylight,Clear,,SOLDIERS FIELD ROAD / SOLDIERS FIELD ROAD,,,IHOP,,228256.3495,900999.5131