Crash Number,City/Town Name,Crash Date,Crash Time,Crash Severity,Number of Vehicles,Total Nonfatal Injuries,Total Fatal Injuries,Manner of Collision,Vehicle Action Prior to Crash,Vehicle Travel Directions,Most Harmful Events,Vehicle Configuration,Road Surface Condition,Ambient Light,Weather Condition,At Roadway Intersection,Distance from Nearest Roadway Intersection,Distance from Nearest Milemarker,Distance from Nearest Exit,Distance from Nearest Landmark,Non Motorist Type,X Coordinate,Y Coordinate
3713374,BOSTON,01-Nov-2013,8:35 AM,Non-fatal injury,11,4,0,Rear-end,V1: Travelling straight ahead / V2:Slowing or stopped in traffic / V3:Slowing or stopped in traffic / V4:Travelling straight ahead / V5:Slowing or stopped in traffic / V6:Slowing or stopped in traffic / V7:Slowing or stopped in traffic / V8:Slowing or stopped in traffic / V9:Slowing or stopped in traffic / V10:Slowing or stopped in traffic / V11:Slowing or stopped in traffic,V1:Northbound / V2:Northbound / V3:Northbound / V4:Northbound / V5:Northbound / V6:Northbound / V7:Northbound / V8:Northbound / V9:Northbound / V10:Northbound / V11:Northbound ,V1: Collision with motor vehicle in traffic / V2: Collision with motor vehicle in traffic / V3: Collision with motor vehicle in traffic / V4: Collision with motor vehicle in traffic / V5: Collision with motor vehicle in traffic / V6: Collision with motor vehicle in traffic / V7: Collision with motor vehicle in traffic / V8: Collision with motor vehicle in traffic / V9: Collision with motor vehicle in traffic / V10: Collision with motor vehicle in traffic / V11: Collision with motor vehicle in traffic ,"V1: Light truck(van, mini-van, panel, pickup, sport utility) with only four tires / V2:Passenger car / V3:Passenger car / V4:Passenger car / V5:Passenger car / V6:Light truck(van, mini-van, panel, pickup, sport utility) with only four tires / V7:Passenger car / V8:Passenger car / V9:Passenger car / V10:Light truck(van, mini-van, panel, pickup, sport utility) with only four tires / V11:Passenger car",Dry,Daylight,Cloudy,,NEPONSET AVENUE Rte 3A N / WILLIAM T MORRISSEY BOULEVARD,,,NEPONSET BRIDGE,,237780.5868,892913.2032
3671919,BOSTON,01-Nov-2013,10:30 AM,Property damage only (none injured),1,0,0,Single vehicle crash,V1: Travelling straight ahead,V1:Northbound ,V1: Collision with median barrier ,V1: Passenger car,Wet,Daylight,Cloudy,,LEVERETT CONNECTOR NORTH / INTERSTATE 93 Rte 93 N,,,RAMP SN,,234807.383,903347.8013
3646263,BOSTON,01-Nov-2013,10:45 AM,Property damage only (none injured),1,0,0,Single vehicle crash,V1: Travelling straight ahead,V1:Eastbound ,V1: Collision with motor vehicle in traffic ,V1: Passenger car,Wet,Daylight,Rain,,STORROW DRIVE / DAVID G MUGAR WAY,,,,,235214.6816,900915.4701
3646264,BOSTON,01-Nov-2013,12:37 PM,Property damage only (none injured),2,0,0,Rear-end,V1: Slowing or stopped in traffic / V2:Travelling straight ahead,V1:Eastbound / V2:Eastbound ,V1: Collision with motor vehicle in traffic / V2: Collision with motor vehicle in traffic ,"V1: Light truck(van, mini-van, panel, pickup, sport utility) with only four tires / V2:Passenger car",Wet,Daylight,Rain,,STORROW DRIVE / RAMP - BERKELEY ST TO RT 28 NB,,,EXIT OF THE STORROW TUNNEL,,235157.1566,900734.1944
3730371,BOSTON,01-Nov-2013,2:30 PM,Property damage only (none injured),2,0,0,"Sideswipe, same direction",V1: Travelling straight ahead / V2:Changing lanes,V1:Southbound / V2:Southbound ,V1: Not reported / V2: Collision with motor vehicle in traffic ,"V1: Passenger car / V2:Light truck(van, mini-van, panel, pickup, sport utility) with only four tires",Dry,Daylight,Clear,,WILLIAM T MORRISSEY BOULEVARD Rte UNKNOW S / OLD COLONY TERRACE,,,,,237395.7657,895872.8752
3655214,BOSTON,01-Nov-2013,3:03 PM,Property damage only (none injured),2,0,0,Rear-end,V1: Travelling straight ahead / V2:Slowing or stopped in traffic,V1:Southbound / V2:Southbound ,V1: Collision with motor vehicle in traffic / V2: Collision with motor vehicle in traffic ,"V1: Passenger car / V2:Light truck(van, mini-van, panel, pickup, sport utility) with only four tires",Dry,Daylight,Clear/Cloudy,,JOHN F FITZGERALD EXPRESSWAY Rte 93 S / RAMP - RT 93 SB TO MASSACHUSETTS AVENUE,,,@ PINE ST,,236033.1424,899143.9493
3720899,BOSTON (DORCHESTER),01-Nov-2013,3:54 PM,Not Reported,1,0,0,Not reported,V1: Travelling straight ahead,V1:Not reported ,V1: Collision with pedestrian ,"V1: Light truck(van, mini-van, panel, pickup, sport utility) with only four tires",Not reported,Not reported,Not Reported,ADAMS STREET / PARKMAN STREET,,,,,P2:Pedestrian,236563.6567,894184.9157
3656060,BOSTON,01-Nov-2013,3:54 PM,Property damage only (none injured),2,0,0,"Sideswipe, same direction",V1: Travelling straight ahead / V2:Travelling straight ahead,V1:Westbound / V2:Westbound ,V1: Collision with motor vehicle in traffic / V2: Collision with motor vehicle in traffic ,V1: Passenger car / V2:Passenger car,Dry,Daylight,Clear,,Rte 90 W / UNKNOWN,,Exit 20 on Rte 90 W,,,231452.5043,900558.3731
3647306,BOSTON,01-Nov-2013,7:07 PM,Property damage only (none injured),2,0,0,Rear-end,V1: Slowing or stopped in traffic / V2:Travelling straight ahead,V1:Southbound / V2:Southbound ,V1: Collision with motor vehicle in traffic / V2: Collision with motor vehicle in traffic ,V1: Passenger car / V2:Passenger car,Dry,Dark - lighted roadway,Clear,,WILLIAM T MORRISSEY BOULEVARD / FREEPORT STREET,,,,,237136.3664,894533.318
3655395,BOSTON,02-Nov-2013,00:00 AM,Property damage only (none injured),1,0,0,Single vehicle crash,V1: Travelling straight ahead,V1:Westbound ,V1: Collision with curb ,V1: Passenger car,Dry,Dark - lighted roadway,Clear,,CHARLESGATE OVERPASS Rte UNKNOW / BOYLSTON STREET,,,,,233594.0367,899755.783
3647283,BOSTON,02-Nov-2013,2:19 AM,Non-fatal injury,1,1,0,Single vehicle crash,V1: Travelling straight ahead,V1:Northbound ,V1: Collision with median barrier ,V1: Passenger car,Dry,Dark - lighted roadway,Clear,,Rte 93 N,,Exit 27 on Rte 93 N,,,235655.07,902467.5364
3659586,BOSTON,02-Nov-2013,2:45 AM,Non-fatal injury,2,1,0,Rear-end,V1: Travelling straight ahead / V2:Slowing or stopped in traffic,V1:Northbound / V2:Northbound ,V1: Collision with motor vehicle in traffic / V2: Collision with motor vehicle in traffic ,"V1: Light truck(van, mini-van, panel, pickup, sport utility) with only four tires / V2:Light truck(van, mini-van, panel, pickup, sport utility) with only four tires",Dry,Dark - lighted roadway,Clear,,Rte 93 N,,,ZAKIM BRIDGE,,236035.9812,902062.4772
3720906,BOSTON,02-Nov-2013,8:00 AM,Property damage only (none injured),2,0,0,Angle,V1: Travelling straight ahead / V2:Travelling straight ahead,V1:Eastbound / V2:Northbound ,V1: Collision with motor vehicle in traffic / V2: Collision with motor vehicle in traffic ,V1: Passenger car / V2:Passenger car,Dry,Dark - lighted roadway,Clear/Clear,CUSHING AVENUE / JEROME STREET,,,,,,235893.3437,896123.125
3715641,BOSTON (ALLSTON),02-Nov-2013,2:22 PM,Not Reported,1,0,0,Angle,V1: Backing,V1:Not reported ,"V1: Collision with cyclist (bicycle, tricycle, unicycle, pedal car) ",V1: Passenger car,Dry,Daylight,Clear/Other,CAMBRIDGE STREET / EMERY ROAD,,,,,,230011.9377,900483.5627
3712808,BOSTON (ROSLINDALE),02-Nov-2013,3:55 PM,Non-fatal injury,2,1,0,Rear-end,V1: Not reported / V2:Not reported,V1:Not reported / V2:Not reported ,V1: Not reported / V2: Not reported ,V1: Passenger car / V2:Passenger car,Dry,Dark - lighted roadway,Cloudy,,391 HYDE PARK AVENUE,,,,,231453.8345,893050.3719
3713925,BOSTON (CHARLESTOWN),02-Nov-2013,6:30 PM,Not Reported,1,0,0,Unknown,V1: Travelling straight ahead,V1:Eastbound ,V1: Collision with animal - deer ,"V1: Light truck(van, mini-van, panel, pickup, sport utility) with only four tires",Dry,Dusk,Clear/Clear,,100 CITY SQUARE,,,,,236120.1002,902415.296
3651612,BOSTON,02-Nov-2013,11:22 PM,Non-fatal injury,3,5,0,Angle,V1: Travelling straight ahead / V2:Travelling straight ahead / V3:Slowing or stopped in traffic,V1:Southbound / V2:Eastbound / V3:Northbound ,V1: Collision with motor vehicle in traffic / V2: Collision with motor vehicle in traffic / V3: Collision with motor vehicle in traffic ,"V1: Passenger car / V2:Passenger car / V3:Light truck(van, mini-van, panel, pickup, sport utility) with only four tires",Dry,Dark - lighted roadway,Clear,,SOLDIERS FIELD ROAD / CAMBRIDGE STREET,,,DOUBLE TREE HOTEL,,231497.2189,901228.0458
3658519,BOSTON,03-Nov-2013,1:20 AM,Non-fatal injury,1,1,0,Single vehicle crash,V1: Travelling straight ahead,V1:Northbound ,V1: Collision with motor vehicle in traffic ,V1: Passenger car,Dry,Dark - lighted roadway,Clear,,WILLIAM T MORRISSEY BOULEVARD / DOMINIC J BANCULLI BOULEVARD,,,YACHT CLUB,,237467.919,895730.7452
3655452,BOSTON,03-Nov-2013,6:15 AM,Non-fatal injury,1,1,0,Single vehicle crash,V1: Travelling straight ahead,V1:Northbound ,V1: Collision with tree ,V1: Passenger car,Dry,Daylight,Clear,,ENNEKING PARKWAY Rte UNKNOW / WASHINGTON STREET,,,,,229642.4842,891696.4999
3657615,BOSTON,03-Nov-2013,8:23 AM,Property damage only (none injured),2,0,0,Rear-end,V1: Slowing or stopped in traffic / V2:Travelling straight ahead,V1:Southbound / V2:Southbound ,V1: Collision with motor vehicle in traffic / V2: Collision with motor vehicle in traffic ,"V1: Light truck(van, mini-van, panel, pickup, sport utility) with only four tires / V2:Passenger car",Dry,Daylight,Cloudy,,RIVERWAY / LONGWOOD AVENUE,,,,,232142.9084,898941.3686
3655383,BOSTON,03-Nov-2013,12:44 PM,Property damage only (none injured),2,0,0,Rear-end,V1: Travelling straight ahead / V2:Slowing or stopped in traffic,V1:Northbound / V2:Northbound ,V1: Collision with motor vehicle in traffic / V2: Collision with motor vehicle in traffic ,"V1: Passenger car / V2:Light truck(van, mini-van, panel, pickup, sport utility) with only four tires",Dry,Daylight,Clear,,Rte 93 N / UNKNOWN,,Exit 16 on Rte 93 N,,,236403.9842,897524.312
3713018,BOSTON,03-Nov-2013,2:40 PM,Non-fatal injury,1,1,0,Single vehicle crash,V1: Turning right,V1:Not reported ,V1: Collision with pedestrian ,V1: Passenger car,Dry,Daylight,Cloudy,PREBLE STREET / OLD COLONY AVENUE,,,,,P2:Pedestrian,236869.4374,897748.4377
3647307,BOSTON,03-Nov-2013,8:32 PM,Property damage only (none injured),2,0,0,Rear-end,V1: Travelling straight ahead / V2:Slowing or stopped in traffic,V1:Northbound / V2:Northbound ,V1: Collision with motor vehicle in traffic / V2: Collision with motor vehicle in traffic ,"V1: Light truck(van, mini-van, panel, pickup, sport utility) with only four tires / V2:Passenger car",Dry,Dark - lighted roadway,Cloudy,,Rte 93 N,,Exit 15 on Rte 93 N,,,236972.2496,896473.4282
3647308,BOSTON,03-Nov-2013,9:08 PM,Property damage only (none injured),3,0,0,Rear-end,V1: Travelling straight ahead / V2:Not reported / V3:Not reported,V1:Northbound / V2:Not reported / V3:Not reported ,V1: Collision with motor vehicle in traffic / V2: Not reported / V3: Not reported ,"V1: Light truck(van, mini-van, panel, pickup, sport utility) with only four tires / V2:Light truck(van, mini-van, panel, pickup, sport utility) with only four tires / V3:Passenger car",Dry,Dark - lighted roadway,Cloudy,,Rte 93 N,,Exit 15 on Rte 93 N,SOUTH OF EXIT 15,,236972.2496,896473.4282
3647733,BOSTON,03-Nov-2013,11:05 PM,Non-fatal injury,2,1,0,Rear-end,V1: Travelling straight ahead / V2:Slowing or stopped in traffic,V1:Northbound / V2:Northbound ,V1: Collision with motor vehicle in traffic / V2: Collision with motor vehicle in traffic ,"V1: Passenger car / V2:Light truck(van, mini-van, panel, pickup, sport utility) with only four tires",Dry,Dark - lighted roadway,Not Reported,ADAMS STREET / GALLIVAN BOULEVARD Rte 203,,,,,,236381.9376,892485.5001
3655788,BOSTON,04-Nov-2013,11:04 AM,Property damage only (none injured),2,0,0,Rear-end,V1: Travelling straight ahead / V2:Travelling straight ahead,V1:Westbound / V2:Westbound ,V1: Collision with motor vehicle in traffic / V2: Collision with motor vehicle in traffic ,V1: Passenger car / V2:Unknown vehicle configuration,Dry,Daylight,Clear,,Rte 90 W,Rte 90  W Milemarker 132.0,,,,232572.2182,899870.4883
3656061,BOSTON,04-Nov-2013,2:50 PM,Non-fatal injury,2,1,0,"Sideswipe, same direction",V1: Slowing or stopped in traffic / V2:Turning left,V1:Southbound / V2:Southbound ,V1: Collision with motor vehicle in traffic / V2: Collision with motor vehicle in traffic ,V1: Passenger car / V2:Passenger car,Dry,Daylight,Clear,,MAURICE TOBIN BRIDGE Rte 1 S / TOBIN BRIDGE Rte 1 S,,,,,237211.2416,903855.043
3655925,BOSTON,04-Nov-2013,3:54 PM,Property damage only (none injured),3,0,0,Rear-end,V1: Travelling straight ahead / V2:Travelling straight ahead / V3:Travelling straight ahead,V1:Southbound / V2:Southbound / V3:Southbound ,V1: Collision with motor vehicle in traffic / V2: Collision with motor vehicle in traffic / V3: Collision with motor vehicle in traffic ,V1: Passenger car / V2:Passenger car / V3:Passenger car,Dry,Daylight,Clear,,RAMP - LEVERETT CIRCLE TO RT 93 SB Rte 3 S / JOHN F FITZGERALD EXPRESSWAY Rte 1 S,,,,,235921.4053,902000.6739
3656426,BOSTON,04-Nov-2013,4:03 PM,Property damage only (none injured),2,0,0,"Sideswipe, same direction",V1: Travelling straight ahead / V2:Changing lanes,V1:Southbound / V2:Southbound ,V1: Collision with motor vehicle in traffic / V2: Collision with motor vehicle in traffic ,"V1: Light truck(van, mini-van, panel, pickup, sport utility) with only four tires / V2:Not reported",Dry,Daylight,Clear,,Rte 93 S / UNKNOWN,,Exit 23 on Rte 93 S,,,236856.2793,901152.8251
3651457,BOSTON,04-Nov-2013,5:00 PM,Non-fatal injury,3,1,0,Rear-end,V1: Travelling straight ahead / V2:Slowing or stopped in traffic / V3:Slowing or stopped in traffic,V1:Westbound / V2:Westbound / V3:Westbound ,V1: Collision with motor vehicle in traffic / V2: Collision with motor vehicle in traffic / V3: Collision with motor vehicle in traffic ,V1: Passenger car / V2:Passenger car / V3:Passenger car,Dry,Daylight,Clear,,STORROW DRIVE Rte 28 S / CHARLES STREET Rte 3A N,,,@ LEE POOL,,235409.5114,901614.3139
3647309,BOSTON,04-Nov-2013,5:05 PM,Property damage only (none injured),2,0,0,Rear-end,V1: Slowing or stopped in traffic / V2:Travelling straight ahead,V1:Southbound / V2:Southbound ,V1: Collision with motor vehicle in traffic / V2: Collision with motor vehicle in traffic ,"V1: Light truck(van, mini-van, panel, pickup, sport utility) with only four tires / V2:Passenger car",Dry,Dusk,Clear,,Rte 93,,Exit 15 on Rte 93,,,236629.6253,897168.5001
3655926,BOSTON,04-Nov-2013,6:00 PM,Property damage only (none injured),2,0,0,Rear-end,V1: Travelling straight ahead / V2:Travelling straight ahead,V1:Northbound / V2:Northbound ,V1: Collision with motor vehicle in traffic / V2: Collision with motor vehicle in traffic ,V1: Passenger car / V2:Passenger car,Dry,Dark - lighted roadway,Clear,,Rte 93 N / UNKNOWN,,Exit 20 on Rte 93 N,,,235935.6734,898219.8317
3713017,BOSTON (SOUTH BOSTON),04-Nov-2013,6:08 PM,Not Reported,2,0,0,Single vehicle crash,V1: Parked / V2:Parked,V1:Not reported / V2:Not reported ,V1: Not reported / V2: Not reported ,V1: Passenger car / V2:Passenger car,Dry,Daylight,Cloudy,,172 H STREET,,,,,237792.727,898030.6028
3658514,BOSTON,05-Nov-2013,7:03 AM,Property damage only (none injured),2,0,0,Angle,V1: Travelling straight ahead / V2:Turning left,V1:Eastbound / V2:Northbound ,V1: Collision with motor vehicle in traffic / V2: Collision with motor vehicle in traffic ,V1: Passenger car / V2:Passenger car,Dry,Daylight,Clear,,SOLDIERS FIELD ROAD / SOLDIERS FIELD ROAD,,,MCDONALDS RESTAURANT,,228412.2589,901015.4672
3772300,BOSTON,05-Nov-2013,8:08 AM,Non-fatal injury,2,1,0,Rear-end,V1: Turning right / V2:Slowing or stopped in traffic,V1:Westbound / V2:Westbound ,V1: Collision with motor vehicle in traffic / V2: Collision with motor vehicle in traffic ,V1: Passenger car / V2:Passenger car,Wet,Daylight,Cloudy,,KELLEY CIRCLE Rte UNKNOW / PARKMAN DRIVE,,,,,231180.0939,895997.3752
3712809,BOSTON (HYDE PARK),05-Nov-2013,8:11 AM,Non-fatal injury,1,1,0,Single vehicle crash,V1: Overtaking/passing,V1:Westbound ,V1: Collision with pedestrian ,V1: Passenger car,Dry,Daylight,Cloudy,,11 RAMSDELL AVENUE / HYDE PARK AVENUE,,,,,231388.1405,891889.0437
3666837,BOSTON,05-Nov-2013,9:19 AM,Non-fatal injury,2,4,0,Angle,V1: Travelling straight ahead / V2:Changing lanes,V1:Westbound / V2:Westbound ,V1: Collision with motor vehicle in traffic / V2: Collision with motor vehicle in traffic ,"V1: Bus (seats for more than 15 people, including driver) / V2:Light truck(van, mini-van, panel, pickup, sport utility) with only four tires",Dry,Daylight,Clear,,MASSACHUSETTS AVENUE CONNECTOR / SOUTHAMPTON STREET,,,EXTENTION,,235330.9844,898071.1877
3655453,BOSTON,05-Nov-2013,10:15 AM,Non-fatal injury,1,1,0,Single vehicle crash,V1: Travelling straight ahead,V1:Eastbound ,V1: Collision with pedestrian ,V1: Passenger car,Dry,Daylight,Clear,WEST ROXBURY CENTRE STREET ROTARY / CENTRE STREET,,,,,P2:Pedestrian,229086.7189,893052.9374
3656062,BOSTON,05-Nov-2013,11:13 AM,Property damage only (none injured),3,0,0,Rear-end,V1: Slowing or stopped in traffic / V2:Changing lanes / V3:Slowing or stopped in traffic,V1:Northbound / V2:Northbound / V3:Northbound ,V1: Collision with motor vehicle in traffic / V2: Collision with motor vehicle in traffic / V3: Collision with motor vehicle in traffic ,"V1: Light truck(van, mini-van, panel, pickup, sport utility) with only four tires / V2:Passenger car / V3:Light truck(van, mini-van, panel, pickup, sport utility) with only four tires",Dry,Daylight,Clear,,JOHN F FITZGERALD EXPRESSWAY Rte 93 N / RAMP - BROADWAY TO RT 93 NB,,,JUST INSIDE O'NEIL TUNNEL,,236461.9425,899886.3967
3665144,BOSTON,05-Nov-2013,1:25 PM,Property damage only (none injured),2,0,0,Rear-end,V1: Travelling straight ahead / V2:Travelling straight ahead,V1:Eastbound / V2:Eastbound ,V1: Collision with motor vehicle in traffic / V2: Collision with motor vehicle in traffic ,V1: Passenger car / V2:Passenger car,Dry,Daylight,Not Reported,SOLDIERS FIELD ROAD / SOLDIERS FIELD ROAD EXTENSION,,,,RAMP TOWARDS ELIOT BRIDGE,,230478.0938,902530.5623
3651272,BOSTON,05-Nov-2013,5:15 PM,Property damage only (none injured),2,0,0,Rear-end,V1: Slowing or stopped in traffic / V2:Travelling straight ahead,V1:Eastbound / V2:Eastbound ,V1: Collision with motor vehicle in traffic / V2: Collision with motor vehicle in traffic ,V1: Passenger car / V2:Passenger car,Dry,Dusk,Clear,CHARLESGATE OVERPASS / STORROW DRIVE,,,,CHARLESGATE EAST MERGE WITH STOR,,233992.7434,900260.9984
3676251,BOSTON,05-Nov-2013,6:35 PM,Non-fatal injury,2,1,0,Rear-end,V1: Slowing or stopped in traffic / V2:Travelling straight ahead,V1:Westbound / V2:Westbound ,V1: Collision with motor vehicle in traffic / V2: Collision with motor vehicle in traffic ,"V1: Passenger car / V2:Light truck(van, mini-van, panel, pickup, sport utility) with only four tires",Dry,Dark - lighted roadway,Not Reported,,NONANTUM ROAD,,,,,227161.3976,899935.2405
3656136,BOSTON,05-Nov-2013,7:00 PM,Property damage only (none injured),2,0,0,Rear-end,V1: Travelling straight ahead / V2:Slowing or stopped in traffic,V1:Southbound / V2:Southbound ,V1: Collision with motor vehicle in traffic / V2: Collision with motor vehicle in traffic ,V1: Passenger car / V2:Passenger car,Dry,Dark - lighted roadway,Not Reported,,JOHN F FITZGERALD EXPRESSWAY Rte 93 S / RAMP - RT 93 SB TO COLUMBIA RD,,,NORTH OF EXIT #15,,236594.9412,897218.1769
3665081,BOSTON,06-Nov-2013,8:10 AM,Property damage only (none injured),2,0,0,Angle,V1: Travelling straight ahead / V2:Turning left,V1:Northbound / V2:Northbound ,V1: Collision with motor vehicle in traffic / V2: Collision with motor vehicle in traffic ,"V1: Passenger car / V2:Light truck(van, mini-van, panel, pickup, sport utility) with only four tires",Dry,Daylight,Clear,,COLUMBIA ROAD Rte UNKNOW / BUTTONWOOD STREET,,,,,236609.5872,896844.6625
3715638,BOSTON,06-Nov-2013,10:19 AM,Non-fatal injury,1,1,0,Angle,V1: Turning right,V1:Not reported ,"V1: Collision with cyclist (bicycle, tricycle, unicycle, pedal car) ",V1: Passenger car,Dry,Daylight,Cloudy,HARVARD AVENUE / COMMONWEALTH AVENUE,,,,,"P2:Pedalcyclist (bicycle, tricycle, unicycle, pedal car)",230403.9531,900047.9373
3655794,BOSTON,06-Nov-2013,10:45 AM,Non-fatal injury,3,2,0,Rear-end,V1: Slowing or stopped in traffic / V2:Travelling straight ahead / V3:Changing lanes,V1:Eastbound / V2:Eastbound / V3:Eastbound ,V1: Collision with motor vehicle in traffic / V2: Collision with motor vehicle in traffic / V3: Collision with motor vehicle in traffic ,"V1: Passenger car / V2:Light truck(van, mini-van, panel, pickup, sport utility) with only four tires / V3:Light truck(van, mini-van, panel, pickup, sport utility) with only four tires",Dry,Daylight,Clear,,STORROW DRIVE / DAVID G MUGAR WAY,,,,,235214.6816,900915.4701
3656636,BOSTON,06-Nov-2013,2:26 PM,Non-fatal injury,3,2,0,Rear-end,V1: Slowing or stopped in traffic / V2:Slowing or stopped in traffic / V3:Travelling straight ahead,V1:Northbound / V2:Northbound / V3:Northbound ,V1: Collision with motor vehicle in traffic / V2: Collision with motor vehicle in traffic / V3: Collision with motor vehicle in traffic ,V1: Passenger car / V2:Passenger car / V3:Passenger car,Dry,Daylight,Clear,,Rte 93 N / UNKNOWN,,Exit 11 on Rte 93 N,,,237094.7253,891674.8051
3660280,BOSTON,06-Nov-2013,3:15 PM,Non-fatal injury,2,2,0,Head-on,V1: Travelling straight ahead / V2:Turning left,V1:Southbound / V2:Northbound ,V1: Collision with motor vehicle in traffic / V2: Collision with motor vehicle in traffic ,V1: Passenger car / V2:Passenger car,Dry,Daylight,Clear,,JAMAICAWAY Rte UNKNOW / PERKINS STREET,,,,,231606.1562,896796.9999
3656214,BOSTON,06-Nov-2013,4:15 PM,Property damage only (none injured),2,0,0,Angle,V1: Travelling straight ahead / V2:Turning left,V1:Southbound / V2:Southbound ,V1: Collision with motor vehicle in traffic / V2: Collision with motor vehicle in traffic ,"V1: Tractor/semi-trailer / V2:Light truck(van, mini-van, panel, pickup, sport utility) with only four tires",Dry,Daylight,Clear,,Rte 93 S / ALBANY STREET,,,ALBANY STREET ONRAMP,,235956.6798,898950.3127
3651452,BOSTON,06-Nov-2013,5:00 PM,Property damage only (none injured),1,0,0,Single vehicle crash,V1: Travelling straight ahead,V1:Eastbound ,V1: Collision with curb ,"V1: Light truck(van, mini-van, panel, pickup, sport utility) with only four tires",Dry,Dark - lighted roadway,Clear,,MASSACHUSETTS AVENUE CONNECTOR / MASSACHUSETTS AVENUE CONNECTOR,,,MASS AVE CONNECTOR,,235352.4087,898215.1442
3656137,BOSTON,06-Nov-2013,5:02 PM,Property damage only (none injured),2,0,0,Rear-end,V1: Travelling straight ahead / V2:Slowing or stopped in traffic,V1:Southbound / V2:Southbound ,V1: Collision with motor vehicle in traffic / V2: Collision with motor vehicle in traffic ,"V1: Light truck(van, mini-van, panel, pickup, sport utility) with only four tires / V2:Passenger car",Dry,Dusk,Clear,,WILLIAM T MORRISSEY BOULEVARD Rte UNKNOW S / OLD COLONY TERRACE,,,,,237395.7657,895872.8752
3651449,BOSTON,06-Nov-2013,5:20 PM,Non-fatal injury,2,3,0,Rear-end,V1: Slowing or stopped in traffic / V2:Travelling straight ahead,V1:Westbound / V2:Westbound ,V1: Collision with motor vehicle in traffic / V2: Collision with motor vehicle in traffic ,"V1: Light truck(van, mini-van, panel, pickup, sport utility) with only four tires / V2:Passenger car",Dry,Dark - lighted roadway,Clear,,Rte 90 W / UNKNOWN,,,,,229752.0583,900842.7985
3715631,BOSTON (ALLSTON),06-Nov-2013,6:30 PM,Property damage only (none injured),2,0,0,Rear-end,V1: Slowing or stopped in traffic / V2:Travelling straight ahead,V1:Westbound / V2:Westbound ,V1: Collision with motor vehicle in traffic / V2: Collision with motor vehicle in traffic ,V1: Passenger car / V2:Passenger car,Dry,Dark - lighted roadway,Clear/Clear,,925 COMMONWEALTH AVENUE,,,,,231499.8482,900176.1187
3657996,BOSTON,06-Nov-2013,8:31 PM,Property damage only (none injured),2,0,0,Rear-end,V1: Slowing or stopped in traffic / V2:Travelling straight ahead,V1:Westbound / V2:Westbound ,V1: Collision with motor vehicle in traffic / V2: Collision with motor vehicle in traffic ,V1: Passenger car / V2:Passenger car,Dry,Dark - lighted roadway,Clear,STORROW DRIVE / CHARLESGATE OVERPASS,,,,,,233287.6718,900098.5623
3715634,BOSTON,06-Nov-2013,10:20 PM,Property damage only (none injured),2,0,0,Angle,V1: Turning right / V2:Turning right,V1:Not reported / V2:Not reported ,V1: Collision with motor vehicle in traffic / V2: Collision with motor vehicle in traffic ,V1: Passenger car / V2:Passenger car,Dry,Dark - lighted roadway,Cloudy,CAMBRIDGE STREET / HARVARD AVENUE,,,,,,230252.888,900624.1441
3729198,BOSTON,06-Nov-2013,11:29 PM,Property damage only (none injured),1,0,0,Single vehicle crash,V1: Backing,V1:Eastbound ,V1: Collision with light pole or other post/support ,V1: Passenger car,Dry,Other,Clear,,,,,CONRAC GARAGE,,,
3656063,BOSTON,07-Nov-2013,5:43 AM,Property damage only (none injured),1,0,0,Single vehicle crash,V1: Travelling straight ahead,V1:Northbound ,V1: Collision with median barrier ,V1: Passenger car,Dry,Dark - lighted roadway,Clear,,Rte 93 N / UNKNOWN,,Exit 23 on Rte 93 N,,,236957.4837,900943.9828
3720885,BOSTON (DORCHESTER),07-Nov-2013,8:51 AM,Non-fatal injury,1,3,0,Single vehicle crash,V1: Travelling straight ahead,V1:Southbound ,V1: Collision with fence ,"V1: Light truck(van, mini-van, panel, pickup, sport utility) with only four tires",Wet,Daylight,Cloudy,,328 WASHINGTON STREET,,,,,236328.8807,900788.0866
3702755,BOSTON,07-Nov-2013,11:28 AM,Property damage only (none injured),2,0,0,Rear-end,V1: Travelling straight ahead / V2:Slowing or stopped in traffic,V1:Northbound / V2:Northbound ,V1: Collision with motor vehicle in traffic / V2: Collision with motor vehicle in traffic ,"V1: Light truck(van, mini-van, panel, pickup, sport utility) with only four tires / V2:Light truck(van, mini-van, panel, pickup, sport utility) with only four tires",Wet,Daylight,Rain,,Rte 93 N / UNKNOWN,,,PINE ST INN,,236278.5039,899558.9199
3655927,BOSTON,07-Nov-2013,1:31 PM,Property damage only (none injured),1,0,0,Single vehicle crash,V1: Travelling straight ahead,V1:Northbound ,V1: Collision with median barrier ,V1: Passenger car,Dry,Daylight,Clear,,Rte 93 N / UNKNOWN,,Exit 23 on Rte 93 N,,,236957.4837,900943.9828
3660571,BOSTON,07-Nov-2013,4:55 PM,Non-fatal injury,2,1,0,Angle,V1: Travelling straight ahead / V2:Making U-turn,V1:Westbound / V2:Westbound ,V1: Collision with motor vehicle in traffic / V2: Collision with motor vehicle in traffic ,V1: Passenger car / V2:Passenger car,Wet,Dark - lighted roadway,Not Reported,,PARKMAN DRIVE / PARKMAN DRIVE,,,,,231062.7042,896222.5934
3657997,BOSTON,07-Nov-2013,5:10 PM,Property damage only (none injured),2,0,0,Angle,V1: Travelling straight ahead / V2:Turning left,V1:Eastbound / V2:Westbound ,V1: Collision with motor vehicle in traffic / V2: Collision with motor vehicle in traffic ,"V1: Light truck(van, mini-van, panel, pickup, sport utility) with only four tires / V2:Passenger car",Wet,Dark - lighted roadway,Rain,,BIRMINGHAM PARKWAY / WESTERN AVENUE,,,,,229180.0376,901281.697