Crash Number,City/Town Name,Crash Date,Crash Time,Crash Severity,Number of Vehicles,Total Nonfatal Injuries,Total Fatal Injuries,Manner of Collision,Vehicle Action Prior to Crash,Vehicle Travel Directions,Most Harmful Events,Vehicle Configuration,Road Surface Condition,Ambient Light,Weather Condition,At Roadway Intersection,Distance from Nearest Roadway Intersection,Distance from Nearest Milemarker,Distance from Nearest Exit,Distance from Nearest Landmark,Non Motorist Type,X Coordinate,Y Coordinate
3713867,BOSTON (BRIGHTON),07-Nov-2013,6:23 PM,Property damage only (none injured),3,0,0,Rear-end,V1: Slowing or stopped in traffic / V2:Slowing or stopped in traffic / V3:Travelling straight ahead,V1:Not reported / V2:Not reported / V3:Not reported ,V1: Collision with motor vehicle in traffic / V2: Collision with motor vehicle in traffic / V3: Collision with motor vehicle in traffic ,"V1: Light truck(van, mini-van, panel, pickup, sport utility) with only four tires / V2:Light truck(van, mini-van, panel, pickup, sport utility) with only four tires / V3:Light truck(van, mini-van, panel, pickup, sport utility) with only four tires",Wet,Dark - lighted roadway,Rain/Rain,CHESTNUT HILL AVENUE / ACADEMY HILL ROAD,,,,,,228526.6565,899697.8752
3740631,BOSTON,07-Nov-2013,7:02 PM,Not Reported,1,0,0,Not reported,V1: Turning left,V1:Southbound ,V1: Collision with pedestrian ,V1: Passenger car,Not reported,Not reported,Not Reported,BOWDOIN STREET / ADAMS STREET,,,,,P2:Pedestrian,235929.1719,895465.1876
3655823,BOSTON,07-Nov-2013,9:10 PM,Non-fatal injury,2,1,0,Angle,V1: Travelling straight ahead / V2:Turning left,V1:Eastbound / V2:Westbound ,V1: Collision with motor vehicle in traffic / V2: Collision with motor vehicle in traffic ,"V1: Passenger car / V2:Light truck(van, mini-van, panel, pickup, sport utility) with only four tires",Dry,Dark - lighted roadway,Clear,,MORTON STREET Rte 203 / COURTLAND ROAD,,,,,233533.0467,892972.5627
3656754,BOSTON,07-Nov-2013,10:06 PM,Non-fatal injury,1,2,0,Single vehicle crash,V1: Leaving traffic lane,V1:Southbound ,V1: Not reported ,V1: Passenger car,Dry,Dark - lighted roadway,Clear,,JOHN F FITZGERALD EXPRESSWAY Rte 93 S,,,@ THE NORTH HOV BUILDING,,236763.4247,895372.5219
3656064,BOSTON,07-Nov-2013,11:10 PM,Property damage only (none injured),1,0,0,Single vehicle crash,V1: Changing lanes,V1:Southbound ,V1: Collision with median barrier ,V1: Passenger car,Dry,Dark - lighted roadway,Clear,,JOHN F FITZGERALD EXPRESSWAY Rte 93 S / GENERAL CASIMIR PULASKI SKYWAY Rte 1 S,,,HOV/MAIN LINE,,235839.7066,898336.335
3674751,BOSTON,08-Nov-2013,1:20 AM,Non-fatal injury,1,1,0,"Sideswipe, opposite direction",V1: Travelling straight ahead,V1:Northbound ,V1: Collision with motor vehicle in traffic ,"V1: Light truck(van, mini-van, panel, pickup, sport utility) with only four tires",Dry,Dark - lighted roadway,Clear,,MORTON STREET Rte UNKNOW / WEST SELDEN STREET,,,,,234424.4024,892301.6634
3710767,BOSTON,08-Nov-2013,6:15 AM,Property damage only (none injured),2,0,0,Angle,V1: Travelling straight ahead / V2:Turning left,V1:Westbound / V2:Southbound ,V1: Collision with motor vehicle in traffic / V2: Collision with motor vehicle in traffic ,"V1: Bus (seats for more than 15 people, including driver) / V2:Light truck(van, mini-van, panel, pickup, sport utility) with only four tires",Dry,Daylight,Clear,HAUL ROAD / RAMP - HAUL ROAD TO RT 90 WB / RAMP - D STREET TO HAUL ROAD,,,,RAMP DB,,237627.2291,899817.3934
3655446,BOSTON,08-Nov-2013,12:15 PM,Property damage only (none injured),2,0,0,Rear-end,V1: Slowing or stopped in traffic / V2:Travelling straight ahead,V1:Northbound / V2:Northbound ,V1: Collision with motor vehicle in traffic / V2: Collision with motor vehicle in traffic ,"V1: Light truck(van, mini-van, panel, pickup, sport utility) with only four tires / V2:Passenger car",Dry,Daylight,Clear,,Rte 93 N / UNKNOWN,,Exit 12 on Rte 93 N,ON RAMP,,237641.3431,892708.5028
3656138,BOSTON,08-Nov-2013,3:07 PM,Property damage only (none injured),2,0,0,Rear-end,V1: Slowing or stopped in traffic / V2:Slowing or stopped in traffic,V1:Northbound / V2:Northbound ,V1: Collision with motor vehicle in traffic / V2: Collision with motor vehicle in traffic ,"V1: Passenger car / V2:Light truck(van, mini-van, panel, pickup, sport utility) with only four tires",Dry,Daylight,Cloudy,,Rte 93 N / UNKNOWN,,Exit 13 on Rte 93 N,,,237420.1414,894076.5227
3655222,BOSTON,08-Nov-2013,4:00 PM,Property damage only (none injured),2,0,0,Rear-end,V1: Slowing or stopped in traffic / V2:Travelling straight ahead,V1:Eastbound / V2:Eastbound ,V1: Collision with motor vehicle in traffic / V2: Collision with motor vehicle in traffic ,"V1: Light truck(van, mini-van, panel, pickup, sport utility) with only four tires / V2:Light truck(van, mini-van, panel, pickup, sport utility) with only four tires",Dry,Dark - lighted roadway,Cloudy,,STORROW DRIVE / RAMP - BERKELEY ST TO RT 28 NB,,,@ STORROW TUNNEL,,235147.5253,900720.1042
3733456,BOSTON (DORCHESTER),08-Nov-2013,9:53 PM,Non-fatal injury,1,1,0,Single vehicle crash,V1: Not reported,V1:Not reported ,V1: Not reported ,V1: Passenger car,Dry,Dusk,Clear,,91 GENEVA AVENUE / COLUMBIA ROAD,,,,P3:Pedestrian,234772.375,895147.9375
3656065,BOSTON,08-Nov-2013,11:43 PM,Property damage only (none injured),2,0,0,Rear-end,V1: Travelling straight ahead / V2:Slowing or stopped in traffic,V1:Westbound / V2:Westbound ,V1: Collision with motor vehicle in traffic / V2: Collision with motor vehicle in traffic ,"V1: Passenger car / V2:Light truck(van, mini-van, panel, pickup, sport utility) with only four tires",Dry,Dark - lighted roadway,Clear,,MASSACHUSETTS TURNPIKE Rte 90 W / RAMP - DARTMOUTH STREET TO RT 90 WB,,,PRUDENTIAL TUNNEL,,234234.4521,899775.1709
3691531,BOSTON,09-Nov-2013,00:00 AM,Property damage only (none injured),1,0,0,Not reported,V1: Travelling straight ahead,V1:Not reported ,V1: Collision with impact attenuator/crash cushion ,V1: Truck/trailer,Not reported,Not reported,Not Reported,,ALFORD STREET Rte 99 N,,,INBOUND BEFORE UNDERPASS,,,
3752917,BOSTON,09-Nov-2013,2:39 AM,Not Reported,2,0,0,Not reported,V1: Not reported / V2:Not reported,V1:Not reported / V2:Not reported ,V1: Not reported / V2: Not reported ,V1: Passenger car / V2:Passenger car,Not reported,Not reported,Not Reported,MELNEA CASS BOULEVARD / ALBANY STREET,,,,,,234872.3123,897948.9375
3655928,BOSTON,09-Nov-2013,3:23 AM,Property damage only (none injured),1,0,0,Single vehicle crash,V1: Travelling straight ahead,V1:Northbound ,V1: Collision with median barrier ,V1: Passenger car,Dry,Dark - lighted roadway,Clear,,Rte 93 N / UNKNOWN,,Exit 23 on Rte 93 N,,,236957.4837,900943.9828
3738363,BOSTON (MATTAPAN),09-Nov-2013,4:30 AM,Property damage only (none injured),1,0,0,Single vehicle crash,V1: Travelling straight ahead,V1:Southbound ,V1: Collision with curb ,V1: Passenger car,Dry,Dark - lighted roadway,Clear,BLUE HILL AVENUE Rte 28 S / BABSON STREET,,,,1575 BLUE HILL AVE/CITIZENS BANK,,233511.8044,891148.6835
3715513,BOSTON,09-Nov-2013,12:05 PM,Property damage only (none injured),2,0,0,Angle,V1: Slowing or stopped in traffic / V2:Travelling straight ahead,V1:Northbound / V2:Northbound ,V1: Collision with motor vehicle in traffic / V2: Collision with motor vehicle in traffic ,V1: Passenger car / V2:Passenger car,Dry,Dark - lighted roadway,Cloudy,COMMONWEALTH AVENUE / SAINT PAUL STREET,,,,,,231654.786,900129.0468
3712028,BOSTON,09-Nov-2013,1:55 PM,Property damage only (none injured),3,0,0,Not reported,V1: Slowing or stopped in traffic / V2:Slowing or stopped in traffic / V3:Travelling straight ahead,V1:Not reported / V2:Not reported / V3:Not reported ,V1: Collision with motor vehicle in traffic / V2: Collision with motor vehicle in traffic / V3: Collision with motor vehicle in traffic ,V1: Passenger car / V2:Passenger car / V3:Passenger car,Not reported,Not reported,Not Reported,,575 BAKER STREET,,,,,227059.7161,893186.7273
3656066,BOSTON,09-Nov-2013,3:00 PM,Property damage only (none injured),3,0,0,Rear-end,V1: Travelling straight ahead / V2:Slowing or stopped in traffic / V3:Slowing or stopped in traffic,V1:Northbound / V2:Northbound / V3:Northbound ,V1: Collision with motor vehicle in traffic / V2: Collision with motor vehicle in traffic / V3: Collision with motor vehicle in traffic ,"V1: Passenger car / V2:Light truck(van, mini-van, panel, pickup, sport utility) with only four tires / V3:Passenger car",Dry,Dark - lighted roadway,Clear,,JOHN F FITZGERALD EXPRESSWAY Rte 93 N / RAMP - SEAPORT BOULEVARD TO RT 93 NB,,,O'NEILL TUNNEL,,236880.2257,901159.5798
3656229,BOSTON,09-Nov-2013,4:20 PM,Property damage only (none injured),3,0,0,Rear-end,V1: Slowing or stopped in traffic / V2:Slowing or stopped in traffic / V3:Slowing or stopped in traffic,V1:Northbound / V2:Northbound / V3:Northbound ,V1: Collision with motor vehicle in traffic / V2: Collision with motor vehicle in traffic / V3: Collision with motor vehicle in traffic ,"V1: Passenger car / V2:Passenger car / V3:Light truck(van, mini-van, panel, pickup, sport utility) with only four tires",Dry,Dusk,Not Reported,,Rte 93 N,,Exit 13 on Rte 93 N,,,237420.1414,894076.5227
3656073,BOSTON,09-Nov-2013,4:44 PM,Property damage only (none injured),2,0,0,Rear-end,V1: Slowing or stopped in traffic / V2:Travelling straight ahead,V1:Westbound / V2:Westbound ,V1: Collision with motor vehicle in traffic / V2: Collision with motor vehicle in traffic ,"V1: Light truck(van, mini-van, panel, pickup, sport utility) with only four tires / V2:Passenger car",Dry,Dusk,Clear,,STORROW DRIVE / RAMP - BERKELEY ST TO RT 28 NB,,,MUGAR WAY W/B BY HATCH SHELL,,235188.6814,900821.7604
3656134,BOSTON,09-Nov-2013,4:45 PM,Property damage only (none injured),2,0,0,Angle,V1: Travelling straight ahead / V2:Changing lanes,V1:Westbound / V2:Westbound ,V1: Collision with motor vehicle in traffic / V2: Collision with motor vehicle in traffic ,"V1: Light truck(van, mini-van, panel, pickup, sport utility) with only four tires / V2:Passenger car",Dry,Dusk,Clear,,STORROW DRIVE Rte 28 S,,,MUGAR WAY WESTBOUND BY HATCH SHE,,235195.2221,900886.7541
3713864,BOSTON (BRIGHTON),09-Nov-2013,4:50 PM,Non-fatal injury,1,1,0,Single vehicle crash,V1: Travelling straight ahead,V1:Westbound ,V1: Collision with pedestrian ,V1: Passenger car,Dry,Dusk,Clear,COMMONWEALTH AVENUE / SOUTH STREET,,,,,P3:Pedestrian,228200.2293,898858.2008
3728138,BOSTON (ROXBURY),09-Nov-2013,7:11 PM,Property damage only (none injured),2,0,0,Angle,V1: Travelling straight ahead / V2:Travelling straight ahead,V1:Not reported / V2:Not reported ,V1: Collision with motor vehicle in traffic / V2: Collision with motor vehicle in traffic ,V1: Passenger car / V2:Passenger car,Dry,Dark - lighted roadway,Clear/Clear,,55 MALCOLM X BOULEVARD,,,,,233765.5091,897931.0531
3713920,BOSTON (CHARLESTOWN),09-Nov-2013,8:50 PM,Property damage only (none injured),4,0,0,"Sideswipe, opposite direction",V1: Travelling straight ahead / V2:Travelling straight ahead / V3:Parked / V4:Travelling straight ahead,V1:Southbound / V2:Not reported / V3:Not reported / V4:Not reported ,V1: Other / V2: Collision with motor vehicle in traffic / V3: Collision with parked motor vehicle / V4: Collision with parked motor vehicle ,V1: Passenger car / V2:Passenger car / V3:Passenger car / V4:Passenger car,Wet,Dark - lighted roadway,Rain/Rain,,281 MAIN STREET,,,,,235661.4006,903086.8158
3656076,BOSTON,09-Nov-2013,10:45 PM,Property damage only (none injured),2,0,0,Angle,V1: Travelling straight ahead / V2:Travelling straight ahead,V1:Southbound / V2:Eastbound ,V1: Collision with motor vehicle in traffic / V2: Collision with motor vehicle in traffic ,V1: Passenger car / V2:Passenger car,Dry,Dark - lighted roadway,Not Reported,WILLIAM T MORRISSEY BOULEVARD / FREEPORT STREET,,,,,,237149.8439,894580.3748
3736203,BOSTON (DORCHESTER),10-Nov-2013,00:00 AM,Property damage only (none injured),2,0,0,"Sideswipe, same direction",V1: Travelling straight ahead / V2:Parked,V1:Not reported / V2:Not reported ,V1: Collision with parked motor vehicle / V2: Not reported ,V1: Passenger car / V2:Passenger car,Dry,Dark - roadway not lighted,Clear,,29 OCEAN STREET,,,,,235701.5484,892934.9926
3667468,BOSTON,10-Nov-2013,1:00 AM,Non-fatal injury,1,4,0,Single vehicle crash,V1: Travelling straight ahead,V1:Southbound ,V1: Collision with median barrier ,V1: Passenger car,Dry,Dark - lighted roadway,Not Reported,,Rte 90 W / UNKNOWN,,Exit 24 on Rte 90 W,D RAMP SPLIT,,238090.4393,899691.5691
3655929,BOSTON,10-Nov-2013,7:10 AM,Property damage only (none injured),1,0,0,Single vehicle crash,V1: Travelling straight ahead,V1:Northbound ,V1: Collision with median barrier ,V1: Passenger car,Wet,Daylight,Rain,,Rte 93 N / UNKNOWN,,Exit 23 on Rte 93 N,,,236957.4837,900943.9828
3655223,BOSTON,10-Nov-2013,7:38 AM,Property damage only (none injured),2,0,0,Angle,V1: Travelling straight ahead / V2:Turning left,V1:Eastbound / V2:Eastbound ,V1: Collision with motor vehicle in traffic / V2: Collision with motor vehicle in traffic ,"V1: Passenger car / V2:Light truck(van, mini-van, panel, pickup, sport utility) with only four tires",Wet,Daylight,Cloudy,,RIVERWAY Rte UNKNOW / LONGWOOD AVENUE,,,,,232142.9084,898941.3686
3656220,BOSTON,10-Nov-2013,8:48 AM,Property damage only (none injured),1,0,0,Single vehicle crash,V1: Travelling straight ahead,V1:Eastbound ,V1: Collision with guardrail ,V1: Passenger car,Wet,Daylight,Cloudy/Rain,,STORROW DRIVE / LONGFELLOW BRIDGE,,,S-TURNS MGH,,235193.1629,901280.3507
3657981,BOSTON,10-Nov-2013,9:10 AM,Property damage only (none injured),1,0,0,Single vehicle crash,V1: Travelling straight ahead,V1:Northbound ,V1: Collision with median barrier ,V1: Passenger car,Wet,Daylight,Cloudy,LEVERETT CONNECTOR NORTH / INTERSTATE 93 Rte 93 N,,,,,,234862.8756,903881.2818
3665075,BOSTON,10-Nov-2013,9:43 AM,Property damage only (none injured),1,0,0,Single vehicle crash,V1: Travelling straight ahead,V1:Westbound ,V1: Collision with median barrier ,V1: Passenger car,Wet,Daylight,Not Reported,,SOLDIERS FIELD ROAD Rte UNKNOW W / NORTH HARVARD STREET,,,,,230992.3482,902048.2872
3748685,BOSTON (CHARLESTOWN),10-Nov-2013,6:49 PM,Property damage only (none injured),1,0,0,Angle,V1: Entering traffic lane,V1:Southbound ,"V1: Collision with cyclist (bicycle, tricycle, unicycle, pedal car) ",V1: Passenger car,Dry,Dark - lighted roadway,Clear/Clear,MAIN STREET / SCHOOL STREET,,,,,"P3:Pedalcyclist (bicycle, tricycle, unicycle, pedal car)",235757.4374,902985.0626
3668552,BOSTON,10-Nov-2013,7:41 PM,Property damage only (none injured),2,0,0,Angle,V1: Travelling straight ahead / V2:Turning left,V1:Southbound / V2:Northbound ,V1: Collision with motor vehicle in traffic / V2: Collision with motor vehicle in traffic ,"V1: Passenger car / V2:Light truck(van, mini-van, panel, pickup, sport utility) with only four tires",Dry,Dark - lighted roadway,Clear,COLUMBIA ROAD / OLD COLONY AVENUE,600 feet N from Intersection COLUMBIA ROAD / KOSCIUSZKO CIRCLE,,,,,236906.6045,897100.64
3720901,BOSTON (DORCHESTER),11-Nov-2013,7:25 AM,Non-fatal injury,1,1,0,Single vehicle crash,V1: Backing,V1:Not reported ,V1: Collision with pedestrian ,V1: Unknown vehicle configuration,Dry,Daylight,Clear/Unknown,,1 feet N from Intersection SAVIN HILL AVENUE / BAYSIDE STREET,,,,P2:Pedestrian,237079.1808,895495.8333
3660281,BOSTON,11-Nov-2013,8:45 AM,Property damage only (none injured),5,0,0,Rear-end,V1: Slowing or stopped in traffic / V2:Slowing or stopped in traffic / V3:Slowing or stopped in traffic / V4:Slowing or stopped in traffic / V5:Travelling straight ahead,V1:Westbound / V2:Westbound / V3:Westbound / V4:Westbound / V5:Westbound ,V1: Collision with motor vehicle in traffic / V2: Collision with motor vehicle in traffic / V3: Collision with motor vehicle in traffic / V4: Collision with motor vehicle in traffic / V5: Collision with motor vehicle in traffic ,"V1: Passenger car / V2:Light truck(van, mini-van, panel, pickup, sport utility) with only four tires / V3:Light truck(van, mini-van, panel, pickup, sport utility) with only four tires / V4:Light truck(van, mini-van, panel, pickup, sport utility) with only four tires / V5:Light truck(van, mini-van, panel, pickup, sport utility) with only four tires",Dry,Daylight,Clear,,STORROW DRIVE Rte UNKNOW W,,,HATCH SHELL,,235176.6897,900826.525
3665030,BOSTON,11-Nov-2013,9:30 AM,Property damage only (none injured),2,0,0,Angle,V1: Travelling straight ahead / V2:Turning left,V1:Northbound / V2:Southbound ,V1: Collision with motor vehicle in traffic / V2: Collision with motor vehicle in traffic ,"V1: Light truck(van, mini-van, panel, pickup, sport utility) with only four tires / V2:Passenger car",Dry,Daylight,Clear,,JAMAICAWAY Rte UNKNOW / BYNNER STREET,,,,,231761.9221,897172.3749
3725852,BOSTON (DORCHESTER),11-Nov-2013,3:15 PM,Non-fatal injury,2,3,0,Angle,V1: Travelling straight ahead / V2:Turning left,V1:Northbound / V2:Southbound ,V1: Collision with motor vehicle in traffic / V2: Collision with motor vehicle in traffic ,V1: Passenger car / V2:Passenger car,Dry,Daylight,Clear/Clear,SAINT GREGORY STREET / WASHINGTON STREET,,,,,,235503.1096,891787.3748
3679294,BOSTON,11-Nov-2013,5:30 PM,Non-fatal injury,1,1,0,Head-on,V1: Travelling straight ahead,V1:Northbound ,V1: Collision with pedestrian ,V1: Passenger car,Wet,Dark - lighted roadway,Clear,,HYDE PARK AVENUE Rte UNKNOW / MILTON STREET,,,,P1:Pedestrian,230361.0311,887703.4375
3804523,BOSTON,12-Nov-2013,00:00 AM,Property damage only (none injured),2,0,0,Angle,V1: Turning right / V2:Not reported,V1:Not reported / V2:Not reported ,V1: Collision with motor vehicle in traffic / V2: Not reported ,"V1: Single-unit truck (2-axle, 6-tire) / V2:Unknown vehicle configuration",Wet,Daylight,Rain/Snow,,1187 DORCHESTER AVENUE,,,,,236448.956,895591.55
3665082,BOSTON,12-Nov-2013,1:00 AM,Property damage only (none injured),2,0,0,Rear-end,V1: Slowing or stopped in traffic / V2:Travelling straight ahead,V1:Eastbound / V2:Eastbound ,V1: Collision with motor vehicle in traffic / V2: Collision with motor vehicle in traffic ,V1: Passenger car / V2:Passenger car,Dry,Dark - lighted roadway,Cloudy,GALLIVAN BOULEVARD Rte 203 E / ADAMS STREET,,,,,,236381.9376,892485.5001
3657494,BOSTON,12-Nov-2013,1:55 AM,Property damage only (none injured),1,0,0,Single vehicle crash,V1: Not reported,V1:Not reported ,V1: Not reported ,V1: Passenger car,Dry,Dark - lighted roadway,Clear,SUMMER STREET / D STREET,,,,,,237728.4951,899633.9545
3664975,BOSTON,12-Nov-2013,4:01 AM,Property damage only (none injured),2,0,0,"Sideswipe, same direction",V1: Travelling straight ahead / V2:Travelling straight ahead,V1:Northbound / V2:Northbound ,V1: Collision with motor vehicle in traffic / V2: Collision with motor vehicle in traffic ,"V1: Passenger car / V2:Light truck(van, mini-van, panel, pickup, sport utility) with only four tires",Wet,Dark - lighted roadway,Rain,,Rte 93 N / UNKNOWN,,Exit 23 on Rte 93 N,,,236957.4837,900943.9828
3733418,BOSTON (ROXBURY),12-Nov-2013,4:52 AM,Non-fatal injury,2,1,0,Not reported,V1: Travelling straight ahead / V2:Travelling straight ahead,V1:Southbound / V2:Eastbound ,V1: Collision with motor vehicle in traffic / V2: Collision with motor vehicle in traffic ,"V1: Light truck(van, mini-van, panel, pickup, sport utility) with only four tires / V2:Passenger car",Not reported,Not reported,Not Reported,MELNEA CASS BOULEVARD / SHAWMUT AVENUE,,,,,,234405.6094,898229.0624
3711693,BOSTON,12-Nov-2013,4:53 AM,Non-fatal injury,2,1,0,"Sideswipe, opposite direction",V1: Travelling straight ahead / V2:Travelling straight ahead,V1:Northbound / V2:Westbound ,V1: Collision with motor vehicle in traffic / V2: Collision with motor vehicle in traffic ,"V1: Passenger car / V2:Light truck(van, mini-van, panel, pickup, sport utility) with only four tires",Wet,Dark - lighted roadway,Rain,RAMP - SOLDIERS FIELD RD WB TO WESTERN A / CAMBRIDGE STREET,,,,GUEST QUARTERS HOTEL,,231514.4842,901235.6252
3664976,BOSTON,12-Nov-2013,7:00 AM,Property damage only (none injured),1,0,0,Single vehicle crash,V1: Changing lanes,V1:Southbound ,V1: Collision with motor vehicle in traffic ,V1: Passenger car,Wet,Daylight,Rain,,Rte 93 S / UNKNOWN,,Exit 20 on Rte 93 S,,,236954.209,900826.9442
3658262,BOSTON,12-Nov-2013,7:39 AM,Non-fatal injury,2,1,0,Rear-end,V1: Travelling straight ahead / V2:Slowing or stopped in traffic,V1:Southbound / V2:Southbound ,V1: Collision with motor vehicle in traffic / V2: Collision with motor vehicle in traffic ,"V1: Passenger car / V2:Light truck(van, mini-van, panel, pickup, sport utility) with only four tires",Wet,Daylight,"Sleet, hail (freezing rain or drizzle)",,Rte 93 S,,Exit 24 on Rte 93 S,,,236397.1933,901565.6511
3668834,BOSTON,12-Nov-2013,7:57 AM,Property damage only (none injured),1,0,0,Single vehicle crash,V1: Turning left,V1:Westbound ,V1: Collision with light pole or other post/support ,V1: Truck/trailer,Dry,Daylight,Clear,WILLIAM T MORRISSEY BOULEVARD / MOUNT VERNON STREET,,,,MORRISSEY BLVD BY JFK T STATION,,237080.5155,896774.6875
3736153,BOSTON (DORCHESTER),12-Nov-2013,8:03 AM,Unknown,2,0,0,Angle,V1: Travelling straight ahead / V2:Travelling straight ahead,V1:Southbound / V2:Not reported ,V1: Collision with motor vehicle in traffic / V2: Collision with motor vehicle in traffic ,V1: Passenger car / V2:Passenger car,Wet,Daylight,Rain,WASHINGTON STREET / MOULTON STREET / SOUTHERN AVENUE,,,,,,235324.844,893479.5625
3664977,BOSTON,12-Nov-2013,8:29 AM,Property damage only (none injured),3,0,0,Rear-end,V1: Travelling straight ahead / V2:Slowing or stopped in traffic / V3:Slowing or stopped in traffic,V1:Southbound / V2:Southbound / V3:Southbound ,V1: Collision with motor vehicle in traffic / V2: Collision with motor vehicle in traffic / V3: Collision with motor vehicle in traffic ,V1: Passenger car / V2:Passenger car / V3:Passenger car,Wet,Daylight,Rain,,Rte 93 S / UNKNOWN,,Exit 23 on Rte 93 S,,,236856.2793,901152.8251
3660546,BOSTON,12-Nov-2013,10:31 AM,Property damage only (none injured),2,0,0,Angle,V1: Travelling straight ahead / V2:Travelling straight ahead,V1:Eastbound / V2:Eastbound ,V1: Collision with motor vehicle in traffic / V2: Collision with motor vehicle in traffic ,V1: Passenger car / V2:Tractor/semi-trailer,Wet,Daylight,Not Reported,,MASSACHUSETTS TURNPIKE Rte 90 E,,Exit 19 on Rte 90,,,231188.4029,900802.8316
3724091,BOSTON,12-Nov-2013,3:50 PM,Property damage only (none injured),2,0,0,Single vehicle crash,V1: Travelling straight ahead / V2:Travelling straight ahead,V1:Eastbound / V2:Eastbound ,V1: Collision with overhead sign support / V2: Collision with motor vehicle in traffic ,"V1: Single-unit truck (2-axle, 6-tire) / V2:Passenger car",Dry,Dusk,Cloudy,,STORROW DRIVE,,,SILBER WALKWAY,,234695.952,900530.3148
3702969,BOSTON,12-Nov-2013,4:00 PM,Property damage only (none injured),2,0,0,"Sideswipe, same direction",V1: Slowing or stopped in traffic / V2:Travelling straight ahead,V1:Eastbound / V2:Eastbound ,V1: Collision with motor vehicle in traffic / V2: Collision with motor vehicle in traffic ,V1: Passenger car / V2:Passenger car,Dry,Daylight,Cloudy,,501 ARBORWAY,,,501,,232317.0749,894582.8193
3659797,BOSTON (DORCHESTER),13-Nov-2013,00:00 AM,Property damage only (none injured),2,0,0,Angle,V1: Travelling straight ahead / V2:Travelling straight ahead,V1:Not reported / V2:Not reported ,V1: Collision with motor vehicle in traffic / V2: Not reported ,"V1: Bus (seats for more than 15 people, including driver) / V2:Passenger car",Dry,Dark - lighted roadway,Clear/Clear,BLUE HILL AVENUE / COLUMBIA ROAD,,,,,,234215.2186,894861.2498
3657617,BOSTON,13-Nov-2013,7:22 AM,Property damage only (none injured),3,0,0,"Sideswipe, same direction",V1: Travelling straight ahead / V2:Travelling straight ahead / V3:Travelling straight ahead,V1:Eastbound / V2:Eastbound / V3:Northbound ,V1: Collision with motor vehicle in traffic / V2: Collision with motor vehicle in traffic / V3: Collision with motor vehicle in traffic ,"V1: Light truck(van, mini-van, panel, pickup, sport utility) with only four tires / V2:Passenger car / V3:Passenger car",Dry,Daylight,Not Reported,BROOKLINE AVENUE / PARK DRIVE,,,,,,232742.1496,899278.3204
3668134,BOSTON,13-Nov-2013,9:10 AM,Non-fatal injury,2,1,0,Not reported,V1: Slowing or stopped in traffic / V2:Slowing or stopped in traffic,V1:Eastbound / V2:Eastbound ,V1: Collision with motor vehicle in traffic / V2: Collision with motor vehicle in traffic ,"V1: Passenger car / V2:Bus (seats for more than 15 people, including driver)",Not reported,Not reported,Not Reported,TREMONT STREET / SAINT CYPRIANS PLACE,,,,,,234086.1327,898474.3498
3712029,BOSTON,13-Nov-2013,10:15 AM,Non-fatal injury,2,5,0,Angle,V1: Travelling straight ahead / V2:Turning left,V1:Not reported / V2:Not reported ,V1: Collision with motor vehicle in traffic / V2: Collision with motor vehicle in traffic ,V1: Passenger car / V2:Passenger car,Dry,Daylight,Clear,WASHINGTON STREET / HERON STREET,,,,,,228986.4186,891011.1966
3665131,BOSTON,13-Nov-2013,11:52 AM,Property damage only (none injured),2,0,0,Rear-end,V1: Slowing or stopped in traffic / V2:Slowing or stopped in traffic,V1:Northbound / V2:Northbound ,V1: Collision with motor vehicle in traffic / V2: Collision with motor vehicle in traffic ,V1: Passenger car / V2:Passenger car,Dry,Daylight,Not Reported,,BOYLSTON STREET Rte UNKNOW / CHARLESGATE OVERPASS,,,,,233583.8202,899756.5488
3660238,BOSTON,13-Nov-2013,4:45 PM,Non-fatal injury,3,1,0,Rear-end,V1: Slowing or stopped in traffic / V2:Slowing or stopped in traffic / V3:Travelling straight ahead,V1:Eastbound / V2:Eastbound / V3:Eastbound ,V1: Collision with motor vehicle in traffic / V2: Collision with motor vehicle in traffic / V3: Collision with motor vehicle in traffic ,V1: Passenger car / V2:Passenger car / V3:Passenger car,Dry,Dusk,Clear,,90 MASSACHUSETTS TURNPIKE Rte 90 E / 90 ALLSTON TOLL PLAZA,Rte 90  E Milemarker 130.0,,,,229761.6015,900823.9508
3657982,BOSTON,13-Nov-2013,8:58 PM,Property damage only (none injured),2,0,0,Angle,V1: Travelling straight ahead / V2:Travelling straight ahead,V1:Northbound / V2:Northbound ,V1: Collision with motor vehicle in traffic / V2: Collision with motor vehicle in traffic ,V1: Passenger car / V2:Passenger car,Dry,Dark - lighted roadway,Clear,,JOHN F FITZGERALD EXPRESSWAY Rte 93 N,,,ZAKIMK BRIDGE,,236036.0655,902062.378
3666838,BOSTON,14-Nov-2013,00:00 AM,Property damage only (none injured),1,0,0,Single vehicle crash,V1: Travelling straight ahead,V1:Westbound ,V1: Collision with curb ,"V1: Light truck(van, mini-van, panel, pickup, sport utility) with only four tires",Dry,Dark - lighted roadway,Clear,,Rte 90 W / MASSACHUSETTS AVENUE,,,ACROSS FROM FENWAY PARK,,233950.1013,899770.3133
3665132,BOSTON,14-Nov-2013,7:31 AM,Property damage only (none injured),1,0,0,Single vehicle crash,V1: Travelling straight ahead,V1:Eastbound ,V1: Collision with curb ,"V1: Light truck(van, mini-van, panel, pickup, sport utility) with only four tires",Dry,Daylight,Clear,,STORROW DRIVE Rte 28 N / RAMP TO CHARLES CIRCLE,,,EAST OF THE LONGFELLOW BRIDGE,,235227.4307,901263.9444