Crash Number,City/Town Name,Crash Date,Crash Time,Crash Severity,Number of Vehicles,Total Nonfatal Injuries,Total Fatal Injuries,Manner of Collision,Vehicle Action Prior to Crash,Vehicle Travel Directions,Most Harmful Events,Vehicle Configuration,Road Surface Condition,Ambient Light,Weather Condition,At Roadway Intersection,Distance from Nearest Roadway Intersection,Distance from Nearest Milemarker,Distance from Nearest Exit,Distance from Nearest Landmark,Non Motorist Type,X Coordinate,Y Coordinate
3665149,BOSTON,14-Nov-2013,7:45 AM,Property damage only (none injured),3,0,0,Rear-end,V1: Slowing or stopped in traffic / V2:Travelling straight ahead / V3:Travelling straight ahead,V1:Northbound / V2:Northbound / V3:Northbound ,V1: Collision with motor vehicle in traffic / V2: Collision with motor vehicle in traffic / V3: Collision with motor vehicle in traffic ,V1: Passenger car / V2:Passenger car / V3:Passenger car,Dry,Daylight,Clear,,CRADDOCK STREET / GALLIVAN BOULEVARD Rte 203 W,,,BY THE ENTRANCE TO POPE JOHN PAU,,237587.7678,892828.2889
3658263,BOSTON,14-Nov-2013,9:41 AM,Property damage only (none injured),2,0,0,Rear-end,V1: Travelling straight ahead / V2:Travelling straight ahead,V1:Westbound / V2:Westbound ,V1: Collision with motor vehicle in traffic / V2: Collision with motor vehicle in traffic ,V1: Passenger car / V2:Passenger car,Dry,Daylight,Clear,RAMP - MASSACHUSETTS AVENUE TO RT 90 WB / MASSACHUSETTS TURNPIKE Rte 90 W,,,,MASS AVE,,233650.7371,899794.9294
3665163,BOSTON,14-Nov-2013,10:05 AM,Non-fatal injury,1,1,0,Single vehicle crash,V1: Travelling straight ahead,V1:Southbound ,V1: Collision with pedestrian ,V1: Passenger car,Dry,Daylight,Clear,,3 feet S from Intersection 180 ARBORWAY,,,180 OUTER ARBORWAY,P2:Pedestrian,231389.6589,895266.7921
3736681,BOSTON,14-Nov-2013,12:27 PM,Property damage only (none injured),2,0,0,Angle,V1: Turning left / V2:Travelling straight ahead,V1:Not reported / V2:Not reported ,V1: Collision with motor vehicle in traffic / V2: Collision with motor vehicle in traffic ,"V1: Passenger car / V2:Light truck(van, mini-van, panel, pickup, sport utility) with only four tires",Dry,Daylight,Clear/Clear,COMMONWEALTH AVENUE / HARVARD AVENUE,,,,,,230403.9531,900047.9373
3731032,BOSTON,14-Nov-2013,3:30 PM,Property damage only (none injured),1,0,0,Single vehicle crash,V1: Travelling straight ahead,V1:Not reported ,V1: Not reported ,V1: Passenger car,Dry,Daylight,Clear/Clear,CROSS STREET / ATLANTIC AVENUE,,,,,,236838.7082,901253.7705
3664950,BOSTON,14-Nov-2013,3:45 PM,Property damage only (none injured),2,0,0,"Sideswipe, same direction",V1: Travelling straight ahead / V2:Turning right,V1:Westbound / V2:Westbound ,V1: Collision with motor vehicle in traffic / V2: Collision with motor vehicle in traffic ,V1: Passenger car / V2:Passenger car,Dry,Dark - lighted roadway,Cloudy,,Rte 90 W / UNKNOWN,,,,,228154.8166,900866.0695
3665150,BOSTON,14-Nov-2013,4:24 PM,Property damage only (none injured),2,0,0,Rear-end,V1: Travelling straight ahead / V2:Slowing or stopped in traffic,V1:Southbound / V2:Southbound ,V1: Collision with motor vehicle in traffic / V2: Collision with motor vehicle in traffic ,"V1: Passenger car / V2:Light truck(van, mini-van, panel, pickup, sport utility) with only four tires",Dry,Dusk,Clear,,Rte 93 S / UNKNOWN,,Exit 15 on Rte 93 S,,,236629.6253,897168.5001
3660154,BOSTON,14-Nov-2013,7:00 PM,Property damage only (none injured),2,0,0,Rear-end,V1: Slowing or stopped in traffic / V2:Slowing or stopped in traffic,V1:Eastbound / V2:Eastbound ,V1: Collision with motor vehicle in traffic / V2: Collision with motor vehicle in traffic ,V1: Passenger car / V2:Passenger car,Dry,Dark - lighted roadway,Cloudy,,Rte 90 E / UNKNOWN,,,,,230556.5222,900720.3977
3711691,BOSTON,14-Nov-2013,7:38 PM,Property damage only (none injured),3,0,0,Rear-end,V1: Travelling straight ahead / V2:Travelling straight ahead / V3:Travelling straight ahead,V1:Northbound / V2:Northbound / V3:Northbound ,V1: Collision with motor vehicle in traffic / V2: Collision with motor vehicle in traffic / V3: Collision with motor vehicle in traffic ,"V1: Passenger car / V2:Passenger car / V3:Light truck(van, mini-van, panel, pickup, sport utility) with only four tires",Dry,Dark - lighted roadway,Clear,,Rte 93 N,,Exit 13 on Rte 93 N,,,237420.1414,894076.5227
3658520,BOSTON,15-Nov-2013,00:00 AM,Property damage only (none injured),2,0,0,Rear-end,V1: Changing lanes / V2:Slowing or stopped in traffic,V1:Southbound / V2:Southbound ,V1: Collision with motor vehicle in traffic / V2: Collision with motor vehicle in traffic ,"V1: Passenger car / V2:Light truck(van, mini-van, panel, pickup, sport utility) with only four tires",Dry,Dark - lighted roadway,Clear,,Rte 93 S,,Exit 15 on Rte 93,,,236629.6253,897168.5001
3660155,BOSTON,15-Nov-2013,6:05 AM,Property damage only (none injured),1,0,0,Single vehicle crash,V1: Changing lanes,V1:Eastbound ,V1: Collision with median barrier ,V1: Passenger car,Dry,Dawn,Clear,,Rte 90 E / UNKNOWN,,,,,228003.5739,900841.1832
3725888,BOSTON,15-Nov-2013,7:42 AM,Non-fatal injury,2,1,0,Angle,V1: Not reported / V2:Not reported,V1:Northbound / V2:Not reported ,V1: Not reported / V2: Not reported ,"V1: Bus (seats for more than 15 people, including driver) / V2:Passenger car",Dry,Daylight,Clear,OLD COLONY AVENUE / DORCHESTER STREET,,,,,,236835.9127,897995.9575
3674725,BOSTON,15-Nov-2013,8:20 AM,Property damage only (none injured),4,0,0,Rear-end,V1: Slowing or stopped in traffic / V2:Slowing or stopped in traffic / V3:Slowing or stopped in traffic / V4:Travelling straight ahead,V1:Northbound / V2:Northbound / V3:Northbound / V4:Northbound ,V1: Collision with motor vehicle in traffic / V2: Collision with motor vehicle in traffic / V3: Collision with motor vehicle in traffic / V4: Collision with motor vehicle in traffic ,V1: Passenger car / V2:Passenger car / V3:Passenger car / V4:Passenger car,Dry,Daylight,Clear,,Rte 93 N / UNKNOWN,,,,,236742.6233,900426.5825
3665083,BOSTON,15-Nov-2013,8:38 AM,Property damage only (none injured),3,0,0,Rear-end,V1: Slowing or stopped in traffic / V2:Slowing or stopped in traffic / V3:Travelling straight ahead,V1:Northbound / V2:Northbound / V3:Northbound ,V1: Collision with motor vehicle in traffic / V2: Collision with motor vehicle in traffic / V3: Collision with motor vehicle in traffic ,V1: Passenger car / V2:Passenger car / V3:Passenger car,Dry,Daylight,Clear,,Rte 93 N / UNKNOWN,,Exit 11 on Rte 93 N,,,237094.7253,891674.8051
3733464,BOSTON,15-Nov-2013,10:55 AM,Non-fatal injury,2,1,0,Not reported,V1: Travelling straight ahead / V2:Parked,V1:Not reported / V2:Not reported ,V1: Not reported / V2: Not reported ,V1: Passenger car / V2:Passenger car,Not reported,Not reported,Not Reported,BRIGHAM CIRCLE,743 HUNTINGTON AVENUE / WAIT STREET,,,,,232459.5312,898185.6248
3733461,BOSTON (DORCHESTER),15-Nov-2013,12:00 PM,Not Reported,2,0,0,Not reported,V1: Travelling straight ahead / V2:Turning left,V1:Northbound / V2:Not reported ,V1: Collision with motor vehicle in traffic / V2: Not reported ,V1: Passenger car / V2:Passenger car,Not reported,Not reported,Not Reported,COLUMBIA ROAD / WASHINGTON STREET,,,,,,234591.703,895070.8124
3679293,BOSTON,15-Nov-2013,2:30 PM,Property damage only (none injured),2,0,0,Rear-end,V1: Slowing or stopped in traffic / V2:Travelling straight ahead,V1:Southbound / V2:Southbound ,V1: Collision with motor vehicle in traffic / V2: Collision with motor vehicle in traffic ,V1: Passenger car / V2:Passenger car,Dry,Daylight,Clear,,Rte 93 S / UNKNOWN,,Exit 15 on Rte 93 S,,,236629.6253,897168.5001
3752922,BOSTON (DORCHESTER),15-Nov-2013,3:25 PM,Property damage only (none injured),2,0,0,Head-on,V1: Turning left / V2:Travelling straight ahead,V1:Eastbound / V2:Westbound ,V1: Collision with motor vehicle in traffic / V2: Collision with motor vehicle in traffic ,V1: Passenger car / V2:MOPED,Dry,Daylight,Clear,PLEASANT STREET / MAYFIELD STREET,,,,,,236323.7033,896341.75
3657983,BOSTON,15-Nov-2013,4:05 PM,Property damage only (none injured),4,0,0,Rear-end,V1: Travelling straight ahead / V2:Slowing or stopped in traffic / V3:Not reported / V4:Travelling straight ahead,V1:Northbound / V2:Northbound / V3:Northbound / V4:Northbound ,V1: Collision with motor vehicle in traffic / V2: Collision with motor vehicle in traffic / V3: Collision with motor vehicle in traffic / V4: Collision with motor vehicle in traffic ,"V1: Light truck(van, mini-van, panel, pickup, sport utility) with only four tires / V2:Passenger car / V3:Passenger car / V4:Passenger car",Dry,Daylight,Clear,,Rte 93 N,Rte 93  N Milemarker 16.9,,,,236742.6233,900426.5825
3664978,BOSTON,15-Nov-2013,4:12 PM,Non-fatal injury,2,1,0,Rear-end,V1: Travelling straight ahead / V2:Travelling straight ahead,V1:Northbound / V2:Northbound ,V1: Collision with motor vehicle in traffic / V2: Collision with motor vehicle in traffic ,"V1: Light truck(van, mini-van, panel, pickup, sport utility) with only four tires / V2:Light truck(van, mini-van, panel, pickup, sport utility) with only four tires",Dry,Daylight,Clear/Cloudy,,TEMPORARY RAMP Rte 1 N / MAURICE TOBIN BRIDGE,,,TOBIN BRIDGE,,235848.1406,902282.2336
3710725,BOSTON,15-Nov-2013,4:20 PM,Property damage only (none injured),3,0,0,Rear-end,V1: Slowing or stopped in traffic / V2:Travelling straight ahead / V3:Travelling straight ahead,V1:Northbound / V2:Northbound / V3:Northbound ,V1: Collision with motor vehicle in traffic / V2: Collision with motor vehicle in traffic / V3: Collision with motor vehicle in traffic ,"V1: Light truck(van, mini-van, panel, pickup, sport utility) with only four tires / V2:Passenger car / V3:Passenger car",Dry,Dusk,Clear,,EAST BOSTON EXPRESSWAY Rte 1A / CALLAHAN TUNNEL,,,,,238035.7765,902633.3468
3657984,BOSTON,15-Nov-2013,5:25 PM,Property damage only (none injured),2,0,0,Rear-end,V1: Slowing or stopped in traffic / V2:Travelling straight ahead,V1:Southbound / V2:Southbound ,V1: Collision with motor vehicle in traffic / V2: Collision with motor vehicle in traffic ,"V1: Light truck(van, mini-van, panel, pickup, sport utility) with only four tires / V2:Passenger car",Dry,Dark - lighted roadway,Clear,,Rte 93 S,Rte 93  S Milemarker 18.2,,APPROX. 200' &LT; X-24,,236077.552,901982.4211
3658004,BOSTON,15-Nov-2013,11:45 PM,Property damage only (none injured),2,0,0,"Sideswipe, same direction",V1: Travelling straight ahead / V2:Travelling straight ahead,V1:Northbound / V2:Northbound ,V1: Collision with motor vehicle in traffic / V2: Collision with motor vehicle in traffic ,"V1: Light truck(van, mini-van, panel, pickup, sport utility) with only four tires / V2:Passenger car",Dry,Dark - lighted roadway,Clear,,Rte UNKNOW,,,NEPONSET CIRCLE,,237666.7677,893003.4688
3657619,BOSTON,16-Nov-2013,2:35 AM,Property damage only (none injured),2,0,0,Rear-end,V1: Slowing or stopped in traffic / V2:Travelling straight ahead,V1:Southbound / V2:Southbound ,V1: Collision with motor vehicle in traffic / V2: Collision with motor vehicle in traffic ,V1: Passenger car / V2:Passenger car,Dry,Dark - lighted roadway,Clear,,Rte 93 S,,Exit 15 on Rte 93,,,236629.6253,897168.5001
3736679,BOSTON (BRIGHTON),16-Nov-2013,3:39 AM,Not Reported,2,0,0,Rear-end,V1: Parked / V2:Travelling straight ahead,V1:Not reported / V2:Northbound ,V1: Not reported / V2: Collision with tree ,V1: Passenger car / V2:Passenger car,Dry,Dark - lighted roadway,Clear,,100 feet N from Intersection 211 BRIGHTON AVENUE / ALLSTON STREET,,,,,230088.1323,900372.1233
3665133,BOSTON,16-Nov-2013,11:18 AM,Property damage only (none injured),1,0,0,Angle,V1: Travelling straight ahead,V1:Northbound ,V1: Collision with motor vehicle in traffic ,V1: Passenger car,Dry,Daylight,Clear,,MASSACHUSETTS AVENUE Rte 2A W / BEACON STREET,,,MASS AVE BRIDGE,"P2:Pedalcyclist (bicycle, tricycle, unicycle, pedal car)",233810.1996,900152.7963
3660294,BOSTON,16-Nov-2013,12:20 PM,Non-fatal injury,1,1,0,Single vehicle crash,V1: Turning right,V1:Eastbound ,V1: Collision with pedestrian ,"V1: Light truck(van, mini-van, panel, pickup, sport utility) with only four tires",Dry,Daylight,Clear,,NEPONSET VALLEY PARKWAY Rte UNKNOW / MEADOW ROAD,,,,P2:Pedestrian,230851.8579,887323.2827
3731129,BOSTON,16-Nov-2013,12:44 PM,Not Reported,2,0,0,"Sideswipe, same direction",V1: Travelling straight ahead / V2:Travelling straight ahead,V1:Not reported / V2:Not reported ,V1: Collision with motor vehicle in traffic / V2: Collision with motor vehicle in traffic ,"V1: Passenger car / V2:Light truck(van, mini-van, panel, pickup, sport utility) with only four tires",Dry,Daylight,Clear/Clear,,116 CHAUNCY STREET / ESSEX STREET,,,,,236157.0585,900316.4239
3752916,BOSTON,16-Nov-2013,1:57 PM,Non-fatal injury,2,2,0,Angle,V1: Travelling straight ahead / V2:Travelling straight ahead,V1:Northbound / V2:Westbound ,V1: Collision with motor vehicle in traffic / V2: Collision with motor vehicle in traffic ,V1: Passenger car / V2:Passenger car,Dry,Dark - lighted roadway,Clear/Clear,BERKELEY STREET / COMMONWEALTH AVENUE,,,,,,235095.9375,900389.5001
3665084,BOSTON,16-Nov-2013,2:15 PM,Non-fatal injury,3,1,0,Rear-end,V1: Slowing or stopped in traffic / V2:Slowing or stopped in traffic / V3:Travelling straight ahead,V1:Southbound / V2:Southbound / V3:Southbound ,V1: Collision with motor vehicle in traffic / V2: Collision with motor vehicle in traffic / V3: Collision with motor vehicle in traffic ,"V1: Passenger car / V2:Light truck(van, mini-van, panel, pickup, sport utility) with only four tires / V3:Passenger car",Dry,Daylight,Clear,,Rte 93 S / UNKNOWN,,Exit 15 on Rte 93 S,,,236629.6253,897168.5001
3725815,BOSTON (HYDE PARK),16-Nov-2013,2:40 PM,Non-fatal injury,2,1,0,"Sideswipe, opposite direction",V1: Turning right / V2:Turning left,V1:Not reported / V2:Not reported ,V1: Collision with pedestrian / V2: Collision with motor vehicle in traffic ,V1: Passenger car / V2:Passenger car,Dry,Daylight,Clear,,201 NEPONSET VALLEY PARKWAY,,,READVILLE POST OFFICE,,230445.7619,887458.8828
3667469,BOSTON,16-Nov-2013,5:41 PM,Property damage only (none injured),2,0,0,Rear-end,V1: Slowing or stopped in traffic / V2:Changing lanes,V1:Westbound / V2:Westbound ,V1: Collision with motor vehicle in traffic / V2: Collision with motor vehicle in traffic ,"V1: Passenger car / V2:Light truck(van, mini-van, panel, pickup, sport utility) with only four tires",Dry,Dark - roadway not lighted,Clear,,Rte 93 S / UNKNOWN,,Exit 26 on Rte 93 S,LEVERETT CONNECTOR AT STATION TU,,234851.4113,903728.5151
3720904,BOSTON,16-Nov-2013,6:58 PM,Property damage only (none injured),2,0,0,Not reported,V1: Backing / V2:Parked,V1:Northbound / V2:Not reported ,V1: Not reported / V2: Collision with parked motor vehicle ,"V1: Light truck(van, mini-van, panel, pickup, sport utility) with only four tires / V2:Passenger car",Not reported,Not reported,Not Reported,,8 NORTH MUNROE TERRACE,,,,,237014.2022,893711.0881
3752433,BOSTON (DORCHESTER),16-Nov-2013,8:00 PM,Not Reported,3,0,0,Head-on,V1: Travelling straight ahead / V2:Parked / V3:Parked,V1:Not reported / V2:Not reported / V3:Not reported ,V1: Collision with parked motor vehicle / V2: Collision with parked motor vehicle / V3: Collision with parked motor vehicle ,V1: Passenger car / V2:Passenger car / V3:Passenger car,Dry,Dark - roadway not lighted,Clear/Unknown,,125 CUSHING AVENUE / SALCOMBE STREET,,,,,236078.0625,895964.4377
3660249,BOSTON,17-Nov-2013,2:11 AM,Property damage only (none injured),1,0,0,Single vehicle crash,V1: Changing lanes,V1:Northbound ,V1: Collision with median barrier ,V1: Passenger car,Dry,Dark - lighted roadway,Clear,,Rte 93 N / UNKNOWN,,,,,236956.219,900947.8086
3665094,BOSTON,17-Nov-2013,3:23 AM,Property damage only (none injured),1,0,0,Single vehicle crash,V1: Not reported,V1:Southbound ,V1: Collision with utility pole ,"V1: Light truck(van, mini-van, panel, pickup, sport utility) with only four tires",Dry,Dark - lighted roadway,Clear,NEPONSET VALLEY PARKWAY / TRUMAN HIGHWAY,,,,,,230941.0155,887276.4376
3664979,BOSTON,17-Nov-2013,7:43 AM,Property damage only (none injured),1,0,0,Single vehicle crash,V1: Travelling straight ahead,V1:Westbound ,V1: Other ,"V1: Light truck(van, mini-van, panel, pickup, sport utility) with only four tires",Dry,Daylight,Clear,RAMP - RT 93 NB TO RT 90 WB / RAMP - RT 93 NB TO RT 93 NB HOV LANE,,,,RAMP KK (FRONTAGE RD TO RT 90 W/,,236199.8295,899398.5487
3660251,BOSTON,17-Nov-2013,7:51 AM,Non-fatal injury,1,1,0,Single vehicle crash,V1: Travelling straight ahead,V1:Westbound ,V1: Collision with median barrier ,"V1: Light truck(van, mini-van, panel, pickup, sport utility) with only four tires",Dry,Daylight,Cloudy,,Rte 90 W / UNKNOWN,,,,,231996.97,900139.4247
3664980,BOSTON,17-Nov-2013,2:12 PM,Non-fatal injury,4,2,0,"Sideswipe, same direction",V1: Entering traffic lane / V2:Travelling straight ahead / V3:Travelling straight ahead / V4:Travelling straight ahead,V1:Westbound / V2:Westbound / V3:Westbound / V4:Westbound ,V1: Collision with motor vehicle in traffic / V2: Collision with motor vehicle in traffic / V3: Collision with motor vehicle in traffic / V4: Collision with motor vehicle in traffic ,"V1: Passenger car / V2:Light truck(van, mini-van, panel, pickup, sport utility) with only four tires / V3:Light truck(van, mini-van, panel, pickup, sport utility) with only four tires / V4:Passenger car",Dry,Daylight,Cloudy,RAMP - MASSACHUSETTS AVENUE TO RT 90 WB / MASSACHUSETTS TURNPIKE Rte 90 W,,,,@ MASS AV,,233650.7371,899794.9294
3743924,BOSTON (SOUTH BOSTON),17-Nov-2013,2:40 PM,Property damage only (none injured),2,0,0,"Sideswipe, same direction",V1: Not reported / V2:Travelling straight ahead,V1:Not reported / V2:Not reported ,V1: Not reported / V2: Not reported ,V1: Passenger car / V2:Passenger car,Dry,Daylight,Clear,DORCHESTER STREET / GATES STREET,,,,,,237227.4473,898298.3242
3660282,BOSTON,17-Nov-2013,4:16 PM,Property damage only (none injured),1,0,0,Angle,V1: Travelling straight ahead,V1:Eastbound ,V1: Collision with curb ,V1: Passenger car,Wet,Dark - lighted roadway,Cloudy/Rain,,STORROW DRIVE / RAMP - BERKELEY ST TO RT 28 NB,,,STORROW DR. AT EXIT OF TUNNEL,,235161.5288,900741.8879
3665135,BOSTON,17-Nov-2013,4:46 PM,Property damage only (none injured),2,0,0,"Sideswipe, same direction",V1: Travelling straight ahead / V2:Travelling straight ahead,V1:Eastbound / V2:Eastbound ,V1: Collision with motor vehicle in traffic / V2: Collision with motor vehicle in traffic ,V1: Passenger car / V2:Passenger car,Wet,Dark - lighted roadway,Not Reported,,STORROW DRIVE Rte 28 N / RAMP TO CHARLES CIRCLE,,,LONGFELLOW BRIDGE,,235227.6063,901269.2114
3664981,BOSTON,17-Nov-2013,4:47 PM,Property damage only (none injured),1,0,0,Single vehicle crash,V1: Travelling straight ahead,V1:Southbound ,V1: Collision with median barrier ,"V1: Light truck(van, mini-van, panel, pickup, sport utility) with only four tires",Wet,Dark - lighted roadway,Cloudy/Rain,,LEVERETT CONNECTOR SOUTH / RAMP - LEVERETT CONNECTOR TO NASHUA STRE,,,RAMP FROM LEVERETT CIRCLE,,235984.4117,901934.6417
3658264,BOSTON,17-Nov-2013,4:58 PM,Non-fatal injury,1,3,0,Single vehicle crash,V1: Travelling straight ahead,V1:Northbound ,V1: Other ,V1: Passenger car,Wet,Dusk,Rain,,Rte 93 N,,Exit 27 on Rte 93 N,,,235655.07,902467.5364
3665085,BOSTON,17-Nov-2013,6:58 PM,Non-fatal injury,4,3,0,Angle,V1: Travelling straight ahead / V2:Travelling straight ahead / V3:Slowing or stopped in traffic / V4:Travelling straight ahead,V1:Southbound / V2:Southbound / V3:Southbound / V4:Southbound ,V1: Collision with motor vehicle in traffic / V2: Collision with motor vehicle in traffic / V3: Collision with motor vehicle in traffic / V4: Collision with motor vehicle in traffic ,"V1: Passenger car / V2:Passenger car / V3:Light truck(van, mini-van, panel, pickup, sport utility) with only four tires / V4:Passenger car",Dry,Dark - lighted roadway,Cloudy,,Rte 93 S / UNKNOWN,,Exit 15 on Rte 93 S,,,236629.6253,897168.5001
3664982,BOSTON,17-Nov-2013,7:36 PM,Non-fatal injury,1,1,0,Single vehicle crash,V1: Travelling straight ahead,V1:Northbound ,V1: Collision with median barrier ,V1: Passenger car,Wet,Daylight,Cloudy/Rain,,Rte 93 N / UNKNOWN,,Exit 23 on Rte 93 N,,,236957.4837,900943.9828
3682960,BOSTON,17-Nov-2013,7:41 PM,Property damage only (none injured),2,0,0,Rear-end,V1: Travelling straight ahead / V2:Travelling straight ahead,V1:Westbound / V2:Westbound ,V1: Collision with motor vehicle in traffic / V2: Collision with motor vehicle in traffic ,V1: Passenger car / V2:Tractor/semi-trailer,Wet,Dark - lighted roadway,Not Reported,,MASSACHUSETTS AVENUE CONNECTOR / MELNEA CASS BOULEVARD,,,MASS AVE CONNECTOR AT MASS AVE,,235287.2475,898139.2831
3660295,BOSTON,17-Nov-2013,8:02 PM,Property damage only (none injured),1,0,0,Single vehicle crash,V1: Travelling straight ahead,V1:Eastbound ,V1: Other ,V1: Passenger car,Wet,Dark - lighted roadway,Rain,,MORTON STREET Rte UNKNOW / JAMES SHEA CIRCLE,,,,,232426.4151,894490.4999
3665136,BOSTON,17-Nov-2013,10:00 PM,Property damage only (none injured),1,0,0,Single vehicle crash,V1: Travelling straight ahead,V1:Eastbound ,V1: Collision with guardrail ,V1: Passenger car,Wet,Dark - lighted roadway,Cloudy,,STORROW DRIVE Rte 28 N / RAMP TO CHARLES CIRCLE,,,LONGFELLOW BRIDGE,,235230.0972,901298.2486
3660283,BOSTON,17-Nov-2013,10:03 PM,Non-fatal injury,1,1,0,Angle,V1: Travelling straight ahead,V1:Westbound ,V1: Collision with curb ,V1: Passenger car,Wet,Dark - lighted roadway,Cloudy/Rain,,STORROW DRIVE Rte 28 S / RAMP - RT 3 TO RT 28 SB,,,LONGFELLOW BRIDGE,,235234.6463,901164.7302
3664983,BOSTON,17-Nov-2013,10:15 PM,Property damage only (none injured),1,0,0,Single vehicle crash,V1: Travelling straight ahead,V1:Northbound ,V1: Collision with median barrier ,V1: Passenger car,Wet,Dark - lighted roadway,Cloudy/Rain,,RAMP - ESSEX STREET TO RT 93 NB / RAMP - SEAPORT BOULEVARD TO RT 93 NB,,,RAMP TO RTE 93 NORTH,,236973.4493,900701.4185
3660252,BOSTON,17-Nov-2013,11:23 PM,Property damage only (none injured),1,0,0,Single vehicle crash,V1: Travelling straight ahead,V1:Northbound ,V1: Collision with median barrier ,V1: Passenger car,Wet,Dark - lighted roadway,Rain,,MASSACHUSETTS TURNPIKE Rte 90 W / RAMP - RT 90 WB TO SOUTH STATION BUS TER,,,FROM FRONTAGE ROAD NORTH,,236374.3622,899648.5575
3660253,BOSTON,17-Nov-2013,11:40 PM,Property damage only (none injured),1,0,0,Single vehicle crash,V1: Leaving traffic lane,V1:Eastbound ,V1: Other ,V1: Passenger car,Wet,Dark - lighted roadway,Clear/Rain,RAMP - FRONTAGE ROAD TO RT 93 NB / MASSACHUSETTS AVENUE CONNECTOR / FRONTAGE ROAD,,,,@ FRONTAGE ROAD NORTH,,235865.0173,898419.1854
3660572,BOSTON,18-Nov-2013,1:40 AM,Property damage only (none injured),1,0,0,Single vehicle crash,V1: Travelling straight ahead,V1:Eastbound ,V1: Collision with motor vehicle in traffic ,V1: Passenger car,Wet,Dark - lighted roadway,Not Reported,,STORROW DRIVE / LONGFELLOW BRIDGE,,,LONGFELLOW,,235193.1629,901280.3507
3660574,BOSTON,18-Nov-2013,3:00 AM,Property damage only (none injured),2,0,0,Rear-end,V1: Travelling straight ahead / V2:Travelling straight ahead,V1:Eastbound / V2:Eastbound ,V1: Collision with motor vehicle in traffic / V2: Collision with motor vehicle in traffic ,"V1: Light truck(van, mini-van, panel, pickup, sport utility) with only four tires / V2:Passenger car",Wet,Dark - lighted roadway,Not Reported,,STORROW DRIVE / LONGFELLOW BRIDGE,,,LONGFELLOW BRIDGE,,235193.1629,901280.3507
3660575,BOSTON,18-Nov-2013,3:45 AM,Property damage only (none injured),2,0,0,Angle,V1: Travelling straight ahead / V2:Turning left,V1:Southbound / V2:Northbound ,V1: Collision with motor vehicle in traffic / V2: Collision with motor vehicle in traffic ,"V1: Passenger car / V2:Light truck(van, mini-van, panel, pickup, sport utility) with only four tires",Wet,Dark - lighted roadway,Not Reported,RAMP - LEVERETT CONNECTOR TO STORROW DRI Rte 3A N / RAMP-RT 93 NB TO STORROW DRIVE Rte 3 N / LEVERETT CONNECTOR SOUTH,,,,,,235752.9932,901867.4291
3660254,BOSTON,18-Nov-2013,5:55 AM,Non-fatal injury,1,1,0,Single vehicle crash,V1: Overtaking/passing,V1:Northbound ,V1: Collision with median barrier ,V1: Passenger car,Wet,Other,Rain,,Rte 93 N / UNKNOWN,,Exit 23 on Rte 93 N,,,236957.4837,900943.9828
3667306,BOSTON,18-Nov-2013,6:43 AM,Property damage only (none injured),5,0,0,Rear-end,V1: Travelling straight ahead / V2:Slowing or stopped in traffic / V3:Slowing or stopped in traffic / V4:Slowing or stopped in traffic / V5:Travelling straight ahead,V1:Southbound / V2:Southbound / V3:Southbound / V4:Southbound / V5:Southbound ,V1: Collision with motor vehicle in traffic / V2: Collision with motor vehicle in traffic / V3: Collision with motor vehicle in traffic / V4: Collision with motor vehicle in traffic / V5: Collision with motor vehicle in traffic ,"V1: Passenger car / V2:Passenger car / V3:Passenger car / V4:Passenger car / V5:Light truck(van, mini-van, panel, pickup, sport utility) with only four tires",Dry,Daylight,Not Reported,,RAMP - RT 93 SB TO SEAPORT BOULEVARD / JOHN F FITZGERALD EXPRESSWAY Rte 1 S,,,@ EXIT 23,,236857.6164,901148.3315
3664984,BOSTON,18-Nov-2013,7:00 AM,Non-fatal injury,2,1,0,Rear-end,V1: Travelling straight ahead / V2:Travelling straight ahead,V1:Northbound / V2:Northbound ,V1: Collision with motor vehicle in traffic / V2: Collision with motor vehicle in traffic ,"V1: Light truck(van, mini-van, panel, pickup, sport utility) with only four tires / V2:Passenger car",Wet,Daylight,Rain,,Rte 93 N / UNKNOWN,,,,,236742.6233,900426.5825
3664986,BOSTON,18-Nov-2013,7:35 AM,Property damage only (none injured),2,0,0,Rear-end,V1: Travelling straight ahead / V2:Travelling straight ahead,V1:Westbound / V2:Westbound ,V1: Collision with motor vehicle in traffic / V2: Collision with motor vehicle in traffic ,V1: Passenger car / V2:Passenger car,Wet,Daylight,Rain,,Rte 90 W / UNKNOWN,,,,,231591.5511,900400.2781
3664985,BOSTON,18-Nov-2013,7:52 AM,Property damage only (none injured),2,0,0,Rear-end,V1: Travelling straight ahead / V2:Travelling straight ahead,V1:Northbound / V2:Northbound ,V1: Collision with motor vehicle in traffic / V2: Collision with motor vehicle in traffic ,"V1: Passenger car / V2:Light truck(van, mini-van, panel, pickup, sport utility) with only four tires",Dry,Daylight,Clear,,Rte 93 N / UNKNOWN,,,,,236742.6233,900426.5825
3664988,BOSTON,18-Nov-2013,8:25 AM,Property damage only (none injured),3,0,0,Rear-end,V1: Changing lanes / V2:Travelling straight ahead / V3:Slowing or stopped in traffic,V1:Westbound / V2:Westbound / V3:Westbound ,V1: Collision with motor vehicle in traffic / V2: Collision with motor vehicle in traffic / V3: Collision with motor vehicle in traffic ,V1: Passenger car / V2:Passenger car / V3:Passenger car,Wet,Daylight,Rain,,Rte 90 W / UNKNOWN,,,,,231996.97,900139.4247