Crash Number,City/Town Name,Crash Date,Crash Time,Crash Severity,Number of Vehicles,Total Nonfatal Injuries,Total Fatal Injuries,Manner of Collision,Vehicle Action Prior to Crash,Vehicle Travel Directions,Most Harmful Events,Vehicle Configuration,Road Surface Condition,Ambient Light,Weather Condition,At Roadway Intersection,Distance from Nearest Roadway Intersection,Distance from Nearest Milemarker,Distance from Nearest Exit,Distance from Nearest Landmark,Non Motorist Type,X Coordinate,Y Coordinate
3694970,BOSTON,27-Nov-2013,2:39 AM,Property damage only (none injured),1,0,0,Single vehicle crash,V1: Travelling straight ahead,V1:Westbound ,V1: Collision with median barrier ,V1: Passenger car,Dry,Dark - lighted roadway,Clear,RAMP - RT 90 WB/CONGRESS STREET TO RT 93 Rte 1A S / RAMP - RT 90 WB TO RT 93 SB Rte 1A S / RAMP - RT 90 WB TO RT 93 NB,,,,RAMP D,,236475.7222,899745.5214
3680710,BOSTON,27-Nov-2013,5:30 AM,Non-fatal injury,1,1,0,Single vehicle crash,V1: Travelling straight ahead,V1:Westbound ,V1: Collision with median barrier ,"V1: Light truck(van, mini-van, panel, pickup, sport utility) with only four tires",Dry,Dawn,Cloudy,,Rte 90 W / UNKNOWN,,,,,229752.0583,900842.7985
3700223,BOSTON,27-Nov-2013,6:48 AM,Property damage only (none injured),1,0,0,Single vehicle crash,V1: Travelling straight ahead,V1:Westbound ,V1: Collision with light pole or other post/support ,"V1: Light truck(van, mini-van, panel, pickup, sport utility) with only four tires",Wet,Dawn,Not Reported,,Rte UNKNOW,,,NEPONSET CIRCLE,,237666.7677,893003.4688
3674734,BOSTON,27-Nov-2013,6:54 AM,Property damage only (none injured),1,0,0,Single vehicle crash,V1: Travelling straight ahead,V1:Southbound ,V1: Collision with fence ,V1: Passenger car,Wet,Daylight,Rain,,Rte 93 S / UNKNOWN,,,,,235996.2347,899049.713
3674735,BOSTON,27-Nov-2013,7:17 AM,Property damage only (none injured),4,0,0,"Sideswipe, same direction",V1: Travelling straight ahead / V2:Travelling straight ahead / V3:Travelling straight ahead / V4:Travelling straight ahead,V1:Northbound / V2:Northbound / V3:Northbound / V4:Northbound ,V1: Collision with motor vehicle in traffic / V2: Collision with motor vehicle in traffic / V3: Collision with motor vehicle in traffic / V4: Collision with motor vehicle in traffic ,"V1: Light truck(van, mini-van, panel, pickup, sport utility) with only four tires / V2:Light truck(van, mini-van, panel, pickup, sport utility) with only four tires / V3:Passenger car / V4:Passenger car",Wet,Daylight,Rain,,JOHN F FITZGERALD EXPRESSWAY Rte 93 N / RAMP - RT 90 TO RT 93 NB,Rte 93  N Milemarker 16.8,,,,236744.0682,900427.6489
3712027,BOSTON,27-Nov-2013,7:50 AM,Non-fatal injury,1,1,0,Single vehicle crash,V1: Turning left,V1:Not reported ,V1: Collision with pedestrian ,V1: Passenger car,Wet,Daylight,Rain,WILLOW STREET / CENTRE STREET,,,,,P2:Pedestrian,228684.1564,893063.8748
3700224,BOSTON,27-Nov-2013,8:21 AM,Property damage only (none injured),2,0,0,Angle,V1: Travelling straight ahead / V2:Turning right,V1:Northbound / V2:Northbound ,V1: Collision with light pole or other post/support / V2: Collision with motor vehicle in traffic ,"V1: Passenger car / V2:Light truck(van, mini-van, panel, pickup, sport utility) with only four tires",Wet,Daylight,Rain,,WILLIAM T MORRISSEY BOULEVARD / TOLMAN STREET,,,MORRISSEY BLVD NB AT TOLMAN ST,,237478.0779,893387.4373
3702968,BOSTON,27-Nov-2013,9:40 AM,Property damage only (none injured),3,0,0,"Sideswipe, same direction",V1: Travelling straight ahead / V2:Travelling straight ahead / V3:Other,V1:Southbound / V2:Southbound / V3:Southbound ,V1: Collision with motor vehicle in traffic / V2: Other / V3: Collision with motor vehicle in traffic ,"V1: Truck/trailer / V2:Light truck(van, mini-van, panel, pickup, sport utility) with only four tires / V3:Other",Wet,Daylight,Rain,,Rte 93 S,,Exit 12 on Rte 93 S,93S EXIT 12,,237620.5493,892713.0989
3720878,BOSTON (DORCHESTER),27-Nov-2013,10:45 AM,Property damage only (none injured),2,0,0,Unknown,V1: Travelling straight ahead / V2:Travelling straight ahead,V1:Not reported / V2:Not reported ,V1: Collision with motor vehicle in traffic / V2: Collision with motor vehicle in traffic ,V1: Passenger car / V2:Passenger car,Wet,Daylight,Rain,BAILEY STREET / DORCHESTER AVENUE,,,,,,235913.6716,892792.1252
3700225,BOSTON,27-Nov-2013,10:48 AM,Property damage only (none injured),2,0,0,Angle,V1: Travelling straight ahead / V2:Travelling straight ahead,V1:Southbound / V2:Eastbound ,V1: Collision with motor vehicle in traffic / V2: Collision with motor vehicle in traffic ,V1: Passenger car / V2:Passenger car,Wet,Daylight,Rain,,GALLIVAN BOULEVARD Rte UNKNOW E / CARRUTH STREET,,,,,236300.7969,892454.3127
3665070,BOSTON,27-Nov-2013,2:50 PM,Property damage only (none injured),2,0,0,Rear-end,V1: Slowing or stopped in traffic / V2:Travelling straight ahead,V1:Westbound / V2:Westbound ,V1: Collision with motor vehicle in traffic / V2: Collision with motor vehicle in traffic ,"V1: Light truck(van, mini-van, panel, pickup, sport utility) with only four tires / V2:Passenger car",Wet,Daylight,Cloudy,,STORROW DRIVE / DAVID G MUGAR WAY Rte 28 S,,,STORROW DRIVE W/B BY HATCH SHELL,,235123.5729,900714.4772
3708785,BOSTON,27-Nov-2013,3:08 PM,Property damage only (none injured),2,0,0,Rear-end,V1: Slowing or stopped in traffic / V2:Travelling straight ahead,V1:Eastbound / V2:Eastbound ,V1: Collision with motor vehicle in traffic / V2: Collision with motor vehicle in traffic ,"V1: Light truck(van, mini-van, panel, pickup, sport utility) with only four tires / V2:Light truck(van, mini-van, panel, pickup, sport utility) with only four tires",Wet,Daylight,Cloudy/Rain,,GALLIVAN BOULEVARD / NEPONSET AVENUE,,,PRIOR TO NEPONSET CIRCLE,,237694.7892,892892.2476
3728151,BOSTON (ROXBURY),27-Nov-2013,4:26 PM,Non-fatal injury,1,1,0,Not reported,V1: Travelling straight ahead,V1:Northbound ,V1: Collision with pedestrian ,V1: Passenger car,Not reported,Not reported,Not Reported,WARREN STREET / WOODBINE STREET,,,,,P2:Pedestrian,234507.0469,896675.2499
3674736,BOSTON,27-Nov-2013,4:45 PM,Non-fatal injury,2,1,0,Rear-end,V1: Travelling straight ahead / V2:Slowing or stopped in traffic,V1:Southbound / V2:Southbound ,V1: Collision with motor vehicle in traffic / V2: Collision with motor vehicle in traffic ,"V1: Passenger car / V2:Light truck(van, mini-van, panel, pickup, sport utility) with only four tires",Wet,Dark - lighted roadway,Rain,,Rte 93 S / UNKNOWN,,Exit 24 on Rte 93 S,,,236397.1933,901565.6511
3749459,BOSTON (DORCHESTER),27-Nov-2013,5:20 PM,Non-fatal injury,1,1,0,Single vehicle crash,V1: Travelling straight ahead,V1:Westbound ,V1: Collision with pedestrian ,V1: Passenger car,Wet,Dark - roadway not lighted,Rain/Cloudy,,220 WASHINGTON STREET,,,,P3:Pedestrian,236425.5042,900974.7013
3708870,BOSTON,27-Nov-2013,7:00 PM,Property damage only (none injured),2,0,0,Angle,V1: Travelling straight ahead / V2:Turning left,V1:Westbound / V2:Eastbound ,V1: Collision with motor vehicle in traffic / V2: Collision with motor vehicle in traffic ,V1: Passenger car / V2:Passenger car,Dry,Dark - lighted roadway,Cloudy/Rain,WEST ROXBURY PARKWAY / WELD STREET,,,,,,229214.9217,893741.3752
3728149,BOSTON (ROXBURY),27-Nov-2013,7:40 PM,Non-fatal injury,2,1,0,Not reported,V1: Travelling straight ahead / V2:Turning left,V1:Southbound / V2:Northbound ,V1: Collision with motor vehicle in traffic / V2: Collision with motor vehicle in traffic ,V1: Passenger car / V2:Passenger car,Not reported,Not reported,Not Reported,BLUE HILL AVENUE / WAVERLY STREET,,,,,,234806.0154,896684.3123
3671935,BOSTON,27-Nov-2013,8:06 PM,Non-fatal injury,1,1,0,Single vehicle crash,V1: Travelling straight ahead,V1:Eastbound ,V1: Collision with embankment ,"V1: Light truck(van, mini-van, panel, pickup, sport utility) with only four tires",Wet,Dark - lighted roadway,Cloudy/Rain,,DEDHAM PARKWAY / DEDHAM BOULEVARD,,,DEDHAM TOWN LINE,,229205.4986,889232.9793
3686338,BOSTON,27-Nov-2013,9:26 PM,Property damage only (none injured),3,0,0,"Sideswipe, same direction",V1: Changing lanes / V2:Travelling straight ahead / V3:Other,V1:Southbound / V2:Southbound / V3:Southbound ,V1: Collision with motor vehicle in traffic / V2: Collision with motor vehicle in traffic / V3: Other ,"V1: Passenger car / V2:Light truck(van, mini-van, panel, pickup, sport utility) with only four tires / V3:Passenger car",Wet,Dark - lighted roadway,Rain,,Rte 93 S,,Exit 12 on Rte 93 S,,,237620.5493,892713.0989
3682767,BOSTON,27-Nov-2013,9:50 PM,Property damage only (none injured),1,0,0,Single vehicle crash,V1: Travelling straight ahead,V1:Northbound ,V1: Collision with median barrier ,V1: Passenger car,Dry,Dark - lighted roadway,Not Reported,,JOHN F FITZGERALD EXPRESSWAY Rte 93 N / RAMP - RT 93 NB TO NORTH STREET,,,O'NEILL TUNNEL SOUTH OF EXIT 23,,236960.1858,900935.0711
3685180,BOSTON,27-Nov-2013,10:28 PM,Property damage only (none injured),1,0,0,Single vehicle crash,V1: Travelling straight ahead,V1:Northbound ,V1: Collision with motor vehicle in traffic ,V1: Passenger car,Dry,Dark - lighted roadway,Not Reported,,Rte 93 N / UNKNOWN,,,,,236956.219,900947.8086
3676253,BOSTON,27-Nov-2013,10:48 PM,Non-fatal injury,3,1,0,Single vehicle crash,V1: Travelling straight ahead / V2:Parked / V3:Parked,V1:Eastbound / V2:Not reported / V3:Not reported ,V1: Collision with light pole or other post/support / V2: Reported but invalid / V3: Reported but invalid ,V1: Passenger car / V2:Passenger car / V3:Passenger car,Wet,Dark - lighted roadway,Not Reported,,1600 SOLDIERS FIELD ROAD,,,ACURA DEALERSHIP,,228759.3721,901136.968
3665146,BOSTON,28-Nov-2013,00:00 AM,Property damage only (none injured),1,0,0,Single vehicle crash,V1: Turning right,V1:Southbound ,V1: Collision with light pole or other post/support ,"V1: Light truck(van, mini-van, panel, pickup, sport utility) with only four tires",Dry,Dark - lighted roadway,Not Reported,,BIRMINGHAM PARKWAY Rte UNKNOW / WESTERN AVENUE,,,,,229180.0376,901281.697
3665000,BOSTON,28-Nov-2013,10:56 AM,Property damage only (none injured),2,0,0,Rear-end,V1: Travelling straight ahead / V2:Travelling straight ahead,V1:Southbound / V2:Southbound ,V1: Collision with motor vehicle in traffic / V2: Collision with motor vehicle in traffic ,V1: Passenger car / V2:Passenger car,Dry,Daylight,Clear,,Rte 93 S / UNKNOWN,,Exit 23 on Rte 93 S,,,236856.2793,901152.8251
3749456,BOSTON (DORCHESTER),28-Nov-2013,6:00 PM,Not Reported,2,0,0,Head-on,V1: Not reported / V2:Not reported,V1:Not reported / V2:Not reported ,V1: Not reported / V2: Not reported ,"V1: Passenger car / V2:Light truck(van, mini-van, panel, pickup, sport utility) with only four tires",Wet,Daylight,Cloudy,GENEVA AVENUE / OLNEY STREET,,,,,,235110.8439,895024.0627
3694991,BOSTON,28-Nov-2013,9:26 PM,Not Reported,1,0,0,Single vehicle crash,V1: Not reported,V1:Southbound ,V1: Collision with tree ,V1: Passenger car,Dry,Dark - lighted roadway,Cloudy,,WILLIAM T MORRISSEY BOULEVARD Rte UNKNOW / BLOOMINGTON STREET,,,,,237419.3126,893422.9998
3669041,BOSTON,28-Nov-2013,11:10 PM,Property damage only (none injured),2,0,0,Not reported,V1: Travelling straight ahead / V2:Travelling straight ahead,V1:Southbound / V2:Southbound ,V1: Other / V2: Collision with other movable object ,"V1: Passenger car / V2:Light truck(van, mini-van, panel, pickup, sport utility) with only four tires",Dry,Dark - lighted roadway,Clear,,Rte 93 S,,Exit 16 on Rte 93,,,236388.1605,897517.5198
3749467,BOSTON (DORCHESTER),29-Nov-2013,1:20 AM,Non-fatal injury,3,3,0,Rear-end,V1: Slowing or stopped in traffic / V2:Slowing or stopped in traffic / V3:Travelling straight ahead,V1:Eastbound / V2:Eastbound / V3:Eastbound ,V1: Collision with motor vehicle in traffic / V2: Collision with motor vehicle in traffic / V3: Collision with motor vehicle in traffic ,V1: Passenger car / V2:Passenger car / V3:Passenger car,Dry,Daylight,Clear,GENEVA AVENUE / VAUGHAN AVENUE,,,,,,234845.1563,895085.5626
3720875,BOSTON (DORCHESTER),29-Nov-2013,1:50 AM,Non-fatal injury,1,1,0,Single vehicle crash,V1: Turning left,V1:Not reported ,V1: Collision with pedestrian ,V1: Passenger car,Dry,Daylight,Clear/Clear,DORCHESTER AVENUE / CENTRE STREET,,,,,P2:Pedestrian,236112.4065,893779
3669042,BOSTON,29-Nov-2013,4:40 AM,Property damage only (none injured),1,0,0,Single vehicle crash,V1: Travelling straight ahead,V1:Southbound ,V1: Collision with median barrier ,V1: Passenger car,Dry,Dark - lighted roadway,Cloudy,,Rte 93 S,,Exit 12 on Rte 93 S,,,237620.5493,892713.0989
3710824,BOSTON,29-Nov-2013,8:19 AM,Property damage only (none injured),2,0,0,Angle,V1: Turning right / V2:Travelling straight ahead,V1:Westbound / V2:Northbound ,V1: Collision with motor vehicle in traffic / V2: Collision with motor vehicle in traffic ,V1: Single-unit truck (3-or-more axles) / V2:Passenger car,Dry,Daylight,Clear,,GALLIVAN BOULEVARD / WENLOCK ROAD,,,,,237267.5625,892669.4377
3738367,BOSTON,29-Nov-2013,1:22 PM,Non-fatal injury,2,3,0,Angle,V1: Not reported / V2:Not reported,V1:Not reported / V2:Not reported ,V1: Not reported / V2: Not reported ,"V1: Light truck(van, mini-van, panel, pickup, sport utility) with only four tires / V2:Passenger car",Dry,Dark - lighted roadway,Clear/Clear,WEST SELDEN STREET / HENRICI STREET,,,,,,234254.3697,892109.5554
3708786,BOSTON,29-Nov-2013,5:30 PM,Property damage only (none injured),2,0,0,"Sideswipe, same direction",V1: Travelling straight ahead / V2:Changing lanes,V1:Southbound / V2:Southbound ,V1: Collision with motor vehicle in traffic / V2: Collision with motor vehicle in traffic ,"V1: Light truck(van, mini-van, panel, pickup, sport utility) with only four tires / V2:Light truck(van, mini-van, panel, pickup, sport utility) with only four tires",Dry,Dark - lighted roadway,Clear,,GALLIVAN BOULEVARD Rte UNKNOW,,,NEPONSET CIRCLE,,237731.8737,892907.403
3691431,BOSTON (CHARLESTOWN),29-Nov-2013,7:32 PM,Not Reported,2,0,0,"Sideswipe, opposite direction",V1: Travelling straight ahead / V2:Travelling straight ahead,V1:Eastbound / V2:Northbound ,V1: Collision with motor vehicle in traffic / V2: Collision with motor vehicle in traffic ,"V1: Single-unit truck (2-axle, 6-tire) / V2:Passenger car",Dry,Dark - lighted roadway,Cloudy/Unknown,RUTHERFORD AVENUE / MISHAWUM STREET,,,,,,235176.7813,903706.4998
3736685,BOSTON (ALLSTON),30-Nov-2013,00:00 AM,Not Reported,2,0,0,"Sideswipe, same direction",V1: Travelling straight ahead / V2:Parked,V1:Not reported / V2:Not reported ,V1: Collision with parked motor vehicle / V2: Collision with motor vehicle in traffic ,"V1: Light truck(van, mini-van, panel, pickup, sport utility) with only four tires / V2:Passenger car",Dry,Daylight,Clear,,89 HANO STREET,,,,,229911.1688,900521.9109
3708856,BOSTON,30-Nov-2013,12:01 PM,Property damage only (none injured),2,0,0,Rear-end,V1: Changing lanes / V2:Slowing or stopped in traffic,V1:Southbound / V2:Southbound ,V1: Collision with motor vehicle in traffic / V2: Collision with motor vehicle in traffic ,"V1: Light truck(van, mini-van, panel, pickup, sport utility) with only four tires / V2:Passenger car",Dry,Daylight,Cloudy,,Rte 93 S / UNKNOWN,,Exit 15 on Rte 93 S,,,236629.6253,897168.5001
3680712,BOSTON,30-Nov-2013,12:37 PM,Property damage only (none injured),2,0,0,"Sideswipe, same direction",V1: Changing lanes / V2:Travelling straight ahead,V1:Eastbound / V2:Eastbound ,V1: Collision with motor vehicle in traffic / V2: Collision with motor vehicle in traffic ,V1: Passenger car / V2:Passenger car,Dry,Daylight,Clear,,Rte 90 E / UNKNOWN,,Exit 18 on Rte 90 E,,,230714.9765,900764.6942
3667488,BOSTON,30-Nov-2013,2:24 PM,Non-fatal injury,2,2,0,Angle,V1: Travelling straight ahead / V2:Travelling straight ahead,V1:Southbound / V2:Eastbound ,V1: Collision with motor vehicle in traffic / V2: Collision with motor vehicle in traffic ,"V1: Light truck(van, mini-van, panel, pickup, sport utility) with only four tires / V2:Passenger car",Dry,Daylight,Clear,MORTON STREET Rte 203 E / HARVARD STREET,,,,,,233485.5311,893096.375
3671920,BOSTON,30-Nov-2013,6:00 PM,Property damage only (none injured),1,0,0,Rear-end,V1: Travelling straight ahead,V1:Southbound ,V1: Collision with motor vehicle in traffic ,V1: Passenger car,Dry,Dark - lighted roadway,Clear,,Rte 93 S / UNKNOWN,,Exit 24 on Rte 93 S,,,236397.1933,901565.6511
3721554,BOSTON,30-Nov-2013,7:00 PM,Not Reported,2,0,0,Not reported,V1: Not reported / V2:Not reported,V1:Not reported / V2:Not reported ,V1: Not reported / V2: Not reported ,"V1: Light truck(van, mini-van, panel, pickup, sport utility) with only four tires / V2:Light truck(van, mini-van, panel, pickup, sport utility) with only four tires",Not reported,Not reported,Not Reported,HYDE PARK AVENUE / FACTORY STREET,,,,,,230946.8006,889205.6056
3737870,BOSTON,30-Nov-2013,8:36 PM,Non-fatal injury,1,1,0,Single vehicle crash,V1: Travelling straight ahead,V1:Northbound ,V1: Collision with tree ,V1: Passenger car,Dry,Dark - lighted roadway,Clear,JAMAICAWAY / MORAINE STREET,,,,JAMAICA WAY AT MORAINE ST,,231573.4062,896703.2502
3674737,BOSTON,30-Nov-2013,11:00 PM,Property damage only (none injured),1,0,0,Single vehicle crash,V1: Travelling straight ahead,V1:Northbound ,V1: Collision with median barrier ,V1: Passenger car,Dry,Dark - lighted roadway,Clear,,Rte 93 N / UNKNOWN,,Exit 20 on Rte 93 N,,,235935.6734,898219.8317
3671930,BOSTON,01-Dec-2013,00:00 AM,Property damage only (none injured),2,0,0,"Sideswipe, same direction",V1: Travelling straight ahead / V2:Travelling straight ahead,V1:Southbound / V2:Southbound ,V1: Collision with motor vehicle in traffic / V2: Collision with motor vehicle in traffic ,"V1: Light truck(van, mini-van, panel, pickup, sport utility) with only four tires / V2:Passenger car",Dry,Dark - lighted roadway,Clear,,Rte 93 S / UNKNOWN,,Exit 13 on Rte 93 S,,,237399.8866,894072.472
3674738,BOSTON,01-Dec-2013,3:39 AM,Property damage only (none injured),1,0,0,Single vehicle crash,V1: Leaving traffic lane,V1:Northbound ,V1: Collision with median barrier ,V1: Passenger car,Dry,Other,Clear,,Rte 93 N / UNKNOWN,,Exit 23 on Rte 93 N,,,236957.4837,900943.9828
3713380,BOSTON,01-Dec-2013,4:19 AM,Property damage only (none injured),3,0,0,Angle,V1: Travelling straight ahead / V2:Parked / V3:Parked,V1:Southbound / V2:Northbound / V3:Northbound ,V1: Collision with parked motor vehicle / V2: Collision with motor vehicle in traffic / V3: Collision with parked motor vehicle ,"V1: Passenger car / V2:Passenger car / V3:Light truck(van, mini-van, panel, pickup, sport utility) with only four tires",Dry,Dark - lighted roadway,Cloudy,,MORTON STREET Rte UNKNOW / 760,,,,,233881.1405,892631.2929
3674739,BOSTON,01-Dec-2013,6:47 AM,Property damage only (none injured),1,0,0,Single vehicle crash,V1: Travelling straight ahead,V1:Northbound ,V1: Other ,V1: Passenger car,Dry,Daylight,Clear,,JOHN F FITZGERALD EXPRESSWAY Rte 93 N / RAMP - RT 90 TO RT 93 NB,,,D RAMP MERGE,,236588.7582,900226.7652
3708768,BOSTON,01-Dec-2013,7:08 AM,Property damage only (none injured),1,0,0,Single vehicle crash,V1: Travelling straight ahead,V1:Northbound ,V1: Collision with median barrier ,V1: Passenger car,Wet,Daylight,Rain,,Rte 93 N / UNKNOWN,,Exit 27 on Rte 93 N,,,235655.07,902467.5364
3720877,BOSTON (DORCHESTER),01-Dec-2013,7:10 AM,Not Reported,2,0,0,Not reported,V1: Unknown / V2:Parked,V1:Not reported / V2:Not reported ,V1: Collision with parked motor vehicle / V2: Collision with motor vehicle in traffic ,V1: Passenger car / V2:Passenger car,Not reported,Not reported,Not Reported,,73 SAVIN HILL AVENUE,,,,,236649.2937,895885.1899
3671924,BOSTON,01-Dec-2013,9:15 AM,Property damage only (none injured),1,0,0,Single vehicle crash,V1: Travelling straight ahead,V1:Eastbound ,V1: Collision with guardrail ,V1: Passenger car,Wet,Daylight,Cloudy,,STORROW DRIVE Rte 28 N / RAMP TO CHARLES CIRCLE,,,LONGFELLOW BRIDGE,,235228.039,901244.0914
3671925,BOSTON,01-Dec-2013,10:02 AM,Property damage only (none injured),1,0,0,Single vehicle crash,V1: Travelling straight ahead,V1:Eastbound ,V1: Collision with curb ,V1: Passenger car,Wet,Daylight,Cloudy,,STORROW DRIVE Rte 28 N / RAMP TO CHARLES CIRCLE,,,LONGFELLOW BRIDGE,,235229.5875,901235.758
3731128,BOSTON (CHARLESTOWN),01-Dec-2013,10:59 AM,Not Reported,2,0,0,Angle,V1: Travelling straight ahead / V2:Turning left,V1:Not reported / V2:Not reported ,V1: Collision with motor vehicle in traffic / V2: Collision with motor vehicle in traffic ,V1: Passenger car / V2:Passenger car,Wet,Daylight,Rain/Cloudy,,8 AUSTIN STREET / LAWRENCE STREET,,,,,235789.3176,902811.2304
3721553,BOSTON (HYDE PARK),01-Dec-2013,11:09 AM,Non-fatal injury,2,2,0,Angle,V1: Travelling straight ahead / V2:Travelling straight ahead,V1:Eastbound / V2:Northbound ,V1: Collision with motor vehicle in traffic / V2: Collision with motor vehicle in traffic ,"V1: Passenger car / V2:Light truck(van, mini-van, panel, pickup, sport utility) with only four tires",Wet,Daylight,Rain/Cloudy,HYDE PARK AVENUE / DANA AVENUE,,,,,,230995.4529,889346.1875
3671927,BOSTON,01-Dec-2013,12:07 PM,Property damage only (none injured),1,0,0,Single vehicle crash,V1: Travelling straight ahead,V1:Westbound ,V1: Collision with motor vehicle in traffic ,V1: Passenger car,Ice,Daylight,Rain,,SOLDIERS FIELD ROAD Rte UNKNOW W,,,NEWELL BOATHOUSE,,230787.0834,902179.9392
3699118,BOSTON,01-Dec-2013,12:10 PM,Property damage only (none injured),2,0,0,Rear-end,V1: Travelling straight ahead / V2:Other,V1:Southbound / V2:Southbound ,V1: Collision with motor vehicle in traffic / V2: Collision with motor vehicle in traffic ,"V1: Light truck(van, mini-van, panel, pickup, sport utility) with only four tires / V2:Passenger car",Dry,Daylight,Rain,,Rte 93 S / UNKNOWN,,Exit 23 on Rte 93 S,,,236856.2793,901152.8251
3708711,BOSTON,01-Dec-2013,12:18 PM,Property damage only (none injured),2,0,0,Rear-end,V1: Slowing or stopped in traffic / V2:Travelling straight ahead,V1:Southbound / V2:Southbound ,V1: Collision with motor vehicle in traffic / V2: Collision with motor vehicle in traffic ,V1: Passenger car / V2:Passenger car,Wet,Daylight,Cloudy,SOUTHBOUND FRONTAGE ROAD / HAUL ROAD,,,,@ BYPASS RD,,235884.1717,898231.2671
3673154,BOSTON,01-Dec-2013,1:32 PM,Non-fatal injury,2,1,0,Angle,V1: Travelling straight ahead / V2:Travelling straight ahead,V1:Westbound / V2:Northbound ,V1: Collision with motor vehicle in traffic / V2: Collision with motor vehicle in traffic ,"V1: Passenger car / V2:Light truck(van, mini-van, panel, pickup, sport utility) with only four tires",Wet,Daylight,Cloudy,,CHARLESGATE EAST / COMMONWEALTH AVENUE,,,,,233649.9732,899935.8523
3748864,BOSTON,01-Dec-2013,3:37 PM,Property damage only (none injured),1,0,0,Not reported,V1: Travelling straight ahead,V1:Not reported ,V1: Collision with motor vehicle in traffic ,V1: Passenger car,Not reported,Not reported,Not Reported,NORMANDY STREET / GENEVA AVENUE,,,,,,234521.7658,895391.2502
3694992,BOSTON,01-Dec-2013,4:28 PM,Property damage only (none injured),3,0,0,"Sideswipe, same direction",V1: Travelling straight ahead / V2:Travelling straight ahead / V3:Travelling straight ahead,V1:Northbound / V2:Northbound / V3:Northbound ,V1: Collision with motor vehicle in traffic / V2: Collision with motor vehicle in traffic / V3: Collision with motor vehicle in traffic ,V1: Passenger car / V2:Passenger car / V3:Passenger car,Wet,Dark - lighted roadway,Rain,,Rte 93 N / UNKNOWN,,Exit 11 on Rte 93 N,,,237094.7253,891674.8051
3731051,BOSTON (CHARLESTOWN),01-Dec-2013,4:51 PM,Not Reported,1,0,0,Single vehicle crash,V1: Unknown,V1:Westbound ,V1: Not reported ,"V1: Light truck(van, mini-van, panel, pickup, sport utility) with only four tires",Wet,Dark - lighted roadway,Rain/Unknown,ALFORD STREET / MAFFA WAY,,,,,,235159.2698,903812.5473
3694975,BOSTON,01-Dec-2013,5:09 PM,Non-fatal injury,1,1,0,Single vehicle crash,V1: Travelling straight ahead,V1:Westbound ,V1: Collision with light pole or other post/support ,V1: Passenger car,Wet,Dark - lighted roadway,Cloudy/Rain,,SEAPORT LANE / CONGRESS STREET,,,PARKING LOT PARCEL K,,,
3674740,BOSTON,01-Dec-2013,6:40 PM,Property damage only (none injured),1,0,0,Single vehicle crash,V1: Leaving traffic lane,V1:Northbound ,V1: Collision with median barrier ,V1: Passenger car,Wet,Dark - lighted roadway,Cloudy/Rain,,LEVERETT CONNECTOR NORTH / RAMP - STORROW DRIVE TO LEVERETT CONNECT,,,RAMP FROM LEVERETT CIRCLE TO RT.,,236004.1392,901955.7832
3675016,BOSTON,01-Dec-2013,9:30 PM,Non-fatal injury,1,1,0,Single vehicle crash,V1: Travelling straight ahead,V1:Northbound ,V1: Collision with median barrier ,V1: Passenger car,Wet,Dark - lighted roadway,Rain,,Rte 93 N,,Exit 23 on Rte 93,,,236957.4837,900943.9828
3685181,BOSTON,01-Dec-2013,11:25 PM,Property damage only (none injured),1,0,0,Single vehicle crash,V1: Other,V1:Northbound ,V1: Collision with median barrier ,V1: Passenger car,Dry,Dark - lighted roadway,Other,,Rte 90 W / UNKNOWN,,Exit 24 on Rte 90 W,D RAMP TO RTE 93NB,,238090.4393,899691.5691
3697674,BOSTON,02-Dec-2013,00:00 AM,Property damage only (none injured),1,0,0,Single vehicle crash,V1: Travelling straight ahead,V1:Westbound ,V1: Collision with curb ,V1: Passenger car,Wet,Dark - lighted roadway,Clear,,Rte 203 / UNKNOWN,,,SHEA ROTARY,,232473.2971,894531.5629
3674741,BOSTON,02-Dec-2013,00:00 AM,Property damage only (none injured),1,0,0,Single vehicle crash,V1: Travelling straight ahead,V1:Northbound ,V1: Collision with median barrier ,V1: Passenger car,Wet,Dark - lighted roadway,Rain,,Rte 93 N / UNKNOWN,,Exit 23 on Rte 93 N,,,236957.4837,900943.9828
3674742,BOSTON,02-Dec-2013,00:00 AM,Non-fatal injury,2,4,0,"Sideswipe, same direction",V1: Travelling straight ahead / V2:Travelling straight ahead,V1:Southbound / V2:Southbound ,V1: Collision with motor vehicle in traffic / V2: Collision with motor vehicle in traffic ,V1: Passenger car / V2:Passenger car,Wet,Dark - lighted roadway,Cloudy/Rain,,Rte 93 S / UNKNOWN,,Exit 15 on Rte 93 S,,,236629.6253,897168.5001
3714600,BOSTON,02-Dec-2013,6:00 AM,Property damage only (none injured),2,0,0,"Sideswipe, same direction",V1: Travelling straight ahead / V2:Travelling straight ahead,V1:Northbound / V2:Northbound ,V1: Collision with motor vehicle in traffic / V2: Collision with motor vehicle in traffic ,"V1: Light truck(van, mini-van, panel, pickup, sport utility) with only four tires / V2:Truck/trailer",Wet,Dark - lighted roadway,Rain,,Rte 93 N,,Exit 23 on Rte 93,,,236957.4837,900943.9828
3674743,BOSTON,02-Dec-2013,6:50 AM,Property damage only (none injured),1,0,0,Single vehicle crash,V1: Travelling straight ahead,V1:Westbound ,V1: Not reported ,V1: Passenger car,Wet,Daylight,Cloudy,,Rte 90 W / UNKNOWN,,,,,231477.1652,900511.4673
3675765,BOSTON,02-Dec-2013,8:20 AM,Property damage only (none injured),2,0,0,Rear-end,V1: Slowing or stopped in traffic / V2:Slowing or stopped in traffic,V1:Westbound / V2:Westbound ,V1: Collision with motor vehicle in traffic / V2: Collision with motor vehicle in traffic ,V1: Passenger car / V2:Passenger car,Wet,Daylight,Cloudy,,SOLDIERS FIELD ROAD Rte UNKNOW W / NORTH HARVARD STREET,,,,,230992.3482,902048.2872