Crash Number,City/Town Name,Crash Date,Crash Time,Crash Severity,Number of Vehicles,Total Nonfatal Injuries,Total Fatal Injuries,Manner of Collision,Vehicle Action Prior to Crash,Vehicle Travel Directions,Most Harmful Events,Vehicle Configuration,Road Surface Condition,Ambient Light,Weather Condition,At Roadway Intersection,Distance from Nearest Roadway Intersection,Distance from Nearest Milemarker,Distance from Nearest Exit,Distance from Nearest Landmark,Non Motorist Type,X Coordinate,Y Coordinate
3675881,BOSTON,02-Dec-2013,8:20 AM,Property damage only (none injured),1,0,0,Single vehicle crash,V1: Travelling straight ahead,V1:Westbound ,V1: Collision with curb ,V1: Passenger car,Wet,Daylight,Cloudy,,SOLDIERS FIELD ROAD Rte UNKNOW W / NORTH HARVARD STREET,,,,,230992.3482,902048.2872
3708787,BOSTON,02-Dec-2013,9:50 AM,Property damage only (none injured),2,0,0,Rear-end,V1: Travelling straight ahead / V2:Slowing or stopped in traffic,V1:Eastbound / V2:Eastbound ,V1: Collision with motor vehicle in traffic / V2: Collision with motor vehicle in traffic ,V1: Passenger car / V2:Passenger car,Dry,Daylight,Cloudy,,GALLIVAN BOULEVARD Rte UNKNOW E,,,NEPONSET CIRCLE,,237731.8737,892907.403
3694871,BOSTON,02-Dec-2013,3:58 PM,Property damage only (none injured),1,0,0,Single vehicle crash,V1: Not reported,V1:Southbound ,V1: Collision with fence ,"V1: Light truck(van, mini-van, panel, pickup, sport utility) with only four tires",Dry,Daylight,Cloudy,WILLIAM T MORRISSEY BOULEVARD / POPES HILL STREET,,,,,,237240.2032,893757.75
3675018,BOSTON,02-Dec-2013,4:40 PM,Property damage only (none injured),2,0,0,Rear-end,V1: Travelling straight ahead / V2:Slowing or stopped in traffic,V1:Northbound / V2:Northbound ,V1: Collision with motor vehicle in traffic / V2: Collision with motor vehicle in traffic ,"V1: Light truck(van, mini-van, panel, pickup, sport utility) with only four tires / V2:Passenger car",Wet,Dark - lighted roadway,Cloudy,,108 feet N from Intersection LEVERETT CONNECTOR NORTH / RAMP - STORROW DRIVE TO LEVERETT CONNECT,,,LEVERETT ON RAMP NB,,235997.191,901925.3153
3710724,BOSTON,02-Dec-2013,5:30 PM,Property damage only (none injured),2,0,0,Rear-end,V1: Travelling straight ahead / V2:Slowing or stopped in traffic,V1:Westbound / V2:Westbound ,V1: Collision with motor vehicle in traffic / V2: Collision with motor vehicle in traffic ,V1: Passenger car / V2:Passenger car,Dry,Dark - lighted roadway,Cloudy,,Rte 90 W,Rte 90  W Milemarker 130.0,,,,229752.0583,900842.7985
3685215,BOSTON,03-Dec-2013,6:40 AM,Non-fatal injury,1,2,0,Head-on,V1: Slowing or stopped in traffic,V1:Eastbound ,V1: Collision with pedestrian ,"V1: Light truck(van, mini-van, panel, pickup, sport utility) with only four tires",Wet,Daylight,Cloudy,,MORTON STREET Rte 203 E / FOREST HILLS AVENUE,,,SHATTUCK HOSPITAL (REAR ENTRANCE,P2:Pedestrian / P3:Pedestrian,232692.3363,894448.976
3680715,BOSTON,03-Dec-2013,10:28 AM,Property damage only (none injured),2,0,0,"Sideswipe, same direction",V1: Travelling straight ahead / V2:Changing lanes,V1:Northbound / V2:Northbound ,V1: Collision with motor vehicle in traffic / V2: Collision with motor vehicle in traffic ,"V1: Passenger car / V2:Light truck(van, mini-van, panel, pickup, sport utility) with only four tires",Dry,Daylight,Cloudy,,PARK DRIVE Rte UNKNOW / BEACON STREET,,,,,232535.3748,899651.148
3708857,BOSTON,03-Dec-2013,2:25 PM,Non-fatal injury,2,1,0,Rear-end,V1: Slowing or stopped in traffic / V2:Travelling straight ahead,V1:Southbound / V2:Southbound ,V1: Collision with motor vehicle in traffic / V2: Collision with motor vehicle in traffic ,V1: Passenger car / V2:Passenger car,Dry,Daylight,Clear,,Rte 93 S / UNKNOWN,,Exit 12 on Rte 93 S,,,237620.5493,892713.0989
3678253,BOSTON,03-Dec-2013,3:02 PM,Property damage only (none injured),4,0,0,Rear-end,V1: Slowing or stopped in traffic / V2:Slowing or stopped in traffic / V3:Slowing or stopped in traffic / V4:Travelling straight ahead,V1:Southbound / V2:Southbound / V3:Southbound / V4:Southbound ,V1: Collision with motor vehicle in traffic / V2: Collision with motor vehicle in traffic / V3: Collision with motor vehicle in traffic / V4: Collision with motor vehicle in traffic ,"V1: Passenger car / V2:Passenger car / V3:Light truck(van, mini-van, panel, pickup, sport utility) with only four tires / V4:Passenger car",Dry,Daylight,Cloudy,,Rte 93 S / UNKNOWN,,Exit 15 on Rte 93 S,,,236629.6253,897168.5001
3710780,BOSTON,03-Dec-2013,4:54 PM,Property damage only (none injured),2,0,0,Rear-end,V1: Slowing or stopped in traffic / V2:Travelling straight ahead,V1:Southbound / V2:Southbound ,V1: Collision with motor vehicle in traffic / V2: Collision with motor vehicle in traffic ,V1: Passenger car / V2:Passenger car,Dry,Dark - lighted roadway,Clear,,Rte 93 S,,Exit 15 on Rte 93,SAVIN HILL,,236629.6253,897168.5001
3682676,BOSTON,03-Dec-2013,5:46 PM,Non-fatal injury,2,2,0,Rear-end,V1: Slowing or stopped in traffic / V2:Travelling straight ahead,V1:Westbound / V2:Westbound ,V1: Collision with motor vehicle in traffic / V2: Collision with motor vehicle in traffic ,"V1: Passenger car / V2:Light truck(van, mini-van, panel, pickup, sport utility) with only four tires",Dry,Dark - unknown roadway lighting,Clear/Cloudy,,MASSACHUSETTS AVENUE CONNECTOR / MELNEA CASS BOULEVARD,,,MASS AVE CONNECTOR,,235281.5178,898132.5789
3733421,BOSTON (DORCHESTER),03-Dec-2013,7:11 PM,Non-fatal injury,2,2,0,Rear-end,V1: Travelling straight ahead / V2:Travelling straight ahead,V1:Westbound / V2:Westbound ,V1: Collision with motor vehicle in traffic / V2: Collision with motor vehicle in traffic ,"V1: Passenger car / V2:Light truck(van, mini-van, panel, pickup, sport utility) with only four tires",Dry,Dark - lighted roadway,Clear,WASHINGTON STREET / MORTON STREET,,,,,,235464.1249,891559.4375
3713442,BOSTON,03-Dec-2013,7:15 PM,Property damage only (none injured),2,0,0,"Sideswipe, same direction",V1: Changing lanes / V2:Travelling straight ahead,V1:Southbound / V2:Southbound ,V1: Collision with motor vehicle in traffic / V2: Collision with motor vehicle in traffic ,"V1: Light truck(van, mini-van, panel, pickup, sport utility) with only four tires / V2:Passenger car",Dry,Dusk,Clear,SOUTHBOUND FRONTAGE ROAD / JOHN F FITZGERALD EXPRESSWAY Rte 93 S,,,,ON-RAMP FROM SOUTH BAY,,236397.8357,897503.8646
3675019,BOSTON,03-Dec-2013,10:03 PM,Non-fatal injury,3,1,0,"Sideswipe, same direction",V1: Travelling straight ahead / V2:Travelling straight ahead / V3:Travelling straight ahead,V1:Northbound / V2:Northbound / V3:Northbound ,V1: Collision with motor vehicle in traffic / V2: Collision with motor vehicle in traffic / V3: Collision with motor vehicle in traffic ,"V1: Passenger car / V2:Light truck(van, mini-van, panel, pickup, sport utility) with only four tires / V3:Passenger car",Dry,Dark - lighted roadway,Cloudy,,Rte 93 N,,Exit 27 on Rte 93 N,,,235655.07,902467.5364
3699519,BOSTON,03-Dec-2013,10:05 PM,Non-fatal injury,3,1,0,Rear-end,V1: Slowing or stopped in traffic / V2:Slowing or stopped in traffic / V3:Slowing or stopped in traffic,V1:Westbound / V2:Westbound / V3:Westbound ,V1: Collision with motor vehicle in traffic / V2: Collision with motor vehicle in traffic / V3: Collision with motor vehicle in traffic ,"V1: Passenger car / V2:Passenger car / V3:Light truck(van, mini-van, panel, pickup, sport utility) with only four tires",Dry,Dark - lighted roadway,Clear,,MASSACHUSETTS TURNPIKE Rte 90 W,,Exit 19 on Rte 90,IC 20 TOLL PLAZA,,231169.8018,900844.1411
3748688,BOSTON (CHARLESTOWN),03-Dec-2013,10:15 PM,Not Reported,1,0,0,Single vehicle crash,V1: Travelling straight ahead,V1:Southbound ,V1: Collision with utility pole ,"V1: Light truck(van, mini-van, panel, pickup, sport utility) with only four tires",Dry,Dark - lighted roadway,Cloudy/Unknown,CHELSEA STREET / MEDFORD STREET,,,,,,236816.4679,903197.1858
3694971,BOSTON,04-Dec-2013,6:18 AM,Property damage only (none injured),2,0,0,"Sideswipe, same direction",V1: Travelling straight ahead / V2:Travelling straight ahead,V1:Southbound / V2:Southbound ,V1: Collision with motor vehicle in traffic / V2: Collision with median barrier ,V1: Passenger car / V2:Passenger car,Dry,Daylight,Clear,,Rte 93 S / UNKNOWN,,,LOWER DECK,,,
3680719,BOSTON,04-Dec-2013,6:55 AM,Property damage only (none injured),3,0,0,Rear-end,V1: Travelling straight ahead / V2:Travelling straight ahead / V3:Slowing or stopped in traffic,V1:Northbound / V2:Northbound / V3:Northbound ,V1: Collision with motor vehicle in traffic / V2: Collision with motor vehicle in traffic / V3: Collision with motor vehicle in traffic ,V1: Passenger car / V2:Passenger car / V3:Passenger car,Dry,Daylight,Clear,,Rte 93 N / UNKNOWN,,Exit 14 on Rte 93 N,HOV LANE,,237258.9796,894483.3974
3699534,BOSTON,04-Dec-2013,7:05 AM,Property damage only (none injured),2,0,0,Rear-end,V1: Travelling straight ahead / V2:Travelling straight ahead,V1:Southbound / V2:Southbound ,V1: Not reported / V2: Not reported ,"V1: Bus (seats for more than 15 people, including driver) / V2:Passenger car",Dry,Daylight,Clear/Clear,TREMONT STREET / STUART STREET,,,,,,235847.0835,900157.3942
3674744,BOSTON,04-Dec-2013,8:17 AM,Non-fatal injury,3,2,0,Rear-end,V1: Slowing or stopped in traffic / V2:Slowing or stopped in traffic / V3:Travelling straight ahead,V1:Southbound / V2:Southbound / V3:Southbound ,V1: Collision with motor vehicle in traffic / V2: Collision with motor vehicle in traffic / V3: Collision with motor vehicle in traffic ,V1: Passenger car / V2:Passenger car / V3:Passenger car,Dry,Daylight,Cloudy,,Rte 93 S / UNKNOWN,,Exit 23 on Rte 93 S,,,236856.2793,901152.8251
3675021,BOSTON,04-Dec-2013,8:38 AM,Non-fatal injury,3,1,0,Rear-end,V1: Slowing or stopped in traffic / V2:Slowing or stopped in traffic / V3:Travelling straight ahead,V1:Southbound / V2:Southbound / V3:Southbound ,V1: Collision with motor vehicle in traffic / V2: Collision with motor vehicle in traffic / V3: Collision with motor vehicle in traffic ,"V1: Passenger car / V2:Light truck(van, mini-van, panel, pickup, sport utility) with only four tires / V3:Bus (seats for more than 15 people, including driver)","Sand, mud, dirt, oil, gravel",Daylight,Cloudy,,Rte 93 S,,Exit 23 on Rte 93 S,,,236856.2793,901152.8251
3700158,BOSTON,04-Dec-2013,11:16 AM,Non-fatal injury,2,2,0,Head-on,V1: Travelling straight ahead / V2:Travelling straight ahead,V1:Southbound / V2:Northbound ,V1: Collision with motor vehicle in traffic / V2: Collision with motor vehicle in traffic ,V1: Passenger car / V2:Passenger car,Dry,Daylight,Cloudy,RAMP - SOLDIERS FIELD RD WB TO WESTERN A / CAMBRIDGE STREET,,,,DOUBLETREE HOTEL,,231514.4842,901235.6252
3748683,BOSTON (CHARLESTOWN),04-Dec-2013,12:47 PM,Non-fatal injury,2,1,0,Angle,V1: Travelling straight ahead / V2:Entering traffic lane,V1:Westbound / V2:Northbound ,V1: Not reported / V2: Collision with motor vehicle in traffic ,V1: Passenger car / V2:Passenger car,Dry,Daylight,Clear/Clear,MAIN STREET / BEACHAM STREET,,,,MBTA PARKING LOT,,234995.6561,903924.2498
3708871,BOSTON,04-Dec-2013,4:50 PM,Non-fatal injury,1,1,0,Single vehicle crash,V1: Travelling straight ahead,V1:Eastbound ,V1: Collision with pedestrian ,"V1: Light truck(van, mini-van, panel, pickup, sport utility) with only four tires",Dry,Dark - lighted roadway,Clear,,MORTON STREET,,,,P2:Pedestrian,,
3774535,BOSTON,04-Dec-2013,7:30 PM,Property damage only (none injured),2,0,0,Rear-end,V1: Travelling straight ahead / V2:Slowing or stopped in traffic,V1:Northbound / V2:Northbound ,V1: Collision with motor vehicle in traffic / V2: Collision with motor vehicle in traffic ,"V1: Light truck(van, mini-van, panel, pickup, sport utility) with only four tires / V2:Passenger car",Dry,Dark - lighted roadway,Cloudy/Other,,RAMP - EAST BOSTON EXPRESSWAY TO AIRPORT / RAMP - EAST BOSTON EXPRESSWAY TO AIRPORT,,,,,238823.4411,902510.6082
3749307,BOSTON (SOUTH BOSTON),05-Dec-2013,6:40 AM,Non-fatal injury,1,1,0,Single vehicle crash,V1: Travelling straight ahead,V1:Not reported ,V1: Collision with pedestrian ,V1: Passenger car,Dry,Daylight,Clear/Clear,,EAST BROADWAY / G STREET,,,,P2:Pedestrian,237557.1619,898432.1569
3697575,BOSTON,05-Dec-2013,12:10 PM,Property damage only (none injured),1,0,0,Single vehicle crash,V1: Travelling straight ahead,V1:Westbound ,V1: Collision with median barrier ,V1: Passenger car,Wet,Daylight,Not Reported,AIRPORT ROAD - DEPARTURE LEVEL / RAMP - AIRPORT ROAD TO RT 90 WB,,,Exit OUTBOU on Rte UNKNOW,,,239346.3091,902068.6753
3730378,BOSTON,05-Dec-2013,12:43 PM,Property damage only (none injured),2,0,0,Angle,V1: Travelling straight ahead / V2:Turning left,V1:Eastbound / V2:Eastbound ,V1: Collision with motor vehicle in traffic / V2: Collision with motor vehicle in traffic ,V1: Passenger car / V2:Passenger car,Dry,Daylight,Not Reported,,MORTON STREET Rte 203 E,,,AT WEST MAIN ST,,233436.8204,893241.0818
3681738,BOSTON,05-Dec-2013,3:30 PM,Property damage only (none injured),2,0,0,Rear-end,V1: Travelling straight ahead / V2:Slowing or stopped in traffic,V1:Eastbound / V2:Eastbound ,V1: Collision with motor vehicle in traffic / V2: Collision with motor vehicle in traffic ,"V1: Light truck(van, mini-van, panel, pickup, sport utility) with only four tires / V2:Passenger car",Dry,Daylight,Clear,,MASSACHUSETTS TURNPIKE Rte 90 E,,,BRIGHTON TOLL PLAZA,,231136.7305,900811.7298
3733260,BOSTON,05-Dec-2013,6:31 PM,Property damage only (none injured),3,0,0,Rear-end,V1: Slowing or stopped in traffic / V2:Slowing or stopped in traffic / V3:Travelling straight ahead,V1:Eastbound / V2:Eastbound / V3:Eastbound ,V1: Collision with motor vehicle in traffic / V2: Collision with motor vehicle in traffic / V3: Collision with motor vehicle in traffic ,"V1: Passenger car / V2:Passenger car / V3:Light truck(van, mini-van, panel, pickup, sport utility) with only four tires",Dry,Dark - lighted roadway,Cloudy,STORROW DRIVE / UNIVERSITY ROAD,,,,,,232286.1875,900193.4999
3711876,BOSTON,05-Dec-2013,6:54 PM,Property damage only (none injured),2,0,0,Angle,V1: Travelling straight ahead / V2:Travelling straight ahead,V1:Westbound / V2:Northbound ,V1: Collision with motor vehicle in traffic / V2: Collision with motor vehicle in traffic ,"V1: Light truck(van, mini-van, panel, pickup, sport utility) with only four tires / V2:Light truck(van, mini-van, panel, pickup, sport utility) with only four tires",Dry,Dark - lighted roadway,Clear,,NASHUA STREET Rte UNKNOW / LEVERETT CIRCLE,,,,,235565.4707,901894.5498
3774631,BOSTON,05-Dec-2013,7:00 PM,Property damage only (none injured),2,0,0,Angle,V1: Travelling straight ahead / V2:Travelling straight ahead,V1:Eastbound / V2:Northbound ,V1: Collision with motor vehicle in traffic / V2: Collision with motor vehicle in traffic ,V1: Passenger car / V2:Passenger car,Wet,Dark - lighted roadway,Cloudy,BACK STREET / BERKELEY STREET,,,,,,235009.6998,900623.457
3675878,BOSTON,05-Dec-2013,7:19 PM,Property damage only (none injured),3,0,0,Rear-end,V1: Travelling straight ahead / V2:Slowing or stopped in traffic / V3:Slowing or stopped in traffic,V1:Westbound / V2:Westbound / V3:Westbound ,V1: Collision with motor vehicle in traffic / V2: Collision with motor vehicle in traffic / V3: Collision with motor vehicle in traffic ,V1: Passenger car / V2:Passenger car / V3:Passenger car,Wet,Dark - lighted roadway,Cloudy,,STORROW DRIVE Rte UNKNOW W,,,HATCH SHELL,,235176.6897,900826.525
3710782,BOSTON,05-Dec-2013,7:20 PM,Non-fatal injury,2,3,0,Rear-end,V1: Travelling straight ahead / V2:Slowing or stopped in traffic,V1:Northbound / V2:Northbound ,V1: Collision with moped / V2: Collision with motor vehicle in traffic ,"V1: Passenger car / V2:Light truck(van, mini-van, panel, pickup, sport utility) with only four tires",Wet,Dark - lighted roadway,Cloudy,,Rte 93 N,,Exit 13 on Rte 93 N,OFF RAMP,,237420.1414,894076.5227
3679290,BOSTON,05-Dec-2013,7:23 PM,Non-fatal injury,2,1,0,Rear-end,V1: Slowing or stopped in traffic / V2:Travelling straight ahead,V1:Eastbound / V2:Eastbound ,V1: Collision with motor vehicle in traffic / V2: Collision with motor vehicle in traffic ,V1: Passenger car / V2:Passenger car,Dry,Dusk,Clear,STORROW DRIVE Rte 28 N / PINCKNEY STREET,,,,PINCKNEY ST,,235232.9129,901006.8928
3680716,BOSTON,05-Dec-2013,9:00 PM,Non-fatal injury,2,1,0,"Sideswipe, opposite direction",V1: Travelling straight ahead / V2:Turning left,V1:Southbound / V2:Northbound ,V1: Collision with motor vehicle in traffic / V2: Collision with motor vehicle in traffic ,"V1: Motorcycle / V2:Light truck(van, mini-van, panel, pickup, sport utility) with only four tires",Dry,Dark - lighted roadway,Clear,,199 feet E from Intersection CHARLES RIVER DAM ROAD Rte 28 S / CHARLES RIVER DAM ROAD Rte 28 N,,,MUSEUM OF SCIENCE,,235458.932,901970.1893
3682771,BOSTON,05-Dec-2013,10:01 PM,Property damage only (none injured),2,0,0,Rear-end,V1: Travelling straight ahead / V2:Slowing or stopped in traffic,V1:Northbound / V2:Northbound ,V1: Not reported / V2: Not reported ,V1: Passenger car / V2:Passenger car,Wet,Dark - lighted roadway,Cloudy/Rain,,MORTON STREET Rte UNKNOW / 920,,,,,234424.4024,892301.6635
3686239,BOSTON,06-Dec-2013,00:00 AM,Non-fatal injury,2,1,0,Rear-end,V1: Slowing or stopped in traffic / V2:Travelling straight ahead,V1:Southbound / V2:Southbound ,V1: Collision with motor vehicle in traffic / V2: Collision with motor vehicle in traffic ,V1: Passenger car / V2:Passenger car,Wet,Dark - lighted roadway,Rain,,Rte 93 N,,Exit 18 on Rte 93 N,TO MASS AVE CONNECTOR,,236146.0342,897892.2406
3731052,BOSTON (CHARLESTOWN),06-Dec-2013,1:00 AM,Not Reported,2,0,0,Angle,V1: Travelling straight ahead / V2:Entering traffic lane,V1:Northbound / V2:Northbound ,V1: Collision with motor vehicle in traffic / V2: Collision with motor vehicle in traffic ,"V1: Passenger car / V2:Light truck(van, mini-van, panel, pickup, sport utility) with only four tires",Dry,Daylight,Clear/Clear,,20 MERRIAM STREET / CAMBRIDGE STREET,,,,,232662.4796,896010.7536
3736136,BOSTON,06-Dec-2013,1:54 AM,Property damage only (none injured),2,0,0,Rear-end,V1: Turning left / V2:Changing lanes,V1:Not reported / V2:Not reported ,V1: Unknown / V2: Collision with motor vehicle in traffic ,V1: Passenger car / V2:Passenger car,Dry,Dark - lighted roadway,Clear/Clear,,WASHINGTON STREET / ELDON STREET,,,,,234776.2344,894806.8124
3674745,BOSTON,06-Dec-2013,7:31 AM,Non-fatal injury,2,2,0,Rear-end,V1: Slowing or stopped in traffic / V2:Travelling straight ahead,V1:Eastbound / V2:Eastbound ,V1: Collision with motor vehicle in traffic / V2: Collision with motor vehicle in traffic ,"V1: Light truck(van, mini-van, panel, pickup, sport utility) with only four tires / V2:Light truck(van, mini-van, panel, pickup, sport utility) with only four tires",Wet,Daylight,Rain,,Rte 90 E / UNKNOWN,,,,,231975.6012,900133.9391
3795966,BOSTON,06-Dec-2013,8:26 AM,Not Reported,2,0,0,"Sideswipe, same direction",V1: Travelling straight ahead / V2:Travelling straight ahead,V1:Northbound / V2:Not reported ,"V1: Collision with motor vehicle in traffic / V2: Collision with cyclist (bicycle, tricycle, unicycle, pedal car) ","V1: Passenger car / V2:Light truck(van, mini-van, panel, pickup, sport utility) with only four tires",Wet,Daylight,Cloudy/Rain,,100 feet S from Intersection SPRING STREET / BILLINGS STREET,,,,,227061.6257,891344.8056
3726040,BOSTON,06-Dec-2013,9:16 AM,Property damage only (none injured),2,0,0,Angle,V1: Travelling straight ahead / V2:Changing lanes,V1:Northbound / V2:Northbound ,V1: Collision with motor vehicle in traffic / V2: Collision with motor vehicle in traffic ,"V1: Light truck(van, mini-van, panel, pickup, sport utility) with only four tires / V2:Passenger car",Dry,Daylight,Clear,,Rte 93 N / UNKNOWN,,Exit 15 on Rte 93 N,,,236972.2496,896473.4282
3676248,BOSTON,06-Dec-2013,10:34 AM,Property damage only (none injured),2,0,0,Rear-end,V1: Slowing or stopped in traffic / V2:Travelling straight ahead,V1:Northbound / V2:Northbound ,V1: Collision with motor vehicle in traffic / V2: Collision with motor vehicle in traffic ,"V1: Light truck(van, mini-van, panel, pickup, sport utility) with only four tires / V2:Passenger car",Dry,Daylight,Cloudy,,360 RIVERWAY,,,,,231992.9501,898161.7619
3682770,BOSTON,06-Dec-2013,10:42 AM,Non-fatal injury,2,1,0,Angle,V1: Turning left / V2:Travelling straight ahead,V1:Northbound / V2:Eastbound ,V1: Collision with motor vehicle in traffic / V2: Collision with motor vehicle in traffic ,V1: Passenger car / V2:Passenger car,Wet,Daylight,Cloudy,,SOLDIERS FIELD ROAD / SOLDIERS FIELD ROAD,,,MCDONALDS/ STARBUCKS,,228545.3368,901055.8292
3708858,BOSTON,06-Dec-2013,12:04 PM,Property damage only (none injured),1,0,0,Single vehicle crash,V1: Travelling straight ahead,V1:Northbound ,V1: Collision with utility pole ,V1: Passenger car,Dry,Daylight,Not Reported,,GALLIVAN BOULEVARD Rte UNKNOW / 635,,,,,237197.2952,892643.1564
3682964,BOSTON,06-Dec-2013,12:15 PM,Property damage only (none injured),2,0,0,Angle,V1: Travelling straight ahead / V2:Travelling straight ahead,V1:Northbound / V2:Southbound ,V1: Collision with motor vehicle in traffic / V2: Collision with motor vehicle in traffic ,"V1: Light truck(van, mini-van, panel, pickup, sport utility) with only four tires / V2:Light truck(van, mini-van, panel, pickup, sport utility) with only four tires",Dry,Daylight,Cloudy,JAMAICAWAY / BYNNER STREET,,,,,,231761.922,897172.3748
3700226,BOSTON,06-Dec-2013,2:30 PM,Property damage only (none injured),2,0,0,"Sideswipe, same direction",V1: Turning right / V2:Travelling straight ahead,V1:Eastbound / V2:Eastbound ,V1: Collision with motor vehicle in traffic / V2: Collision with motor vehicle in traffic ,"V1: Light truck(van, mini-van, panel, pickup, sport utility) with only four tires / V2:Passenger car",Dry,Daylight,Clear,,MURRAY CIRCLE Rte UNKNOW E / ARBORWAY,,,,,231216.1249,895485.9374
3712762,BOSTON,06-Dec-2013,2:45 PM,Property damage only (none injured),2,0,0,"Sideswipe, same direction",V1: Travelling straight ahead / V2:Changing lanes,V1:Southbound / V2:Southbound ,V1: Collision with motor vehicle in traffic / V2: Collision with motor vehicle in traffic ,V1: Passenger car / V2:Passenger car,Wet,Daylight,Not Reported,,JOHN F FITZGERALD EXPRESSWAY Rte 93 S / RAMP - LEVERETT CIRCLE TO RT 93 SB Rte 3 S,,,O&AMP;APOS;NEILL TUNNEL ENTRANCE,,236194.758,901837.3294
3674746,BOSTON,06-Dec-2013,3:41 PM,Non-fatal injury,3,1,0,Rear-end,V1: Slowing or stopped in traffic / V2:Slowing or stopped in traffic / V3:Travelling straight ahead,V1:Northbound / V2:Northbound / V3:Northbound ,V1: Collision with motor vehicle in traffic / V2: Collision with motor vehicle in traffic / V3: Collision with motor vehicle in traffic ,"V1: Light truck(van, mini-van, panel, pickup, sport utility) with only four tires / V2:Light truck(van, mini-van, panel, pickup, sport utility) with only four tires / V3:Light truck(van, mini-van, panel, pickup, sport utility) with only four tires",Wet,Dusk,Rain,,JOHN F FITZGERALD EXPRESSWAY Rte 93 N,,,ZAKIM BRIDGE,,235945.3612,902168.0709
3674747,BOSTON,06-Dec-2013,3:41 PM,Property damage only (none injured),2,0,0,Rear-end,V1: Slowing or stopped in traffic / V2:Travelling straight ahead,V1:Northbound / V2:Northbound ,V1: Collision with motor vehicle in traffic / V2: Collision with motor vehicle in traffic ,V1: Passenger car / V2:Passenger car,Wet,Dusk,Rain,,JOHN F FITZGERALD EXPRESSWAY Rte 93 N,,,ZAKIM BRIDGE,,236032.9266,902066.0741
3700215,BOSTON,06-Dec-2013,4:38 PM,Property damage only (none injured),2,0,0,Rear-end,V1: Travelling straight ahead / V2:Slowing or stopped in traffic,V1:Eastbound / V2:Eastbound ,V1: Collision with motor vehicle in traffic / V2: Collision with motor vehicle in traffic ,"V1: Passenger car / V2:Light truck(van, mini-van, panel, pickup, sport utility) with only four tires",Wet,Dark - roadway not lighted,Rain,,Rte 90 E / UNKNOWN,,Exit 24 on Rte 90 E,,,236020.7529,899669.4659
3676241,BOSTON,06-Dec-2013,4:38 PM,Property damage only (none injured),3,0,0,Rear-end,V1: Travelling straight ahead / V2:Slowing or stopped in traffic / V3:Slowing or stopped in traffic,V1:Southbound / V2:Southbound / V3:Southbound ,V1: Collision with motor vehicle in traffic / V2: Collision with motor vehicle in traffic / V3: Collision with motor vehicle in traffic ,"V1: Light truck(van, mini-van, panel, pickup, sport utility) with only four tires / V2:Passenger car / V3:Passenger car",Wet,Dusk,Rain,,Rte 93 S,,Exit 26 on Rte 93 S,,,234851.4113,903728.5151
3710018,BOSTON,06-Dec-2013,7:03 PM,Non-fatal injury,4,1,0,Rear-end,V1: Slowing or stopped in traffic / V2:Slowing or stopped in traffic / V3:Slowing or stopped in traffic / V4:Travelling straight ahead,V1:Southbound / V2:Southbound / V3:Southbound / V4:Southbound ,V1: Collision with motor vehicle in traffic / V2: Collision with motor vehicle in traffic / V3: Collision with motor vehicle in traffic / V4: Collision with motor vehicle in traffic ,"V1: Passenger car / V2:Passenger car / V3:Light truck(van, mini-van, panel, pickup, sport utility) with only four tires / V4:Light truck(van, mini-van, panel, pickup, sport utility) with only four tires",Dry,Dark - lighted roadway,Clear,,Rte 93 S / UNKNOWN,,Exit 20 on Rte 93 S,,,236954.209,900826.9442
3674748,BOSTON,06-Dec-2013,8:01 PM,Property damage only (none injured),2,0,0,Rear-end,V1: Slowing or stopped in traffic / V2:Travelling straight ahead,V1:Northbound / V2:Northbound ,V1: Collision with motor vehicle in traffic / V2: Collision with motor vehicle in traffic ,"V1: Light truck(van, mini-van, panel, pickup, sport utility) with only four tires / V2:Light truck(van, mini-van, panel, pickup, sport utility) with only four tires",Wet,Dark - lighted roadway,Rain,,Rte 93 S / UNKNOWN,,Exit 26 on Rte 93 S,STATION TUNNEL,,234851.4113,903728.5151
3795965,BOSTON (ROSLINDALE),06-Dec-2013,9:44 PM,Property damage only (none injured),2,0,0,Not reported,V1: Travelling straight ahead / V2:Travelling straight ahead,V1:Not reported / V2:Not reported ,V1: Not reported / V2: Not reported ,V1: Passenger car / V2:Passenger car,Wet,Dark - lighted roadway,"Sleet, hail (freezing rain or drizzle)/Sleet, hail (freezing rain or drizzle)",CENTRE STREET / WALTER STREET,,,,,,230516.1093,894243.8126
3682768,BOSTON,06-Dec-2013,9:56 PM,Property damage only (none injured),1,0,0,Single vehicle crash,V1: Travelling straight ahead,V1:Northbound ,V1: Collision with median barrier ,"V1: Light truck(van, mini-van, panel, pickup, sport utility) with only four tires",Wet,Dark - lighted roadway,Rain,,Rte 93 N / UNKNOWN,,Exit 27 on Rte 93 N,,,235655.07,902467.5364