Crash Number,City/Town Name,Crash Date,Crash Time,Crash Severity,Number of Vehicles,Total Nonfatal Injuries,Total Fatal Injuries,Manner of Collision,Vehicle Action Prior to Crash,Vehicle Travel Directions,Most Harmful Events,Vehicle Configuration,Road Surface Condition,Ambient Light,Weather Condition,At Roadway Intersection,Distance from Nearest Roadway Intersection,Distance from Nearest Milemarker,Distance from Nearest Exit,Distance from Nearest Landmark,Non Motorist Type,X Coordinate,Y Coordinate
3699797,BOSTON,06-Dec-2013,11:22 PM,Property damage only (none injured),2,0,0,"Sideswipe, same direction",V1: Travelling straight ahead / V2:Travelling straight ahead,V1:Eastbound / V2:Eastbound ,V1: Collision with motor vehicle in traffic / V2: Collision with motor vehicle in traffic ,"V1: Passenger car / V2:Light truck(van, mini-van, panel, pickup, sport utility) with only four tires",Wet,Dark - lighted roadway,"Sleet, hail (freezing rain or drizzle)",,GALLIVAN BOULEVARD Rte 203 E / RAMP - RT 93 SB TO RT 3A SB Rte 3A S,,,WALGREENS,,237543.6222,892786.7458
3675032,BOSTON,07-Dec-2013,2:01 AM,Property damage only (none injured),2,0,0,Angle,V1: Travelling straight ahead / V2:Not reported,V1:Southbound / V2:Not reported ,V1: Collision with motor vehicle in traffic / V2: Not reported ,"V1: Light truck(van, mini-van, panel, pickup, sport utility) with only four tires / V2:Bus (seats for more than 15 people, including driver)",Wet,Dark - lighted roadway,"Sleet, hail (freezing rain or drizzle)",,Rte 93 S,,Exit 15 on Rte 93,,,236629.6253,897168.5001
3731125,BOSTON,07-Dec-2013,2:10 AM,Unknown,2,0,0,Angle,V1: Travelling straight ahead / V2:Travelling straight ahead,V1:Westbound / V2:Southbound ,V1: Collision with motor vehicle in traffic / V2: Not reported ,"V1: Unknown heavy truck, cannot classify / V2:Passenger car",Wet,Dark - lighted roadway,"Sleet, hail (freezing rain or drizzle)/Rain",KNEELAND STREET / HARRISON AVENUE,,,,,,236124.2014,900108.9933
3700162,BOSTON,07-Dec-2013,6:31 AM,Property damage only (none injured),3,0,0,Angle,V1: Changing lanes / V2:Travelling straight ahead / V3:Travelling straight ahead,V1:Southbound / V2:Southbound / V3:Southbound ,V1: Collision with motor vehicle in traffic / V2: Collision with motor vehicle in traffic / V3: Collision with motor vehicle in traffic ,"V1: Passenger car / V2:Passenger car / V3:Light truck(van, mini-van, panel, pickup, sport utility) with only four tires",Wet,Dawn,"Sleet, hail (freezing rain or drizzle)",,Rte 93 S,,Exit 12 on Rte 93 S,,,237620.5493,892713.0989
3710019,BOSTON,07-Dec-2013,7:24 AM,Property damage only (none injured),2,0,0,Rear-end,V1: Slowing or stopped in traffic / V2:Travelling straight ahead,V1:Eastbound / V2:Eastbound ,V1: Collision with motor vehicle in traffic / V2: Collision with motor vehicle in traffic ,"V1: Light truck(van, mini-van, panel, pickup, sport utility) with only four tires / V2:Passenger car",Dry,Daylight,Cloudy,,Rte 90 E / UNKNOWN,,Exit 26 on Rte 90 E,,,239052.4325,900927.5132
3682769,BOSTON,07-Dec-2013,8:17 AM,Property damage only (none injured),1,0,0,Single vehicle crash,V1: Travelling straight ahead,V1:Eastbound ,V1: Collision with curb ,V1: Passenger car,Wet,Daylight,Cloudy,,STORROW DRIVE Rte 28 N / RAMP - STORROW DRIVE TO LEVERETT CONNECT,,,S TURN,,235309.8482,901399.9349
3795948,BOSTON,07-Dec-2013,10:15 AM,Non-fatal injury,2,1,0,Angle,V1: Travelling straight ahead / V2:Travelling straight ahead,V1:Not reported / V2:Not reported ,V1: Collision with motor vehicle in traffic / V2: Collision with motor vehicle in traffic ,V1: Passenger car / V2:Passenger car,Wet,Daylight,Clear,CENTRE STREET / STIMSON STREET,,,,,,227770.7499,890327.3751
3699259,BOSTON,07-Dec-2013,11:20 AM,Property damage only (none injured),2,0,0,Angle,V1: Travelling straight ahead / V2:Travelling straight ahead,V1:Southbound / V2:Southbound ,V1: Collision with motor vehicle in traffic / V2: Collision with motor vehicle in traffic ,"V1: Light truck(van, mini-van, panel, pickup, sport utility) with only four tires / V2:Bus (seats for more than 15 people, including driver)",Dry,Daylight,Cloudy,,50 feet N from Intersection WASHINGTON STREET / WILLIAM E MULLING WAY,,,50 feet N from C MART GROCERY STORE,,236005.8669,900153.4209
3675856,BOSTON,07-Dec-2013,12:25 PM,Property damage only (none injured),3,0,0,Rear-end,V1: Travelling straight ahead / V2:Slowing or stopped in traffic / V3:Slowing or stopped in traffic,V1:Southbound / V2:Southbound / V3:Southbound ,V1: Collision with motor vehicle in traffic / V2: Collision with motor vehicle in traffic / V3: Collision with motor vehicle in traffic ,V1: Passenger car / V2:Passenger car / V3:Passenger car,Dry,Daylight,Clear,,RAMP - LEVERETT CIRCLE TO RT 93 SB Rte 3 S / JOHN F FITZGERALD EXPRESSWAY Rte 1 S,,,STATION TUNNEL,,236007.4962,902002.1258
3795954,BOSTON,07-Dec-2013,2:00 PM,Non-fatal injury,1,1,0,Single vehicle crash,V1: Travelling straight ahead,V1:Not reported ,V1: Collision with unknown fixed object ,V1: Passenger car,Dry,Daylight,Clear,,61 MORRELL STREET,,,,,227480.4181,891429.253
3710783,BOSTON,07-Dec-2013,5:00 PM,Non-fatal injury,4,1,0,Rear-end,V1: Slowing or stopped in traffic / V2:Slowing or stopped in traffic / V3:Travelling straight ahead / V4:Slowing or stopped in traffic,V1:Southbound / V2:Northbound / V3:Northbound / V4:Southbound ,V1: Collision with motor vehicle in traffic / V2: Collision with motor vehicle in traffic / V3: Collision with motor vehicle in traffic / V4: Collision with motor vehicle in traffic ,"V1: Light truck(van, mini-van, panel, pickup, sport utility) with only four tires / V2:Passenger car / V3:Passenger car / V4:Light truck(van, mini-van, panel, pickup, sport utility) with only four tires",Dry,Dark - lighted roadway,Clear,,Rte 93 S,,Exit 15 on Rte 93,,,236629.6253,897168.5001
3710784,BOSTON,07-Dec-2013,5:40 PM,Property damage only (none injured),2,0,0,Rear-end,V1: Slowing or stopped in traffic / V2:Travelling straight ahead,V1:Northbound / V2:Northbound ,V1: Collision with motor vehicle in traffic / V2: Collision with motor vehicle in traffic ,"V1: Light truck(van, mini-van, panel, pickup, sport utility) with only four tires / V2:Passenger car",Dry,Dark - lighted roadway,Not Reported,,Rte 93 N,,Exit 15 on Rte 93 N,,,236972.2496,896473.4282
3723332,BOSTON,07-Dec-2013,7:00 PM,Property damage only (none injured),2,0,0,Rear-end,V1: Travelling straight ahead / V2:Travelling straight ahead,V1:Westbound / V2:Not reported ,V1: Collision with motor vehicle in traffic / V2: Collision with motor vehicle in traffic ,"V1: Unknown vehicle configuration / V2:Light truck(van, mini-van, panel, pickup, sport utility) with only four tires",Dry,Dark - lighted roadway,Clear/Clear,COMMONWEALTH AVENUE / LAKE STREET,,,,,,227511.5607,898897.4338
3736152,BOSTON (DORCHESTER),08-Dec-2013,1:49 AM,Property damage only (none injured),2,0,0,Angle,V1: Turning left / V2:Travelling straight ahead,V1:Not reported / V2:Not reported ,V1: Collision with motor vehicle in traffic / V2: Collision with motor vehicle in traffic ,"V1: Light truck(van, mini-van, panel, pickup, sport utility) with only four tires / V2:Passenger car",Dry,Dark - lighted roadway,Clear,GENEVA AVENUE / BOWDOIN STREET,,,,,,235337.1719,894858.1875
3675857,BOSTON,08-Dec-2013,12:18 PM,Property damage only (none injured),2,0,0,Angle,V1: Travelling straight ahead / V2:Changing lanes,V1:Southbound / V2:Southbound ,V1: Collision with motor vehicle in traffic / V2: Collision with motor vehicle in traffic ,"V1: Passenger car / V2:Light truck(van, mini-van, panel, pickup, sport utility) with only four tires",Dry,Daylight,Cloudy,,RAMP - RT 1 SB FROM TOBIN BRIDGE Rte 1 S / RAMP - RT 1 SB TO LEVERETT CONNECTOR,,,CANA LOOP RAMP,,235471.5431,902480.4858
3685182,BOSTON,08-Dec-2013,1:37 PM,Property damage only (none injured),1,0,0,Single vehicle crash,V1: Changing lanes,V1:Southbound ,V1: Collision with guardrail ,V1: Passenger car,Dry,Daylight,Clear,,Rte 90 W / UNKNOWN,,,,,233849.5805,899785.5734
3694997,BOSTON,08-Dec-2013,5:45 PM,Property damage only (none injured),4,0,0,Rear-end,V1: Travelling straight ahead / V2:Slowing or stopped in traffic / V3:Slowing or stopped in traffic / V4:Slowing or stopped in traffic,V1:Northbound / V2:Northbound / V3:Northbound / V4:Northbound ,V1: Collision with motor vehicle in traffic / V2: Collision with motor vehicle in traffic / V3: Collision with motor vehicle in traffic / V4: Collision with motor vehicle in traffic ,"V1: Light truck(van, mini-van, panel, pickup, sport utility) with only four tires / V2:Passenger car / V3:Passenger car / V4:Passenger car",Dry,Dark - roadway not lighted,Clear,,Rte 93 N / UNKNOWN,,Exit 15 on Rte 93 N,,,236972.2496,896473.4282
3736623,BOSTON (DORCHESTER),08-Dec-2013,6:11 PM,Non-fatal injury,2,1,0,"Sideswipe, opposite direction",V1: Turning left / V2:Travelling straight ahead,V1:Northbound / V2:Southbound ,V1: Collision with motor vehicle in traffic / V2: Not reported ,V1: Passenger car / V2:Passenger car,Dry,Dark - lighted roadway,Clear,GRANITE AVENUE / MILTON STREET,,,,,,236730.1094,892303.1252
3713437,BOSTON,08-Dec-2013,6:15 PM,Not Reported,2,0,0,Not reported,V1: Slowing or stopped in traffic / V2:Slowing or stopped in traffic,V1:Southbound / V2:Southbound ,V1: Collision with motor vehicle in traffic / V2: Collision with motor vehicle in traffic ,V1: Passenger car / V2:Passenger car,Not reported,Not reported,Not Reported,WILLIAM T MORRISSEY BOULEVARD / FREEPORT STREET,,,,,,237149.8439,894580.3748
3685183,BOSTON,08-Dec-2013,10:04 PM,Property damage only (none injured),2,0,0,Angle,V1: Travelling straight ahead / V2:Travelling straight ahead,V1:Westbound / V2:Northbound ,V1: Collision with motor vehicle in traffic / V2: Collision with motor vehicle in traffic ,"V1: Light truck(van, mini-van, panel, pickup, sport utility) with only four tires / V2:Passenger car",Wet,Dark - lighted roadway,Rain,,FRONTAGE ROAD Rte UNKNOW N / BROADWAY,,,,,236165.6755,899351.7012
3710775,BOSTON,09-Dec-2013,3:12 AM,Non-fatal injury,1,1,0,Single vehicle crash,V1: Not reported,V1:Not reported ,V1: Not reported ,"V1: Light truck(van, mini-van, panel, pickup, sport utility) with only four tires",Dry,Dark - lighted roadway,Clear,,STORROW DRIVE / DAVID G MUGAR WAY,,,TUNNEL EXIT,,235214.6816,900915.4701
3732767,BOSTON,09-Dec-2013,4:04 AM,Non-fatal injury,2,1,0,"Sideswipe, same direction",V1: Travelling straight ahead / V2:Travelling straight ahead,V1:Northbound / V2:Northbound ,V1: Collision with median barrier / V2: Collision with motor vehicle in traffic ,V1: Passenger car / V2:Passenger car,Wet,Dark - lighted roadway,"Sleet, hail (freezing rain or drizzle)",,Rte 93 N,,Exit 15 on Rte 93 N,BY  BOSTON GLOBE,,236972.2496,896473.4282
3736686,BOSTON,09-Dec-2013,7:11 AM,Property damage only (none injured),1,0,0,Single vehicle crash,V1: Travelling straight ahead,V1:Not reported ,V1: Collision with fence ,V1: Passenger car,Snow,Daylight,Snow,BROOKS STREET / HOBART STREET,,,,,,227800.2498,900614.5001
3708788,BOSTON,09-Dec-2013,8:57 AM,Property damage only (none injured),2,0,0,Rear-end,V1: Changing lanes / V2:Slowing or stopped in traffic,V1:Southbound / V2:Southbound ,V1: Collision with motor vehicle in traffic / V2: Collision with motor vehicle in traffic ,V1: Passenger car / V2:Passenger car,Wet,Daylight,Rain,RAMP - RT 93 SB TO COLUMBIA RD / GENERAL CASIMIR PULASKI SKYWAY Rte 93 S,,,,93 SOUTH EXIT 15,,236629.6248,897168.4999
3711468,BOSTON (HYDE PARK),09-Dec-2013,9:08 AM,Property damage only (none injured),1,0,0,Single vehicle crash,V1: Travelling straight ahead,V1:Southbound ,V1: Collision with guardrail ,"V1: Light truck(van, mini-van, panel, pickup, sport utility) with only four tires",Slush,Daylight,"Sleet, hail (freezing rain or drizzle)",,500 feet N from Intersection 539 POPLAR STREET / DEFOREST STREET,,,,,230395.8331,891394.4061
3795943,BOSTON,09-Dec-2013,9:35 AM,Property damage only (none injured),1,0,0,Single vehicle crash,V1: Travelling straight ahead,V1:Not reported ,V1: Collision with utility pole ,"V1: Light truck(van, mini-van, panel, pickup, sport utility) with only four tires",Snow,Daylight,Snow,,89 BELLEVUE HILL ROAD / BELLEVUE STREET,,,VICINITY OF 89 BELLEVUE HILL RD,,229264.2347,891822.9375
3678251,BOSTON,09-Dec-2013,12:09 PM,Non-fatal injury,2,1,0,Rear-end,V1: Slowing or stopped in traffic / V2:Slowing or stopped in traffic,V1:Northbound / V2:Northbound ,V1: Collision with motor vehicle in traffic / V2: Collision with motor vehicle in traffic ,V1: Passenger car / V2:Passenger car,Wet,Daylight,Cloudy/Rain,,1 HARBORSIDE DRIVE / HOTEL DRIVE,,Exit HARBOR on Rte UNKNOW,,,239108.1909,901550.8884
3682678,BOSTON,09-Dec-2013,1:37 PM,Property damage only (none injured),1,0,0,Single vehicle crash,V1: Travelling straight ahead,V1:Eastbound ,V1: Collision with curb ,"V1: Light truck(van, mini-van, panel, pickup, sport utility) with only four tires",Wet,Daylight,"Cloudy/Sleet, hail (freezing rain or drizzle)",,STORROW DRIVE Rte 28 N / RAMP - STORROW DRIVE TO LEVERETT CONNECT,,,'S TURNS',,235322.5464,901407.7753
3682669,BOSTON,09-Dec-2013,1:38 PM,Non-fatal injury,2,1,0,Rear-end,V1: Slowing or stopped in traffic / V2:Travelling straight ahead,V1:Eastbound / V2:Eastbound ,V1: Collision with motor vehicle in traffic / V2: Collision with motor vehicle in traffic ,"V1: Light truck(van, mini-van, panel, pickup, sport utility) with only four tires / V2:Passenger car",Wet,Daylight,Rain,,Rte 90 E / UNKNOWN,,,,,229761.5309,900823.963
3710769,BOSTON,09-Dec-2013,1:45 PM,Property damage only (none injured),2,0,0,"Sideswipe, same direction",V1: Travelling straight ahead / V2:Travelling straight ahead,V1:Southbound / V2:Southbound ,V1: Collision with motor vehicle in traffic / V2: Collision with motor vehicle in traffic ,"V1: Light truck(van, mini-van, panel, pickup, sport utility) with only four tires / V2:Tractor/semi-trailer",Wet,Daylight,Rain,,RAMP - LEVERETT CIRCLE TO RT 93 SB Rte 3 S / EMBANKMENT ROAD Rte 3A S,,,LEVERETT CONNECTOR S/B,,235620.6839,901857.7606
3682961,BOSTON,09-Dec-2013,2:54 PM,Non-fatal injury,1,1,0,Single vehicle crash,V1: Travelling straight ahead,V1:Northbound ,V1: Collision with median barrier ,"V1: Single-unit truck (2-axle, 6-tire)",Wet,Daylight,Rain,,Rte 93 N,,Exit 20 on Rte 93 N,,,235935.6734,898219.8317
3748886,BOSTON (ROXBURY),09-Dec-2013,4:03 PM,Non-fatal injury,2,1,0,Rear-end,V1: Travelling straight ahead / V2:Travelling straight ahead,V1:Not reported / V2:Not reported ,V1: Collision with motor vehicle in traffic / V2: Collision with motor vehicle in traffic ,"V1: Passenger car / V2:Light truck(van, mini-van, panel, pickup, sport utility) with only four tires",Wet,Dark - lighted roadway,Rain,,836 HUNTINGTON AVENUE,,,,,232178.0619,898152.6627
3685208,BOSTON,10-Dec-2013,1:45 AM,Property damage only (none injured),1,0,0,Single vehicle crash,V1: Turning left,V1:Westbound ,V1: Collision with guardrail ,V1: Passenger car,Wet,Dark - lighted roadway,Cloudy,,SOLDIERS FIELD ROAD / RAMP - WESTERN AVE TO SOLDIERS FIELD RD,,,WEEKS FOOT BRIDGE,,231376.3702,901970.6799
3710020,BOSTON,10-Dec-2013,2:53 AM,Property damage only (none injured),1,0,0,Single vehicle crash,V1: Travelling straight ahead,V1:Northbound ,V1: Collision with median barrier ,V1: Passenger car,Dry,Dark - lighted roadway,Clear,,Rte 93 N / UNKNOWN,,,,,236956.219,900947.8086
3708860,BOSTON,10-Dec-2013,7:15 AM,Property damage only (none injured),3,0,0,Rear-end,V1: Slowing or stopped in traffic / V2:Slowing or stopped in traffic / V3:Travelling straight ahead,V1:Southbound / V2:Southbound / V3:Southbound ,V1: Collision with motor vehicle in traffic / V2: Collision with motor vehicle in traffic / V3: Collision with motor vehicle in traffic ,"V1: Light truck(van, mini-van, panel, pickup, sport utility) with only four tires / V2:Passenger car / V3:Passenger car",Wet,Daylight,Clear,,Rte 93 S / UNKNOWN,,Exit 15 on Rte 93 S,,,236629.6253,897168.5001
3694972,BOSTON,10-Dec-2013,9:29 AM,Property damage only (none injured),2,0,0,Rear-end,V1: Travelling straight ahead / V2:Travelling straight ahead,V1:Eastbound / V2:Eastbound ,V1: Collision with motor vehicle in traffic / V2: Collision with motor vehicle in traffic ,"V1: Light truck(van, mini-van, panel, pickup, sport utility) with only four tires / V2:Passenger car",Wet,Daylight,Cloudy,,MASSACHUSETTS TURNPIKE Rte 90 E,,Exit 19 on Rte 90 E,,,231125.6449,900812.5626
3795945,BOSTON,10-Dec-2013,10:10 AM,Property damage only (none injured),2,0,0,Angle,V1: Turning right / V2:Travelling straight ahead,V1:Not reported / V2:Not reported ,V1: Collision with motor vehicle in traffic / V2: Collision with motor vehicle in traffic ,V1: Passenger car / V2:Passenger car,Wet,Daylight,Snow,,1779 CENTRE STREET,,,HESS GAS STATION,,228722.0184,893061.6354
3714143,BOSTON,10-Dec-2013,12:45 PM,Property damage only (none injured),1,0,0,Single vehicle crash,V1: Travelling straight ahead,V1:Southbound ,V1: Collision with guardrail ,V1: Passenger car,Wet,Daylight,Cloudy,,JOHN F FITZGERALD EXPRESSWAY Rte 93 S / RAMP - SURFACE ARTERY TO RT 93 SB,,Exit RV RAM on Rte 93 S,,,236402.678,900288.5863
3736625,BOSTON,10-Dec-2013,4:51 PM,Not Reported,2,0,0,Head-on,V1: Parked / V2:Not reported,V1:Not reported / V2:Not reported ,V1: Collision with parked motor vehicle / V2: Not reported ,V1: Passenger car / V2:Unknown vehicle configuration,Snow,Dark - lighted roadway,Snow/Rain,,BOYD STREET / WESTVILLE STREET,,,,,235574.1564,894557.8121
3694867,BOSTON,10-Dec-2013,9:14 PM,Property damage only (none injured),2,0,0,Angle,V1: Travelling straight ahead / V2:Travelling straight ahead,V1:Eastbound / V2:Westbound ,V1: Collision with motor vehicle in traffic / V2: Collision with motor vehicle in traffic ,"V1: Passenger car / V2:Light truck(van, mini-van, panel, pickup, sport utility) with only four tires",Dry,Dark - lighted roadway,Clear,,STORROW DRIVE Rte 3A N / RAMP - LEVERETT CONNECTOR TO STORROW DRI Rte 3 N,,,@ CHARLES CIRCLE RAMP,,235463.2857,901767.9033
3710770,BOSTON,11-Dec-2013,6:10 AM,Property damage only (none injured),1,0,0,Single vehicle crash,V1: Travelling straight ahead,V1:Eastbound ,V1: Collision with median barrier ,V1: Passenger car,Wet,Daylight,Not Reported,,MASSACHUSETTS TURNPIKE Rte 90 E,,Exit 19 on Rte 90,,,231326.1814,900745.4405
3736154,BOSTON,11-Dec-2013,6:49 AM,Not Reported,2,0,0,Rear-end,V1: Parked / V2:Not reported,V1:Not reported / V2:Not reported ,V1: Collision with parked motor vehicle / V2: Not reported ,V1: Passenger car / V2:Unknown vehicle configuration,Snow,Dark - lighted roadway,Clear/Clear,,268 WASHINGTON STREET,,,,,234919.5172,894613.9631
3708789,BOSTON,11-Dec-2013,6:55 AM,Property damage only (none injured),1,0,0,Single vehicle crash,V1: Travelling straight ahead,V1:Southbound ,V1: Collision with median barrier ,V1: Passenger car,Wet,Daylight,Clear,,Rte 93 S / UNKNOWN,,Exit 12 on Rte 93 S,,,237620.5493,892713.0989
3730374,BOSTON,11-Dec-2013,7:05 AM,Property damage only (none injured),2,0,0,Angle,V1: Travelling straight ahead / V2:Travelling straight ahead,V1:Southbound / V2:Southbound ,V1: Collision with motor vehicle in traffic / V2: Collision with motor vehicle in traffic ,V1: Passenger car / V2:MOPED,Wet,Daylight,Cloudy/Rain,GENERAL CASIMIR PULASKI SKYWAY Rte 3A S / SERGEANT WILLIAM G WALSH EXPRESSWAY Rte 93 S / RAMP - RT 93 SB TO RT 3A SB Rte 3A S,,,Exit #12 on Rte 93 S,,,237620.7733,892713.525
3685184,BOSTON,11-Dec-2013,7:55 AM,Non-fatal injury,2,1,0,Angle,V1: Turning right / V2:Travelling straight ahead,V1:Eastbound / V2:Eastbound ,V1: Collision with motor vehicle in traffic / V2: Collision with motor vehicle in traffic ,V1: Passenger car / V2:Passenger car,Dry,Daylight,Clear,,RAMP - RT 90 EB TO RT 93 & KNEELAND STRE / RAMP - RT 90 EB TO RT 93,,,RAMP D,,236260.2415,899631.836
3710150,BOSTON,11-Dec-2013,8:00 AM,Property damage only (none injured),2,0,0,"Sideswipe, same direction",V1: Travelling straight ahead / V2:Changing lanes,V1:Eastbound / V2:Eastbound ,V1: Collision with motor vehicle in traffic / V2: Collision with motor vehicle in traffic ,"V1: Light truck(van, mini-van, panel, pickup, sport utility) with only four tires / V2:Light truck(van, mini-van, panel, pickup, sport utility) with only four tires",Wet,Daylight,Cloudy,RAMP - BERKELEY ST TO RT 28 NB / STORROW DRIVE / EMBANKMENT ROAD,,,,LONGFELLOW BRIDGE,,235195.3786,900841.4738
3694999,BOSTON,11-Dec-2013,8:40 AM,Property damage only (none injured),2,0,0,Angle,V1: Turning left / V2:Travelling straight ahead,V1:Northbound / V2:Southbound ,V1: Collision with motor vehicle in traffic / V2: Collision with motor vehicle in traffic ,"V1: Passenger car / V2:Light truck(van, mini-van, panel, pickup, sport utility) with only four tires",Dry,Daylight,Clear,,TRUMAN HIGHWAY Rte UNKNOW / DANA AVENUE,,,,,231159.8029,888909.0317
3699131,BOSTON,11-Dec-2013,9:10 AM,Property damage only (none injured),2,0,0,"Sideswipe, same direction",V1: Changing lanes / V2:Changing lanes,V1:Northbound / V2:Northbound ,V1: Collision with motor vehicle in traffic / V2: Collision with motor vehicle in traffic ,V1: Passenger car / V2:Passenger car,Dry,Daylight,Clear,,10 ARBORWAY,,,10,,231150.3547,895861.0219
3713375,BOSTON,11-Dec-2013,9:45 AM,Property damage only (none injured),2,0,0,Rear-end,V1: Slowing or stopped in traffic / V2:Travelling straight ahead,V1:Southbound / V2:Southbound ,V1: Collision with motor vehicle in traffic / V2: Collision with motor vehicle in traffic ,"V1: Light truck(van, mini-van, panel, pickup, sport utility) with only four tires / V2:Light truck(van, mini-van, panel, pickup, sport utility) with only four tires",Dry,Daylight,Clear,,Rte 93 S / UNKNOWN,,Exit 15 on Rte 93 S,,,236629.6253,897168.5001
3736155,BOSTON,11-Dec-2013,10:27 AM,Property damage only (none injured),1,0,0,Single vehicle crash,V1: Travelling straight ahead,V1:Not reported ,V1: Collision with work zone maintenance equipment ,"V1: Light truck(van, mini-van, panel, pickup, sport utility) with only four tires",Dry,Daylight,Clear,ADAMS STREET / DORCHESTER AVENUE,,,,,P3:Pedestrian,235635.735,891395.1854
3713373,BOSTON,11-Dec-2013,11:24 AM,Non-fatal injury,2,1,0,Rear-end,V1: Slowing or stopped in traffic / V2:Travelling straight ahead,V1:Eastbound / V2:Eastbound ,V1: Collision with motor vehicle in traffic / V2: Collision with motor vehicle in traffic ,"V1: Light truck(van, mini-van, panel, pickup, sport utility) with only four tires / V2:Light truck(van, mini-van, panel, pickup, sport utility) with only four tires",Dry,Daylight,Clear,STORROW DRIVE Rte 28 N / REVERE STREET,,,,@ REVERE STREET,,235248.1945,901083.0333
3710021,BOSTON,11-Dec-2013,2:40 PM,Property damage only (none injured),2,0,0,"Sideswipe, same direction",V1: Travelling straight ahead / V2:Changing lanes,V1:Southbound / V2:Southbound ,V1: Collision with motor vehicle in traffic / V2: Collision with motor vehicle in traffic ,"V1: Light truck(van, mini-van, panel, pickup, sport utility) with only four tires / V2:Passenger car",Dry,Daylight,Cloudy,,JOHN F FITZGERALD EXPRESSWAY Rte 93 S,,,ZAKIM BRIDGE,,235918.746,902169.9154
3700216,BOSTON,11-Dec-2013,5:05 PM,Non-fatal injury,2,1,0,Rear-end,V1: Turning left / V2:Turning left,V1:Eastbound / V2:Eastbound ,V1: Collision with motor vehicle in traffic / V2: Collision with motor vehicle in traffic ,"V1: Light truck(van, mini-van, panel, pickup, sport utility) with only four tires / V2:Passenger car",Dry,Dark - lighted roadway,Clear,MASSACHUSETTS AVENUE / MELNEA CASS BOULEVARD / MASSACHUSETTS AVENUE CONNECTOR,,,,,,235266.4401,898096.4559
3708769,BOSTON,11-Dec-2013,7:00 PM,Property damage only (none injured),2,0,0,"Sideswipe, same direction",V1: Travelling straight ahead / V2:Other,V1:Southbound / V2:Southbound ,V1: Collision with motor vehicle in traffic / V2: Collision with motor vehicle in traffic ,"V1: Passenger car / V2:Light truck(van, mini-van, panel, pickup, sport utility) with only four tires",Dry,Dark - lighted roadway,Clear,SOUTHBOUND FRONTAGE ROAD / RAMP - SB FRONTAGE RD TO BOSTON ST,,,,I-93S,,236212.8983,897732.8909
3714059,BOSTON,11-Dec-2013,7:05 PM,Non-fatal injury,2,1,0,"Sideswipe, same direction",V1: Turning left / V2:Turning left,V1:Northbound / V2:Northbound ,V1: Collision with median barrier / V2: Collision with motor vehicle in traffic ,"V1: Light truck(van, mini-van, panel, pickup, sport utility) with only four tires / V2:Light truck(van, mini-van, panel, pickup, sport utility) with only four tires","Sand, mud, dirt, oil, gravel",Dark - lighted roadway,Cloudy,RAMP - FRONTAGE ROAD TO RT 93 NB / MASSACHUSETTS AVENUE CONNECTOR / FRONTAGE ROAD,,,,MASS AVE CONNECTOR,,235865.0173,898419.1854
3715046,BOSTON,12-Dec-2013,3:20 AM,Property damage only (none injured),1,0,0,Single vehicle crash,V1: Travelling straight ahead,V1:Southbound ,V1: Collision with median barrier ,"V1: Light truck(van, mini-van, panel, pickup, sport utility) with only four tires",Dry,Dark - lighted roadway,Clear,RAMP - RT 1 SB TO RUTHERFORD AVENUE / RAMP - RT 1 SB FROM TOBIN BRIDGE Rte 1 S / MAURICE TOBIN BRIDGE Rte 1 S,,,,RAMP TO RUTHERFORD AV,,235853.0976,902245.2623
3682966,BOSTON,12-Dec-2013,3:35 AM,Non-fatal injury,1,1,0,Single vehicle crash,V1: Travelling straight ahead,V1:Northbound ,V1: Collision with tree ,V1: Passenger car,Ice,Dark - roadway not lighted,Clear,,ENNEKING PARKWAY / WASHINGTON STREET,,,,,229642.4842,891696.4999
3699132,BOSTON,12-Dec-2013,6:30 AM,Non-fatal injury,1,1,0,Single vehicle crash,V1: Turning left,V1:Eastbound ,V1: Other ,"V1: Light truck(van, mini-van, panel, pickup, sport utility) with only four tires",Wet,Daylight,Cloudy,,CENTRE STREET Rte UNKNOW / VETERANS OF FOREIGN WARS PARKWAY,,,,,230304.6563,894127.1252
3713782,BOSTON,12-Dec-2013,8:00 AM,Property damage only (none injured),3,0,0,"Sideswipe, same direction",V1: Turning right / V2:Travelling straight ahead / V3:Travelling straight ahead,V1:Southbound / V2:Southbound / V3:Southbound ,V1: Collision with motor vehicle in traffic / V2: Collision with motor vehicle in traffic / V3: Collision with motor vehicle in traffic ,V1: Truck/trailer / V2:Passenger car / V3:Passenger car,Dry,Daylight,Clear,,Rte 93 S,,Exit 16 on Rte 93,,,236388.1605,897517.5198
3711466,BOSTON (HYDE PARK),12-Dec-2013,8:26 AM,Non-fatal injury,2,2,0,Rear-end,V1: Entering traffic lane / V2:Slowing or stopped in traffic,V1:Southbound / V2:Southbound ,V1: Collision with motor vehicle in traffic / V2: Collision with motor vehicle in traffic ,"V1: Light truck(van, mini-van, panel, pickup, sport utility) with only four tires / V2:Light truck(van, mini-van, panel, pickup, sport utility) with only four tires",Dry,Daylight,Clear,HYDE PARK AVENUE / BLAKEMORE STREET,,,,PKLOT,,231433.3383,892850.5843