Crash Number,City/Town Name,Crash Date,Crash Time,Crash Severity,Number of Vehicles,Total Nonfatal Injuries,Total Fatal Injuries,Manner of Collision,Vehicle Action Prior to Crash,Vehicle Travel Directions,Most Harmful Events,Vehicle Configuration,Road Surface Condition,Ambient Light,Weather Condition,At Roadway Intersection,Distance from Nearest Roadway Intersection,Distance from Nearest Milemarker,Distance from Nearest Exit,Distance from Nearest Landmark,Non Motorist Type,X Coordinate,Y Coordinate
3708790,BOSTON,12-Dec-2013,9:30 AM,Non-fatal injury,1,1,0,Angle,V1: Travelling straight ahead,V1:Northbound ,"V1: Collision with cyclist (bicycle, tricycle, unicycle, pedal car) ","V1: Light truck(van, mini-van, panel, pickup, sport utility) with only four tires",Dry,Daylight,Clear,WILLIAM T MORRISSEY BOULEVARD / NEPONSET AVENUE Rte 3A N,,,,WALNUT ST,"P2:Pedalcyclist (bicycle, tricycle, unicycle, pedal car) / P3:Other non-motorist (wheelchair, etc.) / P4:Other non-motorist (wheelchair, etc.)",237753.7034,892977.1251
3710776,BOSTON,12-Dec-2013,9:37 AM,Property damage only (none injured),2,0,0,Rear-end,V1: Slowing or stopped in traffic / V2:Travelling straight ahead,V1:Westbound / V2:Westbound ,V1: Collision with motor vehicle in traffic / V2: Collision with motor vehicle in traffic ,V1: Passenger car / V2:Passenger car,Dry,Daylight,Clear,JAMAICAWAY / KELLEY CIRCLE,,,,KELLY CIRCLE,,231228.8752,895994.7502
3738370,BOSTON,12-Dec-2013,11:30 AM,Non-fatal injury,2,2,0,Angle,V1: Turning left / V2:Travelling straight ahead,V1:Not reported / V2:Not reported ,V1: Collision with motor vehicle in traffic / V2: Collision with motor vehicle in traffic ,V1: Passenger car / V2:Passenger car,Dry,Daylight,Clear/Cloudy,BLUE HILL AVENUE / MCLELLAN STREET,,,,,,234156.4067,894617.912
4040831,BOSTON,12-Dec-2013,5:00 PM,Fatal injury,1,0,1,Single vehicle crash,V1: Not reported,V1:Not reported ,V1: Not reported ,V1: Passenger car,Wet,Dark - lighted roadway,Clear,,250 RUTHERFORD AVENUE Rte 99 S,,,BUNKER HILL C C,,235494.9477,902919.589
3694876,BOSTON,12-Dec-2013,5:00 PM,Non-fatal injury,4,3,0,Rear-end,V1: Slowing or stopped in traffic / V2:Slowing or stopped in traffic / V3:Slowing or stopped in traffic / V4:Travelling straight ahead,V1:Southbound / V2:Southbound / V3:Southbound / V4:Southbound ,V1: Collision with motor vehicle in traffic / V2: Collision with motor vehicle in traffic / V3: Collision with motor vehicle in traffic / V4: Collision with motor vehicle in traffic ,"V1: Light truck(van, mini-van, panel, pickup, sport utility) with only four tires / V2:Passenger car / V3:Passenger car / V4:Light truck(van, mini-van, panel, pickup, sport utility) with only four tires",Dry,Dark - lighted roadway,Clear,,Rte 93 S / UNKNOWN,,Exit 12 on Rte 93 S,,,237620.5493,892713.0989
3699119,BOSTON,12-Dec-2013,5:45 PM,Property damage only (none injured),2,0,0,Rear-end,V1: Travelling straight ahead / V2:Slowing or stopped in traffic,V1:Westbound / V2:Westbound ,V1: Collision with motor vehicle in traffic / V2: Collision with motor vehicle in traffic ,V1: Passenger car / V2:Passenger car,Dry,Daylight,Clear/Cloudy,RAMP - MASSACHUSETTS AVENUE TO RT 90 WB / MASSACHUSETTS TURNPIKE Rte 90 W,,,,@ MASS AV,,233650.7371,899794.9294
3682679,BOSTON,12-Dec-2013,8:25 PM,Property damage only (none injured),4,0,0,Single vehicle crash,V1: Travelling straight ahead / V2:Parked / V3:Parked / V4:Parked,V1:Eastbound / V2:Not reported / V3:Not reported / V4:Not reported ,V1: Collision with parked motor vehicle / V2: Collision with motor vehicle in traffic / V3: Collision with motor vehicle in traffic / V4: Collision with motor vehicle in traffic ,"V1: Passenger car / V2:Light truck(van, mini-van, panel, pickup, sport utility) with only four tires / V3:Light truck(van, mini-van, panel, pickup, sport utility) with only four tires / V4:Passenger car",Dry,Dark - lighted roadway,Clear,,COLUMBIA ROAD Rte UNKNOW / POND STREET,,,,,236286.2971,896706.6877
3711630,BOSTON,12-Dec-2013,9:00 PM,Property damage only (none injured),4,0,0,Rear-end,V1: Travelling straight ahead / V2:Parked / V3:Parked / V4:Parked,V1:Eastbound / V2:Not reported / V3:Not reported / V4:Not reported ,V1: Collision with motor vehicle in traffic / V2: Collision with motor vehicle in traffic / V3: Collision with parked motor vehicle / V4: Collision with parked motor vehicle ,"V1: Light truck(van, mini-van, panel, pickup, sport utility) with only four tires / V2:Light truck(van, mini-van, panel, pickup, sport utility) with only four tires / V3:Passenger car / V4:Passenger car",Dry,Dark - lighted roadway,Not Reported,,WILLIAM DAY BOULEVARD / O STREET,,,,,238809.5005,898011.0627
3736624,BOSTON (DORCHESTER),12-Dec-2013,9:34 PM,Non-fatal injury,1,1,0,Single vehicle crash,V1: Turning left,V1:Not reported ,V1: Not reported ,"V1: Light truck(van, mini-van, panel, pickup, sport utility) with only four tires",Dry,Dark - lighted roadway,Clear/Clear,DORCHESTER AVENUE / FREEPORT STREET,,,,,P2:Pedestrian,236407.2345,895327.0623
3710777,BOSTON,13-Dec-2013,2:52 AM,Non-fatal injury,1,1,0,Single vehicle crash,V1: Travelling straight ahead,V1:Eastbound ,V1: Other ,V1: Passenger car,Dry,Dark - lighted roadway,Not Reported,CLARENDON STREET / RAMP - STORROW DRIVE TO CLARENDON STREET / BACK STREET,,,,,,234829.2352,900557.7935
3711636,BOSTON,13-Dec-2013,2:53 AM,Property damage only (none injured),1,0,0,Single vehicle crash,V1: Travelling straight ahead,V1:Westbound ,V1: Collision with guardrail ,V1: Passenger car,Dry,Dark - lighted roadway,Clear,,SOLDIERS FIELD ROAD,,,CHARLES RIVER MOTEL,,230031.7123,901659.7455
3736175,BOSTON,13-Dec-2013,9:00 AM,Property damage only (none injured),2,0,0,"Sideswipe, same direction",V1: Travelling straight ahead / V2:Parked,V1:Northbound / V2:Not reported ,V1: Collision with parked motor vehicle / V2: Collision with motor vehicle in traffic ,"V1: Bus (seats for more than 15 people, including driver) / V2:Passenger car",Dry,Daylight,Clear,DUDLEY STREET / BELDEN STREET,,,,,,235758.7343,896430.8124
3736687,BOSTON (BRIGHTON),13-Dec-2013,11:12 AM,Non-fatal injury,4,1,0,"Sideswipe, same direction",V1: Travelling straight ahead / V2:Slowing or stopped in traffic / V3:Turning left / V4:Slowing or stopped in traffic,V1:Not reported / V2:Not reported / V3:Southbound / V4:Northbound ,V1: Collision with parked motor vehicle / V2: Not reported / V3: Collision with motor vehicle in traffic / V4: Collision with motor vehicle in traffic ,V1: Passenger car / V2:Passenger car / V3:Passenger car / V4:Unknown vehicle configuration,Dry,Daylight,Clear,,9 CHESTNUT HILL AVENUE,,,,,228542.0917,899853.9457
3697668,BOSTON,13-Dec-2013,11:15 AM,Non-fatal injury,4,1,0,Rear-end,V1: Travelling straight ahead / V2:Slowing or stopped in traffic / V3:Travelling straight ahead / V4:Travelling straight ahead,V1:Northbound / V2:Northbound / V3:Northbound / V4:Northbound ,V1: Collision with motor vehicle in traffic / V2: Collision with motor vehicle in traffic / V3: Collision with motor vehicle in traffic / V4: Collision with motor vehicle in traffic ,"V1: Passenger car / V2:Light truck(van, mini-van, panel, pickup, sport utility) with only four tires / V3:Light truck(van, mini-van, panel, pickup, sport utility) with only four tires / V4:Light truck(van, mini-van, panel, pickup, sport utility) with only four tires",Dry,Daylight,Clear,,Rte 93 N / UNKNOWN,,,,,234943.1459,903192.3837
3709215,BOSTON,13-Dec-2013,12:45 PM,Property damage only (none injured),2,0,0,"Sideswipe, same direction",V1: Turning right / V2:Turning right,V1:Southbound / V2:Northbound ,V1: Collision with motor vehicle in traffic / V2: Collision with motor vehicle in traffic ,V1: Passenger car / V2:Truck/trailer,Dry,Daylight,Cloudy,,SEAPORT LANE / CONGRESS STREET,,,,,237776.8437,899890.827
3718227,BOSTON,13-Dec-2013,5:47 PM,Property damage only (none injured),2,0,0,Rear-end,V1: Slowing or stopped in traffic / V2:Travelling straight ahead,V1:Westbound / V2:Westbound ,V1: Collision with motor vehicle in traffic / V2: Collision with motor vehicle in traffic ,"V1: Light truck(van, mini-van, panel, pickup, sport utility) with only four tires / V2:Light truck(van, mini-van, panel, pickup, sport utility) with only four tires",Dry,Dark - lighted roadway,Clear,,SOLDIERS FIELD ROAD EXTENSION / CONNECTOR TO ELIOT BRIDGE,,,ELLIOTT BRIDGE,,230286.3337,902462.2074
3694973,BOSTON,13-Dec-2013,5:48 PM,Property damage only (none injured),2,0,0,"Sideswipe, same direction",V1: Travelling straight ahead / V2:Travelling straight ahead,V1:Southbound / V2:Southbound ,V1: Collision with motor vehicle in traffic / V2: Collision with motor vehicle in traffic ,"V1: Passenger car / V2:Light truck(van, mini-van, panel, pickup, sport utility) with only four tires",Dry,Dark - lighted roadway,Not Reported,,Rte 93 S / UNKNOWN,,Exit 18 on Rte 93 S,,,236013.2783,899092.9981
3708712,BOSTON,13-Dec-2013,5:48 PM,Property damage only (none injured),1,0,0,Single vehicle crash,V1: Travelling straight ahead,V1:Westbound ,V1: Collision with median barrier ,V1: Passenger car,"Sand, mud, dirt, oil, gravel",Dark - lighted roadway,"Blowing sand, snow",MASSACHUSETTS TURNPIKE Rte 90 W / RAMP - CLARENDON STREET TO I90 WB,,,,PRU TUNNEL @ COPLEY ON RAMP,,234868.9664,899796.767
3694998,BOSTON,13-Dec-2013,9:22 PM,Non-fatal injury,3,1,0,Rear-end,V1: Travelling straight ahead / V2:Slowing or stopped in traffic / V3:Travelling straight ahead,V1:Northbound / V2:Northbound / V3:Northbound ,V1: Collision with motor vehicle in traffic / V2: Collision with motor vehicle in traffic / V3: Collision with motor vehicle in traffic ,"V1: Passenger car / V2:Passenger car / V3:Light truck(van, mini-van, panel, pickup, sport utility) with only four tires",Dry,Dark - lighted roadway,Clear,,JOHN F FITZGERALD EXPRESSWAY Rte 93 N / RAMP - RT 93 NB TO COLUMBIA RD,,,,,236976.9594,896454.1851
3700164,BOSTON,14-Dec-2013,00:00 AM,Property damage only (none injured),2,0,0,Rear-end,V1: Travelling straight ahead / V2:Changing lanes,V1:Southbound / V2:Southbound ,V1: Collision with motor vehicle in traffic / V2: Collision with motor vehicle in traffic ,V1: Passenger car / V2:Passenger car,Dry,Dark - lighted roadway,Clear,,Rte 93 S,,Exit 12 on Rte 93 S,,,237620.5493,892713.0989
3699584,BOSTON,14-Dec-2013,9:23 AM,Non-fatal injury,2,1,0,Angle,V1: Travelling straight ahead / V2:Travelling straight ahead,V1:Eastbound / V2:Southbound ,V1: Collision with motor vehicle in traffic / V2: Collision with motor vehicle in traffic ,"V1: Passenger car / V2:Light truck(van, mini-van, panel, pickup, sport utility) with only four tires",Dry,Daylight,Clear,,CHARLESGATE WEST / COMMONWEALTH AVENUE,,,,,233546.2737,899931.2545
3749315,BOSTON,14-Dec-2013,10:00 AM,Non-fatal injury,2,1,0,Angle,V1: Travelling straight ahead / V2:Travelling straight ahead,V1:Not reported / V2:Not reported ,V1: Collision with motor vehicle in traffic / V2: Collision with motor vehicle in traffic ,"V1: Passenger car / V2:Light truck(van, mini-van, panel, pickup, sport utility) with only four tires",Dry,Daylight,Cloudy,COLUMBIA ROAD / N STREET / WILLIAM DAY BOULEVARD,,,,AT STOP SIGN,,238640.5155,897921.5623
3749314,BOSTON,14-Dec-2013,1:20 PM,Non-fatal injury,1,1,0,Single vehicle crash,V1: Turning left,V1:Not reported ,V1: Collision with pedestrian ,V1: Passenger car,Wet,Daylight,Snow,,EAST BROADWAY / K STREET,,,,P2:Pedestrian,238120.7654,898447.3126
3694974,BOSTON,14-Dec-2013,2:20 PM,Non-fatal injury,4,2,0,Rear-end,V1: Slowing or stopped in traffic / V2:Slowing or stopped in traffic / V3:Slowing or stopped in traffic / V4:Travelling straight ahead,V1:Southbound / V2:Southbound / V3:Southbound / V4:Southbound ,V1: Collision with motor vehicle in traffic / V2: Collision with motor vehicle in traffic / V3: Collision with motor vehicle in traffic / V4: Collision with motor vehicle in traffic ,"V1: Passenger car / V2:Passenger car / V3:Light truck(van, mini-van, panel, pickup, sport utility) with only four tires / V4:Passenger car",Wet,Daylight,Snow,,RAMP - LEVERETT CIRCLE TO RT 93 SB Rte 3 S / JOHN F FITZGERALD Rte 93 S,,,LOWER DECK,,236086.4084,901946.3373
3711467,BOSTON (HYDE PARK),14-Dec-2013,4:53 PM,Non-fatal injury,1,1,0,Not reported,V1: Travelling straight ahead,V1:Westbound ,V1: Collision with utility pole ,"V1: Light truck(van, mini-van, panel, pickup, sport utility) with only four tires",Not reported,Not reported,Not Reported,,1610 RIVER STREET,,,,,230326.9092,888697.1328
3695001,BOSTON,14-Dec-2013,7:40 PM,Non-fatal injury,2,2,0,Head-on,V1: Overtaking/passing / V2:Travelling straight ahead,V1:Southbound / V2:Northbound ,V1: Collision with motor vehicle in traffic / V2: Collision with motor vehicle in traffic ,V1: Passenger car / V2:Passenger car,Snow,Dark - lighted roadway,Snow,WEST ROXBURY PARKWAY / ANAWAN AVENUE,,,,,,229055.4931,892793.4553
3694954,BOSTON,14-Dec-2013,9:50 PM,Property damage only (none injured),1,0,0,Single vehicle crash,V1: Travelling straight ahead,V1:Westbound ,V1: Collision with guardrail ,V1: Passenger car,Snow,Dark - roadway not lighted,Snow,,Rte 90 W / UNKNOWN,,,,,229752.0583,900842.7985
3714144,BOSTON,14-Dec-2013,10:53 PM,Non-fatal injury,2,2,0,Angle,V1: Travelling straight ahead / V2:Travelling straight ahead,V1:Northbound / V2:Northbound ,V1: Collision with motor vehicle in traffic / V2: Collision with motor vehicle in traffic ,V1: Passenger car / V2:Passenger car,Snow,Dark - lighted roadway,Snow,,MAURICE TOBIN BRIDGE Rte 1 N / TOBIN BRIDGE Rte 1 N,,Exit BEACON on Rte 1 N,,,237117.9395,903705.1332
3731467,BOSTON (HYDE PARK),15-Dec-2013,1:26 AM,Not Reported,2,0,0,"Sideswipe, opposite direction",V1: Not reported / V2:Not reported,V1:Not reported / V2:Not reported ,V1: Not reported / V2: Not reported ,V1: Passenger car / V2:Passenger car,Snow,Dark - lighted roadway,"Snow/Blowing sand, snow",BLAKEMORE STREET / HYDE PARK AVENUE,,,,,,231433.3383,892850.5843
3700163,BOSTON,15-Dec-2013,3:00 AM,Property damage only (none injured),1,0,0,Single vehicle crash,V1: Travelling straight ahead,V1:Eastbound ,V1: Collision with motor vehicle in traffic ,V1: Passenger car,Snow,Dark - lighted roadway,Snow,,35 GALLIVAN BOULEVARD Rte 203 W / ARBELLA ROAD,,,35 GALLIVAN BLVD BY FIRE HOUSE,,234857.7555,892080.059
3724014,BOSTON,15-Dec-2013,10:20 AM,Not Reported,2,0,0,Rear-end,V1: Travelling straight ahead / V2:Travelling straight ahead,V1:Westbound / V2:Westbound ,V1: Other / V2: Other ,"V1: Light truck(van, mini-van, panel, pickup, sport utility) with only four tires / V2:Passenger car",Ice,Daylight,"Cloudy/Sleet, hail (freezing rain or drizzle)",TOMAHAWK DRIVE / HOTEL DRIVE / HARBORSIDE DRIVE,,,,,,239115.9147,901723.3359
3708862,BOSTON,15-Dec-2013,10:25 AM,Property damage only (none injured),2,0,0,Angle,V1: Turning left / V2:Travelling straight ahead,V1:Westbound / V2:Southbound ,V1: Collision with motor vehicle in traffic / V2: Collision with motor vehicle in traffic ,V1: Passenger car / V2:Passenger car,Wet,Daylight,Clear,WILLIAM T MORRISSEY BOULEVARD / FREEPORT STREET,,,,,,237149.8439,894580.3748
3713376,BOSTON,15-Dec-2013,10:30 AM,Property damage only (none injured),2,0,0,Angle,V1: Travelling straight ahead / V2:Travelling straight ahead,V1:Northbound / V2:Westbound ,V1: Collision with motor vehicle in traffic / V2: Collision with motor vehicle in traffic ,"V1: Passenger car / V2:Light truck(van, mini-van, panel, pickup, sport utility) with only four tires",Ice,Daylight,Cloudy/Rain,WILLIAM T MORRISSEY BOULEVARD / FREEPORT STREET,,,,,,237175.7655,894558.6875
3726722,BOSTON,15-Dec-2013,2:36 PM,Not Reported,1,0,0,Single vehicle crash,V1: Slowing or stopped in traffic,V1:Southbound ,V1: Other ,"V1: Light truck(van, mini-van, panel, pickup, sport utility) with only four tires",Ice,Daylight,"Snow/Sleet, hail (freezing rain or drizzle)",COTTAGE STREET / MARGINAL STREET,,,,,,238152.0158,901794.0626
3686339,BOSTON,15-Dec-2013,7:25 PM,Non-fatal injury,1,1,0,Single vehicle crash,V1: Travelling straight ahead,V1:Southbound ,V1: Collision with pedestrian ,"V1: Light truck(van, mini-van, panel, pickup, sport utility) with only four tires",Wet,Dark - lighted roadway,Clear,,MOUNT VERNON STREET / WILLIAM T MORRISSEY BOULEVARD,,,JFK T,P1:Pedestrian,237017.1331,896806.9717
3697574,BOSTON,16-Dec-2013,9:10 AM,Property damage only (none injured),2,0,0,Angle,V1: Slowing or stopped in traffic / V2:Slowing or stopped in traffic,V1:Southbound / V2:Southbound ,V1: Collision with motor vehicle in traffic / V2: Collision with motor vehicle in traffic ,V1: Passenger car / V2:Passenger car,Ice,Daylight,Clear,JOHN F FITZGERALD EXPRESSWAY Rte 93 S / RAMP - LEVERETT CIRCLE TO RT 93 SB Rte 3 S,,,,,,236192.3118,901840.5409
3710771,BOSTON,16-Dec-2013,9:33 AM,Property damage only (none injured),1,0,0,Single vehicle crash,V1: Travelling straight ahead,V1:Northbound ,V1: Other ,V1: Tractor/semi-trailer,Ice,Daylight,Clear,,HARBORSIDE DRIVE,,,,,239062.3535,901135.2244
3736690,BOSTON,16-Dec-2013,11:07 AM,Property damage only (none injured),2,0,0,Angle,V1: Entering traffic lane / V2:Travelling straight ahead,V1:Westbound / V2:Northbound ,V1: Collision with motor vehicle in traffic / V2: Collision with motor vehicle in traffic ,V1: Passenger car / V2:Passenger car,Wet,Daylight,Clear,MURDOCK STREET / SPARHAWK STREET,,,,,,229013.3125,900043.0625
3789543,BOSTON,16-Dec-2013,12:05 PM,Property damage only (none injured),2,0,0,Angle,V1: Not reported / V2:Travelling straight ahead,V1:Not reported / V2:Eastbound ,V1: Not reported / V2: Collision with motor vehicle in traffic ,V1: Passenger car / V2:Passenger car,Dry,Daylight,Not Reported,,WEST ROXBURY PARKWAY / WELD STREET,,,,,229214.9217,893741.3752
3708792,BOSTON,16-Dec-2013,12:30 PM,Property damage only (none injured),1,0,0,Not reported,V1: Travelling straight ahead,V1:Northbound ,V1: Collision with other movable object ,V1: Passenger car,Dry,Daylight,Clear,,Rte 93 N / UNKNOWN,,Exit 13 on Rte 93 N,,,237420.1414,894076.5227
3708863,BOSTON,16-Dec-2013,1:20 PM,Property damage only (none injured),3,0,0,Rear-end,V1: Travelling straight ahead / V2:Slowing or stopped in traffic / V3:Slowing or stopped in traffic,V1:Southbound / V2:Southbound / V3:Southbound ,V1: Collision with motor vehicle in traffic / V2: Collision with motor vehicle in traffic / V3: Collision with motor vehicle in traffic ,"V1: Light truck(van, mini-van, panel, pickup, sport utility) with only four tires / V2:Passenger car / V3:Light truck(van, mini-van, panel, pickup, sport utility) with only four tires",Dry,Daylight,Clear,,Rte 93 S / UNKNOWN,,Exit 12 on Rte 93 S,,,237620.5493,892713.0989
3694868,BOSTON,16-Dec-2013,4:09 PM,Property damage only (none injured),2,0,0,Angle,V1: Travelling straight ahead / V2:Turning left,V1:Westbound / V2:Eastbound ,V1: Collision with motor vehicle in traffic / V2: Collision with motor vehicle in traffic ,V1: Passenger car / V2:Passenger car,Dry,Dusk,Clear,,JAMAICAWAY Rte UNKNOW / PERKINS STREET,,,,,231606.1562,896796.9999
3749317,BOSTON (SOUTH BOSTON),16-Dec-2013,4:15 PM,Not Reported,2,0,0,Angle,V1: Travelling straight ahead / V2:Turning left,V1:Southbound / V2:Northbound ,V1: Collision with motor vehicle in traffic / V2: Not reported ,"V1: Passenger car / V2:Light truck(van, mini-van, panel, pickup, sport utility) with only four tires",Wet,Dusk,Clear/Clear,SUMMER STREET / D STREET,,,,,,237728.4951,899633.9545
3697669,BOSTON,16-Dec-2013,6:10 PM,Property damage only (none injured),2,0,0,"Sideswipe, same direction",V1: Turning left / V2:Travelling straight ahead,V1:Northbound / V2:Northbound ,V1: Collision with motor vehicle in traffic / V2: Collision with motor vehicle in traffic ,"V1: Light truck(van, mini-van, panel, pickup, sport utility) with only four tires / V2:Light truck(van, mini-van, panel, pickup, sport utility) with only four tires",Dry,Dark - lighted roadway,Clear,MASSACHUSETTS AVENUE CONNECTOR / FRONTAGE ROAD / RAMP - FRONTAGE ROAD TO RT 93 NB,,,,MASS AVE CONNECTOR,,235865.0173,898419.1854
3784287,BOSTON,16-Dec-2013,7:29 PM,Property damage only (none injured),2,0,0,Angle,V1: Not reported / V2:Not reported,V1:Not reported / V2:Not reported ,V1: Not reported / V2: Not reported ,V1: Passenger car / V2:Passenger car,Snow,Dark - roadway not lighted,"Snow/Sleet, hail (freezing rain or drizzle)",,100 SERVICE ROAD,,,,,239239.2642,902203.1357
3714060,BOSTON,16-Dec-2013,11:45 PM,Non-fatal injury,1,1,0,Single vehicle crash,V1: Travelling straight ahead,V1:Westbound ,V1: Other ,V1: Passenger car,Dry,Dark - lighted roadway,Clear,,MASSACHUSETTS TURNPIKE Rte 90 W / RAMP - ARLINGTON STREET TO RT 90 WB,,,PRUDENTIAL TUNNEL,,235183.584,899806.3823
3778132,BOSTON (ROSLINDALE),17-Dec-2013,6:28 AM,Non-fatal injury,2,5,0,Head-on,V1: Travelling straight ahead / V2:Slowing or stopped in traffic,V1:Southbound / V2:Northbound ,V1: Collision with motor vehicle in traffic / V2: Not reported ,V1: Passenger car / V2:Passenger car,Dry,Dawn,Clear,ALABAMA STREET / CUMMINS HIGHWAY,,,,,,232465.3132,891332.2954
3714950,BOSTON,17-Dec-2013,7:16 AM,Property damage only (none injured),3,0,0,Rear-end,V1: Travelling straight ahead / V2:Travelling straight ahead / V3:Travelling straight ahead,V1:Northbound / V2:Northbound / V3:Northbound ,V1: Collision with motor vehicle in traffic / V2: Collision with motor vehicle in traffic / V3: Collision with motor vehicle in traffic ,"V1: Passenger car / V2:Light truck(van, mini-van, panel, pickup, sport utility) with only four tires / V3:Passenger car",Dry,Dark - lighted roadway,Clear,,Rte 93 N / UNKNOWN,,Exit 15 on Rte 93 N,,,236972.2496,896473.4282
3695003,BOSTON,17-Dec-2013,10:00 AM,Non-fatal injury,2,1,0,Angle,V1: Turning left / V2:Travelling straight ahead,V1:Southbound / V2:Eastbound ,V1: Collision with motor vehicle in traffic / V2: Collision with motor vehicle in traffic ,"V1: Passenger car / V2:Light truck(van, mini-van, panel, pickup, sport utility) with only four tires",Snow,Daylight,Cloudy,,MORTON STREET Rte UNKNOW N / COURTLAND ROAD,,,,,233533.0467,892972.5627
3700217,BOSTON,17-Dec-2013,12:07 PM,Property damage only (none injured),2,0,0,Rear-end,V1: Travelling straight ahead / V2:Travelling straight ahead,V1:Northbound / V2:Northbound ,V1: Collision with motor vehicle in traffic / V2: Collision with motor vehicle in traffic ,"V1: Light truck(van, mini-van, panel, pickup, sport utility) with only four tires / V2:Light truck(van, mini-van, panel, pickup, sport utility) with only four tires",Snow,Daylight,Cloudy/Snow,,250 feet S from Intersection BOYLSTON STREET,,,GULF GAS STATION ENTRANCE,,232779.6133,899230.6158
3740102,BOSTON,17-Dec-2013,4:06 PM,Property damage only (none injured),1,0,0,Single vehicle crash,V1: Other,V1:Eastbound ,V1: Collision with guardrail ,V1: Passenger car,Snow,Daylight,Snow,,LOGAN AIRPORT TERMINAL B / LOGAN AIRPORT TERMINAL B,,,,,239697.9097,901290.9462
3708873,BOSTON,17-Dec-2013,9:02 PM,Property damage only (none injured),1,0,0,Single vehicle crash,V1: Travelling straight ahead,V1:Northbound ,V1: Collision with utility pole ,"V1: Light truck(van, mini-van, panel, pickup, sport utility) with only four tires",Snow,Dark - lighted roadway,Cloudy/Snow,,SMITH FIELD ROAD Rte UNKNOW / RESERVATION ROAD,,,,,230088.3312,889420.215
3736205,BOSTON (DORCHESTER),18-Dec-2013,8:30 AM,Property damage only (none injured),2,0,0,Single vehicle crash,V1: Parked / V2:Entering traffic lane,V1:Not reported / V2:Eastbound ,"V1: Not reported / V2: Collision with other fixed object (wall, building, tunnel, etc.) ","V1: Passenger car / V2:Light truck(van, mini-van, panel, pickup, sport utility) with only four tires",Ice,Daylight,"Cloudy/Blowing sand, snow",,11 COFFEY STREET,,,,,237050.8019,893240.6702
3752531,BOSTON,18-Dec-2013,11:05 AM,Not Reported,1,0,0,Head-on,V1: Travelling straight ahead,V1:Not reported ,V1: Not reported ,V1: Passenger car,Wet,Daylight,Clear/Clear,,1420 BOYLSTON STREET / BROOKLINE AVENUE,,,,P2:Pedestrian,232742.1496,899278.3204
3714951,BOSTON,18-Dec-2013,1:20 PM,Property damage only (none injured),1,0,0,Single vehicle crash,V1: Travelling straight ahead,V1:Eastbound ,V1: Collision with curb ,V1: Passenger car,Wet,Daylight,Not Reported,,CENTRE STREET Rte UNKNOW / ALLANDALE STREET,,,,,230680.2344,894475.3124
3708793,BOSTON,18-Dec-2013,5:15 PM,Non-fatal injury,2,2,0,"Sideswipe, same direction",V1: Changing lanes / V2:Travelling straight ahead,V1:Southbound / V2:Southbound ,V1: Collision with motor vehicle in traffic / V2: Collision with motor vehicle in traffic ,"V1: Passenger car / V2:Light truck(van, mini-van, panel, pickup, sport utility) with only four tires",Dry,Dark - lighted roadway,Clear,,WILLIAM T MORRISSEY BOULEVARD Rte UNKNOW S / POPES HILL STREET,,,,,237240.2031,893757.7504
3708693,BOSTON,18-Dec-2013,7:45 PM,Property damage only (none injured),2,0,0,Rear-end,V1: Travelling straight ahead / V2:Slowing or stopped in traffic,V1:Westbound / V2:Westbound ,V1: Collision with motor vehicle in traffic / V2: Collision with motor vehicle in traffic ,"V1: Passenger car / V2:Light truck(van, mini-van, panel, pickup, sport utility) with only four tires",Dry,Dark - roadway not lighted,Clear,,Rte 90 W / UNKNOWN,,,,,229752.0583,900842.7985
3708770,BOSTON,18-Dec-2013,9:55 PM,Non-fatal injury,2,1,0,Rear-end,V1: Travelling straight ahead / V2:Travelling straight ahead,V1:Northbound / V2:Northbound ,V1: Collision with motor vehicle in traffic / V2: Collision with motor vehicle in traffic ,V1: Passenger car / V2:Passenger car,Dry,Dark - lighted roadway,Not Reported,,CALLAHAN TUNNEL / RAMP - NORTH STREET TO CALLAHAN TUNNEL,,,CALLAHAN TUNNEL,,236748.1179,901444.1842
3748682,BOSTON,19-Dec-2013,6:49 AM,Non-fatal injury,5,2,0,Head-on,V1: Travelling straight ahead / V2:Slowing or stopped in traffic / V3:Slowing or stopped in traffic / V4:Slowing or stopped in traffic / V5:Slowing or stopped in traffic,V1:Northbound / V2:Southbound / V3:Southbound / V4:Southbound / V5:Southbound ,V1: Not reported / V2: Not reported / V3: Not reported / V4: Not reported / V5: Not reported ,V1: Passenger car / V2:Passenger car / V3:Passenger car / V4:Passenger car / V5:Passenger car,Dry,Daylight,Clear,NORTH WASHINGTON STREET / CAUSEWAY STREET,,,,,,236364.2014,901913.9699
3795518,BOSTON,19-Dec-2013,8:00 AM,Property damage only (none injured),2,0,0,Rear-end,V1: Travelling straight ahead / V2:Slowing or stopped in traffic,V1:Not reported / V2:Not reported ,V1: Collision with motor vehicle in traffic / V2: Collision with motor vehicle in traffic ,"V1: Passenger car / V2:Light truck(van, mini-van, panel, pickup, sport utility) with only four tires",Wet,Daylight,Clear,SPRING STREET / GOULD STREET,,,,,,227141.3058,891432.9208
3740632,BOSTON (DORCHESTER),19-Dec-2013,8:50 AM,Property damage only (none injured),2,0,0,Not reported,V1: Travelling straight ahead / V2:Travelling straight ahead,V1:Not reported / V2:Not reported ,V1: Unknown / V2: Unknown ,V1: Passenger car / V2:Passenger car,Not reported,Not reported,Not Reported,WESTVILLE STREET / GENEVA AVENUE,,,,,,235673.1719,894593.3125