Crash Number,City/Town Name,Crash Date,Crash Time,Crash Severity,Number of Vehicles,Total Nonfatal Injuries,Total Fatal Injuries,Manner of Collision,Vehicle Action Prior to Crash,Vehicle Travel Directions,Most Harmful Events,Vehicle Configuration,Road Surface Condition,Ambient Light,Weather Condition,At Roadway Intersection,Distance from Nearest Roadway Intersection,Distance from Nearest Milemarker,Distance from Nearest Exit,Distance from Nearest Landmark,Non Motorist Type,X Coordinate,Y Coordinate
3720890,BOSTON (DORCHESTER),23-Dec-2013,4:14 PM,Not Reported,1,0,0,Angle,V1: Not reported,V1:Not reported ,V1: Not reported ,"V1: Unknown heavy truck, cannot classify",Wet,Dusk,Cloudy/Rain,GALLIVAN BOULEVARD Rte 203 W / ADAMS STREET,,,,,,236418.328,892500.1249
3710023,BOSTON,23-Dec-2013,5:25 PM,Non-fatal injury,2,1,0,Rear-end,V1: Slowing or stopped in traffic / V2:Slowing or stopped in traffic,V1:Northbound / V2:Northbound ,V1: Collision with motor vehicle in traffic / V2: Collision with motor vehicle in traffic ,V1: Passenger car / V2:Passenger car,Ice,Dark - lighted roadway,Rain,JOHN F FITZGERALD EXPRESSWAY Rte 93 N / RAMP - SEAPORT BOULEVARD TO RT 93 NB,,,,RT RAMP,,236908.0233,901093.5329
3713884,BOSTON,23-Dec-2013,6:54 PM,Not Reported,1,0,0,Single vehicle crash,V1: Turning left,V1:Southbound ,V1: Not reported ,V1: Not reported,Wet,Dark - lighted roadway,Rain,SPOFFORD ROAD / GLENVILLE AVENUE,,,,,P2:Pedestrian,230197.656,900030.1872
3712068,BOSTON,23-Dec-2013,8:30 PM,Non-fatal injury,2,1,0,"Sideswipe, same direction",V1: Turning right / V2:Turning right,V1:Northbound / V2:Northbound ,V1: Collision with motor vehicle in traffic / V2: Collision with motor vehicle in traffic ,"V1: Light truck(van, mini-van, panel, pickup, sport utility) with only four tires / V2:Truck/trailer",Wet,Dark - lighted roadway,Rain,,ATLANTIC AVENUE / RAMP - SEAPORT BOULEVARD TO RT 93 NB,,,MOAKLEY BRIDGE - ACN RAMP TO 93N,,236957.6765,900570.2341
3712761,BOSTON,24-Dec-2013,1:05 AM,Non-fatal injury,2,4,0,"Sideswipe, same direction",V1: Entering traffic lane / V2:Travelling straight ahead,V1:Northbound / V2:Northbound ,V1: Collision with guardrail / V2: Collision with motor vehicle in traffic ,"V1: Light truck(van, mini-van, panel, pickup, sport utility) with only four tires / V2:Single-unit truck (2-axle, 6-tire)",Dry,Dark - lighted roadway,Cloudy,,Rte 93 N,,Exit 27 on Rte 93 N,NORTH OF EXIT 27,,235655.07,902467.5364
3712296,BOSTON,24-Dec-2013,1:24 AM,Property damage only (none injured),2,0,0,Angle,V1: Turning right / V2:Travelling straight ahead,V1:Eastbound / V2:Northbound ,V1: Collision with motor vehicle in traffic / V2: Collision with motor vehicle in traffic ,V1: Passenger car / V2:Passenger car,Dry,Dark - lighted roadway,Cloudy,,JOHN F FITZGERALD EXPRESSWAY Rte 93 S / GENERAL CASIMIR PULASKI SKYWAY,,,,,235937.5455,898217.0205
3708798,BOSTON,24-Dec-2013,8:50 AM,Property damage only (none injured),4,0,0,Rear-end,V1: Travelling straight ahead / V2:Slowing or stopped in traffic / V3:Travelling straight ahead / V4:Slowing or stopped in traffic,V1:Southbound / V2:Southbound / V3:Southbound / V4:Southbound ,V1: Collision with motor vehicle in traffic / V2: Collision with motor vehicle in traffic / V3: Collision with motor vehicle in traffic / V4: Collision with motor vehicle in traffic ,"V1: Passenger car / V2:Light truck(van, mini-van, panel, pickup, sport utility) with only four tires / V3:Light truck(van, mini-van, panel, pickup, sport utility) with only four tires / V4:Light truck(van, mini-van, panel, pickup, sport utility) with only four tires",Dry,Daylight,Cloudy,,Rte 93 S / UNKNOWN,,Exit 15 on Rte 93 S,SOUTH BAY MALL,,236629.6253,897168.5001
3712091,BOSTON,24-Dec-2013,9:56 AM,Property damage only (none injured),2,0,0,"Sideswipe, same direction",V1: Travelling straight ahead / V2:Changing lanes,V1:Eastbound / V2:Eastbound ,V1: Collision with motor vehicle in traffic / V2: Collision with motor vehicle in traffic ,V1: Tractor/semi-trailer / V2:Passenger car,Dry,Daylight,Cloudy,,AUSTIN STREET / NEW RUTHERFORD AVENUE,,,,,235596.5074,902715.4446
3738845,BOSTON,24-Dec-2013,2:15 PM,Property damage only (none injured),2,0,0,Rear-end,V1: Slowing or stopped in traffic / V2:Travelling straight ahead,V1:Southbound / V2:Southbound ,V1: Collision with motor vehicle in traffic / V2: Collision with motor vehicle in traffic ,"V1: Light truck(van, mini-van, panel, pickup, sport utility) with only four tires / V2:Light truck(van, mini-van, panel, pickup, sport utility) with only four tires",Dry,Daylight,Clear,,Rte 93 S / UNKNOWN,,Exit 12 on Rte 93 S,BY GAS TANK,,237620.5493,892713.0989
4041116,BOSTON,24-Dec-2013,8:09 PM,Fatal injury,1,0,1,Not reported,V1: Not reported,V1:Not reported ,V1: Not reported ,V1: Passenger car,Not reported,Dusk,Clear,COLUMBUS AVENUE / AMORY STREET,,,,,P2:Pedestrian,233097.4689,896882.125
3708799,BOSTON,25-Dec-2013,4:19 PM,Property damage only (none injured),2,0,0,"Sideswipe, same direction",V1: Travelling straight ahead / V2:Changing lanes,V1:Southbound / V2:Southbound ,V1: Collision with motor vehicle in traffic / V2: Collision with motor vehicle in traffic ,V1: Passenger car / V2:Passenger car,Dry,Dusk,Clear,JOHN F FITZGERALD EXPRESSWAY Rte 93 S / RAMP - RT 93 SB TO COLUMBIA RD,,,,93 SOUTH EXIT 15,,236629.6248,897168.4999
3784052,BOSTON,25-Dec-2013,6:00 PM,Property damage only (none injured),1,0,0,Single vehicle crash,V1: Travelling straight ahead,V1:Northbound ,V1: Collision with curb ,V1: Passenger car,Dry,Dark - lighted roadway,Cloudy,,HARBORSIDE DRIVE / RAMP - HARBORSIDE DRIVE TO AIRPORT ROAD,,,ACROSS FROM THE TAXI POOL,,238880.9359,902169.5081
3708730,BOSTON,25-Dec-2013,10:35 PM,Property damage only (none injured),1,0,0,Single vehicle crash,V1: Travelling straight ahead,V1:Eastbound ,V1: Collision with motor vehicle in traffic ,V1: Passenger car,Dry,Dark - lighted roadway,Not Reported,,MASSACHUSETTS TURNPIKE Rte 90 E / RT 90 EB HOV LANE,,,,,238693.4432,900143.9871
3708868,BOSTON,26-Dec-2013,11:07 AM,Property damage only (none injured),3,0,0,"Sideswipe, same direction",V1: Travelling straight ahead / V2:Slowing or stopped in traffic / V3:Slowing or stopped in traffic,V1:Eastbound / V2:Eastbound / V3:Eastbound ,V1: Collision with motor vehicle in traffic / V2: Collision with motor vehicle in traffic / V3: Collision with motor vehicle in traffic ,"V1: Light truck(van, mini-van, panel, pickup, sport utility) with only four tires / V2:Light truck(van, mini-van, panel, pickup, sport utility) with only four tires / V3:Passenger car",Wet,Daylight,"Sleet, hail (freezing rain or drizzle)",WILLIAM T MORRISSEY BOULEVARD / TAYLOR STREET,,,,,,237847.9063,892871.5625
3712227,BOSTON,26-Dec-2013,4:15 PM,Non-fatal injury,3,1,0,"Sideswipe, opposite direction",V1: Travelling straight ahead / V2:Travelling straight ahead / V3:Travelling straight ahead,V1:Eastbound / V2:Westbound / V3:Westbound ,V1: Collision with motor vehicle in traffic / V2: Collision with motor vehicle in traffic / V3: Collision with motor vehicle in traffic ,V1: Passenger car / V2:Passenger car / V3:Passenger car,Snow,Dark - lighted roadway,Not Reported,,CHESTNUT HILL DRIVEWAY / SAINT THOMAS MORE ROAD,,,,,228024.6368,898630.9665
3772035,BOSTON,26-Dec-2013,4:16 PM,Not Reported,2,0,0,"Sideswipe, same direction",V1: Travelling straight ahead / V2:Not reported,V1:Not reported / V2:Not reported ,V1: Collision with motor vehicle in traffic / V2: Not reported ,V1: Passenger car / V2:Unknown vehicle configuration,Snow,Daylight,Snow,,3 VIRGINIA STREET,,,,,235720.7754,896429.5073
3708877,BOSTON,26-Dec-2013,5:55 PM,Property damage only (none injured),2,0,0,Angle,V1: Travelling straight ahead / V2:Travelling straight ahead,V1:Southbound / V2:Westbound ,V1: Collision with motor vehicle in traffic / V2: Collision with motor vehicle in traffic ,V1: Passenger car / V2:Passenger car,Dry,Dark - unknown roadway lighting,Clear,TURTLE POND PARKWAY / ENNEKING PARKWAY,,,,,,229687.9375,889839.1252
3736201,BOSTON (SOUTH BOSTON),26-Dec-2013,6:25 PM,Not Reported,2,0,0,"Sideswipe, opposite direction",V1: Slowing or stopped in traffic / V2:Travelling straight ahead,V1:Eastbound / V2:Westbound ,V1: Not reported / V2: Not reported ,V1: Unknown vehicle configuration / V2:Unknown vehicle configuration,Wet,Dark - lighted roadway,Rain,,139 D STREET / BAXTER STREET,,,,,236728.9999,898473.25
3710933,BOSTON,26-Dec-2013,8:09 PM,Property damage only (none injured),3,0,0,Rear-end,V1: Slowing or stopped in traffic / V2:Slowing or stopped in traffic / V3:Travelling straight ahead,V1:Westbound / V2:Westbound / V3:Westbound ,V1: Collision with motor vehicle in traffic / V2: Collision with motor vehicle in traffic / V3: Collision with motor vehicle in traffic ,"V1: Passenger car / V2:Passenger car / V3:Light truck(van, mini-van, panel, pickup, sport utility) with only four tires",Dry,Dark - lighted roadway,Clear,,COLUMBIA ROAD / GENERAL CASIMIR PULASKI SKYWAY,,,,,236787.0013,896862.7653
3710024,BOSTON,26-Dec-2013,10:39 PM,Property damage only (none injured),1,0,0,Single vehicle crash,V1: Travelling straight ahead,V1:Northbound ,V1: Collision with median barrier ,V1: Passenger car,Ice,Dark - lighted roadway,Clear,,Rte 93 N / UNKNOWN,,,,,237000.642,900793.2505
3716559,BOSTON,27-Dec-2013,1:53 AM,Property damage only (none injured),1,0,0,Single vehicle crash,V1: Travelling straight ahead,V1:Northbound ,V1: Collision with median barrier ,V1: Passenger car,Dry,Dark - lighted roadway,Clear,,Rte 93 N / UNKNOWN,,,,,236905.6653,901100.7023
3740731,BOSTON (DORCHESTER),27-Dec-2013,2:00 AM,Property damage only (none injured),2,0,0,"Sideswipe, opposite direction",V1: Turning left / V2:Not reported,V1:Not reported / V2:Not reported ,V1: Collision with motor vehicle in traffic / V2: Not reported ,V1: Passenger car / V2:Unknown vehicle configuration,Dry,Dark - lighted roadway,Clear/Clear,MASSACHUSETTS AVENUE / COLUMBIA ROAD,,,,,,236147.4063,896760.9377
3714061,BOSTON,27-Dec-2013,2:45 AM,Property damage only (none injured),1,0,0,Single vehicle crash,V1: Travelling straight ahead,V1:Northbound ,V1: Collision with median barrier ,V1: Passenger car,Wet,Dark - lighted roadway,Cloudy,,LEVERETT CONNECTOR NORTH / INTERSTATE 93 Rte 93 N,,,,,234798.6698,903406.799
3752950,BOSTON,27-Dec-2013,6:42 AM,Non-fatal injury,3,3,0,Angle,V1: Turning left / V2:Travelling straight ahead / V3:Not reported,V1:Not reported / V2:Not reported / V3:Not reported ,V1: Collision with motor vehicle in traffic / V2: Collision with motor vehicle in traffic / V3: Not reported ,"V1: Passenger car / V2:Passenger car / V3:Light truck(van, mini-van, panel, pickup, sport utility) with only four tires",Wet,Daylight,Clear,ALBANY STREET / MALDEN STREET,,,,,,235802.1094,898830.7499
3713441,BOSTON,27-Dec-2013,11:35 AM,Non-fatal injury,1,1,0,Single vehicle crash,V1: Travelling straight ahead,V1:Southbound ,V1: Collision with median barrier ,V1: Passenger car,Dry,Daylight,Clear,,Rte 93 S / UNKNOWN,,Exit 11B on Rte 93 S,,,237192.6452,891943.742
3729933,BOSTON,27-Dec-2013,2:30 PM,Not Reported,2,0,0,"Sideswipe, same direction",V1: Not reported / V2:Not reported,V1:Not reported / V2:Not reported ,V1: Not reported / V2: Not reported ,"V1: Unknown vehicle configuration / V2:Light truck(van, mini-van, panel, pickup, sport utility) with only four tires",Dry,Dark - lighted roadway,Clear,,WARREN STREET,,,BUS  STOP,,,
3711946,BOSTON,27-Dec-2013,5:46 PM,Property damage only (none injured),2,0,0,Rear-end,V1: Travelling straight ahead / V2:Slowing or stopped in traffic,V1:Southbound / V2:Southbound ,V1: Collision with motor vehicle in traffic / V2: Collision with motor vehicle in traffic ,V1: Passenger car / V2:Passenger car,Dry,Dark - lighted roadway,Cloudy,,Rte 93 S / UNKNOWN,,Exit 15 on Rte 93 S,,,236629.6253,897168.5001
3708695,BOSTON,27-Dec-2013,8:35 PM,Non-fatal injury,1,1,0,Single vehicle crash,V1: Travelling straight ahead,V1:Eastbound ,V1: Collision with median barrier ,V1: Passenger car,Dry,Dark - lighted roadway,Cloudy,,Rte 90 E / UNKNOWN,,,,,228164.3301,900848.8102
3737385,BOSTON,27-Dec-2013,8:38 PM,Property damage only (none injured),2,0,0,"Sideswipe, same direction",V1: Travelling straight ahead / V2:Turning left,V1:Not reported / V2:Not reported ,V1: Not reported / V2: Not reported ,V1: Passenger car / V2:Passenger car,Not reported,Dark - lighted roadway,Clear,COMMONWEALTH AVENUE / ALLSTON STREET,,,,,,229853.5679,899842.3698
3712646,BOSTON,27-Dec-2013,8:39 PM,Property damage only (none injured),2,0,0,Rear-end,V1: Travelling straight ahead / V2:Slowing or stopped in traffic,V1:Westbound / V2:Westbound ,V1: Collision with motor vehicle in traffic / V2: Collision with motor vehicle in traffic ,"V1: Light truck(van, mini-van, panel, pickup, sport utility) with only four tires / V2:Passenger car",Dry,Dark - lighted roadway,Cloudy,COLUMBIA ROAD / BUTTONWOOD STREET,,,,,,236609.8841,896827.4434
3711153,BOSTON,27-Dec-2013,8:43 PM,Non-fatal injury,2,1,0,"Sideswipe, same direction",V1: Turning right / V2:Travelling straight ahead,V1:Eastbound / V2:Eastbound ,V1: Collision with motor vehicle in traffic / V2: Collision with motor vehicle in traffic ,"V1: Passenger car / V2:Light truck(van, mini-van, panel, pickup, sport utility) with only four tires",Dry,Dark - lighted roadway,Cloudy,MORTON STREET Rte 203 E / MORTON STREET / JAMES SHEA CIRCLE Rte 203 E,,,,,,232443.5159,894490.0626
3711151,BOSTON,28-Dec-2013,1:36 AM,Not Reported,1,0,0,Single vehicle crash,V1: Travelling straight ahead,V1:Westbound ,V1: Collision with light pole or other post/support ,V1: Passenger car,Dry,Dark - lighted roadway,Clear,,NORTH BEACON STREET Rte 20 W,,,IHOP,,228237.793,900931.3575
3713789,BOSTON,28-Dec-2013,2:50 AM,Non-fatal injury,1,1,0,Single vehicle crash,V1: Travelling straight ahead,V1:Eastbound ,V1: Collision with light pole or other post/support ,"V1: Light truck(van, mini-van, panel, pickup, sport utility) with only four tires",Dry,Dark - lighted roadway,Clear,,MORTON STREET,,,,,233599.8074,892785.2728
3711923,BOSTON,28-Dec-2013,2:51 AM,Property damage only (none injured),1,0,0,Single vehicle crash,V1: Travelling straight ahead,V1:Westbound ,V1: Collision with motor vehicle in traffic ,V1: Passenger car,Dry,Dark - lighted roadway,Clear,,MASSACHUSETTS TURNPIKE Rte 90 W / ALLSTON TOLL PLAZA,,,VIADUCT,,231554.7427,900427.4593
3712291,BOSTON,28-Dec-2013,5:45 AM,Property damage only (none injured),1,0,0,Single vehicle crash,V1: Travelling straight ahead,V1:Southbound ,V1: Collision with median barrier ,V1: Passenger car,Wet,Dark - lighted roadway,Cloudy,,Rte 93 S / ONEIL PLACE,,Exit 24 on Rte 93 S,,,236397.1933,901565.6511
3712098,BOSTON,28-Dec-2013,6:47 AM,Property damage only (none injured),2,0,0,Head-on,V1: Travelling straight ahead / V2:Travelling straight ahead,V1:Northbound / V2:Southbound ,V1: Collision with motor vehicle in traffic / V2: Collision with motor vehicle in traffic ,V1: Passenger car / V2:Passenger car,Ice,Dawn,Clear,,0 feet S from Intersection JAMAICAWAY / BYNNER STREET,,,,,231761.922,897172.3747
3711148,BOSTON,28-Dec-2013,8:15 AM,Non-fatal injury,1,1,0,Single vehicle crash,V1: Travelling straight ahead,V1:Northbound ,V1: Collision with tree ,V1: Passenger car,Ice,Daylight,Cloudy,JAMAICAWAY / PERKINS STREET,,,,,,231606.1562,896796.9999
3713436,BOSTON,28-Dec-2013,8:29 AM,Property damage only (none injured),1,0,0,Single vehicle crash,V1: Travelling straight ahead,V1:Southbound ,V1: Collision with tree ,V1: Passenger car,Ice,Daylight,Clear,,JAMAICAWAY Rte UNKNOW S / BYNNER STREET,,,,,231761.9221,897172.3749
3748658,BOSTON,28-Dec-2013,12:04 PM,Non-fatal injury,2,1,0,Angle,V1: Travelling straight ahead / V2:Turning left,V1:Northbound / V2:Northbound ,V1: Collision with motor vehicle in traffic / V2: Collision with motor vehicle in traffic ,"V1: Light truck(van, mini-van, panel, pickup, sport utility) with only four tires / V2:Light truck(van, mini-van, panel, pickup, sport utility) with only four tires",Dry,Daylight,Clear,,100 ATLANTIC AVENUE,,,,,236981.7465,901403.4425
3708831,BOSTON,28-Dec-2013,12:49 PM,Property damage only (none injured),3,0,0,Rear-end,V1: Travelling straight ahead / V2:Travelling straight ahead / V3:Travelling straight ahead,V1:Northbound / V2:Northbound / V3:Northbound ,V1: Collision with motor vehicle in traffic / V2: Collision with motor vehicle in traffic / V3: Collision with motor vehicle in traffic ,"V1: Light truck(van, mini-van, panel, pickup, sport utility) with only four tires / V2:Light truck(van, mini-van, panel, pickup, sport utility) with only four tires / V3:Light truck(van, mini-van, panel, pickup, sport utility) with only four tires",Dry,Daylight,Clear,,Rte 93 N / UNKNOWN,,Exit 18 on Rte 93 N,,,236146.0342,897892.2406
3735737,BOSTON,28-Dec-2013,1:00 PM,Non-fatal injury,2,1,0,Rear-end,V1: Slowing or stopped in traffic / V2:Travelling straight ahead,V1:Northbound / V2:Northbound ,V1: Collision with motor vehicle in traffic / V2: Collision with motor vehicle in traffic ,"V1: Light truck(van, mini-van, panel, pickup, sport utility) with only four tires / V2:Passenger car",Dry,Daylight,Clear,,JAMAICAWAY Rte UNKNOW N / LOCHSTEAD AVENUE,,,,,231615.7341,896526.2506
3753105,BOSTON (HYDE PARK),28-Dec-2013,1:41 PM,Property damage only (none injured),1,0,0,Single vehicle crash,V1: Travelling straight ahead,V1:Southbound ,V1: Collision with utility pole ,"V1: Light truck(van, mini-van, panel, pickup, sport utility) with only four tires",Dry,Daylight,Clear,,1822 RIVER STREET,,,,,229756.1388,888170.7074
3752919,BOSTON,28-Dec-2013,1:49 PM,Non-fatal injury,2,1,0,Angle,V1: Travelling straight ahead / V2:Travelling straight ahead,V1:Not reported / V2:Not reported ,V1: Collision with motor vehicle in traffic / V2: Collision with motor vehicle in traffic ,"V1: Passenger car / V2:Light truck(van, mini-van, panel, pickup, sport utility) with only four tires",Dry,Daylight,Clear/Clear,PARK DRIVE / BEACON STREET,,,,,,232535.3748,899651.148
3710163,BOSTON,29-Dec-2013,00:00 AM,Non-fatal injury,1,2,0,Single vehicle crash,V1: Travelling straight ahead,V1:Westbound ,V1: Collision with curb ,V1: Passenger car,Dry,Dark - lighted roadway,Clear,,Rte 203 / UNKNOWN,,,SHEA ROTARY,,232473.2971,894531.5629
3710025,BOSTON,29-Dec-2013,4:00 AM,Property damage only (none injured),1,0,0,Single vehicle crash,V1: Travelling straight ahead,V1:Northbound ,V1: Collision with motor vehicle in traffic ,V1: Passenger car,Dry,Dark - lighted roadway,Clear,,JOHN F FITZGERALD EXPRESSWAY Rte 93 N / RAMP - RT 93 NB TO NORTH STREET,,,,,237003.6957,900771.7857
3738372,BOSTON (MATTAPAN),29-Dec-2013,4:53 AM,Not Reported,1,0,0,Not reported,V1: Not reported,V1:Not reported ,V1: Not reported ,"V1: Light truck(van, mini-van, panel, pickup, sport utility) with only four tires",Not reported,Not reported,Not Reported,FRANKLIN HILL AVENUE / SHANDON ROAD,,,,,,233855.2657,893864.7498
3748655,BOSTON,29-Dec-2013,6:22 PM,Non-fatal injury,2,2,0,Angle,V1: Travelling straight ahead / V2:Turning left,V1:Southbound / V2:Northbound ,V1: Collision with motor vehicle in traffic / V2: Collision with motor vehicle in traffic ,V1: Passenger car / V2:Passenger car,Wet,Dark - lighted roadway,Rain,MAURICE TOBIN BRIDGE Rte 1 N / RAMP - RUTHERFORD AVENUE TO RT 1 NB,,,,100 RUTHERFORD AVENUE,,236154.9936,902465.0642
3730890,BOSTON,29-Dec-2013,6:32 PM,Non-fatal injury,1,1,0,Single vehicle crash,V1: Slowing or stopped in traffic,V1:Eastbound ,V1: Collision with pedestrian ,V1: Passenger car,Wet,Dark - lighted roadway,Rain/Severe crosswinds,,LOGAN AIRPORT TERMINAL E / LOGAN AIRPORT TERMINAL B,,,,P2:Pedestrian,239522.9325,902194.1192
3743908,BOSTON (SOUTH BOSTON),29-Dec-2013,7:48 PM,Not Reported,1,0,0,Single vehicle crash,V1: Travelling straight ahead,V1:Westbound ,V1: Not reported ,V1: Passenger car,Wet,Dark - lighted roadway,Rain,DORCHESTER STREET / WEST FOURTH STREET,,,,,P2:Pedestrian,237352.0937,898373.3752
3752920,BOSTON,30-Dec-2013,00:00 AM,Property damage only (none injured),4,0,0,"Sideswipe, same direction",V1: Travelling straight ahead / V2:Not reported / V3:Parked / V4:Parked,V1:Eastbound / V2:Not reported / V3:Not reported / V4:Not reported ,V1: Collision with parked motor vehicle / V2: Not reported / V3: Collision with parked motor vehicle / V4: Collision with parked motor vehicle ,"V1: Light truck(van, mini-van, panel, pickup, sport utility) with only four tires / V2:Passenger car / V3:Passenger car / V4:Light truck(van, mini-van, panel, pickup, sport utility) with only four tires",Wet,Dark - lighted roadway,Rain,,386 COMMONWEALTH AVENUE / Rte 2,,,,,233729.6639,899899.3272
3711633,BOSTON,30-Dec-2013,1:14 AM,Property damage only (none injured),2,0,0,Angle,V1: Turning left / V2:Travelling straight ahead,V1:Westbound / V2:Westbound ,V1: Collision with motor vehicle in traffic / V2: Collision with motor vehicle in traffic ,V1: Passenger car / V2:Passenger car,Wet,Dark - lighted roadway,Rain,SOLDIERS FIELD ROAD / SOLDIERS FIELD ROAD EXTENSION,,,,ELIOT INTERCHANGE,,230478.0938,902530.5623
3714062,BOSTON,30-Dec-2013,5:15 PM,Property damage only (none injured),2,0,0,Rear-end,V1: Slowing or stopped in traffic / V2:Travelling straight ahead,V1:Northbound / V2:Northbound ,V1: Collision with motor vehicle in traffic / V2: Collision with motor vehicle in traffic ,"V1: Light truck(van, mini-van, panel, pickup, sport utility) with only four tires / V2:Light truck(van, mini-van, panel, pickup, sport utility) with only four tires",Dry,Dark - lighted roadway,Clear,,RAMP - LEVERETT CIRCLE TO LEVERETT CONNE / RAMP - STORROW DRIVE TO LEVERETT CONNECT,,,RAMP FROM STORROW DRIVE TO RTE 9,,235944.0265,901848.3392
3737398,BOSTON (BRIGHTON),30-Dec-2013,5:50 PM,Non-fatal injury,3,2,0,Rear-end,V1: Travelling straight ahead / V2:Slowing or stopped in traffic / V3:Slowing or stopped in traffic,V1:Southbound / V2:Southbound / V3:Southbound ,V1: Collision with motor vehicle in traffic / V2: Collision with motor vehicle in traffic / V3: Collision with motor vehicle in traffic ,"V1: Light truck(van, mini-van, panel, pickup, sport utility) with only four tires / V2:Passenger car / V3:Passenger car",Dry,Dark - lighted roadway,Clear,,197 CHESTNUT HILL AVENUE,,,,,228431.0123,898987.5444
3753872,BOSTON,31-Dec-2013,00:00 AM,Non-fatal injury,2,1,0,Not reported,V1: Travelling straight ahead / V2:Turning left,V1:Westbound / V2:Southbound ,V1: Not reported / V2: Not reported ,"V1: Light truck(van, mini-van, panel, pickup, sport utility) with only four tires / V2:Passenger car",Snow,Daylight,Snow,TREMONT STREET / TERRACE STREET / MALCOLM X BOULEVARD,,,,,,233284.4999,897984.375
3736021,BOSTON (ROXBURY),31-Dec-2013,7:05 AM,Property damage only (none injured),2,0,0,"Sideswipe, opposite direction",V1: Slowing or stopped in traffic / V2:Travelling straight ahead,V1:Westbound / V2:Southbound ,V1: Collision with motor vehicle in traffic / V2: Collision with motor vehicle in traffic ,"V1: Light truck(van, mini-van, panel, pickup, sport utility) with only four tires / V2:Light truck(van, mini-van, panel, pickup, sport utility) with only four tires",Dry,Daylight,Clear,,895 MASSACHUSETTS AVENUE / SOUTHAMPTON STREET,,,MCDONALDS,,235266.4401,898096.4559
3717252,BOSTON,31-Dec-2013,11:17 AM,Non-fatal injury,2,1,0,"Sideswipe, same direction",V1: Changing lanes / V2:Travelling straight ahead,V1:Southbound / V2:Southbound ,V1: Collision with motor vehicle in traffic / V2: Collision with motor vehicle in traffic ,V1: Passenger car / V2:Truck/trailer,Dry,Daylight,Cloudy,,Rte 93 S,,Exit 20 on Rte 93 S,,,236954.209,900826.9442
3710026,BOSTON,31-Dec-2013,1:33 PM,Non-fatal injury,3,1,0,Rear-end,V1: Slowing or stopped in traffic / V2:Slowing or stopped in traffic / V3:Travelling straight ahead,V1:Southbound / V2:Southbound / V3:Southbound ,V1: Collision with motor vehicle in traffic / V2: Collision with motor vehicle in traffic / V3: Collision with motor vehicle in traffic ,"V1: Light truck(van, mini-van, panel, pickup, sport utility) with only four tires / V2:Light truck(van, mini-van, panel, pickup, sport utility) with only four tires / V3:Passenger car",Dry,Daylight,Clear,,JOHN F FITZGERALD EXPRESSWAY Rte 93 S / RAMP - RT 93 SB TO MASSACHUSETTS AVENUE,,,O'NEILL EXIT PORTAL,,236029.3536,899134.2312
3710027,BOSTON,31-Dec-2013,3:55 PM,Property damage only (none injured),3,0,0,Angle,V1: Travelling straight ahead / V2:Travelling straight ahead / V3:Travelling straight ahead,V1:Northbound / V2:Eastbound / V3:Eastbound ,V1: Collision with motor vehicle in traffic / V2: Collision with motor vehicle in traffic / V3: Collision with motor vehicle in traffic ,"V1: Light truck(van, mini-van, panel, pickup, sport utility) with only four tires / V2:Light truck(van, mini-van, panel, pickup, sport utility) with only four tires / V3:Light truck(van, mini-van, panel, pickup, sport utility) with only four tires",Dry,Daylight,Clear,FRONTAGE ROAD / HAUL ROAD,,,,FRONTAGE ROAD NORTH,,235950.9524,898250.4215
3711877,BOSTON,31-Dec-2013,4:19 PM,Non-fatal injury,2,3,0,Angle,V1: Changing lanes / V2:Travelling straight ahead,V1:Eastbound / V2:Eastbound ,V1: Collision with motor vehicle in traffic / V2: Collision with motor vehicle in traffic ,"V1: Light truck(van, mini-van, panel, pickup, sport utility) with only four tires / V2:Passenger car",Dry,Dusk,Cloudy,,GALLIVAN BOULEVARD Rte UNKNOW / MAGDALA STREET,,,GALLIVAN BLVD,,236013.1876,892334.625
3713851,BOSTON,31-Dec-2013,5:58 PM,Non-fatal injury,3,1,0,"Sideswipe, same direction",V1: Parked / V2:Turning left / V3:Parked,V1:Westbound / V2:Westbound / V3:Eastbound ,V1: Not reported / V2: Not reported / V3: Not reported ,V1: Passenger car / V2:Passenger car / V3:Passenger car,Dry,Dark - lighted roadway,Clear,,MORTON STREET / WEST SELDEN STREET,,,,P1:Pedestrian,234424.4024,892301.6634
3778150,BOSTON (CHARLESTOWN),31-Dec-2013,7:52 PM,Property damage only (none injured),1,0,0,Single vehicle crash,V1: Entering traffic lane,V1:Westbound ,V1: Collision with utility pole ,"V1: Light truck(van, mini-van, panel, pickup, sport utility) with only four tires",Dry,Dark - lighted roadway,Cloudy,,46 WALKER STREET,,,,,235698.025,903314.0128
3710028,BOSTON,31-Dec-2013,9:44 PM,Property damage only (none injured),1,0,0,Single vehicle crash,V1: Travelling straight ahead,V1:Northbound ,V1: Collision with median barrier ,V1: Passenger car,Dry,Dark - lighted roadway,Clear,,Rte 93 N / UNKNOWN,,,,,235946.1299,902167.1846
3711948,BOSTON,31-Dec-2013,10:17 PM,Property damage only (none injured),2,0,0,Rear-end,V1: Slowing or stopped in traffic / V2:Travelling straight ahead,V1:Northbound / V2:Northbound ,V1: Collision with motor vehicle in traffic / V2: Collision with motor vehicle in traffic ,V1: Passenger car / V2:Passenger car,Dry,Dark - lighted roadway,Clear,,381 feet S from Intersection GENERAL CASIMIR PULASKI SKYWAY Rte 1 N / RAMP - RT 93 NB TO COLUMBIA RD,,,93N EXIT 15,,236993.6252,896359.0372